<?xml version="1.0" encoding="utf-8"?>
<COLLADA xmlns="http://www.collada.org/2005/11/COLLADASchema" version="1.4.1">
  <asset>
    <created>2026-03-16T13:19:24Z</created>
    <modified>2026-03-16T13:19:24Z</modified>
  </asset>
  <library_images>
    <image id="Image">
      <init_from>./ScryveShip_Root_DIF.png</init_from>
    </image>
  </library_images>
  <library_materials>
    <material id="VisualMaterial" name="scryveship_ScryveShip">
      <instance_effect url="#Effect"/>
      <extra>
        <technique profile="FCOLLADA">
          <user_properties>scryveship_ScryveShip</user_properties>
        </technique>
      </extra>
    </material>
  </library_materials>
  <library_effects>
    <effect id="Effect" name="S__tmp_StarControl_Ships_Scryve_ScryveShip_Root_DIF_png">
      <profile_COMMON>
        <newparam sid="Image-surface">
          <surface type="2D">
            <init_from>Image</init_from>
            <format>A8R8G8B8</format>
          </surface>
        </newparam>
        <newparam sid="Image-sampler">
          <sampler2D>
            <source>Image-surface</source>
            <wrap_s>WRAP</wrap_s>
            <wrap_t>WRAP</wrap_t>
            <minfilter>NONE</minfilter>
            <magfilter>NONE</magfilter>
            <mipfilter>NONE</mipfilter>
          </sampler2D>
        </newparam>
        <technique sid="common">
          <phong>
            <emission>
              <color>0 0 0 1</color>
            </emission>
            <ambient>
              <color>0 0 0 1</color>
            </ambient>
            <diffuse>
              <texture texture="Image-sampler" texcoord=""/>
            </diffuse>
            <specular>
              <color>1 1 1 1</color>
            </specular>
            <shininess>
              <float>0</float>
            </shininess>
            <transparent opaque="A_ONE">
              <color>0 0 0 1</color>
            </transparent>
            <transparency>
              <float>1</float>
            </transparency>
            <index_of_refraction>
              <float>1.55</float>
            </index_of_refraction>
          </phong>
          <extra>
            <technique profile="FCOLLADA">
              <spec_level>
                <float>0</float>
              </spec_level>
            </technique>
          </extra>
        </technique>
      </profile_COMMON>
      <extra>
        <technique profile="FCOLLADA">
          <user_properties>S:%5Ctmp%5CStarControl%5CShips%5CScryve%5CScryveShip_Root_DIF.png</user_properties>
        </technique>
      </extra>
    </effect>
  </library_effects>
  <library_geometries>
    <geometry id="Geometry" name="scryveship_ScryveShip">
      <mesh>
        <source id="GeometrySource" name="scryveship_ScryveShipPos">
          <float_array id="GeometrySource-array" count="26076">70.8271 99.0456 -140.231 99.4602 109.035 -124.601 99.4602 99.0456 -140.231 70.8271 109.035 -124.601 99.4602 103.569 -121.798 70.8271 103.569 -121.798 99.4602 82.1057 -121.798 70.8271 82.1057 -121.798 99.4602 99.0456 -140.231 70.8271 94.8838 -140.231 70.8271 99.0456 -140.231 99.4602 94.8285 -140.231 99.4602 82.1057 -121.798 99.4602 99.0456 -140.231 99.4602 103.569 -121.798 99.4602 94.8285 -140.231 99.4602 81.8579 -130.862 99.4602 109.035 -124.601 70.8271 94.8838 -140.231 70.8271 82.1057 -121.798 70.8271 99.0456 -140.231 70.8271 103.569 -121.798 70.8271 109.035 -124.601 99.4602 82.1057 -121.798 70.8271 81.86 -130.79 99.4602 81.8579 -130.862 99.4602 109.035 -124.601 70.8271 103.569 -121.798 99.4602 103.569 -121.798 70.8271 109.035 -124.601 76.3678 84.3755 -174.644 76.1959 84.5475 -208.308 77.9112 88.1017 -174.644 72.6417 82.8321 -174.644 77.668 88.1017 -208.308 72.6417 83.0752 -208.308 76.1959 91.6558 -208.308 76.3678 91.8277 -174.644 72.6417 93.3711 -174.644 72.6417 93.128 -208.308 69.0875 91.6558 -208.308 68.9156 91.8277 -174.644 67.3722 88.1017 -174.644 67.6153 88.1017 -208.308 69.0875 84.5475 -208.308 68.9156 84.3755 -174.644 72.6417 82.8321 -174.644 72.6417 83.0752 -208.308 78.6278 88.1017 -172.576 76.3678 84.3755 -174.644 77.9112 88.1017 -174.644 76.8745 83.8688 -172.576 78.6278 88.1017 -153.81 76.8745 83.8688 -153.81 76.8745 92.3345 -153.81 72.6417 82.1155 -172.576 76.8745 92.3345 -172.576 72.6417 82.1155 -153.81 72.6417 94.0877 -153.81 76.3678 91.8277 -174.644 72.6417 94.0877 -172.576 77.9112 88.1017 -174.644 68.4089 92.3345 -153.81 76.3678 91.8277 -174.644 68.4089 92.3345 -172.576 72.6417 93.3711 -174.644 66.6556 88.1017 -153.81 68.9156 91.8277 -174.644 66.6556 88.1017 -172.576 72.6417 93.3711 -174.644 68.4089 83.8688 -153.81 68.9156 91.8277 -174.644 68.4089 83.8688 -172.576 72.6417 82.1155 -153.81 67.3722 88.1017 -174.644 68.9156 84.3755 -174.644 67.3722 88.1017 -174.644 72.6417 82.1155 -172.576 68.9156 84.3755 -174.644 72.6417 82.8321 -174.644 76.3678 84.3755 -174.644 72.6417 82.8321 -174.644 76.7311 88.1017 -211.831 77.668 88.1017 -208.308 75.5333 85.2099 -211.831 75.5333 90.9933 -211.831 76.1959 84.5475 -208.308 76.1959 91.6558 -208.308 72.6417 83.0752 -208.308 72.6417 84.0123 -211.831 72.6417 93.128 -208.308 72.6417 92.191 -211.831 69.7501 90.9933 -211.831 69.0875 91.6558 -208.308 67.6153 88.1017 -208.308 68.5523 88.1017 -211.831 69.7501 85.2099 -211.831 69.0875 84.5475 -208.308 72.6417 83.0752 -208.308 72.6417 84.0123 -211.831 75.5333 85.2099 -211.831 75.4256 85.3177 -232.359 76.7311 88.1017 -211.831 72.6417 84.0123 -211.831 76.5787 88.1017 -232.359 72.6417 84.1647 -232.359 75.4256 90.8854 -232.359 75.5333 90.9933 -211.831 72.6417 92.191 -211.831 72.6417 92.0386 -232.359 69.8578 90.8854 -232.359 69.7501 90.9933 -211.831 68.5523 88.1017 -211.831 68.7047 88.1017 -232.359 69.8578 85.3177 -232.359 69.7501 85.2099 -211.831 72.6417 84.0123 -211.831 72.6417 84.1647 -232.359 75.4256 85.3177 -232.359 75.5505 88.1017 -232.681 76.5787 88.1017 -232.359 74.6985 86.0447 -232.681 72.6417 84.1647 -232.359 75.4256 90.8854 -232.359 72.6417 85.1929 -232.681 70.5849 86.0447 -232.681 74.6985 90.1584 -232.681 69.8578 85.3177 -232.359 72.6417 92.0386 -232.359 72.6417 91.0104 -232.681 69.7329 88.1017 -232.681 70.5849 90.1584 -232.681 68.7047 88.1017 -232.359 69.8578 90.8854 -232.359 75.5505 88.1017 -232.681 74.6985 86.0447 -232.681 72.6417 88.1017 -227.5 74.6985 90.1584 -232.681 72.6417 85.1929 -232.681 72.6417 91.0104 -232.681 70.5849 86.0447 -232.681 69.7329 88.1017 -232.681 70.5849 90.1584 -232.681 72.6417 91.0104 -232.681 101.489 84.3755 -174.644 101.317 84.5475 -208.308 103.033 88.1017 -174.644 97.7633 82.8321 -174.644 102.79 88.1017 -208.308 97.7633 83.0752 -208.308 101.317 91.6558 -208.308 101.489 91.8277 -174.644 97.7633 93.3711 -174.644 97.7633 93.128 -208.308 94.2091 91.6558 -208.308 94.0372 91.8277 -174.644 92.4938 88.1017 -174.644 92.7369 88.1017 -208.308 94.2091 84.5475 -208.308 94.0372 84.3755 -174.644 97.7633 82.8321 -174.644 97.7633 83.0752 -208.308 103.749 88.1017 -172.576 101.489 84.3755 -174.644 103.033 88.1017 -174.644 101.996 83.8688 -172.576 103.749 88.1017 -153.811 101.996 92.3345 -153.81 101.996 83.8688 -153.811 101.996 92.3345 -172.576 97.7633 82.1155 -172.576 101.489 84.3755 -174.644 97.7633 94.0877 -153.81 97.7633 82.1155 -153.811 97.7633 94.0877 -172.576 97.7633 82.8321 -174.644 93.5305 92.3345 -153.81 101.489 91.8277 -174.644 93.5305 92.3345 -172.576 97.7633 93.3711 -174.644 91.7772 88.1017 -153.81 94.0372 91.8277 -174.644 91.7772 88.1017 -172.576 94.0372 91.8277 -174.644 97.7633 93.3711 -174.644 93.5305 83.8688 -153.81 92.4938 88.1017 -174.644 93.5305 83.8688 -172.576 94.0372 84.3755 -174.644 97.7633 82.1155 -153.811 92.4938 88.1017 -174.644 97.7633 82.1155 -172.576 94.0372 84.3755 -174.644 97.7633 82.8321 -174.644 101.489 91.8277 -174.644 103.033 88.1017 -174.644 101.853 88.1017 -211.831 102.79 88.1017 -208.308 100.655 85.2099 -211.831 100.655 90.9933 -211.831 101.317 84.5475 -208.308 101.317 91.6558 -208.308 97.7633 83.0752 -208.308 97.7633 84.0123 -211.831 97.7633 93.128 -208.308 97.7633 92.191 -211.831 94.8717 90.9933 -211.831 94.2091 91.6558 -208.308 92.7369 88.1017 -208.308 93.6739 88.1017 -211.831 94.8717 85.2099 -211.831 94.2091 84.5475 -208.308 97.7633 83.0752 -208.308 97.7633 84.0123 -211.831 100.655 85.2099 -211.831 100.547 85.3177 -232.359 101.853 88.1017 -211.831 97.7633 84.0123 -211.831 101.7 88.1017 -232.359 97.7633 84.1647 -232.359 100.547 90.8854 -232.359 100.655 90.9933 -211.831 97.7633 92.191 -211.831 97.7633 92.0386 -232.359 94.9794 90.8854 -232.359 94.8717 90.9933 -211.831 93.6739 88.1017 -211.831 93.8263 88.1017 -232.359 94.9794 85.3177 -232.359 94.8717 85.2099 -211.831 97.7633 84.0123 -211.831 97.7633 84.1647 -232.359 100.547 85.3177 -232.359 100.672 88.1017 -232.681 101.7 88.1017 -232.359 97.7633 84.1647 -232.359 99.8201 86.0447 -232.681 100.547 90.8854 -232.359 99.8201 90.1584 -232.681 95.7064 86.0447 -232.681 97.7633 85.1929 -232.681 94.9794 85.3177 -232.359 97.7633 92.0386 -232.359 97.7633 91.0104 -232.681 93.8263 88.1017 -232.359 94.9794 90.8854 -232.359 94.8545 88.1017 -232.681 95.7064 90.1584 -232.681 97.7633 91.0104 -232.681 99.8201 90.1584 -232.681 97.7633 88.1017 -227.5 97.7633 85.1929 -232.681 95.7064 86.0447 -232.681 94.8545 88.1017 -232.681 95.7064 90.1584 -232.681 97.7633 91.0104 -232.681 88.8698 84.3755 -174.644 88.6978 84.5475 -208.308 90.4132 88.1017 -174.644 85.1436 82.8321 -174.644 90.17 88.1017 -208.308 85.1436 83.0752 -208.308 88.6978 91.6558 -208.308 88.8698 91.8277 -174.644 85.1436 93.3711 -174.644 85.1436 93.128 -208.308 81.5895 91.6558 -208.308 81.4175 91.8277 -174.644 79.8741 88.1017 -174.644 80.1173 88.1017 -208.308 81.5895 84.5475 -208.308 81.4175 84.3755 -174.644 85.1436 82.8321 -174.644 85.1436 83.0752 -208.308 91.1297 88.1017 -172.576 88.8698 84.3755 -174.644 90.4132 88.1017 -174.644 89.3765 83.8688 -172.576 91.1297 88.1017 -153.81 89.3765 92.3345 -153.81 89.3765 83.8688 -153.81 89.3765 92.3345 -172.576 88.8698 91.8277 -174.644 85.1436 82.1155 -172.576 85.1436 94.0877 -153.81 90.4132 88.1017 -174.644 85.1436 82.1155 -153.81 88.8698 84.3755 -174.644 85.1436 94.0877 -172.576 85.1436 82.8321 -174.644 80.9108 92.3345 -153.81 88.8698 91.8277 -174.644 80.9108 92.3345 -172.576 85.1436 93.3711 -174.644 81.4175 91.8277 -174.644 79.1575 88.1017 -153.81 85.1436 93.3711 -174.644 79.1575 88.1017 -172.576 81.4175 91.8277 -174.644 80.9108 83.8688 -153.81 79.8741 88.1017 -174.644 80.9108 83.8688 -172.576 81.4175 84.3755 -174.644 85.1436 82.1155 -153.81 79.8741 88.1017 -174.644 85.1436 82.1155 -172.576 81.4175 84.3755 -174.644 85.1436 82.8321 -174.644 89.233 88.1017 -211.831 90.17 88.1017 -208.308 88.0352 85.2099 -211.831 88.0352 90.9933 -211.831 88.6978 84.5475 -208.308 88.6978 91.6558 -208.308 85.1436 83.0752 -208.308 85.1436 93.128 -208.308 85.1436 92.191 -211.831 85.1436 84.0123 -211.831 82.252 90.9933 -211.831 81.5895 91.6558 -208.308 80.1173 88.1017 -208.308 81.0543 88.1017 -211.831 82.252 85.2099 -211.831 81.5895 84.5475 -208.308 85.1436 83.0752 -208.308 85.1436 84.0123 -211.831 88.0352 85.2099 -211.831 87.9275 85.3177 -232.359 89.233 88.1017 -211.831 85.1436 84.0123 -211.831 89.0807 88.1017 -232.359 85.1436 84.1647 -232.359 87.9275 90.8854 -232.359 88.0352 90.9933 -211.831 85.1436 92.191 -211.831 85.1436 92.0386 -232.359 82.3598 90.8854 -232.359 82.252 90.9933 -211.831 81.0543 88.1017 -211.831 81.2066 88.1017 -232.359 82.3598 85.3177 -232.359 82.252 85.2099 -211.831 85.1436 84.0123 -211.831 85.1436 84.1647 -232.359 89.0807 88.1017 -232.359 87.9275 85.3177 -232.359 87.2005 86.0447 -232.681 88.0524 88.1017 -232.681 87.9275 90.8854 -232.359 85.1436 84.1647 -232.359 87.2005 90.1584 -232.681 83.0868 86.0447 -232.681 85.1436 85.1929 -232.681 85.1436 91.0104 -232.681 82.3598 85.3177 -232.359 85.1436 92.0386 -232.359 82.3598 90.8854 -232.359 82.2348 88.1017 -232.681 83.0868 90.1584 -232.681 81.2066 88.1017 -232.359 85.1436 91.0104 -232.681 87.2005 90.1584 -232.681 85.1436 88.1017 -227.5 85.1436 85.1929 -232.681 83.0868 86.0447 -232.681 82.2348 88.1017 -232.681 83.0868 90.1584 -232.681 85.1436 91.0104 -232.681 91.332 104.425 -115.103 91.332 95.8141 -114.475 95.1846 104.425 -115.103 91.332 110.106 -117.886 95.1846 95.8141 -114.475 95.2886 110.097 -117.873 95.1846 89.6612 -115.654 91.332 89.6612 -115.654 95.1846 89.6612 -115.654 91.332 89.6612 -115.654 95.1846 88.1562 -120.588 91.332 88.1562 -120.588 91.332 102.452 -120.588 91.332 95.8141 -114.475 91.332 104.425 -115.103 91.332 95.3042 -120.588 91.332 110.106 -117.886 91.332 89.6612 -115.654 91.332 106.821 -123.741 91.332 88.1562 -120.588 95.2886 106.812 -123.729 91.332 110.106 -117.886 95.2886 110.097 -117.873 91.332 106.821 -123.741 95.1846 95.3042 -120.588 95.1846 95.8141 -114.475 95.1846 89.6612 -115.654 95.1846 102.452 -120.588 95.1846 104.425 -115.103 95.1846 88.1562 -120.588 95.2886 110.097 -117.873 95.2886 106.812 -123.729 78.9553 95.8141 -114.475 78.9553 104.425 -115.103 75.1027 104.425 -115.103 75.1027 95.8141 -114.475 75.1027 89.6612 -115.654 78.9553 110.106 -117.886 74.9987 110.097 -117.873 78.9553 89.6612 -115.654 75.1027 89.6612 -115.654 75.1027 88.1562 -120.588 78.9553 89.6612 -115.654 78.9553 88.1562 -120.588 78.9553 102.452 -120.588 78.9553 104.425 -115.103 78.9553 95.8141 -114.475 78.9553 110.106 -117.886 78.9553 95.3042 -120.588 78.9553 106.821 -123.741 78.9553 89.6612 -115.654 78.9553 88.1562 -120.588 74.9987 106.812 -123.729 78.9553 110.106 -117.886 78.9553 106.821 -123.741 74.9987 110.097 -117.873 75.1027 95.3042 -120.588 75.1027 89.6612 -115.654 75.1027 95.8141 -114.475 75.1027 88.1562 -120.588 75.1027 102.452 -120.588 75.1027 104.425 -115.103 74.9987 110.097 -117.873 74.9987 106.812 -123.729 91.6207 106.022 -137.419 78.6666 106.022 -137.419 78.6666 104.166 -132.085 78.6666 103.709 -143.383 91.6207 104.166 -132.085 91.6207 103.709 -143.383 91.6207 99.5618 -148.354 78.6666 99.5618 -148.354 78.6666 96.1524 -149.923 91.6207 96.1524 -149.923 78.6666 96.1524 -149.923 78.6666 96.284 -136.797 78.6666 99.5618 -148.354 78.6666 103.709 -143.383 78.6666 106.022 -137.419 78.6666 104.166 -132.085 91.6207 96.284 -136.797 91.6207 106.022 -137.419 91.6207 104.166 -132.085 91.6207 103.709 -143.383 91.6207 99.5618 -148.354 91.6207 96.1524 -149.923 85.1436 96.5002 -140.939 63.4835 96.5002 -140.953 72.4508 96.5002 -131.497 64.2759 96.5002 -152.081 85.1436 96.5002 -131.661 85.1436 96.5002 -156.887 97.8365 96.5002 -131.497 106.011 96.5002 -152.081 106.804 96.5002 -140.953 106.011 94.2329 -155.223 85.1436 96.5002 -156.887 106.011 96.5002 -152.081 85.1436 94.2329 -160.029 85.1436 96.5002 -156.887 64.2759 94.2329 -155.223 64.2759 96.5002 -152.081 85.1436 94.2329 -160.029 66.7009 76.4869 -175.879 71.7272 76.4869 -128.907 60.9888 76.4869 -139.091 72.4193 76.4869 -175.879 60.9888 76.4869 -174.203 85.1436 76.4869 -128.907 85.1436 76.4869 -175.879 97.868 76.4869 -175.879 98.5601 76.4869 -128.907 103.586 76.4869 -175.879 109.298 76.4869 -139.091 109.298 76.4869 -174.203 85.1436 76.4869 -175.879 72.4193 76.4869 -175.879 85.1436 82.5201 -175.879 97.868 76.4869 -175.879 72.0335 82.5201 -175.879 98.2538 82.5201 -175.879 66.7009 76.4869 -175.879 103.586 76.4869 -175.879 66.3154 82.5201 -175.879 103.972 82.5201 -175.879 66.3154 99.1954 -169.714 65.7551 99.1954 -141.12 65.7551 82.5201 -141.12 66.3154 82.5201 -175.879 66.3154 99.1954 -169.714 66.3154 82.5201 -175.879 60.9888 99.1954 -168.038 60.9888 82.5171 -174.203 60.9888 76.4869 -174.203 66.7009 76.4869 -175.879 60.9888 99.1954 -168.038 60.9888 83.0857 -139.091 60.9888 99.1954 -139.091 60.9888 82.5171 -174.203 60.9888 76.4869 -139.091 60.9888 76.4869 -174.203 71.7272 99.1953 -128.907 60.9888 83.0857 -139.091 71.7272 82.5201 -128.907 60.9888 99.1954 -139.091 73.4383 99.1954 -132.879 73.4383 82.5201 -132.879 65.7551 99.1954 -141.12 65.7551 82.5201 -141.12 72.0335 82.5201 -175.879 65.7551 82.5201 -141.12 73.4383 82.5201 -132.879 66.3154 82.5201 -175.879 85.1436 82.5201 -175.879 85.1436 82.5201 -131.661 96.849 82.5201 -132.879 98.2538 82.5201 -175.879 104.532 82.5201 -141.121 103.972 82.5201 -175.879 96.849 99.1953 -132.879 109.298 99.1953 -139.091 104.532 99.1954 -141.12 98.5601 99.1953 -128.907 109.298 99.1954 -168.038 103.972 99.1954 -169.714 60.9888 99.1954 -168.038 65.7551 99.1954 -141.12 66.3154 99.1954 -169.714 60.9888 99.1954 -139.091 73.4383 99.1954 -132.879 71.7272 99.1953 -128.907 98.5601 99.1953 -128.907 98.5601 82.5201 -128.907 109.298 83.0857 -139.091 109.298 99.1953 -139.091 109.298 76.4869 -139.091 98.5601 76.4869 -128.907 104.532 82.5201 -141.121 103.972 99.1954 -169.714 103.972 82.5201 -175.879 104.532 99.1954 -141.12 103.972 82.5201 -175.879 109.298 99.1954 -168.038 109.298 82.5171 -174.203 103.972 99.1954 -169.714 109.298 76.4869 -174.203 103.586 76.4869 -175.879 109.298 83.0857 -139.091 109.298 82.5171 -174.203 109.298 99.1954 -168.038 109.298 76.4869 -139.091 109.298 99.1953 -139.091 109.298 76.4869 -174.203 96.849 82.5201 -132.879 104.532 99.1954 -141.12 104.532 82.5201 -141.121 96.849 99.1953 -132.879 85.1436 76.4869 -128.907 71.7272 82.5201 -128.907 71.7272 76.4869 -128.907 98.5601 82.5201 -128.907 85.1436 82.5201 -128.907 98.5601 76.4869 -128.907 103.583 78.1142 -160.975 105.609 78.1142 -152.095 105.609 72.4223 -152.095 103.583 72.4223 -160.975 97.9038 78.1142 -168.096 103.583 72.4223 -143.215 97.9038 72.4223 -168.096 103.583 78.1142 -143.215 89.6977 78.1142 -172.048 89.6977 72.4223 -172.048 97.9038 72.4223 -136.094 80.5896 78.1142 -172.047 97.9038 78.1142 -136.094 89.6977 72.4223 -132.142 80.5896 72.4223 -172.048 89.6977 78.1142 -132.142 72.3835 78.1142 -168.096 72.3835 72.4223 -168.096 80.5896 72.4223 -132.142 66.7046 78.1142 -160.975 80.5896 78.1142 -132.142 66.7046 72.4223 -160.975 64.6779 78.1142 -152.095 64.6779 72.4223 -152.095 66.7046 78.1142 -143.215 66.7046 72.4223 -143.215 -99.6285 99.0456 -140.231 -70.9954 109.035 -124.601 -70.9954 99.0456 -140.231 -99.6285 109.035 -124.601 -70.9954 103.569 -121.798 -99.6285 103.569 -121.798 -70.9954 82.1058 -121.798 -99.6285 82.1058 -121.798 -70.9954 99.0456 -140.231 -99.6285 94.8838 -140.231 -99.6285 99.0456 -140.231 -70.9954 94.8285 -140.231 -70.9954 94.8285 -140.231 -70.9954 82.1058 -121.798 -70.9954 81.8579 -130.862 -70.9954 103.569 -121.798 -70.9954 99.0456 -140.231 -70.9954 109.035 -124.601 -99.6285 82.1058 -121.798 -99.6285 94.8838 -140.231 -99.6285 81.86 -130.79 -99.6285 99.0456 -140.231 -99.6285 103.569 -121.798 -99.6285 109.035 -124.601 -99.6285 81.86 -130.79 -70.9954 82.1058 -121.798 -99.6285 82.1058 -121.798 -70.9954 109.035 -124.601 -99.6285 103.569 -121.798 -70.9954 103.569 -121.798 -99.6285 109.035 -124.601 -94.0878 84.3755 -174.644 -94.2597 84.5475 -208.308 -92.5444 88.1017 -174.644 -97.8139 82.8321 -174.644 -92.7875 88.1017 -208.308 -97.8139 83.0752 -208.308 -94.2597 91.6558 -208.308 -94.0878 91.8277 -174.644 -97.8139 93.3711 -174.644 -97.8139 93.128 -208.308 -101.368 91.6558 -208.308 -101.54 91.8277 -174.644 -103.083 88.1017 -174.644 -102.84 88.1017 -208.308 -101.368 84.5475 -208.308 -101.54 84.3755 -174.644 -97.8139 82.8321 -174.644 -97.8139 83.0752 -208.308 -91.8278 88.1017 -172.576 -94.0878 84.3755 -174.644 -92.5444 88.1017 -174.644 -93.5811 83.8688 -172.576 -91.8278 88.1017 -153.81 -93.5811 83.8688 -153.81 -93.5811 92.3345 -153.81 -97.8139 82.1155 -172.576 -93.5811 92.3345 -172.576 -97.8139 82.1155 -153.81 -97.8139 94.0878 -153.81 -94.0878 91.8277 -174.644 -97.8139 94.0878 -172.576 -92.5444 88.1017 -174.644 -102.047 92.3345 -153.81 -94.0878 91.8277 -174.644 -102.047 92.3345 -172.576 -97.8139 93.3711 -174.644 -103.8 88.1017 -153.81 -101.54 91.8277 -174.644 -103.8 88.1017 -172.576 -97.8139 93.3711 -174.644 -102.047 83.8688 -153.81 -101.54 91.8277 -174.644 -102.047 83.8688 -172.576 -97.8139 82.1155 -153.81 -103.083 88.1017 -174.644 -101.54 84.3755 -174.644 -103.083 88.1017 -174.644 -97.8139 82.1155 -172.576 -101.54 84.3755 -174.644 -97.8139 82.8321 -174.644 -94.0878 84.3755 -174.644 -97.8139 82.8321 -174.644 -93.7245 88.1017 -211.831 -92.7875 88.1017 -208.308 -94.9223 85.21 -211.831 -94.9223 90.9933 -211.831 -94.2597 84.5475 -208.308 -94.2597 91.6558 -208.308 -97.8139 83.0752 -208.308 -97.8139 84.0123 -211.831 -97.8139 93.128 -208.308 -97.8139 92.191 -211.831 -100.705 90.9933 -211.831 -101.368 91.6558 -208.308 -102.84 88.1017 -208.308 -101.903 88.1017 -211.831 -100.705 85.21 -211.831 -101.368 84.5475 -208.308 -97.8139 83.0752 -208.308 -97.8139 84.0123 -211.831 -94.9223 85.21 -211.831 -95.03 85.3177 -232.359 -93.7245 88.1017 -211.831 -97.8139 84.0123 -211.831 -93.8769 88.1017 -232.359 -97.8139 84.1647 -232.359 -95.03 90.8854 -232.359 -94.9223 90.9933 -211.831 -97.8139 92.191 -211.831 -97.8139 92.0386 -232.359 -100.598 90.8854 -232.359 -100.705 90.9933 -211.831 -101.903 88.1017 -211.831 -101.751 88.1017 -232.359 -100.598 85.3177 -232.359 -100.705 85.21 -211.831 -97.8139 84.0123 -211.831 -97.8139 84.1647 -232.359 -95.03 85.3177 -232.359 -94.9051 88.1017 -232.681 -93.8769 88.1017 -232.359 -97.8139 84.1647 -232.359 -95.7571 86.0447 -232.681 -95.03 90.8854 -232.359 -95.7571 90.1584 -232.681 -100.598 85.3177 -232.359 -99.8707 86.0447 -232.681 -97.8139 92.0386 -232.359 -97.8139 91.0104 -232.681 -100.723 88.1017 -232.681 -99.8707 90.1584 -232.681 -100.598 90.8854 -232.359 -101.751 88.1017 -232.359 -68.9662 84.3755 -174.644 -69.1382 84.5475 -208.308 -67.4228 88.1017 -174.644 -72.6923 82.8321 -174.644 -67.666 88.1017 -208.308 -72.6923 83.0752 -208.308 -69.1382 91.6558 -208.308 -68.9662 91.8277 -174.644 -72.6923 93.3711 -174.644 -72.6923 93.128 -208.308 -76.2465 91.6558 -208.308 -76.4184 91.8277 -174.644 -77.9618 88.1017 -174.644 -77.7187 88.1017 -208.308 -76.2465 84.5475 -208.308 -76.4184 84.3755 -174.644 -72.6923 82.8321 -174.644 -72.6923 83.0752 -208.308 -66.7062 88.1017 -172.576 -68.9662 84.3755 -174.644 -67.4228 88.1017 -174.644 -68.4595 83.8688 -172.576 -66.7062 88.1017 -153.81 -68.4595 92.3345 -153.81 -68.4595 83.8688 -153.81 -68.4595 92.3345 -172.576 -72.6923 82.1155 -172.576 -68.9662 84.3755 -174.644 -72.6923 94.0878 -153.81 -72.6923 82.1155 -153.81 -72.6923 94.0878 -172.576 -72.6923 82.8321 -174.644 -76.9251 92.3345 -153.81 -68.9662 91.8277 -174.644 -76.9251 92.3345 -172.576 -72.6923 93.3711 -174.644 -78.6784 88.1017 -153.81 -76.4184 91.8277 -174.644 -78.6784 88.1017 -172.576 -76.4184 91.8277 -174.644 -72.6923 93.3711 -174.644 -76.9251 83.8688 -153.81 -77.9618 88.1017 -174.644 -76.9251 83.8688 -172.576 -76.4184 84.3755 -174.644 -72.6923 82.1155 -153.81 -77.9618 88.1017 -174.644 -72.6923 82.1155 -172.576 -76.4184 84.3755 -174.644 -72.6923 82.8321 -174.644 -68.9662 91.8277 -174.644 -67.4228 88.1017 -174.644 -68.603 88.1017 -211.831 -67.666 88.1017 -208.308 -69.8007 85.21 -211.831 -69.8007 90.9933 -211.831 -69.1382 84.5475 -208.308 -69.1382 91.6558 -208.308 -72.6923 83.0752 -208.308 -72.6923 84.0123 -211.831 -72.6923 93.128 -208.308 -72.6923 92.191 -211.831 -75.5839 90.9933 -211.831 -76.2465 91.6558 -208.308 -77.7187 88.1017 -208.308 -76.7817 88.1017 -211.831 -75.5839 85.21 -211.831 -76.2465 84.5475 -208.308 -72.6923 83.0752 -208.308 -72.6923 84.0123 -211.831 -69.8007 85.21 -211.831 -69.9084 85.3177 -232.359 -68.603 88.1017 -211.831 -72.6923 84.0123 -211.831 -69.9084 90.8854 -232.359 -69.8007 90.9933 -211.831 -72.6923 92.191 -211.831 -75.4762 90.8854 -232.359 -75.5839 90.9933 -211.831 -76.7817 88.1017 -211.831 -76.6293 88.1017 -232.359 -75.4762 85.3177 -232.359 -75.5839 85.21 -211.831 -72.6923 84.0123 -211.831 -72.6923 84.1647 -232.359 -81.5858 84.3755 -174.644 -81.7578 84.5475 -208.308 -80.0424 88.1017 -174.644 -85.312 82.8321 -174.644 -80.2856 88.1017 -208.308 -85.312 83.0752 -208.308 -81.7578 91.6558 -208.308 -81.5858 91.8277 -174.644 -85.312 93.3711 -174.644 -85.312 93.128 -208.308 -88.8661 91.6558 -208.308 -89.0381 91.8277 -174.644 -90.5815 88.1017 -174.644 -90.3383 88.1017 -208.308 -88.8661 84.5475 -208.308 -89.0381 84.3755 -174.644 -85.312 82.8321 -174.644 -85.312 83.0752 -208.308 -79.3259 88.1017 -172.576 -81.5858 84.3755 -174.644 -80.0424 88.1017 -174.644 -81.0791 83.8688 -172.576 -79.3259 88.1017 -153.81 -81.0791 92.3345 -153.81 -81.0791 83.8688 -153.81 -81.0791 92.3345 -172.576 -81.5858 91.8277 -174.644 -85.312 82.1155 -172.576 -85.312 94.0878 -153.81 -80.0424 88.1017 -174.644 -85.312 82.1155 -153.81 -81.5858 84.3755 -174.644 -85.312 94.0878 -172.576 -85.312 82.8321 -174.644 -89.5448 92.3345 -153.81 -81.5858 91.8277 -174.644 -89.5448 92.3345 -172.576 -85.312 93.3711 -174.644 -89.0381 91.8277 -174.644 -91.298 88.1017 -153.81 -85.312 93.3711 -174.644 -91.298 88.1017 -172.576 -89.0381 91.8277 -174.644 -89.5448 83.8688 -153.81 -90.5815 88.1017 -174.644 -89.5448 83.8688 -172.576 -89.0381 84.3755 -174.644 -85.312 82.1155 -153.81 -90.5815 88.1017 -174.644 -85.312 82.1155 -172.576 -89.0381 84.3755 -174.644 -85.312 82.8321 -174.644 -81.2226 88.1017 -211.831 -80.2856 88.1017 -208.308 -82.4203 85.21 -211.831 -82.4203 90.9933 -211.831 -81.7578 84.5475 -208.308 -81.7578 91.6558 -208.308 -85.312 83.0752 -208.308 -85.312 93.128 -208.308 -85.312 92.191 -211.831 -85.312 84.0123 -211.831 -88.2036 90.9933 -211.831 -88.8661 91.6558 -208.308 -90.3383 88.1017 -208.308 -89.4013 88.1017 -211.831 -88.2036 85.21 -211.831 -88.8661 84.5475 -208.308 -85.312 83.0752 -208.308 -85.312 84.0123 -211.831 -82.4203 85.21 -211.831 -82.5281 85.3177 -232.359 -81.2226 88.1017 -211.831 -85.312 84.0123 -211.831 -81.3749 88.1017 -232.359 -85.312 84.1647 -232.359 -82.5281 90.8854 -232.359 -82.4203 90.9933 -211.831 -85.312 92.191 -211.831 -85.312 92.0386 -232.359 -88.0958 90.8854 -232.359 -88.2036 90.9933 -211.831 -89.4013 88.1017 -211.831 -89.249 88.1017 -232.359 -88.0958 85.3177 -232.359 -88.2036 85.21 -211.831 -85.312 84.0123 -211.831 -85.312 84.1647 -232.359 -81.3749 88.1017 -232.359 -82.5281 85.3177 -232.359 -83.2551 86.0447 -232.681 -82.4032 88.1017 -232.681 -82.5281 90.8854 -232.359 -85.312 84.1647 -232.359 -83.2551 90.1584 -232.681 -88.0958 85.3177 -232.359 -87.3688 86.0447 -232.681 -85.312 91.0104 -232.681 -85.312 92.0386 -232.359 -88.0958 90.8854 -232.359 -89.249 88.1017 -232.359 -88.2207 88.1017 -232.681 -79.1236 104.425 -115.103 -79.1236 95.8141 -114.475 -75.271 104.425 -115.103 -79.1236 110.106 -117.886 -75.271 95.8141 -114.475 -75.167 110.097 -117.873 -75.271 89.6612 -115.654 -79.1236 89.6612 -115.654 -75.271 89.6612 -115.654 -79.1236 89.6612 -115.654 -75.271 88.1562 -120.588 -79.1236 88.1562 -120.588 -79.1236 102.452 -120.588 -79.1236 95.8141 -114.475 -79.1236 104.425 -115.103 -79.1236 95.3042 -120.588 -79.1236 110.106 -117.886 -79.1236 89.6612 -115.654 -79.1236 106.821 -123.741 -79.1236 88.1562 -120.588 -75.167 106.812 -123.729 -79.1236 110.106 -117.886 -75.167 110.097 -117.873 -79.1236 106.821 -123.741 -75.271 95.3042 -120.588 -75.271 95.8141 -114.475 -75.271 89.6612 -115.654 -75.271 102.452 -120.588 -75.271 104.425 -115.103 -75.271 88.1562 -120.588 -75.167 110.097 -117.873 -75.167 106.812 -123.729 -91.5003 95.8141 -114.475 -91.5003 104.425 -115.103 -95.3529 104.425 -115.103 -95.3529 95.8141 -114.475 -95.3529 89.6612 -115.654 -91.5003 110.106 -117.886 -95.4569 110.097 -117.873 -91.5003 89.6612 -115.654 -95.3529 89.6612 -115.654 -95.3529 88.1562 -120.588 -91.5003 89.6612 -115.654 -91.5003 88.1562 -120.588 -91.5003 102.452 -120.588 -91.5003 104.425 -115.103 -91.5003 95.8141 -114.475 -91.5003 110.106 -117.886 -91.5003 95.3042 -120.588 -91.5003 106.821 -123.741 -91.5003 89.6612 -115.654 -91.5003 88.1562 -120.588 -95.4569 106.812 -123.729 -91.5003 110.106 -117.886 -91.5003 106.821 -123.741 -95.4569 110.097 -117.873 -95.3529 95.3042 -120.588 -95.3529 89.6612 -115.654 -95.3529 95.8141 -114.475 -95.3529 88.1562 -120.588 -95.3529 102.452 -120.588 -95.3529 104.425 -115.103 -95.4569 110.097 -117.873 -95.4569 106.812 -123.729 -78.8349 106.022 -137.419 -91.789 106.022 -137.419 -91.789 104.166 -132.085 -91.789 103.709 -143.383 -78.8349 104.166 -132.085 -78.8349 103.709 -143.383 -78.8349 99.5618 -148.354 -91.789 99.5618 -148.354 -91.789 96.1525 -149.923 -78.8349 96.1525 -149.923 -91.789 96.1525 -149.923 -91.789 96.284 -136.797 -91.789 99.5618 -148.354 -91.789 103.709 -143.383 -91.789 106.022 -137.419 -91.789 104.166 -132.085 -78.8349 96.284 -136.797 -78.8349 106.022 -137.419 -78.8349 104.166 -132.085 -78.8349 103.709 -143.383 -78.8349 99.5618 -148.354 -78.8349 96.1525 -149.923 -85.312 96.5002 -140.939 -106.972 96.5002 -140.953 -98.0048 96.5002 -131.497 -106.18 96.5002 -152.081 -85.312 96.5002 -131.661 -85.312 96.5002 -156.887 -72.6191 96.5002 -131.497 -64.4442 96.5002 -152.081 -63.6518 96.5002 -140.953 -64.4442 94.233 -155.223 -85.312 96.5002 -156.887 -64.4442 96.5002 -152.081 -85.312 94.233 -160.029 -85.312 96.5002 -156.887 -106.18 94.233 -155.223 -106.18 96.5002 -152.081 -85.312 94.233 -160.029 -103.755 76.4869 -175.879 -98.7284 76.4869 -128.907 -109.467 76.4869 -139.091 -98.0363 76.4869 -175.879 -109.467 76.4869 -174.203 -85.312 76.4869 -128.907 -85.312 76.4869 -175.879 -72.5876 76.4869 -175.879 -71.8955 76.4869 -128.907 -66.8692 76.4869 -175.879 -61.1571 76.4869 -139.091 -61.1571 76.4869 -174.203 -85.312 76.4869 -175.879 -98.0363 76.4869 -175.879 -85.312 82.5201 -175.879 -72.5876 76.4869 -175.879 -98.4221 82.5201 -175.879 -72.2018 82.5201 -175.879 -103.755 76.4869 -175.879 -66.8692 76.4869 -175.879 -104.14 82.5201 -175.879 -66.4837 82.5201 -175.879 -104.14 99.1954 -169.714 -104.7 99.1954 -141.12 -104.7 82.5201 -141.12 -104.14 82.5201 -175.879 -104.14 99.1954 -169.714 -104.14 82.5201 -175.879 -109.467 99.1954 -168.038 -109.467 82.5171 -174.203 -109.467 76.4869 -174.203 -103.755 76.4869 -175.879 -109.467 99.1954 -168.038 -109.467 83.0857 -139.091 -109.467 99.1954 -139.091 -109.467 82.5171 -174.203 -109.467 76.4869 -139.091 -109.467 76.4869 -174.203 -98.7284 82.5201 -128.907 -109.467 83.0857 -139.091 -109.467 76.4869 -139.091 -98.7284 99.1954 -128.907 -98.7284 76.4869 -128.907 -109.467 99.1954 -139.091 -97.0173 99.1954 -132.879 -97.0173 82.5201 -132.879 -104.7 99.1954 -141.12 -104.7 82.5201 -141.12 -98.4221 82.5201 -175.879 -104.7 82.5201 -141.12 -97.0173 82.5201 -132.879 -104.14 82.5201 -175.879 -85.312 82.5201 -175.879 -85.312 82.5201 -131.661 -73.6066 82.5201 -132.879 -72.2018 82.5201 -175.879 -65.9234 82.5201 -141.12 -66.4837 82.5201 -175.879 -73.6066 99.1954 -132.879 -61.1571 99.1954 -139.091 -65.9234 99.1954 -141.12 -71.8955 99.1954 -128.907 -61.1571 99.1954 -168.038 -66.4837 99.1954 -169.714 -109.467 99.1954 -168.038 -104.7 99.1954 -141.12 -104.14 99.1954 -169.714 -109.467 99.1954 -139.091 -97.0173 99.1954 -132.879 -98.7284 99.1954 -128.907 -71.8955 99.1954 -128.907 -71.8955 82.5201 -128.907 -61.1571 83.0857 -139.091 -61.1571 99.1954 -139.091 -61.1571 76.4869 -139.091 -71.8955 76.4869 -128.907 -65.9234 82.5201 -141.12 -66.4837 99.1954 -169.714 -66.4837 82.5201 -175.879 -65.9234 99.1954 -141.12 -66.4837 82.5201 -175.879 -61.1571 99.1954 -168.038 -61.1571 82.5171 -174.203 -66.4837 99.1954 -169.714 -61.1571 76.4869 -174.203 -66.8692 76.4869 -175.879 -61.1571 83.0857 -139.091 -61.1571 82.5171 -174.203 -61.1571 99.1954 -168.038 -61.1571 76.4869 -139.091 -61.1571 99.1954 -139.091 -61.1571 76.4869 -174.203 -65.9234 99.1954 -141.12 -73.6066 82.5201 -132.879 -73.6066 99.1954 -132.879 -85.312 76.4869 -128.907 -98.7284 82.5201 -128.907 -98.7284 76.4869 -128.907 -85.312 82.5201 -128.907 -66.8729 78.1142 -160.975 -64.8462 78.1142 -152.095 -64.8462 72.4224 -152.095 -66.8729 72.4224 -160.975 -72.5518 78.1142 -168.096 -66.8729 72.4224 -143.215 -72.5518 72.4224 -168.096 -66.8729 78.1142 -143.215 -80.7579 78.1142 -172.047 -80.7579 72.4224 -172.047 -72.5518 72.4224 -136.094 -89.866 78.1142 -172.047 -72.5518 78.1142 -136.094 -89.866 72.4224 -172.047 -98.0721 78.1142 -168.096 -98.0721 72.4224 -168.096 -103.751 78.1142 -160.975 -103.751 72.4224 -160.975 -105.778 78.1142 -152.095 -105.778 72.4224 -152.095 -103.751 78.1142 -143.215 -103.751 72.4224 -143.215 -98.0721 78.1142 -136.094 -98.0721 72.4224 -136.094 -89.866 78.1142 -132.142 -89.866 72.4224 -132.142 95.9197 152.435 112.687 124.553 162.424 128.318 124.553 152.435 112.687 95.9197 162.424 128.318 124.553 156.959 131.12 95.9197 156.959 131.12 124.553 135.496 131.12 95.9197 135.496 131.12 124.553 152.435 112.687 95.9197 148.274 112.687 95.9197 152.435 112.687 124.553 148.218 112.687 124.553 135.496 131.12 124.553 152.435 112.687 124.553 156.959 131.12 124.553 148.218 112.687 124.553 135.248 122.056 124.553 162.424 128.318 95.9197 135.496 131.12 95.9197 148.274 112.687 95.9197 135.25 122.129 95.9197 152.435 112.687 95.9197 156.959 131.12 95.9197 162.424 128.318 95.9197 135.25 122.129 124.553 135.496 131.12 95.9197 135.496 131.12 124.553 135.248 122.056 124.553 162.424 128.318 95.9197 156.959 131.12 124.553 156.959 131.12 95.9197 162.424 128.318 101.46 137.765 78.275 101.288 137.937 44.6105 103.004 141.491 78.275 97.7343 136.222 78.275 102.761 141.491 44.6105 97.7343 136.465 44.6105 101.288 145.046 44.6105 101.46 145.218 78.275 97.7343 146.761 78.275 97.7343 146.518 44.6105 94.1801 145.046 44.6105 94.0082 145.218 78.275 92.4648 141.491 78.275 92.7079 141.491 44.6105 94.1801 137.937 44.6105 94.0082 137.765 78.275 97.7343 136.222 78.275 97.7343 136.465 44.6105 103.72 141.491 80.3426 101.46 137.765 78.275 103.004 141.491 78.275 101.967 137.259 80.3426 103.72 141.491 99.1082 101.967 137.259 99.1082 101.967 145.724 99.1082 97.7343 135.505 80.3426 101.967 145.724 80.3426 97.7343 135.505 99.1082 97.7343 147.478 99.1082 101.46 145.218 78.275 97.7343 147.478 80.3426 103.004 141.491 78.275 93.5014 145.724 99.1082 101.46 145.218 78.275 93.5014 145.724 80.3426 97.7343 146.761 78.275 91.7483 141.491 99.1082 94.0082 145.218 78.275 97.7343 146.761 78.275 91.7483 141.491 80.3426 93.5014 137.259 99.1082 94.0082 145.218 78.275 93.5014 137.259 80.3426 97.7343 135.505 99.1082 92.4648 141.491 78.275 94.0082 137.765 78.275 92.4648 141.491 78.275 97.7343 135.505 80.3426 94.0082 137.765 78.275 97.7343 136.222 78.275 101.46 137.765 78.275 97.7343 136.222 78.275 101.824 141.491 41.088 102.761 141.491 44.6105 100.626 138.6 41.088 100.626 144.383 41.088 101.288 137.937 44.6105 101.288 145.046 44.6105 97.7343 136.465 44.6105 97.7343 137.402 41.088 97.7343 146.518 44.6105 97.7343 145.581 41.088 94.8427 144.383 41.088 94.1801 145.046 44.6105 92.7079 141.491 44.6105 93.6449 141.491 41.088 94.8427 138.6 41.088 94.1801 137.937 44.6105 97.7343 136.465 44.6105 97.7343 137.402 41.088 100.626 138.6 41.088 100.518 138.708 20.5599 101.824 141.491 41.088 97.7343 137.402 41.088 101.671 141.491 20.5599 97.7343 137.554 20.5599 100.518 144.275 20.5599 100.626 144.383 41.088 97.7343 145.581 41.088 97.7343 145.428 20.5599 94.9504 144.275 20.5599 94.8427 144.383 41.088 93.6449 141.491 41.088 93.7973 141.491 20.5599 94.9504 138.708 20.5599 94.8427 138.6 41.088 97.7343 137.402 41.088 97.7343 137.554 20.5599 100.518 138.708 20.5599 100.643 141.491 20.2379 101.671 141.491 20.5599 99.7911 139.435 20.2379 97.7343 137.554 20.5599 100.518 144.275 20.5599 97.7343 138.583 20.2379 95.6775 139.435 20.2379 99.7911 143.548 20.2379 94.9504 138.708 20.5599 97.7343 144.4 20.2379 97.7343 145.428 20.5599 93.7973 141.491 20.5599 94.9504 144.275 20.5599 94.8255 141.491 20.2379 95.6775 143.548 20.2379 100.643 141.491 20.2379 99.7911 139.435 20.2379 97.7343 141.491 25.4184 99.7911 143.548 20.2379 97.7343 138.583 20.2379 97.7343 144.4 20.2379 95.6775 139.435 20.2379 94.8255 141.491 20.2379 95.6775 143.548 20.2379 97.7343 144.4 20.2379 126.582 137.765 78.275 126.41 137.937 44.6105 128.125 141.491 78.275 122.856 136.222 78.275 127.882 141.491 44.6105 122.856 136.465 44.6105 126.41 145.046 44.6105 126.582 145.218 78.275 122.856 146.761 78.275 122.856 146.518 44.6105 119.302 145.046 44.6105 119.13 145.218 78.275 117.586 141.491 78.275 117.83 141.491 44.6105 119.302 137.937 44.6105 119.13 137.765 78.275 122.856 136.222 78.275 122.856 136.465 44.6105 128.842 141.491 80.3426 126.582 137.765 78.275 128.125 141.491 78.275 127.089 137.259 80.3426 128.842 141.491 99.1082 127.089 145.724 99.1082 127.089 137.259 99.1082 127.089 145.724 80.3426 122.856 135.505 80.3426 126.582 137.765 78.275 122.856 147.478 99.1082 122.856 135.505 99.1082 122.856 147.478 80.3426 122.856 136.222 78.275 118.623 145.724 99.1082 126.582 145.218 78.275 118.623 145.724 80.3426 122.856 146.761 78.275 116.87 141.491 99.1082 119.13 145.218 78.275 116.87 141.491 80.3426 119.13 145.218 78.275 122.856 146.761 78.275 118.623 137.259 99.1082 117.586 141.491 78.275 118.623 137.259 80.3426 119.13 137.765 78.275 122.856 135.505 99.1082 117.586 141.491 78.275 122.856 135.505 80.3426 119.13 137.765 78.275 122.856 136.222 78.275 126.582 145.218 78.275 128.125 141.491 78.275 126.945 141.491 41.088 127.882 141.491 44.6105 125.748 138.6 41.088 125.748 144.383 41.088 126.41 137.937 44.6105 126.41 145.046 44.6105 122.856 136.465 44.6105 122.856 137.402 41.088 122.856 146.518 44.6105 122.856 145.581 41.088 119.964 144.383 41.088 119.302 145.046 44.6105 117.83 141.491 44.6105 118.766 141.491 41.088 119.964 138.6 41.088 119.302 137.937 44.6105 122.856 136.465 44.6105 122.856 137.402 41.088 125.748 138.6 41.088 125.64 138.708 20.5599 126.945 141.491 41.088 122.856 137.402 41.088 126.793 141.491 20.5599 122.856 137.554 20.5599 125.64 144.275 20.5599 125.748 144.383 41.088 122.856 145.581 41.088 122.856 145.428 20.5599 120.072 144.275 20.5599 119.964 144.383 41.088 118.766 141.491 41.088 118.919 141.491 20.5599 120.072 138.708 20.5599 119.964 138.6 41.088 122.856 137.402 41.088 122.856 137.554 20.5599 126.793 141.491 20.5599 125.64 138.708 20.5599 124.913 139.435 20.2379 125.765 141.491 20.2379 124.913 143.548 20.2379 122.856 137.554 20.5599 122.856 138.583 20.2379 122.856 144.4 20.2379 125.64 144.275 20.5599 120.799 139.435 20.2379 120.072 138.708 20.5599 122.856 145.428 20.5599 118.919 141.491 20.5599 120.072 144.275 20.5599 120.799 143.548 20.2379 119.947 141.491 20.2379 125.765 141.491 20.2379 124.913 139.435 20.2379 122.856 141.491 25.4184 124.913 143.548 20.2379 122.856 138.583 20.2379 122.856 144.4 20.2379 120.799 139.435 20.2379 119.947 141.491 20.2379 120.799 143.548 20.2379 122.856 144.4 20.2379 113.962 137.765 78.275 113.79 137.937 44.6105 115.506 141.491 78.275 110.236 136.222 78.275 115.263 141.491 44.6105 110.236 136.465 44.6105 113.79 145.046 44.6105 113.962 145.218 78.275 110.236 146.761 78.275 110.236 146.518 44.6105 106.682 145.046 44.6105 106.51 145.218 78.275 104.967 141.491 78.275 105.21 141.491 44.6105 106.682 137.937 44.6105 106.51 137.765 78.275 110.236 136.222 78.275 110.236 136.465 44.6105 116.222 141.491 80.3426 113.962 137.765 78.275 115.506 141.491 78.275 114.469 137.259 80.3426 116.222 141.491 99.1082 114.469 145.724 99.1082 114.469 137.259 99.1082 114.469 145.724 80.3426 113.962 145.218 78.275 110.236 135.505 80.3426 110.236 147.478 99.1082 115.506 141.491 78.275 110.236 135.505 99.1082 113.962 137.765 78.275 110.236 147.478 80.3426 110.236 136.222 78.275 106.003 145.724 99.1082 113.962 145.218 78.275 106.003 145.724 80.3426 110.236 146.761 78.275 106.51 145.218 78.275 104.25 141.491 99.1082 110.236 146.761 78.275 104.25 141.491 80.3426 106.51 145.218 78.275 106.003 137.259 99.1082 104.967 141.491 78.275 106.003 137.259 80.3426 106.51 137.765 78.275 110.236 135.505 99.1082 104.967 141.491 78.275 110.236 135.505 80.3426 106.51 137.765 78.275 110.236 136.222 78.275 114.326 141.491 41.088 115.263 141.491 44.6105 113.128 138.6 41.088 113.128 144.383 41.088 113.79 137.937 44.6105 113.79 145.046 44.6105 110.236 136.465 44.6105 110.236 146.518 44.6105 110.236 145.581 41.088 110.236 137.402 41.088 107.345 144.383 41.088 106.682 145.046 44.6105 105.21 141.491 44.6105 106.147 141.491 41.088 107.345 138.6 41.088 106.682 137.937 44.6105 110.236 136.465 44.6105 110.236 137.402 41.088 113.128 138.6 41.088 113.02 138.708 20.5599 114.326 141.491 41.088 110.236 137.402 41.088 114.173 141.491 20.5599 110.236 137.554 20.5599 113.02 144.275 20.5599 113.128 144.383 41.088 110.236 145.581 41.088 110.236 145.428 20.5599 107.452 144.275 20.5599 107.345 144.383 41.088 106.147 141.491 41.088 106.299 141.491 20.5599 107.452 138.708 20.5599 107.345 138.6 41.088 110.236 137.402 41.088 110.236 137.554 20.5599 114.173 141.491 20.5599 113.02 138.708 20.5599 112.293 139.435 20.2379 113.145 141.491 20.2379 112.293 143.548 20.2379 110.236 137.554 20.5599 110.236 144.4 20.2379 113.02 144.275 20.5599 110.236 138.583 20.2379 110.236 145.428 20.5599 107.452 144.275 20.5599 108.179 139.435 20.2379 108.179 143.548 20.2379 107.327 141.491 20.2379 107.452 138.708 20.5599 106.299 141.491 20.5599 113.145 141.491 20.2379 112.293 139.435 20.2379 110.236 141.491 25.4184 112.293 143.548 20.2379 110.236 138.583 20.2379 110.236 144.4 20.2379 108.179 139.435 20.2379 107.327 141.491 20.2379 108.179 143.548 20.2379 110.236 144.4 20.2379 116.425 157.815 137.816 116.425 149.204 138.444 120.277 157.815 137.816 116.425 163.496 135.033 120.277 149.204 138.444 120.381 163.487 135.046 120.277 143.051 137.264 116.425 143.051 137.264 120.277 143.051 137.264 116.425 143.051 137.264 120.277 141.546 132.33 116.425 141.546 132.33 116.425 155.842 132.33 116.425 149.204 138.444 116.425 157.815 137.816 116.425 148.694 132.33 116.425 163.496 135.033 116.425 143.051 137.264 116.425 160.211 129.177 116.425 141.546 132.33 120.381 160.202 129.19 116.425 163.496 135.033 120.381 163.487 135.046 116.425 160.211 129.177 120.277 148.694 132.33 120.277 149.204 138.444 120.277 143.051 137.264 120.277 155.842 132.33 120.277 141.546 132.33 120.277 157.815 137.816 120.381 163.487 135.046 120.381 160.202 129.19 104.048 149.204 138.444 104.048 157.815 137.816 100.195 157.815 137.816 100.195 149.204 138.444 100.195 143.051 137.264 104.048 163.496 135.033 100.091 163.487 135.046 104.048 143.051 137.264 100.195 143.051 137.264 100.195 141.546 132.33 104.048 143.051 137.264 104.048 141.546 132.33 104.048 155.842 132.33 104.048 157.815 137.816 104.048 149.204 138.444 104.048 163.496 135.033 104.048 148.694 132.33 104.048 160.211 129.177 104.048 143.051 137.264 104.048 141.546 132.33 100.091 160.202 129.19 104.048 163.496 135.033 104.048 160.211 129.177 100.091 163.487 135.046 100.195 148.694 132.33 100.195 143.051 137.264 100.195 149.204 138.444 100.195 141.546 132.33 100.195 155.842 132.33 100.195 157.815 137.816 100.091 163.487 135.046 100.091 160.202 129.19 116.713 159.412 115.499 103.759 159.412 115.499 103.759 157.555 120.834 103.759 157.099 109.536 116.713 157.555 120.834 116.713 157.099 109.536 116.713 152.952 104.564 103.759 152.952 104.564 103.759 149.542 102.996 116.713 149.542 102.996 103.759 149.542 102.996 103.759 149.674 116.122 103.759 152.952 104.564 103.759 157.099 109.536 103.759 159.412 115.499 103.759 157.555 120.834 116.713 149.674 116.122 116.713 159.412 115.499 116.713 157.555 120.834 116.713 157.099 109.536 116.713 152.952 104.564 116.713 149.542 102.996 110.236 149.89 111.98 88.576 149.89 111.966 97.5434 149.89 121.422 89.3684 149.89 100.838 110.236 149.89 121.257 110.236 149.89 96.0319 122.929 149.89 121.422 131.104 149.89 100.838 131.896 149.89 111.966 131.104 147.623 97.6953 110.236 149.89 96.0319 131.104 149.89 100.838 110.236 147.623 92.8895 110.236 149.89 96.0319 89.3684 147.623 97.6953 89.3684 149.89 100.838 110.236 147.623 92.8895 91.7934 129.877 77.0398 96.8198 129.877 124.012 86.0814 129.877 113.828 97.5118 129.877 77.0398 86.0814 129.877 78.7161 110.236 129.877 124.012 110.236 129.877 77.0398 122.961 129.877 77.0398 123.653 129.877 124.012 128.679 129.877 77.0398 134.391 129.877 113.828 134.391 129.877 78.7161 110.236 129.877 77.0398 97.5118 129.877 77.0398 110.236 135.91 77.0398 122.961 129.877 77.0398 97.1261 135.91 77.0398 123.346 135.91 77.0398 91.7934 129.877 77.0398 128.679 129.877 77.0398 91.4079 135.91 77.0398 129.065 135.91 77.0398 91.4079 152.585 83.2047 90.8476 152.585 111.798 90.8476 135.91 111.798 91.4079 135.91 77.0398 91.4079 152.585 83.2047 91.4079 135.91 77.0398 86.0814 152.585 84.881 86.0814 135.907 78.7161 86.0814 129.877 78.7161 91.7934 129.877 77.0398 86.0814 152.585 84.881 86.0814 136.475 113.828 86.0814 152.585 113.828 86.0814 135.907 78.7161 86.0814 129.877 113.828 86.0814 129.877 78.7161 96.8198 135.91 124.012 86.0814 136.475 113.828 86.0814 129.877 113.828 96.8198 152.585 124.012 96.8198 129.877 124.012 86.0814 152.585 113.828 98.5308 152.585 120.04 98.5308 135.91 120.04 90.8476 152.585 111.798 90.8476 135.91 111.798 97.1261 135.91 77.0398 90.8476 135.91 111.798 98.5308 135.91 120.04 91.4079 135.91 77.0398 110.236 135.91 77.0398 110.236 135.91 121.257 121.942 135.91 120.04 123.346 135.91 77.0398 129.625 135.91 111.798 129.065 135.91 77.0398 121.942 152.585 120.04 134.391 152.585 113.828 129.625 152.585 111.798 123.653 152.585 124.012 134.391 152.585 84.881 129.065 152.585 83.2047 86.0814 152.585 84.881 90.8476 152.585 111.798 91.4079 152.585 83.2047 86.0814 152.585 113.828 98.5308 152.585 120.04 96.8198 152.585 124.012 123.653 152.585 124.012 123.653 135.91 124.012 134.391 136.475 113.828 134.391 152.585 113.828 134.391 129.877 113.828 123.653 129.877 124.012 129.625 135.91 111.798 129.065 152.585 83.2047 129.065 135.91 77.0398 129.625 152.585 111.798 129.065 135.91 77.0398 134.391 152.585 84.881 134.391 135.907 78.7161 129.065 152.585 83.2047 134.391 129.877 78.7161 128.679 129.877 77.0398 134.391 136.475 113.828 134.391 135.907 78.7161 134.391 152.585 84.881 134.391 129.877 113.828 134.391 152.585 113.828 134.391 129.877 78.7161 121.942 135.91 120.04 129.625 152.585 111.798 129.625 135.91 111.798 121.942 152.585 120.04 110.236 129.877 124.012 96.8198 135.91 124.012 96.8198 129.877 124.012 110.236 135.91 124.012 123.653 135.91 124.012 123.653 129.877 124.012 128.675 131.504 91.9441 130.702 131.504 100.824 130.702 125.812 100.824 128.675 125.812 91.9441 128.675 125.812 109.704 122.996 131.504 84.8231 128.675 131.504 109.704 122.996 125.812 84.8231 122.996 125.812 116.825 114.79 131.504 80.8712 122.996 131.504 116.825 114.79 125.812 80.8712 114.79 125.812 120.776 105.682 131.504 80.8712 114.79 131.504 120.776 105.682 125.812 80.8712 105.682 125.812 120.776 97.476 131.504 84.8231 105.682 131.504 120.776 97.476 125.812 84.8231 91.7972 131.504 91.9441 91.7972 125.812 91.9441 89.7705 131.504 100.824 89.7705 125.812 100.824 91.7972 131.504 109.704 91.7972 125.812 109.704 97.476 131.504 116.825 97.476 125.812 116.825 105.682 131.504 120.776 105.682 125.812 120.776 -14.3165 216.983 177.947 14.3165 226.972 193.577 14.3165 216.983 177.947 -14.3165 226.972 193.577 14.3165 221.506 196.38 -14.3165 221.506 196.38 14.3165 200.043 196.38 -14.3165 200.043 196.38 14.3165 216.983 177.947 -14.3165 212.821 177.947 -14.3165 216.983 177.947 14.3165 212.766 177.947 14.3165 200.043 196.38 14.3165 216.983 177.947 14.3165 221.506 196.38 14.3165 212.766 177.947 14.3165 199.795 187.316 14.3165 226.972 193.577 -14.3165 200.043 196.38 -14.3165 212.821 177.947 -14.3165 199.797 187.388 -14.3165 216.983 177.947 -14.3165 221.506 196.38 -14.3165 226.972 193.577 -14.3165 199.797 187.388 14.3165 200.043 196.38 -14.3165 200.043 196.38 14.3165 199.795 187.316 14.3165 226.972 193.577 -14.3165 221.506 196.38 14.3165 221.506 196.38 -14.3165 226.972 193.577 -8.77582 202.313 143.534 -8.94782 202.485 109.87 -7.23243 206.039 143.534 -12.502 200.769 143.534 -7.47559 206.039 109.87 -12.502 201.012 109.87 -8.94782 209.593 109.87 -8.77582 209.765 143.534 -12.502 211.308 143.534 -12.502 211.065 109.87 -16.0561 209.593 109.87 -16.2281 209.765 143.534 -17.7715 206.039 143.534 -17.5283 206.039 109.87 -16.0561 202.485 109.87 -16.2281 202.313 143.534 -12.502 200.769 143.534 -12.502 201.012 109.87 -6.51593 206.039 145.602 -8.77582 202.313 143.534 -7.23243 206.039 143.534 -8.26911 201.806 145.602 -6.51593 206.039 164.368 -8.26911 210.272 164.368 -8.26911 201.806 164.368 -8.26911 210.272 145.602 -8.77582 209.765 143.534 -12.502 200.053 145.602 -12.502 212.025 164.368 -7.23243 206.039 143.534 -12.502 200.053 164.368 -8.77582 202.313 143.534 -12.502 212.025 145.602 -12.502 200.769 143.534 -16.7348 210.272 164.368 -8.77582 209.765 143.534 -16.7348 210.272 145.602 -12.502 211.308 143.534 -16.2281 209.765 143.534 -18.4881 206.039 164.368 -12.502 211.308 143.534 -18.4881 206.039 145.602 -16.2281 209.765 143.534 -16.7348 201.806 164.368 -17.7715 206.039 143.534 -16.7348 201.806 145.602 -16.2281 202.313 143.534 -12.502 200.053 164.368 -17.7715 206.039 143.534 -12.502 200.053 145.602 -16.2281 202.313 143.534 -12.502 200.769 143.534 -8.41261 206.039 106.348 -7.47559 206.039 109.87 -9.61029 203.147 106.348 -9.61029 208.93 106.348 -8.94782 202.485 109.87 -8.94782 209.593 109.87 -12.502 201.012 109.87 -12.502 211.065 109.87 -12.502 210.128 106.348 -12.502 201.949 106.348 -15.3936 208.93 106.348 -16.0561 209.593 109.87 -17.5283 206.039 109.87 -16.5913 206.039 106.348 -15.3936 203.147 106.348 -16.0561 202.485 109.87 -12.502 201.012 109.87 -12.502 201.949 106.348 -9.61029 203.147 106.348 -9.71808 203.255 85.8194 -8.41261 206.039 106.348 -12.502 201.949 106.348 -8.56488 206.039 85.8194 -12.502 202.102 85.8194 -9.71808 208.823 85.8194 -9.61029 208.93 106.348 -12.502 210.128 106.348 -12.502 209.976 85.8194 -15.2858 208.823 85.8194 -15.3936 208.93 106.348 -16.5913 206.039 106.348 -16.439 206.039 85.8194 -15.2858 203.255 85.8194 -15.3936 203.147 106.348 -12.502 201.949 106.348 -12.502 202.102 85.8194 -8.56488 206.039 85.8194 -9.71808 203.255 85.8194 -10.4451 203.982 85.4974 -9.5932 206.039 85.4974 -10.4451 208.096 85.4974 -12.502 202.102 85.8194 -9.71808 208.823 85.8194 -12.502 208.948 85.4974 -12.502 203.13 85.4974 -12.502 209.976 85.8194 -15.2858 208.823 85.8194 -14.5588 203.982 85.4974 -14.5588 208.096 85.4974 -16.439 206.039 85.8194 -15.2858 203.255 85.8194 -15.4108 206.039 85.4974 -9.5932 206.039 85.4974 -10.4451 203.982 85.4974 -12.502 206.039 90.6779 -10.4451 208.096 85.4974 -12.502 203.13 85.4974 -12.502 208.948 85.4974 -14.5588 203.982 85.4974 -15.4108 206.039 85.4974 -14.5588 208.096 85.4974 -12.502 208.948 85.4974 16.3457 202.313 143.534 16.1738 202.485 109.87 17.8891 206.039 143.534 12.6196 200.769 143.534 17.646 206.039 109.87 12.6196 201.012 109.87 16.1738 209.593 109.87 16.3457 209.765 143.534 12.6196 211.308 143.534 12.6196 211.065 109.87 9.06549 209.593 109.87 8.89349 209.765 143.534 7.3501 206.039 143.534 7.59331 206.039 109.87 9.06549 202.485 109.87 8.89349 202.313 143.534 12.6196 200.769 143.534 12.6196 201.012 109.87 18.6057 206.039 145.602 16.3457 202.313 143.534 17.8891 206.039 143.534 16.8524 201.806 145.602 18.6057 206.039 164.368 16.8524 201.806 164.368 16.8524 210.272 164.368 12.6196 200.053 145.602 16.8524 210.272 145.602 12.6196 200.053 164.368 12.6196 212.025 164.368 16.3457 209.765 143.534 12.6196 212.025 145.602 17.8891 206.039 143.534 8.38678 210.272 164.368 16.3457 209.765 143.534 8.38678 210.272 145.602 12.6196 211.308 143.534 6.63347 206.039 164.368 8.89349 209.765 143.534 12.6196 211.308 143.534 6.63348 206.039 145.602 8.38678 201.806 164.368 8.89349 209.765 143.534 8.38678 201.806 145.602 12.6196 200.053 164.368 7.3501 206.039 143.534 8.89349 202.313 143.534 7.3501 206.039 143.534 12.6196 200.053 145.602 8.89349 202.313 143.534 12.6196 200.769 143.534 16.3457 202.313 143.534 12.6196 200.769 143.534 16.709 206.039 106.348 17.646 206.039 109.87 15.5113 203.147 106.348 15.5113 208.93 106.348 16.1738 202.485 109.87 16.1738 209.593 109.87 12.6196 201.012 109.87 12.6196 201.949 106.348 12.6196 211.065 109.87 12.6196 210.128 106.348 9.72802 208.93 106.348 9.06549 209.593 109.87 7.59331 206.039 109.87 8.53028 206.039 106.348 9.72802 203.147 106.348 9.06549 202.485 109.87 12.6196 201.012 109.87 12.6196 201.949 106.348 15.5113 203.147 106.348 15.4035 203.255 85.8194 16.709 206.039 106.348 12.6196 201.949 106.348 16.5566 206.039 85.8194 12.6196 202.102 85.8194 15.4035 208.823 85.8194 15.5113 208.93 106.348 12.6196 210.128 106.348 12.6196 209.976 85.8194 9.83569 208.823 85.8194 9.72802 208.93 106.348 8.53028 206.039 106.348 8.68261 206.039 85.8194 9.83569 203.255 85.8194 9.72802 203.147 106.348 12.6196 201.949 106.348 12.6196 202.102 85.8194 16.5566 206.039 85.8194 15.4035 203.255 85.8194 14.6765 203.982 85.4974 15.5284 206.039 85.4974 14.6765 208.096 85.4974 12.6196 202.102 85.8194 15.4035 208.823 85.8194 12.6196 203.13 85.4974 10.5628 203.982 85.4974 12.6196 208.948 85.4974 9.83569 203.255 85.8194 9.71081 206.039 85.4974 12.6196 209.976 85.8194 8.68261 206.039 85.8194 9.83569 208.823 85.8194 10.5628 208.096 85.4974 15.5284 206.039 85.4974 14.6765 203.982 85.4974 12.6196 206.039 90.6779 14.6765 208.096 85.4974 12.6196 203.13 85.4974 12.6196 208.948 85.4974 10.5628 203.982 85.4974 9.71081 206.039 85.4974 10.5628 208.096 85.4974 12.6196 208.948 85.4974 3.72607 202.313 143.534 3.55419 202.485 109.87 5.26947 206.039 143.534 -0.000002 200.769 143.534 5.02643 206.039 109.87 -0.000002 201.012 109.87 3.55419 209.593 109.87 3.72607 209.765 143.534 -0.000002 211.308 143.534 -0.000002 211.065 109.87 -3.55419 209.593 109.87 -3.72607 209.765 143.534 -5.26948 206.039 143.534 -5.02643 206.039 109.87 -3.55419 202.485 109.87 -3.72607 202.313 143.534 -0.000002 200.769 143.534 -0.000002 201.012 109.87 5.98608 206.039 145.602 3.72607 202.313 143.534 5.26947 206.039 143.534 4.23279 201.806 145.602 5.98608 206.039 164.368 4.23279 210.272 164.368 4.23279 201.806 164.368 4.23279 210.272 145.602 -0.000002 200.053 145.602 3.72607 202.313 143.534 -0.000003 212.025 164.368 -0.000003 200.053 164.368 -0.000002 212.025 145.602 -0.000002 200.769 143.534 -4.23279 210.272 164.368 3.72607 209.765 143.534 -4.23279 210.272 145.602 -0.000002 211.308 143.534 -5.98609 206.039 164.368 -3.72607 209.765 143.534 -5.98609 206.039 145.602 -3.72607 209.765 143.534 -0.000002 211.308 143.534 -4.23279 201.806 164.368 -5.26948 206.039 143.534 -4.23279 201.806 145.602 -3.72607 202.313 143.534 -0.000003 200.053 164.368 -5.26948 206.039 143.534 -0.000002 200.053 145.602 -3.72607 202.313 143.534 -0.000002 200.769 143.534 3.72607 209.765 143.534 5.26947 206.039 143.534 4.08942 206.039 106.348 5.02643 206.039 109.87 2.8916 203.147 106.348 2.8916 208.93 106.348 3.55419 202.485 109.87 3.55419 209.593 109.87 -0.000002 201.012 109.87 -0.000002 201.949 106.348 -0.000002 211.065 109.87 -0.000002 210.128 106.348 -2.8916 208.93 106.348 -3.55419 209.593 109.87 -5.02643 206.039 109.87 -4.08942 206.039 106.348 -2.8916 203.147 106.348 -3.55419 202.485 109.87 -0.000002 201.012 109.87 -0.000002 201.949 106.348 2.8916 203.147 106.348 2.78387 203.255 85.8194 4.08942 206.039 106.348 -0.000002 201.949 106.348 3.93701 206.039 85.8194 -0.000001 202.102 85.8194 2.78387 208.823 85.8194 2.8916 208.93 106.348 -0.000002 210.128 106.348 -0.000001 209.976 85.8194 -2.78387 208.823 85.8194 -2.8916 208.93 106.348 -4.08942 206.039 106.348 -3.93701 206.039 85.8194 -2.78387 203.255 85.8194 -2.8916 203.147 106.348 -0.000002 201.949 106.348 -0.000001 202.102 85.8194 2.78387 203.255 85.8194 2.90881 206.039 85.4974 3.93701 206.039 85.8194 2.05682 203.982 85.4974 -0.000001 202.102 85.8194 2.78387 208.823 85.8194 -0.000001 203.13 85.4974 -0.000001 208.948 85.4974 -0.000001 209.976 85.8194 2.05682 208.096 85.4974 -2.05683 203.982 85.4974 -2.78387 208.823 85.8194 -2.78387 203.255 85.8194 -2.05683 208.096 85.4974 -2.90881 206.039 85.4974 -3.93701 206.039 85.8194 2.90881 206.039 85.4974 2.05682 203.982 85.4974 -0.000001 206.039 90.6779 2.05682 208.096 85.4974 -0.000001 203.13 85.4974 -0.000001 208.948 85.4974 -2.05683 203.982 85.4974 -2.90881 206.039 85.4974 -2.05683 208.096 85.4974 -0.000001 208.948 85.4974 6.18841 222.363 203.076 6.18841 213.751 203.703 10.0409 222.363 203.076 6.18841 228.044 200.292 10.0409 213.751 203.703 10.1449 228.034 200.305 10.0409 207.598 202.524 6.18841 207.598 202.524 10.0409 207.598 202.524 6.18841 207.598 202.524 10.0409 206.093 197.59 6.18841 206.093 197.59 6.18841 220.39 197.59 6.18841 213.751 203.703 6.18841 222.363 203.076 6.18841 213.241 197.59 6.18841 228.044 200.292 6.18841 224.759 194.437 6.18841 207.598 202.524 6.18841 206.093 197.59 10.1449 224.749 194.45 6.18841 228.044 200.292 10.1449 228.034 200.305 6.18841 224.759 194.437 10.0409 213.241 197.59 10.0409 213.751 203.703 10.0409 207.598 202.524 10.0409 220.39 197.59 10.0409 206.093 197.59 10.0409 222.363 203.076 10.1449 228.034 200.305 10.1449 224.749 194.45 -6.18842 213.751 203.703 -6.18842 222.363 203.076 -10.0409 222.363 203.076 -10.0409 213.751 203.703 -6.18842 228.044 200.292 -10.1449 228.034 200.305 -10.0409 207.598 202.524 -6.18842 207.598 202.524 -10.0409 207.598 202.524 -10.0409 206.093 197.59 -6.18842 207.598 202.524 -6.18842 206.093 197.59 -6.18842 220.39 197.59 -6.18842 222.363 203.076 -6.18842 213.751 203.703 -6.18842 228.044 200.292 -6.18842 213.241 197.59 -6.18842 224.759 194.437 -6.18842 207.598 202.524 -6.18842 206.093 197.59 -10.1449 224.749 194.45 -6.18842 228.044 200.292 -6.18842 224.759 194.437 -10.1449 228.034 200.305 -10.0409 213.241 197.59 -10.0409 207.598 202.524 -10.0409 213.751 203.703 -10.0409 206.093 197.59 -10.0409 220.39 197.59 -10.0409 222.363 203.076 -10.1449 228.034 200.305 -10.1449 224.749 194.45 6.47699 223.959 180.759 -6.477 223.959 180.759 -6.477 222.103 186.094 -6.477 221.646 174.795 6.47699 222.103 186.094 6.47699 221.646 174.795 6.47699 217.499 169.824 -6.477 217.499 169.824 -6.477 214.09 168.255 6.47699 214.09 168.255 -6.477 214.09 168.255 -6.477 214.221 181.381 -6.477 217.499 169.824 -6.477 221.646 174.795 -6.477 223.959 180.759 -6.477 222.103 186.094 6.47699 214.221 181.381 6.47699 223.959 180.759 6.47699 222.103 186.094 6.47699 221.646 174.795 6.47699 217.499 169.824 6.47699 214.09 168.255 -0.000003 214.437 177.239 -21.6602 214.437 177.226 -12.6928 214.437 186.682 -20.8678 214.437 166.097 -0.000003 214.437 186.517 -0.000003 214.437 161.291 12.6928 214.437 186.682 20.8678 214.437 166.097 21.6602 214.437 177.226 20.8678 212.17 162.955 -0.000003 214.437 161.291 20.8678 214.437 166.097 -0.000003 212.17 158.149 -0.000003 214.437 161.291 -20.8678 212.17 162.955 -20.8678 214.437 166.097 -0.000003 212.17 158.149 -18.4428 194.424 142.299 -13.4164 194.424 189.272 -24.1548 194.424 179.087 -12.7244 194.424 142.299 -24.1548 194.424 143.976 -0.000003 194.424 189.272 -0.000002 194.424 142.299 12.7244 194.424 142.299 13.4164 194.424 189.272 18.4428 194.424 142.299 24.1548 194.424 179.087 24.1548 194.424 143.976 -0.000002 194.424 142.299 -12.7244 194.424 142.299 -0.000002 200.457 142.299 12.7244 194.424 142.299 -13.1102 200.457 142.299 13.1102 200.457 142.299 -18.4428 194.424 142.299 -18.8283 200.457 142.299 18.4428 194.424 142.299 18.8283 200.457 142.299 -18.8283 217.133 148.464 -19.3886 217.133 177.058 -19.3886 200.457 177.058 -18.8283 200.457 142.299 -18.8283 217.133 148.464 -18.8283 200.457 142.299 -24.1548 217.133 150.14 -24.1548 200.454 143.976 -24.1548 194.424 143.976 -18.4428 194.424 142.299 -24.1548 217.133 150.14 -24.1548 201.023 179.087 -24.1548 217.133 179.087 -24.1548 200.454 143.976 -24.1548 194.424 179.087 -24.1548 194.424 143.976 -13.4164 200.457 189.272 -24.1548 201.023 179.087 -24.1548 194.424 179.087 -13.4164 217.133 189.272 -13.4164 194.424 189.272 -24.1548 217.133 179.087 -19.3886 200.457 177.058 -13.1102 200.457 142.299 -18.8283 200.457 142.299 -11.7054 200.457 185.299 -0.000002 200.457 142.299 -0.000003 200.457 186.517 11.7054 200.457 185.299 13.1102 200.457 142.299 19.3886 200.457 177.058 18.8283 200.457 142.299 13.4164 200.457 189.272 -0.000003 194.424 189.272 13.4164 194.424 189.272 -0.000003 200.457 189.272 -13.4164 200.457 189.272 -13.4164 194.424 189.272 11.7054 217.133 185.299 24.1548 217.133 179.087 19.3886 217.133 177.058 13.4164 217.133 189.272 24.1548 217.133 150.14 18.8283 217.133 148.464 -24.1548 217.133 150.14 -19.3886 217.133 177.058 -18.8283 217.133 148.464 -24.1548 217.133 179.087 -11.7054 217.133 185.299 -13.4164 217.133 189.272 11.7054 200.457 185.299 19.3886 217.133 177.058 19.3886 200.457 177.058 11.7054 217.133 185.299 19.3886 200.457 177.058 18.8283 217.133 148.464 18.8283 200.457 142.299 19.3886 217.133 177.058 18.8283 200.457 142.299 24.1548 217.133 150.14 24.1548 200.454 143.976 18.8283 217.133 148.464 24.1548 194.424 143.976 18.4428 194.424 142.299 24.1548 201.023 179.087 24.1548 200.454 143.976 24.1548 217.133 150.14 24.1548 194.424 179.087 24.1548 217.133 179.087 24.1548 194.424 143.976 24.1548 194.424 179.087 13.4164 200.457 189.272 13.4164 194.424 189.272 24.1548 201.023 179.087 13.4164 217.133 189.272 24.1548 217.133 179.087 -19.3886 217.133 177.058 -11.7054 200.457 185.299 -19.3886 200.457 177.058 -11.7054 217.133 185.299 18.439 196.051 157.204 20.4658 196.052 166.083 20.4658 190.359 166.083 18.439 190.359 157.204 12.7602 196.051 150.083 18.439 190.359 174.963 12.7602 190.359 150.083 18.439 196.052 174.963 12.7602 190.359 182.084 4.55407 196.051 146.131 12.7602 196.052 182.084 4.55407 190.359 186.036 4.55407 190.359 146.131 4.55407 196.052 186.036 -4.55407 196.051 146.131 -4.55407 190.359 146.131 -4.55407 190.359 186.036 -12.7602 196.051 150.083 -4.55407 196.052 186.036 -12.7602 190.359 150.083 -18.439 196.051 157.204 -18.439 190.359 157.204 -20.4658 196.052 166.083 -20.4658 190.359 166.083 -18.439 196.052 174.963 -18.439 190.359 174.963 -12.7602 196.052 182.084 -12.7602 190.359 182.084 -4.55407 196.052 186.036 -4.55407 190.359 186.036 -124.553 152.435 112.687 -95.9197 162.424 128.318 -95.9197 152.435 112.687 -124.553 162.424 128.318 -95.9197 156.959 131.12 -124.553 156.959 131.12 -95.9197 135.495 131.12 -124.553 135.495 131.12 -95.9197 152.435 112.687 -124.553 148.273 112.687 -124.553 152.435 112.687 -95.9197 148.218 112.687 -95.9197 135.495 131.12 -95.9197 152.435 112.687 -95.9197 156.959 131.12 -95.9197 148.218 112.687 -95.9197 135.248 122.056 -95.9197 162.424 128.318 -124.553 135.495 131.12 -124.553 148.273 112.687 -124.553 135.25 122.129 -124.553 152.435 112.687 -124.553 156.959 131.12 -124.553 162.424 128.318 -124.553 135.25 122.129 -95.9197 135.495 131.12 -124.553 135.495 131.12 -95.9197 135.248 122.056 -95.9197 162.424 128.318 -124.553 156.959 131.12 -95.9197 156.959 131.12 -124.553 162.424 128.318 -119.012 137.765 78.275 -119.184 137.937 44.6105 -117.469 141.491 78.275 -122.738 136.222 78.275 -117.712 141.491 44.6105 -122.738 136.465 44.6105 -119.184 145.046 44.6105 -119.012 145.218 78.275 -122.738 146.761 78.275 -122.738 146.518 44.6105 -126.292 145.046 44.6105 -126.464 145.218 78.275 -128.008 141.491 78.275 -127.765 141.491 44.6105 -126.292 137.937 44.6105 -126.464 137.765 78.275 -122.738 136.222 78.275 -122.738 136.465 44.6105 -116.752 141.491 80.3426 -119.012 137.765 78.275 -117.469 141.491 78.275 -118.505 137.259 80.3426 -116.752 141.491 99.1082 -118.505 145.724 99.1082 -118.505 137.259 99.1082 -118.505 145.724 80.3426 -122.738 135.505 80.3426 -119.012 137.765 78.275 -122.738 147.477 99.1082 -122.738 135.505 99.1082 -122.738 147.477 80.3426 -122.738 136.222 78.275 -126.971 145.724 99.1082 -119.012 145.218 78.275 -126.971 145.724 80.3426 -122.738 146.761 78.275 -128.724 141.491 99.1082 -126.464 145.218 78.275 -128.724 141.491 80.3426 -126.464 145.218 78.275 -122.738 146.761 78.275 -126.971 137.259 99.1082 -128.008 141.491 78.275 -126.971 137.259 80.3426 -126.464 137.765 78.275 -122.738 135.505 99.1082 -128.008 141.491 78.275 -122.738 135.505 80.3426 -126.464 137.765 78.275 -122.738 136.222 78.275 -119.012 145.218 78.275 -117.469 141.491 78.275 -118.649 141.491 41.088 -117.712 141.491 44.6105 -119.847 138.6 41.088 -119.847 144.383 41.088 -119.184 137.937 44.6105 -119.184 145.046 44.6105 -122.738 136.465 44.6105 -122.738 137.402 41.088 -122.738 146.518 44.6105 -122.738 145.581 41.088 -125.63 144.383 41.088 -126.292 145.046 44.6105 -127.765 141.491 44.6105 -126.828 141.491 41.088 -125.63 138.6 41.088 -126.292 137.937 44.6105 -122.738 136.465 44.6105 -122.738 137.402 41.088 -119.847 138.6 41.088 -119.954 138.708 20.5599 -118.649 141.491 41.088 -122.738 137.402 41.088 -118.801 141.491 20.5599 -122.738 137.554 20.5599 -119.954 144.275 20.5599 -119.847 144.383 41.088 -122.738 145.581 41.088 -122.738 145.428 20.5599 -125.522 144.275 20.5599 -125.63 144.383 41.088 -126.828 141.491 41.088 -126.675 141.491 20.5599 -125.522 138.708 20.5599 -125.63 138.6 41.088 -122.738 137.402 41.088 -122.738 137.554 20.5599 -118.801 141.491 20.5599 -119.954 138.708 20.5599 -120.681 139.435 20.2379 -119.829 141.491 20.2379 -120.681 143.548 20.2379 -122.738 137.554 20.5599 -122.738 138.583 20.2379 -119.954 144.275 20.5599 -122.738 144.4 20.2379 -124.795 139.435 20.2379 -125.522 138.708 20.5599 -122.738 145.428 20.5599 -125.647 141.491 20.2379 -125.522 144.275 20.5599 -124.795 143.548 20.2379 -126.675 141.491 20.5599 -119.829 141.491 20.2379 -120.681 139.435 20.2379 -122.738 141.491 25.4184 -120.681 143.548 20.2379 -122.738 138.583 20.2379 -122.738 144.4 20.2379 -124.795 139.435 20.2379 -125.647 141.491 20.2379 -124.795 143.548 20.2379 -122.738 144.4 20.2379 -93.8905 137.765 78.275 -94.0624 137.937 44.6105 -92.3471 141.491 78.275 -97.6166 136.222 78.275 -92.5902 141.491 44.6105 -97.6166 136.465 44.6105 -94.0624 145.046 44.6105 -93.8905 145.218 78.275 -97.6166 146.761 78.275 -97.6166 146.518 44.6105 -101.171 145.046 44.6105 -101.343 145.218 78.275 -102.886 141.491 78.275 -102.643 141.491 44.6105 -101.171 137.937 44.6105 -101.343 137.765 78.275 -97.6166 136.222 78.275 -97.6166 136.465 44.6105 -91.6305 141.491 80.3426 -93.8905 137.765 78.275 -92.3471 141.491 78.275 -93.3838 137.259 80.3426 -91.6305 141.491 99.1082 -93.3838 145.724 99.1082 -93.3838 137.259 99.1082 -93.3838 145.724 80.3426 -93.8905 145.218 78.275 -97.6166 135.505 80.3426 -97.6166 147.477 99.1082 -92.3471 141.491 78.275 -97.6166 135.505 99.1082 -93.8905 137.765 78.275 -97.6166 147.477 80.3426 -97.6166 136.222 78.275 -101.849 145.724 99.1082 -93.8905 145.218 78.275 -101.849 145.724 80.3426 -97.6166 146.761 78.275 -101.343 145.218 78.275 -103.603 141.491 99.1082 -97.6166 146.761 78.275 -103.603 141.491 80.3426 -101.343 145.218 78.275 -101.849 137.259 99.1082 -102.886 141.491 78.275 -101.849 137.259 80.3426 -101.343 137.765 78.275 -97.6166 135.505 99.1082 -102.886 141.491 78.275 -97.6166 135.505 80.3426 -101.343 137.765 78.275 -97.6166 136.222 78.275 -93.5272 141.491 41.088 -92.5902 141.491 44.6105 -94.725 138.6 41.088 -94.725 144.383 41.088 -94.0624 137.937 44.6105 -94.0624 145.046 44.6105 -97.6166 136.465 44.6105 -97.6166 146.518 44.6105 -97.6166 145.581 41.088 -97.6166 137.402 41.088 -100.508 144.383 41.088 -101.171 145.046 44.6105 -102.643 141.491 44.6105 -101.706 141.491 41.088 -100.508 138.6 41.088 -101.171 137.937 44.6105 -97.6166 136.465 44.6105 -97.6166 137.402 41.088 -94.725 138.6 41.088 -94.8327 138.708 20.5599 -93.5272 141.491 41.088 -97.6166 137.402 41.088 -93.6796 141.491 20.5599 -97.6166 137.554 20.5599 -94.8327 144.275 20.5599 -94.725 144.383 41.088 -97.6166 145.581 41.088 -97.6166 145.428 20.5599 -100.401 144.275 20.5599 -100.508 144.383 41.088 -101.706 141.491 41.088 -101.554 141.491 20.5599 -100.401 138.708 20.5599 -100.508 138.6 41.088 -97.6166 137.402 41.088 -97.6166 137.554 20.5599 -94.8327 138.708 20.5599 -94.7078 141.491 20.2379 -93.6796 141.491 20.5599 -95.5598 139.435 20.2379 -97.6166 137.554 20.5599 -94.8327 144.275 20.5599 -97.6166 138.583 20.2379 -95.5598 143.548 20.2379 -97.6166 144.4 20.2379 -99.6734 139.435 20.2379 -97.6166 145.428 20.5599 -100.401 138.708 20.5599 -100.525 141.491 20.2379 -100.401 144.275 20.5599 -101.554 141.491 20.5599 -99.6734 143.548 20.2379 -94.7078 141.491 20.2379 -95.5598 139.435 20.2379 -97.6166 141.491 25.4184 -95.5598 143.548 20.2379 -97.6166 138.583 20.2379 -97.6166 144.4 20.2379 -99.6734 139.435 20.2379 -100.525 141.491 20.2379 -99.6734 143.548 20.2379 -97.6166 144.4 20.2379 -106.51 137.765 78.275 -106.682 137.937 44.6105 -104.967 141.491 78.275 -110.236 136.222 78.275 -105.21 141.491 44.6105 -110.236 136.465 44.6105 -106.682 145.046 44.6105 -106.51 145.218 78.275 -110.236 146.761 78.275 -110.236 146.518 44.6105 -113.79 145.046 44.6105 -113.962 145.218 78.275 -115.506 141.491 78.275 -115.263 141.491 44.6105 -113.79 137.937 44.6105 -113.962 137.765 78.275 -110.236 136.222 78.275 -110.236 136.465 44.6105 -104.25 141.491 80.3426 -106.51 137.765 78.275 -104.967 141.491 78.275 -106.003 137.259 80.3426 -104.25 141.491 99.1082 -106.003 145.724 99.1082 -106.003 137.259 99.1082 -106.003 145.724 80.3426 -110.236 135.505 80.3426 -110.236 147.477 99.1082 -106.51 145.218 78.275 -110.236 135.505 99.1082 -110.236 147.477 80.3426 -104.967 141.491 78.275 -114.469 145.724 99.1082 -106.51 145.218 78.275 -114.469 145.724 80.3426 -110.236 146.761 78.275 -113.962 145.218 78.275 -116.222 141.491 99.1082 -110.236 146.761 78.275 -116.222 141.491 80.3426 -113.962 145.218 78.275 -114.469 137.259 99.1082 -115.506 141.491 78.275 -114.469 137.259 80.3426 -113.962 137.765 78.275 -110.236 135.505 99.1082 -115.506 141.491 78.275 -110.236 135.505 80.3426 -113.962 137.765 78.275 -110.236 136.222 78.275 -106.51 137.765 78.275 -110.236 136.222 78.275 -106.147 141.491 41.088 -105.21 141.491 44.6105 -107.345 138.6 41.088 -107.345 144.383 41.088 -106.682 137.937 44.6105 -106.682 145.046 44.6105 -110.236 146.518 44.6105 -110.236 136.465 44.6105 -110.236 145.581 41.088 -110.236 137.402 41.088 -113.128 144.383 41.088 -113.79 145.046 44.6105 -115.263 141.491 44.6105 -114.326 141.491 41.088 -113.128 138.6 41.088 -113.79 137.937 44.6105 -110.236 136.465 44.6105 -110.236 137.402 41.088 -107.345 138.6 41.088 -107.452 138.708 20.5599 -106.147 141.491 41.088 -110.236 137.402 41.088 -106.299 141.491 20.5599 -110.236 137.554 20.5599 -107.452 144.275 20.5599 -107.345 144.383 41.088 -110.236 145.581 41.088 -110.236 145.428 20.5599 -113.02 144.275 20.5599 -113.128 144.383 41.088 -114.326 141.491 41.088 -114.173 141.491 20.5599 -113.02 138.708 20.5599 -113.128 138.6 41.088 -110.236 137.402 41.088 -110.236 137.554 20.5599 -107.452 138.708 20.5599 -107.327 141.491 20.2379 -106.299 141.491 20.5599 -108.179 139.435 20.2379 -107.452 144.275 20.5599 -108.179 143.548 20.2379 -110.236 137.554 20.5599 -110.236 144.4 20.2379 -110.236 138.583 20.2379 -110.236 145.428 20.5599 -113.02 144.275 20.5599 -112.293 139.435 20.2379 -112.293 143.548 20.2379 -113.02 138.708 20.5599 -114.173 141.491 20.5599 -113.145 141.491 20.2379 -107.327 141.491 20.2379 -108.179 139.435 20.2379 -110.236 141.491 25.4184 -108.179 143.548 20.2379 -110.236 138.583 20.2379 -110.236 144.4 20.2379 -112.293 139.435 20.2379 -113.145 141.491 20.2379 -112.293 143.548 20.2379 -110.236 144.4 20.2379 -104.048 157.815 137.816 -104.048 149.204 138.444 -100.195 157.815 137.816 -104.048 163.496 135.033 -100.195 149.204 138.444 -100.091 163.487 135.046 -100.195 143.051 137.264 -104.048 143.051 137.264 -100.195 143.051 137.264 -104.048 143.051 137.264 -100.195 141.546 132.33 -104.048 141.546 132.33 -104.048 155.842 132.33 -104.048 149.204 138.444 -104.048 157.815 137.816 -104.048 148.694 132.33 -104.048 163.496 135.033 -104.048 160.211 129.177 -104.048 143.051 137.264 -104.048 141.546 132.33 -100.091 160.202 129.19 -104.048 163.496 135.033 -100.091 163.487 135.046 -104.048 160.211 129.177 -100.195 148.694 132.33 -100.195 149.204 138.444 -100.195 143.051 137.264 -100.195 155.842 132.33 -100.195 141.546 132.33 -100.195 157.815 137.816 -100.091 163.487 135.046 -100.091 160.202 129.19 -116.425 149.204 138.444 -116.425 157.815 137.816 -120.277 157.815 137.816 -120.277 149.204 138.444 -116.425 163.496 135.033 -120.381 163.487 135.046 -120.277 143.051 137.264 -116.425 143.051 137.264 -120.277 143.051 137.264 -120.277 141.546 132.33 -116.425 143.051 137.264 -116.425 141.546 132.33 -116.425 155.842 132.33 -116.425 157.815 137.816 -116.425 149.204 138.444 -116.425 163.496 135.033 -116.425 148.694 132.33 -116.425 160.211 129.177 -116.425 143.051 137.264 -116.425 141.546 132.33 -120.381 160.202 129.19 -116.425 163.496 135.033 -116.425 160.211 129.177 -120.381 163.487 135.046 -120.277 148.694 132.33 -120.277 143.051 137.264 -120.277 149.204 138.444 -120.277 141.546 132.33 -120.277 155.842 132.33 -120.277 157.815 137.816 -120.381 163.487 135.046 -120.381 160.202 129.19 -103.759 159.412 115.499 -116.713 159.412 115.499 -116.713 157.555 120.834 -116.713 157.099 109.536 -103.759 157.555 120.834 -103.759 157.099 109.536 -103.759 152.952 104.564 -116.713 152.952 104.564 -116.713 149.542 102.996 -103.759 149.542 102.996 -116.713 149.542 102.996 -116.713 149.674 116.122 -116.713 152.952 104.564 -116.713 157.099 109.536 -116.713 159.412 115.499 -116.713 157.555 120.834 -103.759 149.674 116.122 -103.759 159.412 115.499 -103.759 157.555 120.834 -103.759 157.099 109.536 -103.759 152.952 104.564 -103.759 149.542 102.996 -110.236 149.89 111.98 -131.896 149.89 111.966 -122.929 149.89 121.422 -131.104 149.89 100.838 -110.236 149.89 121.257 -110.236 149.89 96.0319 -97.5434 149.89 121.422 -89.3684 149.89 100.838 -88.576 149.89 111.966 -89.3684 147.623 97.6953 -110.236 149.89 96.0319 -89.3684 149.89 100.838 -110.236 147.623 92.8895 -110.236 149.89 96.0319 -131.104 147.623 97.6953 -131.104 149.89 100.838 -110.236 147.623 92.8895 -128.679 129.877 77.0398 -123.653 129.877 124.012 -134.391 129.877 113.828 -122.961 129.877 77.0398 -134.391 129.877 78.7161 -110.236 129.877 124.012 -110.236 129.877 77.0398 -97.5118 129.877 77.0398 -96.8198 129.877 124.012 -91.7934 129.877 77.0398 -86.0814 129.877 113.828 -86.0814 129.877 78.7161 -110.236 129.877 77.0398 -122.961 129.877 77.0398 -110.236 135.91 77.0398 -97.5118 129.877 77.0398 -123.346 135.91 77.0398 -97.1261 135.91 77.0398 -128.679 129.877 77.0398 -129.065 135.91 77.0398 -91.7934 129.877 77.0398 -91.4079 135.91 77.0398 -129.065 152.585 83.2047 -129.625 152.585 111.798 -129.625 135.91 111.798 -129.065 135.91 77.0398 -129.065 152.585 83.2047 -129.065 135.91 77.0398 -134.391 152.585 84.881 -134.391 135.907 78.7161 -134.391 129.877 78.7161 -128.679 129.877 77.0398 -134.391 152.585 84.881 -134.391 136.475 113.828 -134.391 152.585 113.828 -134.391 135.907 78.7161 -134.391 129.877 113.828 -134.391 129.877 78.7161 -123.653 135.91 124.012 -134.391 136.475 113.828 -134.391 129.877 113.828 -123.653 152.585 124.012 -123.653 129.877 124.012 -134.391 152.585 113.828 -129.625 135.91 111.798 -123.346 135.91 77.0398 -129.065 135.91 77.0398 -121.942 135.91 120.04 -110.236 135.91 77.0398 -110.236 135.91 121.257 -98.5308 135.91 120.04 -97.1261 135.91 77.0398 -90.8476 135.91 111.798 -91.4079 135.91 77.0398 -96.8198 135.91 124.012 -110.236 129.877 124.012 -96.8198 129.877 124.012 -110.236 135.91 124.012 -123.653 135.91 124.012 -123.653 129.877 124.012 -98.5308 152.585 120.04 -86.0814 152.585 113.828 -90.8476 152.585 111.798 -96.8198 152.585 124.012 -86.0814 152.585 84.881 -91.4079 152.585 83.2047 -134.391 152.585 84.881 -129.625 152.585 111.798 -129.065 152.585 83.2047 -134.391 152.585 113.828 -121.942 152.585 120.04 -123.653 152.585 124.012 -98.5308 135.91 120.04 -90.8476 152.585 111.798 -90.8476 135.91 111.798 -98.5308 152.585 120.04 -90.8476 135.91 111.798 -91.4079 152.585 83.2047 -91.4079 135.91 77.0398 -90.8476 152.585 111.798 -91.4079 135.91 77.0398 -86.0814 152.585 84.881 -86.0814 135.907 78.7161 -91.4079 152.585 83.2047 -86.0814 129.877 78.7161 -91.7934 129.877 77.0398 -86.0814 136.475 113.828 -86.0814 135.907 78.7161 -86.0814 152.585 84.881 -86.0814 129.877 113.828 -86.0814 152.585 113.828 -86.0814 129.877 78.7161 -86.0814 129.877 113.828 -96.8198 135.91 124.012 -96.8198 129.877 124.012 -86.0814 136.475 113.828 -96.8198 152.585 124.012 -86.0814 152.585 113.828 -129.625 152.585 111.798 -121.942 135.91 120.04 -129.625 135.91 111.798 -121.942 152.585 120.04 -91.7972 131.504 91.9441 -89.7705 131.504 100.824 -89.7705 125.812 100.824 -91.7972 125.812 91.9441 -97.476 131.504 84.8231 -91.7972 125.812 109.704 -97.476 125.812 84.8231 -91.7972 131.504 109.704 -97.476 125.812 116.825 -105.682 131.504 80.8712 -97.476 131.504 116.825 -105.682 125.812 120.776 -105.682 125.812 80.8712 -105.682 131.504 120.776 -114.79 131.504 80.8712 -114.79 125.812 80.8712 -114.79 125.812 120.776 -122.996 131.504 84.8231 -114.79 131.504 120.776 -122.996 125.812 84.8231 -128.675 131.504 91.9441 -128.675 125.812 91.9441 -130.702 131.504 100.824 -130.702 125.812 100.824 -128.675 131.504 109.704 -128.675 125.812 109.704 -122.996 131.504 116.825 -122.996 125.812 116.825 -114.79 131.504 120.776 -114.79 125.812 120.776 65.4389 149.016 133.163 65.4389 149.016 152.563 54.9349 137.492 133.163 54.9349 137.492 152.563 54.9349 137.492 152.563 65.4389 149.016 152.563 49.2333 147.56 152.563 48.2675 149.117 152.563 49.2333 147.56 133.14 49.2333 147.56 152.563 48.2675 149.117 133.14 49.2333 147.56 133.14 65.4389 149.016 133.163 54.9349 137.492 133.163 48.2675 149.117 133.14 59.6512 150.748 107.717 49.5586 150.748 107.425 58.7558 160.114 122.26 49.1599 160.121 122.131 59.4675 161.96 127.283 48.2906 161.972 127.214 60.1791 164.11 137.565 47.4213 164.127 137.556 60.8284 165.115 159.367 46.1582 165.121 159.449 60.9618 165.505 182.226 45.9736 165.505 182.226 60.4079 165.654 203.735 46.5115 165.654 203.735 47.4246 165.651 217.956 59.5275 165.651 217.956 48.3376 165.254 222.319 58.6471 165.254 222.319 48.7497 156.063 233.955 59.0647 156.063 233.955 67.9596 148.726 158.38 60.1791 164.11 137.565 60.8284 165.115 159.367 66.4533 148.726 130.443 68.5765 148.726 182.682 59.4675 161.96 127.283 60.9618 165.505 182.226 63.0522 149.737 116.451 60.4079 165.654 203.735 65.9529 151.737 207.305 58.7558 160.114 122.26 59.5275 165.651 217.956 59.6512 150.748 107.717 61.8552 154.042 226.27 58.6471 165.254 222.319 59.0647 156.063 233.955 65.9529 151.737 207.305 39.4346 148.726 182.682 68.5765 148.726 182.682 41.9268 151.737 207.305 61.8552 154.042 226.27 45.9919 154.042 226.27 59.0647 156.063 233.955 48.7497 156.063 233.955 68.5765 148.726 182.682 39.4346 148.726 182.682 39.9221 148.726 159.039 67.9596 148.726 158.38 43.6663 148.726 130.666 66.4533 148.726 130.443 63.0522 149.737 116.451 46.6124 149.737 116.417 59.6512 150.748 107.717 43.6663 148.726 130.666 66.4533 148.726 130.443 49.5586 150.748 107.425 39.4346 148.726 182.682 41.9268 151.737 207.305 46.5115 165.654 203.735 45.9736 165.505 182.226 46.1582 165.121 159.449 47.4246 165.651 217.956 45.9919 154.042 226.27 39.9221 148.726 159.039 48.3376 165.254 222.319 47.4213 164.127 137.556 48.7497 156.063 233.955 43.6663 148.726 130.666 48.2906 161.972 127.214 46.6124 149.737 116.417 49.1599 160.121 122.131 49.5586 150.748 107.425 161.463 71.451 121.499 162.129 85.9903 135.28 159.137 73.0112 124.78 165.953 89.5136 136.445 -65.5872 149.016 133.163 -54.9349 137.492 133.163 -65.5872 149.016 152.563 -54.9349 137.492 152.563 -65.5872 149.016 152.563 -49.2333 147.56 152.563 -48.4158 149.117 152.563 -48.4158 149.117 133.14 -48.4158 149.117 152.563 -49.2333 147.56 152.563 -49.2333 147.56 133.14 -54.9349 137.492 133.163 -65.5872 149.016 133.163 -49.2333 147.56 133.14 -48.4158 149.117 133.14 -58.7558 160.114 122.26 -49.5586 150.748 107.425 -59.6512 150.748 107.717 -49.1599 160.121 122.131 -59.4676 161.96 127.283 -48.2906 161.972 127.214 -60.1791 164.11 137.565 -47.4213 164.127 137.556 -60.8284 165.115 159.367 -46.1582 165.121 159.449 -60.9618 165.505 182.226 -45.9736 165.505 182.226 -60.4079 165.654 203.735 -46.5115 165.654 203.735 -47.4246 165.651 217.956 -59.5275 165.651 217.956 -48.3376 165.254 222.319 -58.6471 165.254 222.319 -48.7497 156.063 233.955 -59.0647 156.063 233.955 -60.1791 164.11 137.565 -67.9596 148.726 158.38 -60.8284 165.115 159.367 -66.4533 148.726 130.443 -59.4676 161.96 127.283 -68.5765 148.726 182.682 -63.0522 149.737 116.451 -60.9618 165.505 182.226 -58.7558 160.114 122.26 -60.4079 165.654 203.735 -59.6512 150.748 107.717 -65.9529 151.737 207.305 -59.5275 165.651 217.956 -61.8552 154.042 226.27 -58.6471 165.254 222.319 -59.0647 156.063 233.955 -46.5115 165.654 203.735 -39.4346 148.726 182.682 -45.9736 165.505 182.226 -41.9268 151.737 207.305 -47.4246 165.651 217.956 -46.1582 165.121 159.449 -45.9919 154.042 226.27 -48.3376 165.254 222.319 -39.9221 148.726 159.039 -48.7497 156.063 233.955 -47.4213 164.127 137.556 -43.6663 148.726 130.666 -48.2906 161.972 127.214 -46.6124 149.737 116.417 -49.1599 160.121 122.131 -49.5586 150.748 107.425 -39.4346 148.726 182.682 -65.9529 151.737 207.305 -68.5765 148.726 182.682 -41.9268 151.737 207.305 -61.8552 154.042 226.27 -45.9919 154.042 226.27 -59.0647 156.063 233.955 -48.7497 156.063 233.955 -63.0522 149.737 116.451 -59.6512 150.748 107.717 -46.6124 149.737 116.417 -43.6663 148.726 130.666 -66.4533 148.726 130.443 -49.5586 150.748 107.425 -68.5765 148.726 182.682 -39.9221 148.726 159.039 -39.4346 148.726 182.682 -67.9596 148.726 158.38 -43.6663 148.726 130.666 -66.4533 148.726 130.443 -21.302 190.437 143.787 -0.000003 190.437 188.289 -0.000002 190.437 144.083 -28.194 189.936 187.326 -13.6039 190.437 107.491 21.302 190.437 143.787 -16.3716 191.44 217.784 -0.000002 190.437 107.491 28.194 189.936 187.326 -0.000004 190.437 217.784 13.6039 190.437 107.491 16.3716 191.44 217.784 -0.000001 173.337 89.8121 -9.02551 173.337 89.8121 -0.000001 176.158 92.5354 9.02551 173.337 89.8121 -11.4242 176.027 92.3997 11.4242 176.027 92.3997 -0.000002 190.437 107.491 -13.6039 190.437 107.491 13.6039 190.437 107.491 -0.000002 173.337 139.345 -9.02551 173.337 89.8121 -0.000001 173.337 89.8121 -28.0279 173.337 140.08 9.02551 173.337 89.8121 -0.000003 173.337 190.25 -38.7774 173.045 190.991 28.0279 173.337 140.08 38.7774 173.045 190.991 -13.6039 190.437 107.491 -28.4682 176.797 140.244 -21.302 190.437 143.787 -11.4242 176.027 92.3997 -37.9492 176.683 190.201 -28.0279 173.337 140.08 -28.0279 173.337 140.08 -9.02551 173.337 89.8121 -28.194 189.936 187.326 -38.7774 173.045 190.991 11.4242 176.027 92.3997 28.4682 176.797 140.244 28.0279 173.337 140.08 13.6039 190.437 107.491 9.02551 173.337 89.8121 21.302 190.437 143.787 37.9492 176.683 190.201 28.194 189.936 187.326 28.0279 173.337 140.08 38.7774 173.045 190.991 -0.000004 190.437 217.784 -16.3716 191.44 217.784 -0.000004 181.289 238.889 16.3716 191.44 217.784 -19.5485 181.434 238.045 19.5485 181.434 238.045 -0.000004 176.47 241.541 19.8979 175.969 241.149 -19.8979 175.969 241.149 -19.8979 175.969 241.149 -38.7774 173.045 190.991 -0.000003 173.337 190.25 -0.000004 176.47 241.541 19.8979 175.969 241.149 38.7774 173.045 190.991 -38.7774 173.045 190.991 -19.5485 181.434 238.045 -37.9492 176.683 190.201 -19.8979 175.969 241.149 -28.194 189.936 187.326 -16.3716 191.44 217.784 37.9492 176.683 190.201 19.5485 181.434 238.045 38.7774 173.045 190.991 28.194 189.936 187.326 19.8979 175.969 241.149 16.3716 191.44 217.784 -0.000001 153.255 94.0074 -32.0072 164.109 129.601 -0.000002 164.354 105.118 -37.9249 153.192 123.282 -32.0072 164.109 129.601 -37.9249 153.192 173.513 -32.0072 164.109 173.506 -37.9249 153.192 123.282 -32.0072 164.109 207.229 -37.9249 153.192 210.538 -0.000004 164.109 225.868 -17.2461 156.121 251.038 -0.000004 156.121 251.038 -17.2461 164.109 225.868 17.2461 164.109 225.868 17.2461 156.121 251.038 -0.000002 164.354 127.944 -32.0072 164.109 129.601 -17.7833 164.109 138.505 -0.000002 164.354 105.118 32.0072 164.109 129.601 -32.0072 164.109 173.506 -18.0004 164.109 173.814 17.7833 164.109 138.505 -18.1689 164.109 201.216 -32.0072 164.109 207.229 32.0072 164.109 173.506 -17.2461 164.109 225.868 18.0004 164.109 173.814 -0.000004 164.109 210.809 18.1689 164.109 201.216 -0.000004 164.109 225.868 17.2461 164.109 225.868 32.0072 164.109 207.229 -18.1689 174.217 201.216 -18.0004 164.109 173.814 -18.1689 164.109 201.216 -17.9987 173.915 173.526 -17.7833 164.109 138.505 -17.7833 173.532 138.505 37.9249 153.192 173.513 37.9249 153.192 123.282 32.0072 164.109 129.601 32.0072 164.109 173.506 32.0072 164.109 207.229 37.9249 153.192 210.538 -17.2461 164.109 225.868 -17.2461 153.192 227.4 -17.2461 153.192 244.966 -17.2461 156.121 251.038 17.2461 164.109 225.868 17.2461 153.192 244.966 17.2461 153.192 227.4 17.2461 156.121 251.038 -37.9249 153.192 210.538 -17.2461 164.109 225.868 -32.0072 164.109 207.229 -17.2461 153.192 227.4 -0.000004 164.109 210.809 -18.1689 174.217 201.216 -18.1689 164.109 201.216 -0.000004 174.413 210.809 -17.7833 173.532 138.505 -0.000002 164.354 127.944 -17.7833 164.109 138.505 -0.000002 173.777 127.944 17.7833 173.532 138.505 17.7833 164.109 138.505 18.1689 174.217 201.216 -0.000004 164.109 210.809 18.1689 164.109 201.216 -0.000004 174.413 210.809 17.9987 173.915 173.526 17.7833 164.109 138.505 17.7833 173.532 138.505 18.0004 164.109 173.814 18.1689 174.217 201.216 18.1689 164.109 201.216 17.2461 164.109 225.868 37.9249 153.192 210.538 32.0072 164.109 207.229 17.2461 153.192 227.4 32.0072 164.109 129.601 -0.000001 153.255 94.0074 -0.000002 164.354 105.118 37.9249 153.192 123.282 128.46 42.1739 -187.814 139.177 24.1374 -189.732 113.691 41.9591 -212.891 150.596 25.9205 -167.614 138.947 42.9704 -166.27 123.27 24.9351 -219.659 95.0694 44.2737 -241.212 101.682 27.8739 -252.119 75.3337 47.807 -265.957 80.418 33.8836 -283.257 80.418 33.8836 -283.257 72.1149 48.2094 -267.371 75.3337 47.807 -265.957 76.9852 33.9388 -284.573 -128.46 42.1739 -187.814 -113.691 41.9591 -212.891 -139.177 24.1374 -189.732 -150.596 25.9205 -167.614 -138.947 42.9704 -166.27 -123.27 24.9352 -219.659 -95.0694 44.2737 -241.212 -101.682 27.8739 -252.119 -75.3337 47.807 -265.957 -80.418 33.8836 -283.257 -80.418 33.8836 -283.257 -72.1149 48.2094 -267.371 -76.9852 33.9388 -284.573 -75.3337 47.807 -265.957 72.1149 48.2094 -267.371 67.082 61.4499 -246.567 75.3337 47.807 -265.957 69.887 61.3832 -245.588 95.0694 44.2737 -241.212 69.887 61.3832 -245.588 87.8617 58.5829 -228.291 75.3337 47.807 -265.957 113.691 41.9591 -212.891 103.052 56.6033 -205.533 128.46 42.1739 -187.814 116.193 57.3008 -185.234 138.947 42.9704 -166.27 124.582 57.7118 -165.479 -75.3337 47.807 -265.957 -69.887 61.3832 -245.588 -67.082 61.4499 -246.567 -72.1149 48.2094 -267.371 -87.8617 58.5829 -228.291 -69.887 61.3832 -245.588 -95.0694 44.2737 -241.212 -113.691 41.9591 -212.891 -75.3337 47.807 -265.957 -103.052 56.6033 -205.533 -128.46 42.1739 -187.814 -116.193 57.3008 -185.234 -138.947 42.9704 -166.27 -124.582 57.7118 -165.479 -62.2184 70.8362 -224.56 -69.887 61.3832 -245.588 -65.0779 70.8362 -224.1 -67.082 61.4499 -246.567 -103.052 56.6033 -205.533 -101.105 70.8362 -181.348 -90.0036 70.8362 -197.179 -116.193 57.3008 -185.234 -78.8935 70.8362 -211.367 -109.985 70.8362 -165.465 -124.582 57.7118 -165.479 -87.8617 58.5829 -228.291 -65.0779 70.8362 -224.1 -69.887 61.3832 -245.588 67.082 61.4499 -246.567 62.2184 70.8362 -224.56 69.887 61.3832 -245.588 65.0779 70.8362 -224.1 101.105 70.8362 -181.348 103.052 56.6033 -205.533 90.0036 70.8362 -197.179 116.193 57.3008 -185.234 78.8935 70.8362 -211.367 87.8617 58.5829 -228.291 109.985 70.8362 -165.465 124.582 57.7118 -165.479 65.0779 70.8362 -224.1 69.887 61.3832 -245.588 -10.8094 6.66641 -142.438 -6.49074 8.10923 -174.99 -0.000003 6.66641 -142.438 -12.9814 9.55203 -174.046 -0.000005 6.66641 -175.338 -25.8109 20.7088 -167.835 -20.1849 13.8097 -142.438 -25.8109 20.7088 -142.438 -20.2814 14.3263 -171.176 -10.8094 6.66641 -142.438 -12.9814 9.55203 -174.046 -25.6801 45.2129 -142.438 -25.4786 45.4305 -163.769 -26.4221 43.8316 -163.769 -10.9879 57.1126 -142.438 -26.4221 43.8316 -142.438 -10.9879 57.1126 -163.769 -0.000005 6.66641 -175.338 -4.35853 14.2301 -173.062 -0.000004 13.8744 -173.105 -6.49074 8.10923 -174.99 -9.51863 15.2687 -172.424 -12.9814 9.55203 -174.046 -14.6679 18.4396 -170.049 -20.2814 14.3263 -171.176 -18.7519 23.2541 -167.203 -25.8109 20.7088 -167.835 -20.7245 28.3883 -165.486 -27.6047 26.7918 -165.802 -27.9515 32.8749 -163.769 -21.1536 32.8749 -163.769 -8.47071 51.3592 -163.769 -15.6746 41.2422 -148.996 -19.6067 42.8063 -163.769 -8.38313 47.0199 -148.996 -20.7245 28.3883 -165.486 -14.6299 23.8139 -148.996 -18.7519 23.2541 -167.203 -16.2807 28.6682 -148.996 -21.1536 32.8749 -163.769 -12.4153 20.0519 -148.996 -16.3881 32.8749 -148.996 -14.6679 18.4396 -170.049 -8.34083 17.037 -148.996 -9.51863 15.2687 -172.424 -4.06971 16.2892 -148.996 -4.35853 14.2301 -173.062 -0.000004 13.8744 -173.105 -0.000003 16.2131 -148.996 4.0697 16.2892 -148.996 4.35852 14.2301 -173.062 9.51862 15.2687 -172.424 8.34082 17.037 -148.996 14.6679 18.4396 -170.049 12.4153 20.0519 -148.996 18.7519 23.2541 -167.203 14.6299 23.8139 -148.996 20.7245 28.3883 -165.486 16.2807 28.6682 -148.996 21.1536 32.8749 -163.769 16.3881 32.8749 -148.996 -0.000002 57.1126 -163.769 -0.000002 51.3592 -163.769 -8.47071 51.3592 -163.769 8.47071 51.3592 -163.769 -10.9879 57.1126 -163.769 10.9879 57.1126 -163.769 -19.6067 42.8063 -163.769 19.6067 42.8063 -163.769 -25.4786 45.4305 -163.769 25.4786 45.4305 -163.769 26.4221 43.8316 -163.769 -26.4221 43.8316 -163.769 21.1536 32.8749 -163.769 27.9515 32.8749 -163.769 -21.1536 32.8749 -163.769 -27.9515 32.8749 -163.769 -27.6047 26.7918 -142.438 -27.9515 32.8749 -163.769 -27.6047 26.7918 -165.802 -27.9515 32.8749 -142.438 -25.8109 20.7088 -142.438 -26.4221 43.8316 -142.438 -25.8109 20.7088 -167.835 -26.4221 43.8316 -163.769 -11.3698 28.0439 -148.971 -12.4153 20.0519 -148.996 -14.6299 23.8139 -148.996 -7.62292 27.8163 -148.939 -16.2807 28.6682 -148.996 -7.72021 32.5743 -148.871 -8.34083 17.037 -148.996 -11.7433 32.4895 -148.929 -3.81342 27.8348 -148.938 -16.3881 32.8749 -148.996 -7.95282 37.6419 -148.915 -0.000002 32.5743 -148.871 -11.9871 37.7307 -148.969 -0.000002 37.5934 -148.915 -0.000003 16.2131 -148.996 -15.6746 41.2422 -148.996 -0.000002 47.0199 -148.996 3.81341 27.8348 -148.938 -4.06971 16.2892 -148.996 -8.38313 47.0199 -148.996 7.9483 37.5448 -148.914 7.72021 32.5743 -148.871 4.0697 16.2892 -148.996 8.38312 47.0199 -148.996 7.62292 27.8163 -148.939 8.34082 17.037 -148.996 11.91 37.5592 -148.968 11.3698 28.0439 -148.971 15.6746 41.2422 -148.996 11.7433 32.4895 -148.929 12.4153 20.0519 -148.996 16.3881 32.8749 -148.996 16.2807 28.6682 -148.996 14.6299 23.8139 -148.996 20.1849 13.8097 -142.438 20.2814 14.3263 -171.176 25.8109 20.7088 -167.835 10.8094 6.66641 -142.438 25.8109 20.7088 -142.438 12.9814 9.55203 -174.046 25.4786 45.4305 -163.769 10.9879 57.1126 -163.769 10.9879 57.1126 -142.438 25.6801 45.2129 -142.438 26.4221 43.8316 -163.769 26.4221 43.8316 -142.438 9.51862 15.2687 -172.424 6.49073 8.10923 -174.99 4.35852 14.2301 -173.062 12.9814 9.55203 -174.046 14.6679 18.4396 -170.049 -0.000005 6.66641 -175.338 20.2814 14.3263 -171.176 -0.000004 13.8744 -173.105 18.7519 23.2541 -167.203 25.8109 20.7088 -167.835 20.7245 28.3883 -165.486 27.6047 26.7918 -165.802 27.9515 32.8749 -163.769 21.1536 32.8749 -163.769 -0.000003 6.66641 -142.438 -0.000005 6.66641 -175.338 6.49073 8.10923 -174.99 12.9814 9.55203 -174.046 10.8094 6.66641 -142.438 27.6047 26.7918 -142.438 27.6047 26.7918 -165.802 27.9515 32.8749 -163.769 25.8109 20.7088 -142.438 27.9515 32.8749 -142.438 25.8109 20.7088 -167.835 26.4221 43.8316 -142.438 26.4221 43.8316 -163.769 15.6746 41.2422 -148.996 21.1536 32.8749 -163.769 16.3881 32.8749 -148.996 19.6067 42.8063 -163.769 15.6746 41.2422 -148.996 8.47071 51.3592 -163.769 19.6067 42.8063 -163.769 8.38312 47.0199 -148.996 10.9879 57.1126 -142.438 -0.000002 57.1126 -163.769 -0.000001 57.1126 -142.438 10.9879 57.1126 -163.769 -10.9879 57.1126 -142.438 -10.9879 57.1126 -163.769 -0.000002 51.3592 -163.769 8.38312 47.0199 -148.996 -0.000002 47.0199 -148.996 8.47071 51.3592 -163.769 -8.38313 47.0199 -148.996 -8.47071 51.3592 -163.769 -15.6746 41.2422 -148.996 -21.1536 32.8749 -163.769 -19.6067 42.8063 -163.769 -16.3881 32.8749 -148.996 104.002 125.923 164.66 103.886 131.434 169.863 107.515 125.923 172.32 107.872 125.923 178.701 103.897 136.299 177.717 108.332 125.923 187.32 103.909 139.364 187.603 108.177 126.007 208.402 108.38 124.811 187.847 103.948 143.084 209.301 108.404 124.995 208.346 108.172 126.75 254.145 108.538 125.191 254.145 109.452 109.361 208.263 103.973 143.084 254.145 109.452 109.361 254.171 109.452 109.361 180.01 84.1889 143.084 254.145 84.1889 143.084 209.301 79.4171 127.29 211.796 79.5195 127.113 254.145 79.4785 127.274 190.448 79.0018 125.923 212.012 84.1889 139.408 187.578 79.0018 125.923 190.768 79.0018 125.409 254.145 80.6876 128.553 179.24 78.8175 122.811 194.125 84.1889 136.321 177.572 78.8175 122.811 212.139 80.4664 125.923 169.314 84.1889 131.434 169.599 78.8175 122.811 254.084 84.1699 125.923 164.485 108.538 125.191 254.145 79.5195 127.113 254.145 79.0018 125.409 254.145 108.172 126.75 254.145 78.8175 122.811 254.084 84.1889 143.084 254.145 109.452 109.361 254.171 103.973 143.084 254.145 103.886 131.434 169.863 84.1889 136.321 177.572 103.897 136.299 177.717 84.1889 131.434 169.599 84.1699 125.923 164.485 84.1889 139.408 187.578 103.909 139.364 187.603 84.1889 143.084 209.301 104.002 125.923 164.66 103.948 143.084 209.301 84.1889 143.084 254.145 103.973 143.084 254.145 -104.002 125.923 164.66 -107.515 125.923 172.32 -103.886 131.434 169.863 -107.872 125.923 178.701 -103.897 136.299 177.717 -108.332 125.923 187.32 -103.909 139.364 187.603 -108.177 126.007 208.402 -103.948 143.084 209.301 -108.38 124.811 187.847 -108.172 126.75 254.145 -103.973 143.084 254.145 -108.404 124.995 208.346 -108.538 125.191 254.145 -109.452 109.361 208.263 -109.452 109.361 254.171 -109.452 109.361 180.01 -79.5195 127.113 254.145 -79.4171 127.29 211.796 -84.1889 143.084 254.145 -79.0018 125.923 212.012 -79.0018 125.409 254.145 -84.1889 143.084 209.301 -78.8175 122.811 212.139 -79.0018 125.923 190.768 -79.4785 127.274 190.449 -78.8175 122.811 254.084 -78.8175 122.811 194.125 -84.1889 139.408 187.578 -80.6876 128.553 179.24 -84.1889 136.321 177.572 -80.4664 125.923 169.314 -84.1889 131.434 169.599 -84.1699 125.923 164.485 -108.538 125.191 254.145 -79.0018 125.409 254.145 -79.5195 127.113 254.145 -78.8175 122.811 254.084 -108.172 126.75 254.145 -109.452 109.361 254.171 -84.1889 143.084 254.145 -103.973 143.084 254.145 -84.1889 131.434 169.599 -103.886 131.434 169.863 -84.1889 136.321 177.572 -84.1699 125.923 164.485 -103.897 136.299 177.717 -104.002 125.923 164.66 -84.1889 139.408 187.578 -103.909 139.364 187.603 -84.1889 143.084 209.301 -103.948 143.084 209.301 -84.1889 143.084 254.145 -103.973 143.084 254.145 141.133 95.2751 207.266 109.452 109.361 208.263 140.876 95.3663 253.646 140.95 95.609 185.722 109.452 109.361 254.171 109.452 109.361 180.01 140.251 95.604 271.961 114.033 107.327 173.409 109.452 109.361 271.961 78.8175 122.811 271.961 78.8175 122.811 254.084 62.1268 130.286 271.961 62.1268 130.278 253.168 78.8175 122.811 212.139 62.1268 129.901 213.004 138.115 91.0463 271.961 132.664 90.9986 253.623 138.465 90.9527 253.607 132.02 91.0614 271.961 139.445 91.0863 207.515 133.513 91.1241 206.672 134.106 91.2115 181.521 140.201 91.1894 180.372 133.513 91.1241 206.672 129.151 81.4482 253.623 129.953 81.5787 206.599 132.664 90.9986 253.623 134.106 91.2115 181.521 128.507 81.5173 271.961 130.593 81.6829 177.771 132.02 91.0614 271.961 109.452 109.361 271.961 108.269 103.125 271.961 127.512 94.8349 271.961 77.1843 116.602 271.961 140.251 95.604 271.961 78.8175 122.811 271.961 132.02 91.0614 271.961 138.115 91.0463 271.961 62.2327 123.283 271.961 123.85 83.1194 271.961 62.1268 130.286 271.961 128.507 81.5173 271.961 99.0938 70.0364 271.961 99.4736 73.7096 271.961 56.8964 86.7485 271.961 58.3925 90.3172 271.961 108.269 103.125 271.961 108.077 100.604 251.234 124.34 93.4302 251.147 77.1843 116.602 271.961 127.512 94.8349 271.961 76.482 114.293 251.135 62.3932 120.14 251.944 62.2327 123.283 271.961 99.5112 75.1253 251.118 76.482 114.293 251.135 58.9688 91.6486 251.48 108.077 100.604 251.234 121.199 84.5869 251.108 62.3932 120.14 251.944 124.34 93.4302 251.147 50.6674 115.291 251.994 48.8062 95.6535 251.616 56.6529 85.1843 259.802 46.7058 90.4811 264.232 46.4526 89.0139 259.934 56.8964 86.7485 271.961 96.6512 68.7743 259.402 99.0938 70.0364 271.961 48.0507 94.4129 264.232 58.9688 91.6486 251.48 48.8062 95.6535 251.616 58.3925 90.3172 271.961 99.4736 73.7096 271.961 99.5112 75.1253 251.118 138.115 91.0463 271.961 140.876 95.3663 253.646 140.251 95.604 271.961 138.465 90.9527 253.607 139.445 91.0863 207.515 141.133 95.2751 207.266 140.95 95.609 185.722 140.201 91.1894 180.372 121.199 84.5869 251.108 99.4736 73.7096 271.961 123.85 83.1194 271.961 99.5112 75.1253 251.118 62.1268 130.278 253.168 62.1268 129.901 213.004 50.3336 124.837 224.029 50.44 125.113 252.245 50.4605 125.119 264.232 62.1268 130.286 271.961 50.6585 118.774 264.232 62.2327 123.283 271.961 50.4605 125.119 264.232 62.1268 130.286 271.961 50.6585 118.774 264.232 62.3932 120.14 251.944 62.2327 123.283 271.961 50.6674 115.291 251.994 58.3925 90.3172 271.961 48.0507 94.4129 264.232 46.7058 90.4811 264.232 56.8964 86.7485 271.961 123.85 83.1194 271.961 124.34 93.4302 251.147 121.199 84.5869 251.108 127.512 94.8349 271.961 -141.133 95.2751 207.266 -140.876 95.3663 253.646 -109.452 109.361 208.263 -140.95 95.609 185.722 -109.452 109.361 254.171 -109.452 109.361 180.01 -140.251 95.604 271.961 -114.033 107.327 173.409 -109.452 109.361 271.961 -78.8175 122.811 271.961 -78.8175 122.811 254.084 -62.1268 130.286 271.961 -62.1268 130.278 253.168 -78.8175 122.811 212.139 -62.1268 129.901 213.004 -132.664 90.9986 253.623 -139.445 91.0863 207.515 -133.513 91.1241 206.672 -138.465 90.9527 253.607 -138.115 91.0463 271.961 -134.106 91.2115 181.521 -132.02 91.0614 271.961 -140.201 91.1894 180.372 -128.507 81.5173 271.961 -132.664 90.9986 253.623 -129.151 81.4482 253.623 -132.02 91.0614 271.961 -133.513 91.1241 206.672 -129.953 81.5787 206.598 -134.106 91.2115 181.521 -130.593 81.6829 177.771 -109.452 109.361 271.961 -77.1843 116.602 271.961 -78.8175 122.811 271.961 -108.269 103.125 271.961 -127.512 94.8349 271.961 -62.2327 123.283 271.961 -140.251 95.604 271.961 -62.1268 130.286 271.961 -132.02 91.0614 271.961 -123.85 83.1194 271.961 -138.115 91.0463 271.961 -128.507 81.5173 271.961 -99.0938 70.0364 271.961 -99.4736 73.7096 271.961 -56.8964 86.7485 271.961 -58.3925 90.3172 271.961 -77.1843 116.602 271.961 -62.3932 120.14 251.944 -62.2327 123.283 271.961 -76.482 114.293 251.135 -108.077 100.604 251.234 -108.269 103.125 271.961 -124.34 93.4302 251.147 -127.512 94.8349 271.961 -121.199 84.5869 251.108 -99.4736 73.7096 271.961 -99.5112 75.1253 251.118 -123.85 83.1194 271.961 -108.077 100.604 251.234 -99.5112 75.1253 251.118 -76.482 114.293 251.135 -121.199 84.5869 251.108 -124.34 93.4302 251.147 -58.9688 91.6486 251.48 -62.3932 120.14 251.944 -50.6674 115.291 251.994 -48.8062 95.6535 251.616 -58.3925 90.3172 271.961 -46.7058 90.4811 264.232 -48.0507 94.4129 264.232 -56.8964 86.7485 271.961 -56.6529 85.1843 259.802 -46.7058 90.4811 264.232 -56.8964 86.7485 271.961 -46.4526 89.0139 259.934 -96.6512 68.7743 259.402 -99.0938 70.0364 271.961 -124.34 93.4302 251.147 -123.85 83.1194 271.961 -121.199 84.5869 251.108 -127.512 94.8349 271.961 -58.9688 91.6486 251.48 -99.4736 73.7096 271.961 -58.3925 90.3172 271.961 -99.5112 75.1253 251.118 -48.0507 94.4129 264.232 -48.8062 95.6535 251.616 -141.133 95.2751 207.266 -140.95 95.609 185.722 -139.445 91.0863 207.515 -140.876 95.3663 253.646 -140.201 91.1894 180.372 -138.465 90.9527 253.607 -138.115 91.0463 271.961 -140.251 95.604 271.961 -50.3336 124.837 224.029 -62.1268 130.278 253.168 -50.44 125.113 252.245 -62.1268 129.901 213.004 -50.4605 125.119 264.232 -62.1268 130.286 271.961 -50.4605 125.119 264.232 -62.2327 123.283 271.961 -50.6585 118.774 264.232 -62.1268 130.286 271.961 -62.3932 120.14 251.944 -50.6585 118.774 264.232 -62.2327 123.283 271.961 -50.6674 115.291 251.994 -47.8292 141.487 220.773 -61.6235 142.164 209.429 -62.1268 129.901 213.004 -50.3336 124.837 224.029 -61.6235 142.164 209.429 -78.8175 122.811 212.139 -62.1268 129.901 213.004 173.296 121.245 91.8655 165.615 89.487 93.3015 165.712 90.5654 72.0074 174.154 124.675 95.4684 161.15 71.3325 84.4556 174.402 124.615 129.687 161.463 71.451 121.499 161.156 72.091 61.3519 165.953 89.5136 136.445 151.785 34.182 36.7829 151.369 31.5509 65.5969 174.611 124.564 158.46 151.45 32.7298 38.9015 166.195 89.4845 168.92 174.817 124.514 186.766 177.91 59.6938 85.6057 169.186 24.8117 71.0096 151.369 31.5509 65.5969 161.15 71.3325 84.4556 181.271 57.5184 120.719 181.31 57.5664 153.744 172.452 23.0933 153.712 172.495 23.276 119.836 181.232 57.4712 90.2414 172.553 23.524 76.9787 166.195 89.4845 168.92 140.949 95.609 185.722 150.354 88.7967 172.69 162.61 85.9085 162.895 140.201 91.1894 180.372 159.445 73.0009 154.151 150.354 88.7967 172.69 146.353 75.2386 164.198 162.61 85.9085 162.895 147.863 32.2117 153.898 140.201 91.1894 180.372 134.558 36.6024 159.054 136.295 78.9156 174.111 125.486 39.5964 163.31 115.153 31.1332 42.3972 118.728 31.1332 15.5559 149.621 32.0559 33.1326 150.346 30.8899 66.7721 116.373 31.1332 126.963 150.246 30.5606 125.008 126.336 39.5151 128.968 147.863 32.2117 153.898 134.558 36.6024 159.054 147.567 32.2531 127.55 125.486 39.5964 163.31 119.217 33.2288 15.275 149.621 32.0559 33.1326 118.728 31.1332 15.5559 150.584 34.1398 32.9654 162.61 85.9085 162.895 165.953 89.5136 136.445 166.195 89.4845 168.92 162.129 85.9903 135.28 159.137 73.0112 124.78 181.271 57.5184 120.719 161.463 71.451 121.499 181.31 57.5664 153.744 159.445 73.0009 154.151 181.232 57.4712 90.2414 161.15 71.3325 84.4556 177.91 59.6938 85.6057 172.553 23.524 76.9787 168.911 23.8528 72.3962 169.186 24.8117 71.0096 151.369 31.5509 65.5969 150.346 30.8899 66.7721 162.129 85.9903 135.28 162.61 85.9085 162.895 159.445 73.0009 154.151 159.137 73.0112 124.78 116.373 31.1332 126.963 150.246 30.5606 125.008 147.567 32.2531 127.55 126.336 39.5151 128.968 164.117 90.9516 69.7385 171.073 121.956 89.5002 165.712 90.5654 72.0074 173.296 121.245 91.8655 151.785 34.182 36.7829 159.872 72.0298 57.678 161.156 72.091 61.3519 150.584 34.1398 32.9654 174.611 124.564 158.46 172.347 125.923 185.829 174.817 124.514 186.766 172.347 125.923 159.098 172.347 125.923 94.2468 174.402 124.615 129.687 174.154 124.675 95.4684 172.347 125.923 131.459 174.611 124.564 158.46 174.402 124.615 129.687 172.347 125.923 131.459 172.347 125.923 159.098 142.585 124.158 204.763 172.347 125.923 185.829 142.243 125.923 203.758 174.817 124.514 186.766 150.346 30.8899 66.7721 149.621 32.0559 33.1326 151.45 32.7298 38.9015 151.369 31.5509 65.5969 172.347 125.923 94.2468 173.296 121.245 91.8655 171.073 121.956 89.5002 174.154 124.675 95.4684 151.785 34.182 36.7829 149.621 32.0559 33.1326 150.584 34.1398 32.9654 151.45 32.7298 38.9015 141.985 125.923 172.31 172.347 125.923 159.098 140.837 125.923 151.393 172.347 125.923 185.829 122.933 125.923 172.386 142.243 125.923 203.758 172.347 125.923 131.459 142.925 125.923 79.144 114.615 125.923 182.139 172.347 125.923 94.2468 172.553 23.524 76.9787 172.495 23.276 119.836 150.246 30.5606 125.008 168.911 23.8528 72.3962 172.452 23.0933 153.712 150.346 30.8899 66.7721 147.567 32.2531 127.55 147.863 32.2117 153.898 181.31 57.5664 153.744 147.863 32.2117 153.898 172.452 23.0933 153.712 159.445 73.0009 154.151 161.156 72.091 61.3519 164.117 90.9516 69.7385 165.712 90.5654 72.0074 159.872 72.0298 57.678 142.585 124.158 204.763 166.195 89.4845 168.92 174.817 124.514 186.766 140.949 95.609 185.722 172.553 23.524 76.9787 177.91 59.6938 85.6057 181.232 57.4712 90.2414 169.186 24.8117 71.0096 114.033 107.327 173.409 142.585 124.158 204.763 114.655 124.762 183.464 140.949 95.609 185.722 142.243 125.923 203.758 114.615 125.923 182.139 114.655 124.762 183.464 142.585 124.158 204.763 142.925 125.923 79.144 171.073 121.956 89.5002 142.752 122.361 74.0436 172.347 125.923 94.2468 142.752 122.361 74.0436 164.117 90.9516 69.7385 140.357 90.4572 56.3425 171.073 121.956 89.5002 140.357 90.4572 56.3425 159.872 72.0298 57.678 138.941 71.6063 45.8837 164.117 90.9516 69.7385 159.872 72.0298 57.678 150.584 34.1398 32.9654 137.233 48.67 33.099 138.941 71.6063 45.8837 119.217 33.2288 15.275 -173.296 121.245 91.8655 -165.712 90.5654 72.0074 -165.615 89.487 93.3015 -174.154 124.675 95.4684 -161.15 71.3325 84.4556 -174.403 124.615 129.687 -161.463 71.451 121.499 -161.156 72.091 61.3519 -151.785 34.182 36.7829 -165.953 89.5136 136.445 -151.369 31.5509 65.5969 -174.611 124.564 158.46 -151.45 32.7298 38.9015 -166.195 89.4845 168.92 -174.817 124.514 186.766 -162.61 85.9085 162.895 -162.129 85.9903 135.28 -159.445 73.0009 154.151 -159.137 73.0112 124.78 -161.15 71.3325 84.4556 -151.369 31.5509 65.5969 -177.91 59.6938 85.6057 -169.186 24.8117 71.0096 -181.271 57.5184 120.719 -172.452 23.0933 153.712 -181.31 57.5664 153.744 -172.495 23.276 119.836 -181.232 57.4712 90.2414 -172.553 23.524 76.9787 -140.95 95.609 185.722 -166.195 89.4845 168.92 -150.354 88.7967 172.69 -140.201 91.1894 180.372 -162.61 85.9085 162.895 -150.354 88.7967 172.69 -159.445 73.0009 154.151 -146.353 75.2386 164.197 -162.61 85.9085 162.895 -140.201 91.1894 180.372 -147.863 32.2117 153.898 -136.295 78.9156 174.111 -134.558 36.6024 159.054 -125.486 39.5964 163.31 -115.153 31.1332 42.3972 -150.346 30.8899 66.7721 -149.621 32.0559 33.1326 -116.373 31.1332 126.963 -118.728 31.1332 15.5559 -150.246 30.5606 125.008 -147.863 32.2117 153.898 -126.336 39.5151 128.968 -134.558 36.6024 159.054 -147.567 32.2531 127.55 -125.486 39.5964 163.31 -150.584 34.1398 32.9654 -119.217 33.2288 15.275 -149.621 32.0559 33.1326 -118.728 31.1332 15.5559 -162.129 85.9903 135.28 -161.463 71.451 121.499 -159.137 73.0112 124.78 -165.953 89.5136 136.445 -181.271 57.5184 120.719 -159.137 73.0112 124.78 -161.463 71.451 121.499 -181.31 57.5664 153.744 -181.232 57.4712 90.2414 -159.445 73.0009 154.151 -161.15 71.3325 84.4556 -177.91 59.6938 85.6057 -172.553 23.524 76.9787 -169.186 24.8117 71.0096 -168.911 23.8528 72.3962 -151.369 31.5509 65.5969 -150.346 30.8899 66.7721 -147.863 32.2117 153.898 -172.452 23.0933 153.712 -147.567 32.2531 127.55 -150.246 30.5606 125.008 -172.495 23.276 119.836 -172.553 23.524 76.9787 -168.911 23.8528 72.3962 -150.346 30.8899 66.7721 -159.872 72.0298 57.678 -151.785 34.182 36.7829 -161.156 72.091 61.3519 -150.584 34.1398 32.9654 -174.611 124.564 158.46 -172.347 125.923 185.829 -172.347 125.923 159.098 -174.817 124.514 186.766 -174.154 124.675 95.4684 -174.403 124.615 129.687 -172.347 125.923 94.2468 -172.347 125.923 131.459 -174.403 124.615 129.687 -174.611 124.564 158.46 -172.347 125.923 131.459 -172.347 125.923 159.098 -142.243 125.923 203.758 -172.347 125.923 185.829 -142.585 124.158 204.763 -174.817 124.514 186.766 -151.45 32.7298 38.9015 -150.346 30.8899 66.7721 -151.369 31.5509 65.5969 -149.621 32.0559 33.1326 -172.347 125.923 94.2468 -173.296 121.245 91.8655 -174.154 124.675 95.4684 -171.073 121.956 89.5002 -151.785 34.182 36.7829 -150.584 34.1398 32.9654 -149.621 32.0559 33.1326 -151.45 32.7298 38.9015 -141.985 125.923 172.31 -140.837 125.923 151.393 -172.347 125.923 159.098 -122.934 125.923 172.386 -172.347 125.923 185.829 -142.243 125.923 203.758 -172.347 125.923 131.459 -142.955 125.923 79.1595 -122.934 125.923 172.386 -172.347 125.923 94.2468 -114.615 125.923 182.139 -147.567 32.2531 127.55 -116.373 31.1332 126.963 -126.336 39.5151 128.968 -150.246 30.5606 125.008 -165.712 90.5654 72.0074 -173.296 121.245 91.8655 -171.073 121.956 89.5002 -164.117 90.9516 69.7385 -147.863 32.2117 153.898 -181.31 57.5664 153.744 -172.452 23.0933 153.712 -159.445 73.0009 154.151 -172.553 23.524 76.9787 -177.91 59.6938 85.6057 -169.186 24.8117 71.0096 -181.232 57.4712 90.2414 -161.156 72.091 61.3519 -165.712 90.5654 72.0074 -164.117 90.9516 69.7385 -159.872 72.0298 57.678 -142.585 124.158 204.763 -166.195 89.4845 168.92 -140.95 95.609 185.722 -174.817 124.514 186.766 -162.61 85.9085 162.895 -165.953 89.5136 136.445 -162.129 85.9903 135.28 -166.195 89.4845 168.92 -150.584 34.1398 32.9654 -159.872 72.0298 57.678 -137.659 47.6472 32.8076 -119.217 33.2288 15.275 -139.077 71.609 45.9599 -140.183 90.4535 56.2445 -139.077 71.609 45.9599 -159.872 72.0298 57.678 -164.117 90.9516 69.7385 -142.057 122.371 73.6641 -171.073 121.956 89.5002 -172.347 125.923 94.2468 -142.955 125.923 79.1595 -171.073 121.956 89.5002 -142.057 122.371 73.6641 -114.033 107.327 173.409 -142.585 124.158 204.763 -140.95 95.609 185.722 -114.655 124.762 183.464 -142.585 124.158 204.763 -114.655 124.762 183.464 -142.243 125.923 203.758 -114.615 125.923 182.139 -99.2575 59.4954 275.427 -126.787 69.8561 275.416 -124.951 67.8386 284.096 -100.7 58.3726 284.107 -126.787 69.8561 275.416 -119.532 47.2527 275.416 -124.951 67.8386 284.096 -118.285 48.4123 284.096 -94.4418 40.098 284.107 -99.2575 59.4954 275.427 -100.7 58.3726 284.107 -92.8534 38.4931 275.427 -119.532 47.2527 275.416 -94.4418 40.098 284.107 -118.285 48.4123 284.096 -92.8534 38.4931 275.427 -122.262 65.2117 284.097 -101.812 57.2293 284.106 -100.7 58.3726 284.107 -124.951 67.8386 284.096 -97.0838 42.5755 284.106 -94.4418 40.098 284.107 -118.285 48.4123 284.096 -117.181 49.5838 284.097 -122.262 65.2117 284.097 -118.285 48.4123 284.096 -117.181 49.5838 284.097 -124.951 67.8386 284.096 -119.274 62.3955 277.582 -101.812 57.2293 284.106 -122.262 65.2117 284.097 -103.144 56.0993 277.589 -119.274 62.3955 277.582 -117.181 49.5838 284.097 -115.859 50.7577 277.582 -122.262 65.2117 284.097 -100.016 45.233 277.589 -115.859 50.7577 277.582 -117.181 49.5838 284.097 -97.0838 42.5755 284.106 -101.812 57.2293 284.106 -100.016 45.233 277.589 -97.0838 42.5755 284.106 -103.144 56.0993 277.589 -7.65039 59.6859 278.608 -7.65039 29.8678 287.59 -0.000005 59.6293 278.608 -0.000005 29.8112 287.59 -0.000005 61.1447 276.43 -7.65039 61.2013 276.43 -7.65039 59.6859 278.608 -0.000005 59.6293 278.608 -7.65039 26.1858 275.349 -7.65039 59.6859 278.608 -7.65039 61.2013 276.43 -7.65039 29.8678 287.59 -7.69659 21.5357 290.078 -0.000005 14.0688 270.059 -0.000005 21.4791 290.078 -7.71643 14.1254 270.059 -7.65039 29.8678 287.59 -7.69659 21.5357 290.078 -0.000005 29.8112 287.59 -0.000005 21.4791 290.078 -7.65039 26.1858 275.349 -7.69659 21.5357 290.078 -7.65039 29.8678 287.59 -7.71643 14.1254 270.059 -7.71643 14.1254 270.059 -7.65039 26.1858 275.349 -7.67023 25.9048 266.604 -7.71643 14.1254 270.059 -7.71643 14.1254 218.133 -0.000005 14.0688 270.059 -0.000004 14.0688 218.133 -7.71643 14.1254 218.133 -7.67023 25.9048 266.604 -7.67023 25.9048 218.133 -7.71643 14.1254 270.059 7.65038 29.8678 287.59 7.65038 59.6859 278.608 -0.000005 59.6293 278.608 -0.000005 29.8112 287.59 -0.000005 61.1447 276.43 7.65038 59.6859 278.608 7.65038 61.2013 276.43 -0.000005 59.6293 278.608 7.65038 59.6859 278.608 7.65038 26.1858 275.349 7.65038 61.2013 276.43 7.65038 29.8678 287.59 7.69658 21.5357 290.078 -0.000005 14.0688 270.059 7.71642 14.1254 270.059 -0.000005 21.4791 290.078 7.65038 29.8678 287.59 -0.000005 29.8112 287.59 7.69658 21.5357 290.078 -0.000005 21.4791 290.078 7.69658 21.5357 290.078 7.65038 26.1858 275.349 7.65038 29.8678 287.59 7.71642 14.1254 270.059 7.71642 14.1254 270.059 7.67022 25.9048 266.604 7.65038 26.1858 275.349 7.71642 14.1254 218.133 7.71642 14.1254 270.059 -0.000005 14.0688 270.059 -0.000004 14.0688 218.133 7.67022 25.9048 266.604 7.71642 14.1254 218.133 7.67022 25.9048 218.133 7.71642 14.1254 270.059 100.7 58.3726 284.107 124.95 67.8386 284.096 99.2575 59.4954 275.427 126.787 69.8561 275.416 119.532 47.2527 275.416 126.787 69.8561 275.416 124.95 67.8386 284.096 118.285 48.4123 284.096 94.4418 40.098 284.107 100.7 58.3726 284.107 99.2575 59.4954 275.427 92.8534 38.4931 275.427 94.4418 40.098 284.107 119.532 47.2527 275.416 118.285 48.4123 284.096 92.8534 38.4931 275.427 122.262 65.2117 284.097 100.7 58.3726 284.107 101.812 57.2293 284.106 124.95 67.8386 284.096 97.0838 42.5755 284.106 94.4418 40.098 284.107 118.285 48.4123 284.096 117.181 49.5838 284.097 122.262 65.2117 284.097 118.285 48.4123 284.096 124.95 67.8386 284.096 117.181 49.5838 284.097 103.144 56.0993 277.589 119.274 62.3955 277.582 101.812 57.2293 284.106 122.262 65.2117 284.097 119.274 62.3955 277.582 117.181 49.5838 284.097 122.262 65.2117 284.097 115.859 50.7577 277.582 100.016 45.233 277.589 117.181 49.5838 284.097 115.859 50.7577 277.582 97.0838 42.5755 284.106 101.812 57.2293 284.106 100.016 45.233 277.589 103.144 56.0993 277.589 97.0838 42.5755 284.106 -50.0267 16.7566 251.318 -58.1907 35.771 251.321 -53.7598 13.6754 251.316 -64.0296 37.2347 251.321 -53.7598 13.6754 251.316 -0.000004 0.695297 251.316 -50.0267 16.7566 251.318 -0.000004 5.03118 251.318 -58.1907 38.8774 220.704 -58.1907 35.771 251.321 -50.0267 16.7566 220.701 -50.0267 16.7566 251.318 -0.000004 5.03118 220.701 -50.0267 16.7566 220.701 -50.0267 16.7566 251.318 -0.000004 5.03118 251.318 -64.0296 37.2347 161.254 -53.7598 13.6754 251.316 -64.0296 37.2347 251.321 -53.7598 13.6754 161.25 -53.7598 13.6754 251.316 -53.7598 13.6754 161.25 -0.000004 0.695297 251.316 -0.000003 0.695306 161.25 -0.000004 23.2001 220.701 -58.1907 38.8774 220.704 -50.0267 16.7566 220.701 -0.000004 5.03118 220.701 50.0267 16.7566 220.701 -0.000004 23.2001 220.701 58.1907 38.8774 220.704 58.1907 35.771 251.321 53.7598 13.6754 251.316 64.0296 37.2347 251.321 50.0267 16.7566 251.318 -0.000004 0.695297 251.316 50.0267 16.7566 251.318 -0.000004 5.03118 251.318 53.7598 13.6754 251.316 58.1907 38.8774 220.704 50.0267 16.7566 220.701 58.1907 35.771 251.321 50.0267 16.7566 251.318 -0.000004 5.03118 220.701 50.0267 16.7566 251.318 50.0267 16.7566 220.701 -0.000004 5.03118 251.318 64.0296 37.2347 161.254 64.0296 37.2347 251.321 53.7598 13.6754 251.316 53.7598 13.6754 161.25 53.7598 13.6754 251.316 -0.000004 0.695297 251.316 53.7598 13.6754 161.25 -0.000003 0.695306 161.25 -53.7598 13.6754 161.25 -0.000003 27.2122 161.25 -0.000003 0.695306 161.25 -64.0296 37.2347 161.254 -0.000003 27.2122 161.25 53.7598 13.6754 161.25 64.0296 37.2347 161.254 -30.7554 6.6664 -129.482 -43.2126 17.9474 -65.2403 -36.366 12.0635 -136.509 -134.852 65.1603 40.9291 -82.0456 56.4174 -30.2805 -85.2944 62.8115 14.9769 -85.2944 62.8115 14.9769 -65.1299 70.8362 -24.103 -91.1824 70.8362 18.6283 -45.6985 153.255 122.998 -45.7694 153.255 173.462 -37.9249 153.192 123.282 -45.7916 153.29 112.54 -37.9249 153.192 173.513 -0.000001 153.255 94.0074 -45.72 153.255 193.917 0.053222 153.186 73.6142 -37.9249 153.192 210.538 -54.7021 153.255 207.894 45.7647 153.255 112.572 -45.1766 153.255 217.322 -54.571 153.255 195.839 37.9249 153.192 123.282 -17.2461 153.192 227.4 45.6985 153.255 122.998 -17.2461 153.192 244.966 45.7694 153.255 173.462 37.9249 153.192 173.513 45.72 153.255 193.917 37.9249 153.192 210.538 54.7021 153.255 207.895 54.571 153.255 195.839 45.1766 153.255 217.322 17.2461 153.192 227.4 17.2461 153.192 244.966 -17.2461 144.935 284.583 -17.2461 141.617 248.367 -17.2461 125.393 264.232 -17.2461 156.121 251.038 -17.2461 125.393 253.484 -17.2461 153.192 244.966 -17.2461 103.227 284.583 -17.2461 103.963 264.232 -17.2461 98.9271 264.232 -17.2461 84.9526 284.583 -17.2461 78.2849 277.098 -17.2461 78.2849 264.232 -17.2461 125.393 264.232 -50.4605 125.119 264.232 -23.6793 118.774 264.232 -17.2461 103.963 264.232 -50.6585 118.774 264.232 -23.7049 103.859 264.232 -17.2461 98.9271 264.232 -23.645 98.9359 264.232 -48.0507 94.4129 264.232 -23.6501 78.6136 264.349 -46.7058 90.4811 264.232 -17.2461 78.2849 264.232 -50.44 125.113 252.245 -17.2461 125.393 253.484 -50.3336 124.837 224.029 -50.4605 125.119 264.232 -17.2461 125.393 264.232 -50.6674 115.291 251.994 -25.0365 115.632 252.116 -50.6585 118.774 264.232 -23.6793 118.774 264.232 -25.0365 115.632 252.116 -23.7049 103.859 264.232 -23.6793 118.774 264.232 -25.0365 104.881 252.139 -25.0365 104.881 252.139 -48.8062 95.6535 251.616 -48.0507 94.4129 264.232 -23.7049 103.859 264.232 -50.6674 115.291 251.994 -25.0365 104.881 252.139 -25.0365 115.632 252.116 -48.8062 95.6535 251.616 -17.2461 78.2849 277.098 -17.4584 64.5774 276.741 -0.000005 64.6859 277.16 -20.8991 78.0458 277.013 -30.4529 64.5041 277.078 -0.000005 78.4998 277.635 -30.0158 34.976 275.74 17.2461 78.2849 277.098 17.4584 64.5774 276.741 20.8991 78.0458 277.013 30.4529 64.5041 277.078 -97.3046 64.662 275.743 -82.4179 27.1799 275.739 -86.1728 60.6601 275.743 -126.037 54.4612 275.739 -119.615 38.6656 275.739 97.3046 64.662 275.743 86.1728 60.6601 275.743 82.4179 27.1799 275.739 -128.333 81.3225 275.73 -134.2 78.7832 275.739 119.615 38.6656 275.739 -99.685 70.0905 275.744 134.2 78.7832 275.739 126.037 54.4612 275.739 128.333 81.3225 275.73 99.685 70.0905 275.744 -17.2461 78.2849 264.232 -20.8991 78.0458 277.013 -17.2461 78.2849 277.098 -23.6501 78.6136 264.349 -97.3046 64.662 275.743 -99.0938 70.0364 271.961 -99.685 70.0905 275.744 -95.7318 66.3361 259.401 -96.6512 68.7743 259.402 -128.507 81.5173 271.961 -134.2 78.7832 275.739 -128.333 81.3225 275.73 -16.4885 57.7792 -141.668 -17.5138 68.315 -126.012 -13.317 58.2207 -141.761 -29.6259 17.7588 -141.557 -32.9996 28.3653 -136.904 -29.8739 26.7098 -141.557 -29.2535 6.6664 -141.557 -36.366 12.0635 -136.509 -30.1353 32.5052 -141.557 -36.4602 49.1269 -131.38 -28.3343 46.0932 -141.557 -23.6501 78.6136 264.349 -30.4529 64.5041 277.078 -20.8991 78.0458 277.013 -33.546 65.5053 260.798 -24.1702 78.8402 260.607 -0.000001 57.1126 -142.438 -10.9879 57.1126 -142.438 -0.000001 58.4472 -141.761 10.9879 57.1126 -142.438 -13.317 58.2207 -141.761 13.317 58.2207 -141.761 -16.4885 57.7792 -141.668 16.4885 57.7792 -141.668 -84.5716 62.4521 259.401 -86.1728 60.6601 275.743 -78.6441 48.6884 259.398 -46.7058 90.4811 264.232 -24.3313 97.4416 260.458 -23.645 98.9359 264.232 -46.4526 89.0139 259.934 -45.7916 153.29 112.54 0.053222 153.186 73.6142 -40.278 139.975 93.2144 -54.1572 140.621 105.675 -41.9901 136.535 90.8768 0.011473 136.308 55.0696 -54.8507 136.246 123.007 -53.7732 136.277 172.92 -56.1739 137.286 173.372 -56.6629 136.801 122.391 -60.2271 131.297 120.62 -60.1036 131.217 171.639 -56.6067 132.818 121.993 -56.9386 132.548 103.942 -60.348 131.264 100.615 -55.6858 133.569 172.089 -55.6858 133.569 172.089 -56.1739 137.286 173.372 -53.7732 136.277 172.92 -60.1036 131.217 171.639 -60.1036 131.217 171.639 -78.8175 122.811 166.68 -63.1435 140.724 173.182 -56.1739 137.286 173.372 -53.9777 140.683 173.46 -60.348 131.264 100.615 -44.7806 131.037 87.1873 -50.6939 118.454 78.341 -68.5513 118.762 93.7972 0.007201 131.167 49.4143 -23.1709 51.6502 -141.847 -21.873 68.315 -125.961 -16.4885 57.7792 -141.668 -91.1824 70.8362 18.6283 -65.1299 70.8362 -24.103 -71.3591 70.8362 -29.6523 -134.852 65.1603 40.9291 -77.5313 65.3675 -29.9286 -82.0456 56.4174 -30.2805 -135.426 68.077 42.6516 -71.3591 70.8362 -29.6523 -20.1849 13.8097 -142.438 -29.6259 17.7588 -141.557 -25.8109 20.7088 -142.438 -29.2535 6.6664 -141.557 -10.8094 6.6664 -142.438 -29.8739 26.7098 -141.557 -27.6047 26.7918 -142.438 -30.1353 32.5052 -141.557 -27.9515 32.8749 -142.438 -26.4221 43.8316 -142.438 -28.3343 46.0932 -141.557 -53.9777 140.683 173.46 -56.6629 136.801 122.391 -56.1739 137.286 173.372 -54.102 140.763 122.106 -45.6985 153.255 122.998 -45.7694 153.255 173.462 -45.72 153.255 193.917 -45.7916 153.29 112.54 -54.1572 140.621 105.675 -54.1526 140.667 192.149 -41.1527 136.204 92.8601 -0.000001 132.669 53.481 -42.3971 132.579 91.0545 -0.000001 136.114 56.1754 -55.2306 136.235 105.41 -53.1134 140.225 107.368 -56.9386 132.548 103.942 -39.7613 139.793 94.7255 -60.348 131.264 100.615 -68.5513 118.762 93.7972 -68.3419 118.779 114.293 -60.2271 131.297 120.62 -60.1036 131.217 171.639 -60.348 131.264 100.615 -42.3971 132.579 91.0545 -44.7806 131.037 87.1873 -56.9386 132.548 103.942 -0.000001 132.669 53.481 0.007201 131.167 49.4143 -41.1527 136.204 92.8601 -39.7613 139.793 94.7255 -40.278 139.975 93.2144 -41.9901 136.535 90.8768 -39.7613 139.793 94.7255 -54.1572 140.621 105.675 -40.278 139.975 93.2144 -53.1134 140.225 107.368 -54.102 140.763 122.106 -53.1019 139.985 122.106 -55.2306 136.235 105.41 -54.8507 136.246 123.007 -53.1134 140.225 107.368 -56.6067 132.818 121.993 -56.9386 132.548 103.942 -53.1019 139.985 122.106 -55.6858 133.569 172.089 -53.7732 136.277 172.92 -54.571 153.255 195.839 -61.6235 142.164 209.429 -54.7021 153.255 207.894 -63.0979 140.732 195.088 -78.8175 122.811 212.139 -78.8175 122.811 194.125 -47.8292 141.487 220.773 -17.2461 125.393 253.484 -17.2461 141.617 248.367 -50.3336 124.837 224.029 -45.1766 153.255 217.322 -54.7021 153.255 207.894 -17.2461 153.192 244.966 -61.6235 142.164 209.429 -114.615 125.923 182.139 -108.38 124.811 187.847 -108.332 125.923 187.32 -114.655 124.762 183.464 -95.7318 66.3361 259.401 -86.1728 60.6601 275.743 -84.5716 62.4521 259.401 -30.4529 64.5041 277.078 -33.7752 38.4242 259.398 -30.0158 34.976 275.74 -33.546 65.5053 260.798 -9.5019 6.6664 -130.96 -30.7554 6.6664 -129.482 -29.2535 6.6664 -141.557 -0.000003 6.6664 -142.438 -0.000002 6.6664 -131.621 -10.8094 6.6664 -142.438 9.5019 6.6664 -130.96 0.000001 6.6664 -64.8963 10.8094 6.6664 -142.438 30.7554 6.6664 -129.482 9.9635 6.6664 -64.8566 29.2535 6.6664 -141.557 -17.2461 144.935 284.583 -17.2461 103.227 284.583 -0.000005 144.935 284.583 -0.000005 103.094 284.583 -17.2461 84.9526 284.583 17.2461 103.227 284.583 -0.000005 84.6145 284.583 17.2461 84.9526 284.583 17.2461 144.935 284.583 -114.615 125.923 182.139 -114.711 125.923 172.418 -122.934 125.923 172.386 -104.002 125.923 164.66 -115.049 125.923 151.597 -107.872 125.923 178.701 -107.515 125.923 172.32 -45.72 153.255 193.917 -54.1526 140.667 192.149 -54.571 153.255 195.839 -63.0979 140.732 195.088 -17.2461 84.9526 284.583 -0.000005 78.4998 277.635 -0.000005 84.6145 284.583 -17.2461 78.2849 277.098 17.2461 84.9526 284.583 17.2461 78.2849 277.098 47.8292 141.487 220.773 62.1268 129.901 213.004 61.7255 142.117 209.429 50.3336 124.837 224.029 54.7021 153.255 207.895 17.2461 125.393 253.484 45.1766 153.255 217.322 17.2461 141.617 248.367 17.2461 153.192 244.966 54.571 153.255 195.839 62.3607 140.732 195.088 54.1526 140.667 192.149 45.72 153.255 193.917 17.2461 98.9271 264.232 17.2461 103.227 284.583 17.2461 84.9526 284.583 17.2461 103.963 264.232 17.2461 78.2849 277.098 17.2461 125.393 264.232 17.2461 144.935 284.583 17.2461 78.2849 264.232 17.2461 141.617 248.367 17.2461 125.393 253.484 17.2461 156.121 251.038 17.2461 153.192 244.966 54.1526 140.667 192.149 63.1435 140.724 173.182 53.9777 140.683 173.46 62.3607 140.732 195.088 62.3607 140.732 195.088 78.8175 122.811 212.139 78.8175 122.811 194.125 61.7255 142.117 209.429 54.571 153.255 195.839 61.7255 142.117 209.429 62.3607 140.732 195.088 54.7021 153.255 207.895 61.7255 142.117 209.429 62.1268 129.901 213.004 78.8175 122.811 212.139 134.2 78.7832 275.739 126.037 54.4612 275.739 126.18 54.8753 253.614 23.7049 103.859 264.232 17.2461 98.9271 264.232 23.645 98.9359 264.232 17.2461 103.963 264.232 48.0507 94.4129 264.232 23.6501 78.6136 264.349 23.6793 118.774 264.232 46.7058 90.4811 264.232 17.2461 78.2849 264.232 17.2461 125.393 264.232 50.4605 125.119 264.232 50.6585 118.774 264.232 50.6585 118.774 264.232 25.0365 115.632 252.116 50.6674 115.291 251.994 23.6793 118.774 264.232 25.0365 115.632 252.116 23.7049 103.859 264.232 25.0365 104.881 252.139 23.6793 118.774 264.232 48.0507 94.4129 264.232 25.0365 104.881 252.139 23.7049 103.859 264.232 48.8062 95.6535 251.616 50.6674 115.291 251.994 25.0365 104.881 252.139 48.8062 95.6535 251.616 25.0365 115.632 252.116 -33.546 65.5053 260.798 -56.6529 85.1843 259.802 -84.5716 62.4521 259.401 -46.4526 89.0139 259.934 -78.6441 48.6884 259.398 -96.6512 68.7743 259.402 -95.7318 66.3361 259.401 -24.1702 78.8402 260.607 -33.7752 38.4242 259.398 -24.3313 97.4416 260.458 23.6501 78.6136 264.349 33.546 65.5053 260.798 24.1702 78.8402 260.607 30.4529 64.5041 277.078 20.8991 78.0458 277.013 33.7752 38.4242 259.398 30.4529 64.5041 277.078 30.0158 34.976 275.74 33.546 65.5053 260.798 99.0938 70.0364 271.961 95.7318 66.3361 259.401 97.3046 64.662 275.743 96.6512 68.7743 259.402 99.685 70.0905 275.744 84.5716 62.4521 259.401 78.6441 48.6884 259.398 86.1728 60.6601 275.743 33.7752 38.4242 259.398 80.0933 46.8891 275.74 78.6441 48.6884 259.398 84.5716 62.4521 259.401 33.546 65.5053 260.798 78.6441 48.6884 259.398 56.6529 85.1843 259.802 96.6512 68.7743 259.402 33.7752 38.4242 259.398 46.4526 89.0139 259.934 95.7318 66.3361 259.401 24.1702 78.8402 260.607 24.3313 97.4416 260.458 50.4605 125.119 264.232 17.2461 125.393 253.484 17.2461 125.393 264.232 50.44 125.113 252.245 50.3336 124.837 224.029 17.2461 78.2849 264.232 17.2461 78.2849 277.098 20.8991 78.0458 277.013 23.6501 78.6136 264.349 95.7318 66.3361 259.401 86.1728 60.6601 275.743 97.3046 64.662 275.743 128.507 81.5173 271.961 99.685 70.0905 275.744 128.333 81.3225 275.73 99.0938 70.0364 271.961 -0.000005 144.935 284.583 17.2461 156.121 251.038 -0.000004 156.121 251.038 17.2461 144.935 284.583 -17.2461 156.121 251.038 -17.2461 144.935 284.583 -33.7752 38.4242 259.398 -78.6441 48.6884 259.398 -80.0933 46.8891 275.74 -13.317 58.2207 -141.761 -17.5138 68.315 -126.012 -11.8659 65.3951 -141.079 25.6801 45.2129 -142.438 28.3343 46.0932 -141.557 26.4221 43.8316 -142.438 24.2419 49.637 -141.639 10.9879 57.1126 -142.438 23.1709 51.6502 -141.847 16.4885 57.7792 -141.668 -28.3343 46.0932 -141.557 -24.2419 49.637 -141.639 -25.6801 45.2129 -142.438 -26.4221 43.8316 -142.438 -10.9879 57.1126 -142.438 -23.1709 51.6502 -141.847 -16.4885 57.7792 -141.668 23.1709 51.6502 -141.847 21.873 68.315 -125.961 31.9537 54.2328 -130.171 128.507 81.5173 271.961 128.333 81.3225 275.73 134.2 78.7832 275.739 -0.000001 58.4472 -141.761 -11.8659 65.3951 -141.079 -0.000000 65.3951 -141.079 11.8659 65.3951 -141.079 13.317 58.2207 -141.761 54.8507 136.246 123.007 56.1739 137.286 173.372 53.7732 136.277 172.92 56.6629 136.801 122.391 56.6067 132.818 121.993 60.1036 131.217 171.639 60.2271 131.297 120.62 56.9386 132.548 103.942 60.3312 131.242 100.635 55.6858 133.569 172.089 53.7732 136.277 172.92 56.1739 137.286 173.372 60.1036 131.217 171.639 56.1739 137.286 173.372 63.1435 140.724 173.182 60.1036 131.217 171.639 53.9777 140.683 173.46 114.711 125.923 172.418 104.002 125.923 164.66 107.515 125.923 172.32 114.615 125.923 182.139 122.934 125.923 172.386 107.872 125.923 178.701 108.332 125.923 187.32 -114.655 124.762 183.464 -109.452 109.361 180.01 -108.38 124.811 187.847 -114.033 107.327 173.409 20.1849 13.8097 -142.438 29.6259 17.7587 -141.557 29.2535 6.6664 -141.557 25.8109 20.7088 -142.438 10.8094 6.6664 -142.438 29.8739 26.7098 -141.557 27.6047 26.7918 -142.438 30.1353 32.5052 -141.557 27.9515 32.8749 -142.438 26.4221 43.8316 -142.438 28.3343 46.0932 -141.557 -41.9901 136.535 90.8768 -0.000001 136.114 56.1754 -41.1527 136.204 92.8601 0.011473 136.308 55.0696 60.2271 131.297 120.62 68.3419 118.779 114.293 60.3312 131.242 100.635 68.4817 118.671 93.8795 -0.000001 132.669 53.481 41.1527 136.204 92.8601 42.3971 132.579 91.0545 -0.000001 136.114 56.1754 55.2306 136.235 105.41 53.1134 140.225 107.368 56.9386 132.548 103.942 39.7613 139.793 94.7255 53.9777 140.683 173.46 45.7694 153.255 173.462 45.72 153.255 193.917 45.6985 153.255 122.998 54.1526 140.667 192.149 54.102 140.763 122.106 45.7647 153.255 112.572 54.208 140.687 105.615 56.6629 136.801 122.391 56.1739 137.286 173.372 54.8507 136.246 123.007 54.102 140.763 122.106 56.6629 136.801 122.391 53.1019 139.985 122.106 40.2502 139.939 93.2472 41.1527 136.204 92.8601 41.9654 136.503 90.9061 39.7613 139.793 94.7255 40.2502 139.939 93.2472 54.208 140.687 105.615 39.7613 139.793 94.7255 53.1134 140.225 107.368 54.102 140.763 122.106 53.1019 139.985 122.106 53.1134 140.225 107.368 54.8507 136.246 123.007 55.2306 136.235 105.41 53.1019 139.985 122.106 56.6067 132.818 121.993 55.6858 133.569 172.089 56.9386 132.548 103.942 53.7732 136.277 172.92 60.3312 131.242 100.635 42.3971 132.579 91.0545 56.9386 132.548 103.942 44.7607 131.011 87.2108 -0.000001 132.669 53.481 0.007201 131.167 49.4143 23.1709 51.6502 -141.847 32.1317 52.5093 -130.187 24.2419 49.637 -141.639 135.426 68.077 42.6517 71.3591 70.8362 -29.6523 134.711 70.8362 43.9284 134.852 65.1603 40.9291 77.5313 65.3675 -29.9286 30.7554 6.6664 -129.482 43.2126 17.9474 -65.2403 36.1315 6.6664 -64.7526 -24.3313 97.4416 260.458 -23.6501 78.6136 264.349 -23.645 98.9359 264.232 -24.1702 78.8402 260.607 -54.102 140.763 122.106 -54.8507 136.246 123.007 -56.6629 136.801 122.391 -53.1019 139.985 122.106 46.7058 90.4811 264.232 24.3313 97.4416 260.458 46.4526 89.0139 259.934 23.645 98.9359 264.232 24.2419 49.637 -141.639 32.1317 52.5093 -130.187 28.3343 46.0932 -141.557 -54.1526 140.667 192.149 -53.9777 140.683 173.46 -63.1435 140.724 173.182 114.615 125.923 182.139 108.332 125.923 187.32 108.38 124.811 187.847 114.655 124.762 183.464 0.007201 131.167 49.4143 44.7607 131.011 87.2108 50.685 118.442 78.3515 60.3312 131.242 100.635 114.655 124.762 183.464 109.452 109.361 180.01 114.033 107.327 173.409 108.38 124.811 187.847 -128.507 81.5173 271.961 -99.685 70.0905 275.744 -99.0938 70.0364 271.961 -128.333 81.3225 275.73 85.2944 62.8115 14.9769 65.1299 70.8362 -24.103 61.584 54.1501 -23.4974 29.6259 17.7587 -141.557 32.9996 28.3653 -136.904 36.366 12.0635 -136.509 29.2535 6.6664 -141.557 30.1353 32.5052 -141.557 36.4602 49.1269 -131.38 -23.1709 51.6502 -141.847 -32.1317 52.5093 -130.187 -31.9537 54.2328 -130.171 24.3313 97.4416 260.458 23.6501 78.6136 264.349 24.1702 78.8402 260.607 23.645 98.9359 264.232 134.711 70.8362 43.9284 71.3591 70.8362 -29.6523 91.1824 70.8362 18.6283 65.1299 70.8362 -24.103 41.1527 136.204 92.8601 -0.000001 136.114 56.1754 41.9654 136.503 90.9061 0.011473 136.308 55.0696 16.4885 57.7792 -141.668 17.5138 68.315 -126.012 21.873 68.315 -125.961 -108.332 125.923 187.32 41.9654 136.503 90.9061 0.053222 153.186 73.6142 40.2502 139.939 93.2472 0.011473 136.308 55.0696 45.7647 153.255 112.572 54.208 140.687 105.615 -34.2718 9.29734 -234.882 -34.2718 9.29734 -206.553 -31.5918 9.29734 -234.882 -31.5918 9.29734 -206.553 -34.2718 9.29734 -206.553 -34.7402 3.95273 -206.553 -31.5918 9.29734 -206.553 -31.1233 3.95273 -206.553 -31.5918 9.29734 -234.882 -31.5918 9.29734 -206.553 -31.1233 3.95273 -206.553 -31.1233 3.95273 -234.882 -31.5918 9.29734 -234.882 -34.7402 3.95273 -234.882 -34.2718 9.29734 -234.882 -31.1233 3.95273 -234.882 -34.2718 9.29734 -206.553 -34.2718 9.29734 -234.882 -34.7402 3.95273 -234.882 -34.7402 3.95273 -206.553 -34.7402 3.95273 -206.553 -34.7402 3.95273 -234.882 -31.1233 3.95273 -206.553 -31.1233 3.95273 -234.882 -49.6305 16.4779 -210.398 -41.9194 12.7687 -207.564 -41.9417 12.7113 -214.894 -49.5776 16.6143 -202.883 -54.8749 20.485 -210.894 -34.257 8.93393 -208.751 -55.7465 22.4129 -197.033 -59.5349 24.4917 -214.521 -34.257 8.93393 -218.635 -49.6305 16.4779 -210.398 -42.8936 9.91666 -214.894 -51.5283 14.0122 -210.398 -41.9417 12.7113 -214.894 -56.7372 17.7687 -210.894 -54.8749 20.485 -210.894 -34.257 8.93393 -218.635 -61.3335 21.5248 -214.521 -34.257 5.81033 -218.635 -59.5349 24.4917 -214.521 -49.5776 16.6143 -202.883 -55.7465 22.4129 -197.033 -57.491 19.4731 -197.122 -51.5508 14.1487 -202.883 -42.903 9.97415 -207.564 -41.9194 12.7687 -207.564 -34.257 8.93393 -208.751 -34.257 5.81033 -208.751 -42.903 9.97415 -207.564 -51.5283 14.0122 -210.398 -42.8936 9.91666 -214.894 -51.5508 14.1487 -202.883 -34.257 5.81033 -208.751 -56.7372 17.7687 -210.894 -34.257 5.81033 -218.635 -57.491 19.4731 -197.122 -61.3335 21.5248 -214.521 31.5758 9.29733 -234.882 34.2558 9.29733 -206.553 34.2558 9.29733 -234.882 31.5758 9.29733 -206.553 34.2558 9.29733 -206.553 31.1073 3.95272 -206.553 34.7243 3.95272 -206.553 31.5758 9.29733 -206.553 31.1073 3.95273 -234.882 31.1073 3.95272 -206.553 31.5758 9.29733 -234.882 31.5758 9.29733 -206.553 31.1073 3.95273 -234.882 31.5758 9.29733 -234.882 34.2558 9.29733 -234.882 34.7243 3.95273 -234.882 34.7243 3.95272 -206.553 34.7243 3.95273 -234.882 34.2558 9.29733 -206.553 34.2558 9.29733 -234.882 31.1073 3.95272 -206.553 34.7243 3.95273 -234.882 34.7243 3.95272 -206.553 31.1073 3.95273 -234.882 49.5776 16.6143 -202.883 49.6305 16.4779 -210.398 41.9194 12.7687 -207.564 54.8749 20.485 -210.894 55.7465 22.4129 -197.033 41.9417 12.7113 -214.894 59.5349 24.4917 -214.521 34.257 8.93393 -208.751 34.257 8.93393 -218.635 49.6305 16.4779 -210.398 51.5283 14.0122 -210.398 42.8936 9.91665 -214.894 56.7372 17.7687 -210.894 41.9417 12.7113 -214.894 54.8749 20.485 -210.894 34.257 8.93393 -218.635 61.3335 21.5248 -214.521 34.257 5.81033 -218.635 59.5349 24.4917 -214.521 57.491 19.4731 -197.122 49.5776 16.6143 -202.883 51.5508 14.1486 -202.883 55.7465 22.4129 -197.033 42.903 9.97415 -207.564 41.9194 12.7687 -207.564 34.257 8.93393 -208.751 34.257 5.81033 -208.751 51.5508 14.1486 -202.883 51.5283 14.0122 -210.398 56.7372 17.7687 -210.894 42.903 9.97415 -207.564 57.491 19.4731 -197.122 42.8936 9.91665 -214.894 34.257 5.81033 -208.751 61.3335 21.5248 -214.521 34.257 5.81033 -218.635 0.005004 0.005004 0 0.005004 -0.005004 0 -0.005004 0.005004 0 -0.005004 -0.005004 0 -61.2892 141.988 209.59 -47.4822 141.281 220.917 -50.122 138.748 205.051 -59.5897 139.453 195.361 -78.5026 122.652 212.297 -59.5897 139.453 195.361 -76.8102 121.28 196.072 -61.2892 141.988 209.59 -50.0022 124.63 224.156 -50.122 138.748 205.051 -47.4822 141.281 220.917 -50.2168 135.329 202.538 -50.4825 115.2 202.877 -49.3914 115.011 224.068 -48.2471 95.4146 223.671 -50.3141 115.052 252.11 -48.4762 95.4128 251.707 -48.6693 95.5861 199.577 -50.075 124.874 252.373 -47.9658 89.4542 223.618 -48.1074 89.5969 206.98 -50.2867 118.52 264.352 -46.1205 88.7605 260.014 -50.0812 124.865 264.359 -47.7072 94.1563 264.32 -46.3669 90.223 264.314 -56.3254 84.9431 259.89 -47.9658 89.4542 223.618 -46.1205 88.7605 260.014 -57.5896 87.2612 223.31 -96.3433 68.58 259.518 -48.1074 89.5969 206.98 -96.4078 69.8445 222.918 -81.8577 81.9348 187.852 -95.8243 70.5826 188.269 -129.692 81.4855 206.769 -95.8243 70.5826 188.269 -96.4078 69.8445 222.918 -130.366 81.6245 177.942 -128.834 81.2984 253.792 -96.3433 68.58 259.518 -128.169 81.3453 272.13 -98.7696 69.8301 272.081 -78.5026 122.652 212.297 -109.157 109.242 208.441 -109.103 109.188 254.349 -76.8102 121.28 196.072 -78.4531 122.602 254.243 -84.0925 121.445 186.637 -109.191 109.276 180.189 -130.366 81.6245 177.942 -133.863 91.1528 181.707 -127.646 83.076 173.697 -130.541 93.8642 177.303 -84.8693 85.4827 182.528 -95.8243 70.5826 188.269 -98.8368 73.428 183.72 -81.8577 81.9348 187.852 -103.186 107.507 179.085 -81.4053 86.3784 186.29 -112.263 105.195 171.381 -82.3099 108.656 186.97 -61.7727 90.3974 189.951 -81.6268 119.059 187.109 -61.6191 108.453 190.104 -61.4651 135.62 195.345 -76.3272 118.78 195.086 -76.8102 121.28 196.072 -59.5897 139.453 195.361 -84.0925 121.445 186.637 -76.3272 118.78 195.086 -81.6268 119.059 187.109 -76.8102 121.28 196.072 -82.3099 108.656 186.97 -76.3272 118.78 195.086 -77.4103 108.532 196.603 -81.6268 119.059 187.109 -107.203 125.833 172.546 -103.699 125.838 164.881 -101.79 122.849 168.428 -104.699 123.244 174.74 -107.553 125.826 178.928 -105.385 123.189 184.7 -108.002 125.817 187.547 -105.001 123.3 178.689 -78.4123 122.591 254.273 -109.062 109.177 254.379 -104.091 109.293 248.055 -82.1392 119.569 248.038 -109.117 109.231 208.471 -104.091 109.293 248.055 -109.062 109.177 254.379 -103.9 109.348 208.58 -78.4619 122.641 212.327 -78.4123 122.591 254.273 -82.1392 119.569 248.038 -82.5773 119.615 213.074 -109.15 109.265 180.219 -108.051 124.703 188.072 -105.675 120.909 185.128 -104.568 109.362 182.216 -104.568 109.362 182.216 -103.9 109.348 208.58 -109.117 109.231 208.471 -109.15 109.265 180.219 -82.5773 119.615 213.074 -78.4832 122.662 194.314 -78.4619 122.641 212.327 -82.6511 119.689 191.484 -81.8582 123.322 188.697 -78.4832 122.662 194.314 -82.6511 119.689 191.484 -78.6677 125.778 190.96 -105.675 120.909 185.128 -108.051 124.703 188.072 -105.385 123.189 184.7 -108.051 124.703 188.072 -108.002 125.817 187.547 -105.385 123.189 184.7 -83.8668 125.816 164.683 -101.79 122.849 168.428 -103.699 125.838 164.881 -85.3066 122.83 168.264 -80.1577 125.805 169.508 -85.3066 122.83 168.264 -83.8668 125.816 164.683 -83.0749 123.198 172.222 -105.001 123.3 178.689 -107.553 125.826 178.928 -104.699 123.244 174.74 -107.203 125.833 172.546 -81.8582 123.322 188.697 -80.1577 125.805 169.508 -78.6677 125.778 190.96 -83.0749 123.198 172.222 -83.0749 123.198 172.222 -104.699 123.244 174.74 -101.79 122.849 168.428 -85.3066 122.83 168.264 -105.385 123.189 184.7 -82.6511 119.689 191.484 -105.675 120.909 185.128 -81.8582 123.322 188.697 -81.8582 123.322 188.697 -105.385 123.189 184.7 -105.001 123.3 178.689 -83.0749 123.198 172.222 -105.001 123.3 178.689 -104.699 123.244 174.74 -83.0749 123.198 172.222 -105.675 120.909 185.128 -93.7903 112.835 190.328 -104.568 109.362 182.216 -82.6511 119.689 191.484 -93.7903 112.835 190.328 -94.437 112.814 213.653 -103.9 109.348 208.58 -104.568 109.362 182.216 -76.3914 109.144 191.541 -76.3176 109.069 213.132 -88.1772 102.268 213.711 -87.5306 102.289 190.386 -104.091 109.293 248.055 -103.9 109.348 208.58 -94.3281 112.704 226.448 -94.437 112.814 213.653 -82.5773 119.615 213.074 -94.3281 112.704 226.448 -94.437 112.814 213.653 -82.1392 119.569 248.038 -104.091 109.293 248.055 -94.3281 112.704 226.448 -82.1392 119.569 248.038 -140.088 90.8323 180.716 -138.29 94.6716 175.338 -140.842 95.2158 186.094 -138.591 92.0341 174.514 -120.177 36.0642 24.9784 -116.937 35.9117 49.2364 -114.993 31.713 42.3448 -120.026 39.0811 39.1935 -116.185 31.1616 126.91 -118.087 38.959 59.5449 -118.014 35.4132 125.667 -121.212 40.6999 38.1066 -118.578 31.8818 15.5054 -117.856 38.558 122.289 -121.061 36.551 24.6404 -128.61 49.5025 64.3844 -119.07 33.9786 15.2382 -126.103 49.3409 125.832 -129.317 50.2493 46.0791 -136.165 78.6056 174.373 -125.299 39.3741 163.313 -125.832 43.3878 158.65 -135.653 78.8456 168.646 -138.591 92.0341 174.514 -126.16 39.5147 128.972 -126.61 43.5148 127.612 -140.088 90.8323 180.716 -125.668 49.2358 152.011 -126.103 49.3409 125.832 -126.885 61.2976 130.557 -126.745 63.673 156.248 -129.546 63.4244 67.2016 -128.61 49.5025 64.3844 -130.661 66.715 53.8612 -129.317 50.2493 46.0791 -141.6 118.707 83.7279 -140.788 125.753 151.963 -139.073 118.918 148.907 -142.93 126.219 79.7317 -140.871 118.391 77.8722 -142.028 122.704 74.2129 -140.111 90.9031 56.5856 -138.555 88.3607 63.4737 -137.828 68.1589 53.8755 -138.979 72.1276 46.1785 -136.476 45.6137 43.1935 -137.529 48.2541 32.8701 -114.809 124.296 184.126 -117.159 119.721 175.621 -114.769 125.466 182.808 -116.285 118.324 176.004 -137.529 48.2541 32.8701 -121.061 36.551 24.6404 -119.07 33.9786 15.2382 -136.476 45.6137 43.1935 -117.856 38.558 122.289 -126.61 43.5148 127.612 -118.014 35.4132 125.667 -126.103 49.3409 125.832 -126.16 39.5147 128.972 -116.185 31.1616 126.91 -114.647 94.3481 156.42 -132.45 87.9915 161.896 -130.573 86.8964 159.449 -115.302 103.781 168.694 -116.226 90.9478 153.184 -138.29 94.6716 175.338 -135.653 78.8456 168.646 -126.745 63.673 156.248 -132.45 87.9915 161.896 -125.832 43.3878 158.65 -138.591 92.0341 174.514 -130.573 86.8964 159.449 -125.668 49.2358 152.011 -138.555 88.3607 63.4737 -130.661 66.715 53.8612 -137.828 68.1589 53.8755 -124.69 94.981 67.6725 -132.187 116.883 80.9832 -129.317 50.2493 46.0791 -93.3025 85.3944 64.8127 -140.871 118.391 77.8722 -136.476 45.6137 43.1935 -88.8212 61.0036 53.4211 -121.938 116.185 157.372 -139.073 118.918 148.907 -123.808 119.755 167.387 -131.254 116.267 145.966 -118.127 116.196 162.401 -132.337 116.649 88.8341 -117.159 119.721 175.621 -141.6 118.707 83.7279 -132.187 116.883 80.9832 -140.871 118.391 77.8722 -116.932 116.383 164.125 -117.159 119.721 175.621 -116.285 118.324 176.004 -118.127 116.196 162.401 -116.226 90.9478 153.184 -121.938 116.185 157.372 -118.127 116.196 162.401 -119.954 91.7206 148.492 -114.647 94.3481 156.42 -131.254 116.267 145.966 -125.164 92.4998 139.684 -116.932 116.383 164.125 -99.0688 86.4904 134.759 -125.164 92.4998 139.684 -99.8104 86.6397 142.2 -124.701 93.5405 79.4245 -93.3025 85.3944 64.8127 -119.954 91.7206 148.492 -124.69 94.981 67.6725 -101.226 86.5552 148.486 -116.226 90.9478 153.184 -114.769 125.466 182.808 -117.159 119.721 175.621 -123.049 125.52 173.004 -123.808 119.755 167.387 -140.788 125.753 151.963 -139.073 118.918 148.907 -124.69 94.981 67.6725 -132.187 116.883 80.9832 -124.701 93.5405 79.4245 -132.337 116.649 88.8341 -125.164 92.4998 139.684 -131.254 116.267 145.966 -99.8104 86.6397 142.2 -97.0351 63.295 137.839 -99.0688 86.4904 134.759 -97.805 64.1281 145.93 -101.226 86.5552 148.486 -96.54 62.8339 130.77 -93.3025 85.3944 64.8127 -88.8212 61.0036 53.4211 -101.226 86.5552 148.486 -126.745 63.673 156.248 -97.805 64.1281 145.93 -130.573 86.8964 159.449 -96.54 62.8339 130.77 -129.546 63.4244 67.2016 -88.8212 61.0036 53.4211 -126.885 61.2976 130.557 -97.0351 63.295 137.839 -126.745 63.673 156.248 -97.805 64.1281 145.93 -16.937 152.993 227.512 -16.9162 152.972 245.078 0.885858 152.822 244.925 0.865106 152.843 227.359 17.5553 152.953 227.471 17.576 152.932 245.037 0.340515 155.874 251.134 -16.9162 152.972 245.078 -16.9055 155.894 251.154 0.885858 152.822 244.925 17.5865 155.854 251.113 17.576 152.932 245.037 14.1213 149.671 222.475 0.07745 149.77 207.412 0.644888 149.631 222.934 32.2963 149.72 207.361 -15.4027 149.709 223.424 32.4661 149.789 173.532 -32.2342 149.814 207.457 -0.210822 150.061 173.528 33.108 149.835 126.291 -32.1769 149.864 173.608 0.089904 149.955 102.164 -31.2913 149.871 127.609 0.089904 149.955 102.164 38.1111 153.052 123.329 0.151673 153.194 94.0993 33.108 149.835 126.291 -31.2913 149.871 127.609 0.089904 149.955 102.164 -37.7386 153.14 123.418 0.151673 153.194 94.0993 -31.2913 149.871 127.609 -37.6792 153.081 173.65 -32.1769 149.864 173.608 -37.7386 153.14 123.418 -32.2342 149.814 207.457 -37.6354 153.037 210.675 -15.4027 149.709 223.424 -37.6354 153.037 210.675 -16.937 152.993 227.512 -32.2342 149.814 207.457 0.644888 149.631 222.934 -15.4027 149.709 223.424 0.865106 152.843 227.359 14.1213 149.671 222.475 -16.937 152.993 227.512 17.5553 152.953 227.471 32.2963 149.72 207.361 17.5553 152.953 227.471 38.2142 152.949 210.585 14.1213 149.671 222.475 32.2963 149.72 207.361 38.1705 152.993 173.56 32.4661 149.789 173.532 38.2142 152.949 210.585 33.108 149.835 126.291 38.1111 153.052 123.329 -118.811 31.3029 15.6442 -115.204 31.2672 42.4812 -115.311 34.8245 26.5182 -119.298 33.3995 15.3663 -115.204 31.2672 42.4812 -116.324 31.1684 127.049 -117.138 36.1278 123.367 -115.311 34.8245 26.5182 -137.703 47.8186 32.9377 -115.311 34.8245 26.5182 -137.01 48.6536 41.9693 -119.298 33.3995 15.3663 -115.311 34.8245 26.5182 -117.138 36.1278 123.367 -119.49 42.8635 39.9137 -121.495 44.7872 124.507 -128.778 53.8196 49.5885 -123.695 55.2498 126.632 -141.964 122.5 73.8876 -140.149 90.6002 56.4281 -140.082 90.5331 64.2449 -141.918 121.274 80.5726 -142.852 126.046 79.3882 -138.96 71.6547 53.9281 -140.649 125.958 151.619 -139.076 71.7663 46.12 -137.01 48.6536 41.9693 -140.85 121.69 151.134 -137.703 47.8186 32.9377 -139.271 124.938 155.682 -139.434 121.186 155.688 -114.391 125.891 182.334 -139.271 124.938 155.682 -114.431 124.729 183.658 -140.649 125.958 151.619 -117.469 121.797 178.704 -139.271 124.938 155.682 -139.434 121.186 155.688 -114.431 124.729 183.658 -113.84 107.304 173.581 -116.116 107.344 171.254 -114.562 90.9561 154.139 -132.226 107.809 141.826 -128.444 91.1852 141.087 -131.345 107.649 150.63 -128.551 89.8395 134.229 -134.558 118.777 148.476 -133.142 118.513 155.593 -108.719 91.4567 158.808 -109.25 109.326 180.179 -113.84 107.304 173.581 -105.606 101.065 174.795 -114.562 90.9561 154.139 -111.74 83.0645 181.44 -133.922 91.2028 181.698 -130.425 81.6746 177.933 -108.432 90.9626 184.448 -128.894 81.3485 253.783 -112.418 81.3105 215.882 -129.751 81.5354 206.759 -111.741 77.5744 245.443 -111.035 77.5806 268.494 -111.74 83.0645 181.44 -128.228 81.3951 272.12 -130.425 81.6746 177.933 -111.035 77.5806 268.494 -96.4025 68.6301 259.508 -99.1665 71.915 248.335 -98.8286 69.8799 272.072 -111.741 77.5744 245.443 -47.7664 94.2064 264.311 -48.5352 95.4626 251.698 -46.1795 88.8106 260.005 -46.4259 90.273 264.305 -47.4976 89.8699 252.654 -47.4976 89.8699 252.654 -56.2589 86.7159 253.065 -56.3844 84.993 259.88 -46.1795 88.8106 260.005 -47.4976 89.8699 252.654 -48.5352 95.4626 251.698 -56.2589 86.7159 253.065 -84.8458 100.278 246.464 -99.1665 71.915 248.335 -104.995 100.448 246.637 -50.3457 118.57 264.343 -50.134 124.923 252.363 -50.3733 115.102 252.101 -50.1404 124.915 264.35 -50.0933 115.832 229.123 -50.0614 124.68 224.146 -48.5352 95.4626 251.698 -50.3891 94.8278 228.802 -78.5616 122.702 212.288 -82.2658 116.208 217.121 -72.9026 116.141 215.626 -71.3472 123.054 210.2 -103.839 120.709 174.671 -107.652 125.888 178.889 -104.1 120.714 179.579 -107.302 125.895 172.506 -108.102 125.878 187.507 -78.7675 125.84 190.921 -80.2575 125.867 169.468 -82.612 120.725 172.33 -82.4701 120.751 188.84 -83.9666 125.877 164.644 -103.799 125.9 164.842 -101.224 120.707 168.776 -86.4111 120.726 168.628 -86.4111 120.726 168.628 -82.612 120.725 172.33 -80.2575 125.867 169.468 -83.9666 125.877 164.644 -101.224 120.707 168.776 -107.302 125.895 172.506 -103.839 120.709 174.671 -103.799 125.9 164.842 -78.5829 122.723 194.274 -78.7675 125.84 190.921 -82.4701 120.751 188.84 -82.4734 115.565 193.555 -78.5616 122.702 212.288 -82.4734 115.565 193.555 -82.2658 116.208 217.121 -78.5829 122.723 194.274 -104.332 115.543 181.197 -109.25 109.326 180.179 -104.983 108.061 178.702 -108.15 124.765 188.033 -105.606 101.065 174.795 -103.839 120.709 174.671 -86.4111 120.726 168.628 -101.224 120.707 168.776 -82.612 120.725 172.33 -104.1 120.714 179.579 -82.4701 120.751 188.84 -104.1 120.714 179.579 -82.4734 115.565 193.555 -82.4701 120.751 188.84 -104.332 115.543 181.197 -61.3484 142.038 209.58 -71.3472 123.054 210.2 -58.7363 138.337 208.484 -78.5616 122.702 212.288 -82.4734 115.565 193.555 -104.983 108.061 178.702 -83.9688 100.72 193.648 -104.332 115.543 181.197 -82.4734 115.565 193.555 -83.7736 100.523 216.596 -82.2658 116.208 217.121 -83.9688 100.72 193.648 -83.9688 100.72 193.648 -105.606 101.065 174.795 -105.467 100.924 191.123 -105.25 100.705 216.671 -83.7736 100.523 216.596 -84.8458 100.278 246.464 -104.995 100.448 246.637 -75.2892 99.2957 223.705 -74.1576 99.1854 215.405 -62.7244 96.7666 236.854 -61.6788 97.0245 229.496 -48.5352 95.4626 251.698 -50.3891 94.8278 228.802 -54.761 95.9612 222.301 -133.595 90.4386 68.8691 -126.896 70.4782 129.723 -128.551 89.8395 134.229 -132.402 71.4958 58.8494 -135.453 119.528 84.255 -123.695 55.2498 126.632 -132.226 107.809 141.826 -128.778 53.8196 49.5885 -134.558 118.777 148.476 -113.84 107.304 173.581 -114.431 124.729 183.658 -117.469 121.797 178.704 -116.116 107.344 171.254 -133.142 118.513 155.593 -117.469 121.797 178.704 -139.434 121.186 155.688 -116.618 119.176 170.025 -116.116 107.344 171.254 -115.042 107.392 164.453 -114.562 90.9561 154.139 -133.675 91.2239 170.648 -140.019 91.1892 180.556 -133.922 91.2028 181.698 -139.929 90.9681 171.464 -108.719 91.4567 158.808 -138.59 90.2028 140.033 -108.432 90.9626 184.448 -114.562 90.9561 154.139 -128.444 91.1852 141.087 -128.551 89.8395 134.229 -131.345 107.649 150.63 -128.444 91.1852 141.087 -115.042 107.392 164.453 -116.618 119.176 170.025 -133.142 118.513 155.593 -114.562 90.9561 154.139 -128.535 44.7708 159.142 -130.026 45.1627 129.143 -126.275 39.5595 129.075 -132.771 55.9171 131.681 -125.385 39.5994 163.416 -136.797 71.6889 135.404 -136.135 78.9182 174.276 -137.335 76.6795 167.332 -138.59 90.2028 140.033 -139.929 90.9681 171.464 -140.019 91.1892 180.556 -88.1772 102.268 213.711 -82.5773 119.615 213.074 -94.437 112.814 213.653 -76.3176 109.069 213.132 -94.437 112.814 213.653 -93.7903 112.835 190.328 -87.5306 102.289 190.386 -88.1772 102.268 213.711 -87.5306 102.289 190.386 -93.7903 112.835 190.328 -76.3914 109.144 191.541 -82.6511 119.689 191.484 1.83465 129.519 169.398 -21.939 129.787 127.307 0.113159 129.823 110.241 -21.8856 129.731 169.738 22.157 129.718 127.124 1.83306 129.497 190.545 22.2101 129.636 169.529 -21.8597 129.68 190.761 22.2365 129.571 190.608 -16.8843 152.943 245.077 0.37262 155.847 251.131 -16.8737 155.866 251.153 0.423464 152.928 245.035 17.6183 155.711 250.956 17.6076 152.792 244.879 0.423464 152.928 245.035 12.6316 148.013 233.765 17.6076 152.792 244.879 0.74163 148.078 233.724 -11.2246 148.089 233.748 -16.8843 152.943 245.077 13.1905 147.872 223.485 38.2432 152.833 210.426 17.5854 152.825 227.313 17.7485 148.725 193.77 1.72662 138.057 193.945 1.44916 138.18 210.971 -7.49684 138.25 211.052 10.0795 138.183 210.955 -11.0692 138.158 194.061 9.4466 138.336 217.839 0.788994 138.37 217.931 -7.86029 138.379 218.043 14.0912 138.104 193.983 38.1967 152.901 173.402 22.1929 147.988 127.182 38.134 152.993 123.171 22.246 147.906 169.586 22.2724 147.841 190.665 38.2432 152.833 210.426 38.2432 152.833 210.426 17.7485 148.725 193.77 22.2724 147.841 190.665 1.72662 138.057 193.945 -11.0692 138.158 194.061 1.83306 129.497 190.545 14.0912 138.104 193.983 -21.8597 129.68 190.761 22.2365 129.571 190.608 -21.903 148.058 127.364 -21.8856 129.731 169.738 -21.8497 148.001 169.795 -21.939 129.787 127.307 -21.8597 129.68 190.761 -21.8237 147.951 190.818 22.1929 147.988 127.182 0.113159 129.823 110.241 0.149048 148.094 110.298 22.157 129.718 127.124 22.2101 129.636 169.529 22.1929 147.988 127.182 22.246 147.906 169.586 22.157 129.718 127.124 22.2365 129.571 190.608 22.2724 147.841 190.665 -21.903 148.058 127.364 0.113159 129.823 110.241 -21.939 129.787 127.307 0.149048 148.094 110.298 0.289674 184.662 179.371 0.388858 184.758 142.582 -9.9715 184.507 148.753 -10.1221 184.807 179.569 0.289674 184.662 179.371 -10.2355 184.994 202.743 0.471805 185.12 208.38 -10.1221 184.807 179.569 10.7641 184.484 148.727 0.289674 184.662 179.371 10.9927 184.784 179.543 0.388858 184.758 142.582 11.1646 184.971 202.717 10.9927 184.784 179.543 0.289674 184.662 179.371 0.471805 185.12 208.38 -11.2246 148.089 233.748 -16.9063 152.965 227.511 -10.8608 147.966 223.619 -16.8843 152.943 245.077 17.6076 152.792 244.879 12.6316 148.013 233.765 17.5854 152.825 227.313 13.1905 147.872 223.485 9.4466 138.336 217.839 12.6316 148.013 233.765 0.74163 148.078 233.724 0.788994 138.37 217.931 -7.86029 138.379 218.043 -11.2246 148.089 233.748 22.2724 147.841 190.665 14.0912 138.104 193.983 22.2365 129.571 190.608 17.7485 148.725 193.77 -10.8608 147.966 223.619 -37.6062 153.007 210.676 -16.714 148.81 193.89 -16.9063 152.965 227.511 -16.714 148.81 193.89 -37.6062 153.007 210.676 -21.8237 147.951 190.818 17.7485 148.725 193.77 10.0795 138.183 210.955 14.0912 138.104 193.983 13.1905 147.872 223.485 9.4466 138.336 217.839 12.6316 148.013 233.765 -16.714 148.81 193.89 -7.49684 138.25 211.052 -10.8608 147.966 223.619 -11.0692 138.158 194.061 -21.8237 147.951 190.818 -11.0692 138.158 194.061 -16.714 148.81 193.89 -21.8597 129.68 190.761 0.17273 153.169 94.097 -21.903 148.058 127.364 -37.7156 153.112 123.419 0.149048 148.094 110.298 -7.86029 138.379 218.043 -10.8608 147.966 223.619 -7.49684 138.25 211.052 -11.2246 148.089 233.748 22.1929 147.988 127.182 0.149048 148.094 110.298 0.17273 153.169 94.097 38.134 152.993 123.171 -21.903 148.058 127.364 -21.8497 148.001 169.795 -37.6525 153.052 173.65 -37.7156 153.112 123.419 -21.8237 147.951 190.818 -37.6062 153.007 210.676 -9.9715 184.507 148.753 -17.7039 173.753 173.663 -10.1221 184.807 179.569 -17.5327 173.412 138.641 -10.1221 184.807 179.569 -17.8391 174.023 201.353 -10.2355 184.994 202.743 -17.7039 173.753 173.663 -10.2355 184.994 202.743 0.342042 174.187 210.924 0.471805 185.12 208.38 -17.8391 174.023 201.353 11.1646 184.971 202.717 0.471805 185.12 208.38 0.342042 174.187 210.924 18.4986 173.983 201.308 10.9927 184.784 179.543 11.1646 184.971 202.717 18.4986 173.983 201.308 18.2933 173.714 173.618 10.7641 184.484 148.727 10.9927 184.784 179.543 18.2933 173.714 173.618 18.0338 173.373 138.597 10.7641 184.484 148.727 18.0338 173.373 138.597 0.388858 184.758 142.582 0.23755 173.65 128.058 -17.5327 173.412 138.641 0.388858 184.758 142.582 0.23755 173.65 128.058 -9.9715 184.507 148.753 -0.239446 57.3311 -142.459 -9.76416 53.8275 -144.702 -11.2273 57.344 -142.446 -0.262762 53.8163 -144.706 9.23895 53.8054 -144.71 10.7484 57.3183 -142.472 -24.4572 32.8858 -144.705 -27.8795 27.0425 -142.462 -28.2192 33.126 -142.455 -24.1635 27.6251 -144.707 -23.1237 42.3587 -144.701 -26.0928 20.9574 -142.471 -26.6771 44.0808 -142.444 -22.6185 22.3633 -144.71 -25.9333 45.4612 -142.443 -20.4749 14.0517 -142.486 -22.4809 43.5522 -144.701 -11.2273 57.344 -142.446 -17.7603 16.3916 -144.714 -9.76416 53.8275 -144.702 -9.66034 10.2052 -144.721 -11.1075 6.89749 -142.506 -0.298225 6.88516 -142.518 -11.1075 6.89749 -142.506 -9.66034 10.2052 -144.721 -0.313118 10.1943 -144.725 9.03393 10.1834 -144.728 10.5114 6.87252 -142.531 23.8836 32.8293 -144.725 27.3298 26.9782 -142.528 23.5776 27.5694 -144.727 27.6838 33.0609 -142.521 22.5721 42.3051 -144.721 25.5291 20.8974 -142.533 26.1671 44.0194 -142.506 22.0203 22.3111 -144.729 19.895 14.0048 -142.534 25.4269 45.4014 -142.503 17.1484 16.3508 -144.729 9.03393 10.1834 -144.728 21.9316 43.5004 -144.72 10.5114 6.87252 -142.531 10.7484 57.3183 -142.472 9.23895 53.8054 -144.71 -0.349068 53.9034 -154.854 -9.85052 53.9146 -154.85 -9.76416 53.8275 -144.702 -0.262762 53.8163 -144.706 9.15259 53.8924 -154.858 9.23895 53.8054 -144.71 -24.4572 32.8858 -144.705 -24.2499 27.7122 -154.855 -24.1635 27.6251 -144.707 -24.5436 32.9729 -154.852 -23.1237 42.3587 -144.701 -22.7049 22.4503 -154.858 -23.21 42.4458 -154.849 -22.6185 22.3633 -144.71 -17.7603 16.3916 -144.714 -9.74664 10.2923 -154.868 -9.66034 10.2052 -144.721 -17.8466 16.4787 -154.862 -22.6185 22.3633 -144.71 -22.7049 22.4503 -154.858 -9.66034 10.2052 -144.721 -0.399424 10.2814 -154.872 -0.313118 10.1943 -144.725 -9.74664 10.2923 -154.868 8.94757 10.2705 -154.876 9.03393 10.1834 -144.728 -22.4809 43.5522 -144.701 -23.21 42.4458 -154.849 -23.1237 42.3587 -144.701 -22.5672 43.6392 -154.849 22.4857 42.3922 -154.868 22.5721 42.3051 -144.721 23.7972 32.9163 -154.873 23.8836 32.8293 -144.725 23.4912 27.6565 -154.875 23.5776 27.5694 -144.727 21.934 22.3981 -154.877 22.0203 22.3111 -144.729 21.8453 43.5875 -154.868 9.15259 53.8924 -154.858 9.23895 53.8054 -144.71 21.9316 43.5004 -144.72 9.03393 10.1834 -144.728 17.0621 16.4379 -154.877 17.1484 16.3508 -144.729 8.94757 10.2705 -154.876 22.0203 22.3111 -144.729 21.934 22.3981 -154.877 -9.85052 53.9146 -154.85 -22.5672 43.6392 -154.849 -22.4809 43.5522 -144.701 -9.76416 53.8275 -144.702 21.8453 43.5875 -154.868 21.9316 43.5004 -144.72 22.4857 42.3922 -154.868 22.5721 42.3051 -144.721 -8.89783 11.9677 -142.475 -0.333382 6.92032 -142.519 -0.327462 11.9577 -142.485 -11.1426 6.93265 -142.506 -20.5098 14.0868 -142.486 -20.7792 23.1156 -142.448 -26.1277 20.9925 -142.471 -16.3248 17.64 -142.46 -26.1277 20.9925 -142.471 -22.1961 27.9402 -142.441 -27.9146 27.0777 -142.462 -20.7792 23.1156 -142.448 -20.653 42.5439 -142.425 -25.9685 45.4963 -142.442 -21.2427 41.4496 -142.426 -26.712 44.1159 -142.443 -11.2625 57.3792 -142.446 -8.99286 51.9656 -142.428 -0.274664 57.3663 -142.459 -0.280768 51.9556 -142.438 -21.2427 41.4496 -142.426 -28.2542 33.1612 -142.454 -22.4652 32.7637 -142.434 -26.712 44.1159 -142.443 -11.2625 57.3792 -142.446 -20.653 42.5439 -142.425 -8.99286 51.9656 -142.428 -25.9685 45.4963 -142.442 -22.4652 32.7637 -142.434 -27.9146 27.0777 -142.462 -22.1961 27.9402 -142.441 -28.2542 33.1612 -142.454 -8.89783 11.9677 -142.475 -20.5098 14.0868 -142.486 -11.1426 6.93265 -142.506 -16.3248 17.64 -142.46 8.24347 11.9476 -142.26 -0.327462 11.9577 -142.485 -0.333382 6.92032 -142.519 10.4764 6.90719 -142.234 19.8603 14.0397 -142.237 25.4944 20.9323 -142.235 20.1509 23.0675 -142.261 15.6836 17.6027 -142.262 21.5785 27.8891 -142.257 25.4944 20.9323 -142.235 27.2952 27.0132 -142.23 20.1509 23.0675 -142.261 20.6568 41.4007 -142.24 25.392 45.4363 -142.206 20.0696 42.4964 -142.238 26.1324 44.0543 -142.209 -0.274664 57.3663 -142.459 8.43165 51.9451 -142.213 10.7137 57.3532 -142.175 -0.280768 51.9556 -142.438 27.6491 33.0959 -142.223 20.6568 41.4007 -142.24 21.8593 32.7119 -142.251 26.1324 44.0543 -142.209 20.0696 42.4964 -142.238 10.7137 57.3532 -142.175 8.43165 51.9451 -142.213 25.392 45.4363 -142.206 21.8593 32.7119 -142.251 27.2952 27.0132 -142.23 27.6491 33.0959 -142.223 21.5785 27.8891 -142.257 19.8603 14.0397 -142.237 8.24347 11.9476 -142.26 10.4764 6.90719 -142.234 15.6836 17.6027 -142.262 -8.7384 11.8069 -153.448 -0.327462 11.9577 -142.485 -0.167975 11.7968 -153.458 -8.89783 11.9677 -142.475 -16.3248 17.64 -142.46 -20.6198 22.9548 -153.421 -20.7792 23.1156 -142.448 -16.1654 17.4792 -153.432 -20.7792 23.1156 -142.448 -22.0366 27.7794 -153.413 -22.1961 27.9402 -142.441 -20.6198 22.9548 -153.421 -21.2427 41.4496 -142.426 -20.4936 42.3832 -153.398 -20.653 42.5439 -142.425 -21.0833 41.2888 -153.398 -8.99286 51.9656 -142.428 -8.83343 51.8048 -153.4 -0.280768 51.9556 -142.438 -0.121281 51.7948 -153.411 -21.0833 41.2888 -153.398 -22.4652 32.7637 -142.434 -22.3058 32.6029 -153.407 -21.2427 41.4496 -142.426 -20.653 42.5439 -142.425 -20.4936 42.3832 -153.398 -8.99286 51.9656 -142.428 -8.83343 51.8048 -153.4 -22.1961 27.9402 -142.441 -22.3058 32.6029 -153.407 -22.4652 32.7637 -142.434 -22.0366 27.7794 -153.413 -16.1654 17.4792 -153.432 -8.89783 11.9677 -142.475 -8.7384 11.8069 -153.448 -16.3248 17.64 -142.46 8.40296 11.7868 -153.232 -0.167975 11.7968 -153.458 -0.327462 11.9577 -142.485 8.24347 11.9476 -142.26 20.3104 22.9068 -153.233 15.6836 17.6027 -142.262 20.1509 23.0675 -142.261 15.8431 17.442 -153.235 21.7382 27.7282 -153.229 20.1509 23.0675 -142.261 21.5785 27.8891 -142.257 20.3104 22.9068 -153.233 20.2291 42.3356 -153.21 20.6568 41.4007 -142.24 20.0696 42.4964 -142.238 20.8162 41.2398 -153.212 -0.280768 51.9556 -142.438 8.59112 51.7843 -153.185 8.43165 51.9451 -142.213 -0.121281 51.7948 -153.411 20.8162 41.2398 -153.212 21.8593 32.7119 -142.251 20.6568 41.4007 -142.24 22.0188 32.5512 -153.224 8.43165 51.9451 -142.213 8.59112 51.7843 -153.185 20.0696 42.4964 -142.238 20.2291 42.3356 -153.21 22.0188 32.5512 -153.224 21.5785 27.8891 -142.257 21.8593 32.7119 -142.251 21.7382 27.7282 -153.229 8.40296 11.7868 -153.232 15.6836 17.6027 -142.262 15.8431 17.442 -153.235 8.24347 11.9476 -142.26 -0.349068 53.9034 -154.854 -8.72632 51.2334 -154.83 -9.85052 53.9146 -154.85 -0.351997 51.2234 -154.84 8.02234 51.2137 -154.85 -19.9343 42.1769 -154.827 -22.5672 43.6392 -154.849 9.15259 53.8924 -154.858 -20.501 41.125 -154.828 -23.21 42.4458 -154.849 19.2094 42.1316 -154.874 -24.5436 32.9729 -154.852 21.8453 43.5875 -154.868 -21.6764 32.7758 -154.836 19.7736 41.0782 -154.876 -24.2499 27.7122 -154.855 22.4857 42.3922 -154.868 -21.4174 28.1394 -154.842 23.7972 32.9163 -154.873 -22.7049 22.4503 -154.858 20.9294 32.7262 -154.887 -20.0557 23.5017 -154.849 -17.8466 16.4787 -154.862 23.4912 27.6565 -154.875 -15.774 18.2384 -154.86 20.6599 28.0904 -154.892 21.934 22.3981 -154.877 -8.63495 12.786 -154.876 19.2872 23.4559 -154.896 -9.74664 10.2923 -154.868 -0.399424 10.2814 -154.872 17.0621 16.4379 -154.877 -0.396799 12.7765 -154.885 7.84161 12.7669 -154.895 14.9934 18.2028 -154.897 8.94757 10.2705 -154.876 -105.467 100.924 191.123 -105.606 101.065 174.795 -108.432 90.9626 184.448 -105.25 100.705 216.671 -108.719 91.4567 158.808 -111.74 83.0645 181.44 -112.418 81.3105 215.882 -104.995 100.448 246.637 -111.741 77.5744 245.443 -111.035 77.5806 268.494 -128.228 81.3951 272.12 -98.8286 69.8799 272.072 -104.995 100.448 246.637 -111.741 77.5744 245.443 -99.1665 71.915 248.335 -113.947 107.055 173.849 -140.842 95.2158 186.094 -138.29 94.6716 175.338 -115.302 103.781 168.694 -104.1 120.714 179.579 -108.15 124.765 188.033 -104.332 115.543 181.197 -108.102 125.878 187.507 -84.0925 121.445 186.637 -103.186 107.507 179.085 -109.191 109.276 180.189 -81.6268 119.059 187.109 -50.4825 115.2 202.877 -48.6693 95.5861 199.577 -55.0872 108.317 199.632 -76.3272 118.78 195.086 -61.4651 135.62 195.345 -53.48 94.5449 196.627 -77.4103 108.532 196.603 -50.2168 135.329 202.538 -48.1074 89.5969 206.98 -53.48 94.5449 196.627 -48.6693 95.5861 199.577 -81.8577 81.9348 187.852 -61.7727 90.3974 189.951 -137.905 95.1846 181.946 -112.263 105.195 171.381 -130.541 93.8642 177.303 -137.318 92.5401 179.264 -127.646 83.076 173.697 -95.8243 70.5826 188.269 -130.366 81.6245 177.942 -98.8368 73.428 183.72 -127.646 83.076 173.697 -112.263 105.195 171.381 -50.2168 135.329 202.538 -59.5897 139.453 195.361 -50.122 138.748 205.051 -61.4651 135.62 195.345 -61.6191 108.453 190.104 -77.4103 108.532 196.603 -55.0872 108.317 199.632 -82.3099 108.656 186.97 -133.863 91.1528 181.707 -139.96 91.1392 180.566 -137.318 92.5401 179.264 -130.541 93.8642 177.303 -139.96 91.1392 180.566 -137.905 95.1846 181.946 -137.318 92.5401 179.264 -140.697 95.5533 185.921 -113.781 107.254 173.591 -137.905 95.1846 181.946 -140.697 95.5533 185.921 -112.263 105.195 171.381 -112.263 105.195 171.381 -109.191 109.276 180.189 -103.186 107.507 179.085 -113.781 107.254 173.591 -61.6191 108.453 190.104 -53.48 94.5449 196.627 -61.7727 90.3974 189.951 -55.0872 108.317 199.632 -130.026 45.1627 129.143 -121.495 44.7872 124.507 -126.275 39.5595 129.075 -117.138 36.1278 123.367 -74.1576 99.1854 215.405 -72.9026 116.141 215.626 -82.2658 116.208 217.121 -83.7736 100.523 216.596 -135.453 119.528 84.255 -134.558 118.777 148.476 -140.85 121.69 151.134 -141.918 121.274 80.5726 -139.434 121.186 155.688 -133.142 118.513 155.593 -136.797 71.6889 135.404 -138.59 90.2028 140.033 -128.551 89.8395 134.229 -126.896 70.4782 129.723 -132.771 55.9171 131.681 -123.695 55.2498 126.632 -130.026 45.1627 129.143 -121.495 44.7872 124.507 -56.2589 86.7159 253.065 -99.1665 71.915 248.335 -96.4025 68.6301 259.508 -56.3844 84.993 259.88 -104.983 108.061 178.702 -105.606 101.065 174.795 -83.9688 100.72 193.648 -116.618 119.176 170.025 -116.116 107.344 171.254 -117.469 121.797 178.704 -115.042 107.392 164.453 -137.01 48.6536 41.9693 -115.311 34.8245 26.5182 -119.49 42.8635 39.9137 -128.778 53.8196 49.5885 -82.5773 119.615 213.074 -76.3914 109.144 191.541 -82.6511 119.689 191.484 -76.3176 109.069 213.132 -117.138 36.1278 123.367 -116.324 31.1684 127.049 -126.275 39.5595 129.075 -121.212 40.6999 38.1066 -136.476 45.6137 43.1935 -129.317 50.2493 46.0791 -121.061 36.551 24.6404 -116.285 118.324 176.004 -115.302 103.781 168.694 -116.932 116.383 164.125 -114.647 94.3481 156.42 -101.226 86.5552 148.486 -116.226 90.9478 153.184 -130.573 86.8964 159.449 -113.947 107.055 173.849 -116.285 118.324 176.004 -114.809 124.296 184.126 -115.302 103.781 168.694 -132.45 87.9915 161.896 -138.29 94.6716 175.338 -138.591 92.0341 174.514 -54.8076 115.93 222.376 -54.761 95.9612 222.301 -50.0933 115.832 229.123 -50.3891 94.8278 228.802 -54.0866 124.252 217.382 -54.8076 115.93 222.376 -50.0614 124.68 224.146 -49.3988 137.777 214.996 -50.0933 115.832 229.123 -47.5415 141.331 220.908 -58.7363 138.337 208.484 -49.3988 137.777 214.996 -61.3484 142.038 209.58 -47.5415 141.331 220.908 -54.0866 124.252 217.382 -49.3988 137.777 214.996 -58.7363 138.337 208.484 -71.3472 123.054 210.2 -54.8076 115.93 222.376 -72.9026 116.141 215.626 -74.1576 99.1854 215.405 -54.8076 115.93 222.376 -72.9026 116.141 215.626 -54.761 95.9612 222.301 -135.453 119.528 84.255 -140.082 90.5331 64.2449 -133.595 90.4386 68.8691 -141.918 121.274 80.5726 -138.96 71.6547 53.9281 -132.402 71.4958 58.8494 -128.778 53.8196 49.5885 -137.01 48.6536 41.9693 -54.761 95.9612 222.301 -74.1576 99.1854 215.405 -61.6788 97.0245 229.496 -75.2892 99.2957 223.705 -130.661 66.715 53.8612 -88.8212 61.0036 53.4211 -129.546 63.4244 67.2016 51.6192 118.228 198.644 51.1639 117.91 218.898 62.0253 124.358 208.545 60.5698 121.863 196.197 50.4856 114.858 223.345 50.8867 114.952 251.407 50.5298 124.531 223.454 49.0048 95.3167 251.008 50.6698 124.774 251.67 50.896 118.421 263.649 48.883 96.1367 222.922 51.1639 117.91 218.898 49.0399 90.4069 222.864 50.7045 124.765 263.656 50.5812 114.856 199.137 46.6541 88.6699 259.321 49.2006 107.849 199.093 48.2629 94.062 263.623 48.4959 90.5596 206.232 48.5267 96.3825 198.828 46.9139 90.1316 263.62 96.8312 68.3792 258.706 58.8494 87.577 222.274 96.1724 71.7458 220.831 56.8503 84.8298 259.172 79.5674 83.933 186.214 49.0399 90.4069 222.864 101 72.6529 186.149 46.6541 88.6699 259.321 55.6777 89.028 201.605 48.4959 90.5596 206.232 74.8636 120.348 194.161 78.301 122.155 191.461 76.6307 118.976 190.499 73.9091 116.871 192.497 109.8 108.905 254.059 78.9974 122.49 211.527 79.1796 122.386 254.025 109.746 108.959 208.151 78.301 122.155 191.461 82.5611 120.656 185.06 109.58 109.047 179.346 101 72.6529 186.149 79.5674 83.933 186.214 96.1679 74.936 181.61 81.9546 85.8381 180.818 128.714 81.0743 271.243 96.8312 68.3792 258.706 129.337 81.0261 252.903 99.29 69.6238 271.264 96.1724 71.7458 220.831 130.083 81.2115 205.878 101 72.6529 186.149 130.689 81.3493 177.05 60.9196 92.7437 188.856 55.6777 89.028 201.605 53.5513 94.6052 195.734 79.5674 83.933 186.214 48.5267 96.3825 198.828 48.4959 90.5596 206.232 76.6307 118.976 190.499 77.1347 107.945 186.185 73.3989 107.453 193.033 80.0281 117.221 185.579 104.574 122.233 173.596 101.491 121.953 167.362 107.104 125.624 171.354 103.936 125.55 163.674 105.517 122.114 183.535 107.823 125.529 177.711 108.293 125.519 186.329 104.98 122.263 177.536 104.928 107.835 246.841 78.9863 122.304 253.677 81.6381 117.705 247.455 109.607 108.822 253.711 109.553 108.877 207.803 104.928 107.835 246.841 104.243 107.84 207.378 109.607 108.822 253.711 82.2279 118.185 212.523 81.6381 117.705 247.455 78.8044 122.408 211.179 78.9863 122.304 253.677 108.34 124.406 186.854 109.387 108.964 178.998 105.766 121.335 184.371 103.886 108.767 179.359 104.243 107.84 207.378 109.387 108.964 178.998 109.553 108.877 207.803 103.886 108.767 179.359 81.7418 118.35 190.938 82.2279 118.185 212.523 78.7831 122.429 193.165 78.8044 122.408 211.179 78.7831 122.429 193.165 82.117 122.939 188.147 81.7418 118.35 190.938 78.9666 125.545 189.812 105.517 122.114 183.535 108.34 124.406 186.854 105.766 121.335 184.371 108.293 125.519 186.329 84.1036 125.571 163.523 101.491 121.953 167.362 85.0156 122.431 167.628 103.936 125.55 163.674 85.0156 122.431 167.628 80.4059 125.569 168.356 84.1036 125.571 163.523 82.8998 122.85 171.645 107.104 125.624 171.354 107.823 125.529 177.711 104.574 122.233 173.596 104.98 122.263 177.536 82.8998 122.85 171.645 78.9666 125.545 189.812 80.4059 125.569 168.356 82.117 122.939 188.147 101.491 121.953 167.362 82.8998 122.85 171.645 85.0156 122.431 167.628 104.574 122.233 173.596 105.517 122.114 183.535 81.7418 118.35 190.938 82.117 122.939 188.147 105.766 121.335 184.371 82.117 122.939 188.147 104.98 122.263 177.536 105.517 122.114 183.535 82.8998 122.85 171.645 104.98 122.263 177.536 82.8998 122.85 171.645 104.574 122.233 173.596 93.7721 112.96 189.436 105.766 121.335 184.371 103.886 108.767 179.359 81.7418 118.35 190.938 95.0251 112.819 212.736 93.7721 112.96 189.436 104.243 107.84 207.378 103.886 108.767 179.359 76.3071 109.789 191.09 88.4528 102.467 212.92 76.7931 109.624 212.675 87.1998 102.607 189.62 104.243 107.84 207.378 104.928 107.835 246.841 95.246 112.658 225.528 95.0251 112.819 212.736 95.246 112.658 225.528 82.2279 118.185 212.523 95.0251 112.819 212.736 81.6381 117.705 247.455 104.928 107.835 246.841 81.6381 117.705 247.455 95.246 112.658 225.528 137.838 94.3656 174.478 139.568 90.4809 179.846 140.504 94.847 185.21 138.052 91.7189 173.657 115.927 36.9271 48.2267 118.626 36.9496 24.002 111.413 31.9605 41.8096 119.168 39.4083 38.1129 118.081 31.4457 14.7273 119.838 36.1104 23.5785 117.413 39.374 58.4814 113.364 31.4916 126.361 118.577 33.5412 14.4572 117.691 36.5032 124.645 124.167 43.5223 126.947 117.691 36.5032 124.645 123.607 39.5395 128.318 117.747 39.0679 121.226 113.364 31.4916 126.361 123.821 49.3586 125.162 115.651 104.147 169.564 137.838 94.3656 174.478 113.872 107.484 173.191 140.504 94.847 185.21 113.872 107.484 173.191 115.009 124.067 183.188 116.684 118.997 177.4 115.651 104.147 169.564 123.67 43.4625 157.991 135.216 78.3705 173.56 134.659 78.6181 167.838 123.058 39.4735 162.666 138.052 91.7189 173.657 123.607 39.5395 128.318 139.568 90.4809 179.846 124.167 43.5223 126.947 123.624 49.3033 151.345 123.821 49.3586 125.162 125.011 61.2924 129.859 125.179 63.7067 155.547 127.153 63.248 66.479 126.552 50.1062 63.5626 128.145 66.4431 53.2512 127.393 50.0242 45.2436 139.886 118.528 147.441 142.879 125.755 78.7857 141.34 118.154 82.7857 141.068 125.324 151.029 141.398 117.924 76.7034 142.978 122.312 74.1495 114.969 125.236 181.87 123.248 125.264 172.087 117.66 120.031 176.312 123.365 119.828 170.62 141.068 125.324 151.029 139.886 118.528 147.441 134.638 45.7822 42.0439 138.561 71.6566 45.2173 136.717 48.8051 32.3022 136.179 67.9416 52.7714 140.425 90.525 56.2599 138.541 88.0178 62.3438 141.398 117.924 76.7034 142.978 122.312 74.1495 115.927 36.9271 48.2267 117.691 36.5032 124.645 117.413 39.374 58.4814 117.747 39.0679 121.226 116.684 118.997 177.4 115.009 124.067 183.188 114.969 125.236 181.87 117.66 120.031 176.312 117.66 120.031 176.312 119.039 117.012 164.852 116.684 118.997 177.4 120.238 117.867 163.132 131.675 87.8479 161.101 116.004 94.6993 157.2 129.742 86.8069 158.674 115.651 104.147 169.564 137.838 94.3656 174.478 117.449 91.2479 153.955 136.179 67.9416 52.7714 127.393 50.0242 45.2436 128.145 66.4431 53.2512 134.638 45.7822 42.0439 138.541 88.0178 62.3438 125.935 93.3309 66.8877 141.398 117.924 76.7034 93.1013 87.3379 68.9135 130.287 117.948 78.4042 90.7806 63.8296 59.1155 130.287 117.948 78.4042 141.34 118.154 82.7857 141.398 117.924 76.7034 130.49 117.893 84.8043 131.229 117.552 145.155 139.886 118.528 147.441 123.634 117.745 157.281 123.365 119.828 170.62 120.238 117.867 163.132 117.66 120.031 176.312 126.552 50.1062 63.5626 117.747 39.0679 121.226 123.821 49.3586 125.162 117.413 39.374 58.4814 120.866 40.9899 36.9179 127.393 50.0242 45.2436 119.168 39.4083 38.1129 123.634 117.745 157.281 117.449 91.2479 153.955 120.238 117.867 163.132 120.788 91.9133 148.441 131.229 117.552 145.155 116.004 94.6993 157.2 124.326 92.5453 138.95 119.039 117.012 164.852 124.326 92.5453 138.95 98.174 88.9856 134.273 98.8699 89.1254 141.729 124.534 93.5055 78.4609 120.788 91.9133 148.441 93.1013 87.3379 68.9135 99.6569 89.0038 149.479 125.935 93.3309 66.8877 117.449 91.2479 153.955 136.717 48.8051 32.3022 119.838 36.1104 23.5785 134.638 45.7822 42.0439 118.577 33.5412 14.4572 134.659 78.6181 167.838 131.675 87.8479 161.101 125.179 63.7067 155.547 138.052 91.7189 173.657 123.67 43.4625 157.991 129.742 86.8069 158.674 123.624 49.3033 151.345 130.49 117.893 84.8043 124.326 92.5453 138.95 131.229 117.552 145.155 124.534 93.5055 78.4609 130.287 117.948 78.4042 125.935 93.3309 66.8877 90.7806 63.8296 59.1155 94.8365 68.1332 130.405 93.1013 87.3379 68.9135 98.174 88.9856 134.273 95.3966 68.0225 137.461 98.8699 89.1254 141.729 96.24 67.7867 145.529 99.6569 89.0038 149.479 94.8365 68.1332 130.405 127.153 63.248 66.479 125.011 61.2924 129.859 90.7806 63.8296 59.1155 95.3966 68.0225 137.461 125.179 63.7067 155.547 96.24 67.7867 145.529 118.645 31.0268 15.3634 114.912 34.0723 41.1727 115.101 30.9992 42.2088 119.136 33.1221 15.0843 115.101 30.9992 42.2088 116.559 35.1269 121.976 116.421 30.898 126.773 114.912 34.0723 41.1727 119.136 33.1221 15.0843 137.191 48.5214 32.9051 131.844 47.421 40.155 114.912 34.0723 41.1727 116.559 35.1269 121.976 114.912 34.0723 41.1727 114.272 42.0486 48.5508 118.373 43.6698 123.057 123.982 52.7905 49.0854 120.943 54.0522 125.159 143.057 122.247 74.4615 136.76 89.0925 62.4891 140.635 90.3668 56.7239 141.102 119.684 78.8611 134.799 70.3011 52.1393 138.941 71.4405 45.7149 131.844 47.421 40.155 137.191 48.5214 32.9051 136.28 74.8862 165.564 125.587 39.3074 163.119 126.309 43.2928 157.495 135.33 77.1302 172.545 134.761 70.051 133.643 126.396 39.2658 128.776 130.164 54.4238 129.972 139.413 89.0723 169.677 127.03 43.7679 127.469 137.233 88.4822 138.289 139.746 89.2515 178.764 139.746 89.2515 178.764 133.15 89.52 169.025 133.684 89.4439 180.065 139.413 89.0723 169.677 107.912 90.5559 157.842 137.233 88.4822 138.289 113.614 89.8993 153.021 108.278 89.9604 183.479 127.152 89.7659 139.611 127.039 88.4469 132.748 111.266 81.9793 180.358 129.876 79.7992 205.193 129.803 80.0416 176.36 112.759 80.0876 211.291 130.238 79.4365 252.221 112.924 77.9694 247.796 112.788 77.9127 270.857 130.052 79.4247 270.57 49.0771 95.3492 251.582 48.335 94.0947 264.197 46.7254 88.7026 259.895 48.6892 89.0559 253.244 46.9854 90.1643 264.194 48.6892 89.0559 253.244 56.9213 84.8612 259.746 57.3386 86.1948 253.42 46.7254 88.7026 259.895 48.6892 89.0559 253.244 57.3386 86.1948 253.42 49.0771 95.3492 251.582 86.6497 99.6975 246.123 98.5545 70.3204 247.528 106.793 99.2592 245.77 50.9711 118.453 264.223 50.7458 124.806 252.244 50.7806 124.798 264.231 50.9615 114.984 251.981 51.7745 116.401 228.132 50.6058 124.563 224.027 51.4265 95.3983 227.73 49.0771 95.3492 251.582 104.335 119.874 173.93 108.092 125.637 178.633 107.727 125.645 172.252 104.593 119.858 177.186 107.727 125.645 172.252 101.568 119.975 168.106 104.335 119.874 173.93 104.205 125.658 164.596 80.6752 125.68 169.278 79.2359 125.656 190.734 83.0638 120.539 172.146 83.3527 120.499 188.654 104.205 125.658 164.596 86.7634 120.442 168.346 101.568 119.975 168.106 84.3729 125.681 164.445 80.6752 125.68 169.278 86.7634 120.442 168.346 84.3729 125.681 164.445 83.0638 120.539 172.146 83.3219 115.295 193.349 83.3527 120.499 188.654 79.0519 122.54 194.088 79.2359 125.656 190.734 83.7138 115.877 212.964 79.0519 122.54 194.088 79.0732 122.518 212.101 83.3219 115.295 193.349 104.841 114.667 180.423 105.2 107.18 177.886 109.654 109.071 179.921 108.609 124.513 187.777 105.509 100.185 173.94 108.609 124.513 187.777 104.593 119.858 177.186 104.841 114.667 180.423 108.562 125.626 187.251 104.335 119.874 173.93 86.7634 120.442 168.346 83.0638 120.539 172.146 101.568 119.975 168.106 104.593 119.858 177.186 83.3527 120.499 188.654 104.593 119.858 177.186 83.3219 115.295 193.349 104.841 114.667 180.423 83.3527 120.499 188.654 62.4872 116.268 211.951 50.6058 124.563 224.027 51.7745 116.401 228.132 62.5242 129.573 213.547 83.3219 115.295 193.349 105.2 107.18 177.886 104.841 114.667 180.423 83.7663 100.404 193.348 83.3219 115.295 193.349 84.129 100.149 212.342 83.7663 100.404 193.348 83.7138 115.877 212.964 83.7663 100.404 193.348 105.791 99.9786 190.265 105.509 100.185 173.94 106.203 99.6863 212.335 84.129 100.149 212.342 86.6497 99.6975 246.123 106.793 99.2592 245.77 63.6119 97.7873 211.307 51.4265 95.3983 227.73 49.0771 95.3492 251.582 134.799 70.3011 52.1393 130.396 89.174 67.2811 128.37 70.3191 57.2298 136.76 89.0925 62.4891 123.982 52.7905 49.0854 133.533 118.128 82.7148 131.844 47.421 40.155 141.102 119.684 78.8611 124.683 69.1635 128.219 128.37 70.3191 57.2298 130.396 89.174 67.2811 120.943 54.0522 125.159 127.039 88.4469 132.748 123.982 52.7905 49.0854 133.533 118.128 82.7148 131.453 106.265 140.309 134.288 117.129 146.934 114.879 124.462 183.387 114.224 107.039 173.312 118.092 120.533 177.609 116.109 106.159 170.146 133.073 119.551 154.108 118.092 120.533 177.609 116.936 117.977 168.946 138.061 121.388 154.451 133.073 119.551 154.108 130.797 106.093 149.132 134.288 117.129 146.934 131.453 106.265 140.309 127.152 89.7659 139.611 127.039 88.4469 132.748 116.936 117.977 168.946 130.797 106.093 149.132 133.073 119.551 154.108 114.859 106.269 163.377 127.152 89.7659 139.611 113.614 89.8993 153.021 112.788 77.9127 270.857 96.8999 68.4053 259.28 100.327 68.8013 271.251 98.5545 70.3204 247.528 112.924 77.9694 247.796 116.109 106.159 170.146 114.859 106.269 163.377 116.936 117.977 168.946 118.092 120.533 177.609 140.147 123.304 152.544 140.107 121.877 147.858 141.044 124.035 150.426 138.061 121.388 154.451 141.025 125.631 151.286 142.139 122.931 78.9545 143.027 125.714 79.0348 141.102 119.684 78.8611 143.057 122.247 74.4615 76.3071 109.789 191.09 82.2279 118.185 212.523 81.7418 118.35 190.938 76.7931 109.624 212.675 88.4528 102.467 212.92 95.0251 112.819 212.736 82.2279 118.185 212.523 76.7931 109.624 212.675 88.4528 102.467 212.92 87.1998 102.607 189.62 95.0251 112.819 212.736 93.7721 112.96 189.436 87.1998 102.607 189.62 81.7418 118.35 190.938 93.7721 112.96 189.436 76.3071 109.789 191.09 105.791 99.9786 190.265 108.278 89.9604 183.479 105.509 100.185 173.94 111.266 81.9793 180.358 112.759 80.0876 211.291 107.912 90.5559 157.842 106.203 99.6863 212.335 106.793 99.2592 245.77 112.924 77.9694 247.796 112.788 77.9127 270.857 100.327 68.8013 271.251 130.052 79.4247 270.57 106.793 99.2592 245.77 98.5545 70.3204 247.528 112.924 77.9694 247.796 134.638 45.7822 42.0439 120.866 40.9899 36.9179 127.393 50.0242 45.2436 119.838 36.1104 23.5785 108.092 125.637 178.633 104.593 119.858 177.186 108.562 125.626 187.251 106.238 106.142 176.225 82.5611 120.656 185.06 109.58 109.047 179.346 80.0281 117.221 185.579 127.951 93.7282 179.006 130.689 81.3493 177.05 124.64 82.5446 176.1 134.217 90.8697 180.807 53.0323 106.476 197.299 53.5513 94.6052 195.734 48.5267 96.3825 198.828 49.2006 107.849 199.093 77.1347 107.945 186.185 59.7869 106.428 189.052 73.3989 107.453 193.033 53.0323 106.476 197.299 53.5513 94.6052 195.734 59.7869 106.428 189.052 60.9196 92.7437 188.856 53.0323 106.476 197.299 127.951 93.7282 179.006 134.734 94.4509 178.579 134.217 90.8697 180.807 140.311 90.8427 179.651 112.198 104.423 172.128 135.458 97.2722 181.095 127.951 93.7282 179.006 124.64 82.5446 176.1 134.734 94.4509 178.579 96.1679 74.936 181.61 124.64 82.5446 176.1 101 72.6529 186.149 130.689 81.3493 177.05 96.1679 74.936 181.61 106.238 106.142 176.225 112.198 104.423 172.128 81.9546 85.8381 180.818 124.64 82.5446 176.1 77.1347 107.945 186.185 81.9546 85.8381 180.818 76.0258 90.7921 184.728 106.238 106.142 176.225 60.9196 92.7437 188.856 80.0281 117.221 185.579 59.7869 106.428 189.052 114.151 107.015 172.738 141.081 95.3446 185.515 135.458 97.2722 181.095 112.198 104.423 172.128 134.734 94.4509 178.579 141.081 95.3446 185.515 140.311 90.8427 179.651 135.458 97.2722 181.095 109.58 109.047 179.346 114.151 107.015 172.738 112.198 104.423 172.128 106.238 106.142 176.225 116.559 35.1269 121.976 126.396 39.2658 128.776 116.421 30.898 126.773 118.373 43.6698 123.057 127.03 43.7679 127.469 126.396 39.2658 128.776 116.559 35.1269 121.976 62.4872 116.268 211.951 51.7745 116.401 228.132 63.6119 97.7873 211.307 51.4265 95.3983 227.73 111.266 81.9793 180.358 133.684 89.4439 180.065 108.278 89.9604 183.479 129.803 80.0416 176.36 137.233 88.4822 138.289 134.761 70.051 133.643 127.039 88.4469 132.748 124.683 69.1635 128.219 130.164 54.4238 129.972 120.943 54.0522 125.159 127.03 43.7679 127.469 118.373 43.6698 123.057 109.654 109.071 179.921 105.509 100.185 173.94 107.912 90.5559 157.842 114.224 107.039 173.312 113.614 89.8993 153.021 105.2 107.18 177.886 83.7663 100.404 193.348 105.509 100.185 173.94 96.8999 68.4053 259.28 57.3386 86.1948 253.42 56.9213 84.8612 259.746 98.5545 70.3204 247.528 116.109 106.159 170.146 113.614 89.8993 153.021 114.859 106.269 163.377 140.147 123.304 152.544 114.879 124.462 183.387 118.092 120.533 177.609 138.061 121.388 154.451 114.224 107.039 173.312 113.614 89.8993 153.021 116.109 106.159 170.146 120.866 40.9899 36.9179 119.838 36.1104 23.5785 118.626 36.9496 24.002 119.168 39.4083 38.1129 115.651 104.147 169.564 116.684 118.997 177.4 119.039 117.012 164.852 116.004 94.6993 157.2 99.6569 89.0038 149.479 129.742 86.8069 158.674 117.449 91.2479 153.955 125.179 63.7067 155.547 99.6569 89.0038 149.479 96.24 67.7867 145.529 129.742 86.8069 158.674 131.675 87.8479 161.101 138.052 91.7189 173.657 137.838 94.3656 174.478 141.102 119.684 78.8611 140.107 121.877 147.858 133.533 118.128 82.7148 134.288 117.129 146.934 138.061 121.388 154.451 133.073 119.551 154.108 114.839 125.625 182.063 140.147 123.304 152.544 141.025 125.631 151.286 114.879 124.462 183.387 114.272 42.0486 48.5508 131.844 47.421 40.155 123.982 52.7905 49.0854 114.912 34.0723 41.1727 51.1639 117.91 218.898 62.4476 129.543 212.973 62.0253 124.358 208.545 50.5298 124.531 223.454 73.3989 107.453 193.033 73.9091 116.871 192.497 76.6307 118.976 190.499 71.4992 110.427 193.145 50.5812 114.856 199.137 60.5698 121.863 196.197 53.0323 106.476 197.299 49.2006 107.849 199.093 74.8636 120.348 194.161 51.6192 118.228 198.644 78.9974 122.49 211.527 78.301 122.155 191.461 74.9992 120.523 205.911 74.8636 120.348 194.161 74.8636 120.348 194.161 60.5698 121.863 196.197 74.9992 120.523 205.911 62.0253 124.358 208.545 62.4476 129.543 212.973 74.9992 120.523 205.911 62.0253 124.358 208.545 78.9974 122.49 211.527 79.0732 122.518 212.101 62.5242 129.573 213.547 62.4872 116.268 211.951 83.7138 115.877 212.964 62.4872 116.268 211.951 84.129 100.149 212.342 83.7138 115.877 212.964 63.6119 97.7873 211.307 128.145 66.4431 53.2512 127.153 63.248 66.479 90.7806 63.8296 59.1155 51.6192 118.228 198.644 76.6307 118.976 190.499 82.5611 120.656 185.06 80.0281 117.221 185.579 78.301 122.155 191.461 60.9196 92.7437 188.856 76.0258 90.7921 184.728 79.5674 83.933 186.214 76.0258 90.7921 184.728 81.9546 85.8381 180.818 79.5674 83.933 186.214 70.8271 81.86 -130.79 70.8271 82.1057 -121.798 100.672 88.1017 -232.681 99.8201 86.0447 -232.681 88.0524 88.1017 -232.681 87.2005 86.0447 -232.681 60.9888 76.4869 -139.091 71.7272 76.4869 -128.907 72.3835 78.1142 -136.094 72.3835 72.4223 -136.094 80.5896 78.1142 -132.142 80.5896 72.4223 -132.142 -70.9954 81.8579 -130.862 -97.8139 85.1929 -232.681 -94.9051 88.1017 -232.681 -95.7571 86.0447 -232.681 -97.8139 88.1017 -227.5 -95.7571 90.1584 -232.681 -97.8139 85.1929 -232.681 -97.8139 91.0104 -232.681 -99.8707 86.0447 -232.681 -100.723 88.1017 -232.681 -99.8707 90.1584 -232.681 -97.8139 91.0104 -232.681 -68.7553 88.1017 -232.359 -72.6923 84.1647 -232.359 -72.6923 92.0386 -232.359 -69.9084 85.3177 -232.359 -69.7835 88.1017 -232.681 -68.7553 88.1017 -232.359 -70.6355 86.0447 -232.681 -72.6923 84.1647 -232.359 -69.9084 90.8854 -232.359 -72.6923 85.1929 -232.681 -70.6355 90.1584 -232.681 -72.6923 92.0386 -232.359 -74.7492 86.0447 -232.681 -75.4762 85.3177 -232.359 -72.6923 91.0104 -232.681 -76.6293 88.1017 -232.359 -75.4762 90.8854 -232.359 -75.6011 88.1017 -232.681 -74.7492 90.1584 -232.681 -69.7835 88.1017 -232.681 -70.6355 86.0447 -232.681 -72.6923 88.1017 -227.5 -70.6355 90.1584 -232.681 -72.6923 85.1929 -232.681 -72.6923 91.0104 -232.681 -74.7492 86.0447 -232.681 -75.6011 88.1017 -232.681 -74.7492 90.1584 -232.681 -72.6923 91.0104 -232.681 -85.312 85.1929 -232.681 -87.3688 90.1584 -232.681 -82.4032 88.1017 -232.681 -83.2551 86.0447 -232.681 -85.312 88.1017 -227.5 -83.2551 90.1584 -232.681 -85.312 85.1929 -232.681 -85.312 91.0104 -232.681 -87.3688 86.0447 -232.681 -88.2207 88.1017 -232.681 -87.3688 90.1584 -232.681 -85.312 91.0104 -232.681 -65.9234 82.5201 -141.12 -71.8955 82.5201 -128.907 -71.8955 76.4869 -128.907 -80.7579 72.4224 -132.142 -80.7579 78.1142 -132.142 -89.866 72.4224 -132.142 -89.866 78.1142 -132.142 48.2675 149.117 152.563 -54.9349 137.492 152.563 -42.8629 28.6775 -52.9075 -49.8106 20.9889 -67.4451 -43.2126 17.9474 -65.2403 -41.1833 47.2278 -43.5905 -52.0238 37.1508 -46.4815 -28.134 80.6852 -71.3853 -23.8224 80.6852 -102.636 -28.6471 68.315 -96.3199 -31.8304 68.315 -71.3344 -31.6168 80.6852 -46.142 -35.0431 68.315 -46.1178 -41.5295 51.8906 -2.39425 -39.8824 80.6851 12.5163 -41.1833 47.2278 -43.5905 -39.8824 35.6128 0.101916 -35.4408 6.6664 -44.8679 -42.8629 28.6775 -52.9075 -32.912 22.3262 31.4613 -36.1315 6.6664 -64.7526 -61.584 54.1501 -23.4974 -50.0399 63.6945 -41.3693 -50.0872 50.5644 -37.9073 -40.6815 62.2205 -45.4738 -41.1833 47.2278 -43.5905 -35.0431 68.315 -46.1178 -122.93 71.2822 36.8613 -137.659 47.6472 32.8076 -139.076 71.609 45.9599 -119.217 33.2288 15.275 -81.6503 56.0246 6.19731 -81.6129 71.3761 14.0565 -86.7903 33.3968 -2.57429 -81.4172 89.5587 23.2812 -124.623 90.1297 47.4718 -139.076 71.609 45.9599 -81.0589 122.849 40.1704 -140.183 90.4535 56.2445 -127.537 122.579 65.7399 -140.183 90.4535 56.2445 -142.057 122.371 73.6641 -134.699 78.7756 253.614 -135.561 78.8512 206.706 -126.18 54.8753 253.614 -134.2 78.7832 275.739 -126.425 54.8968 206.355 -126.037 54.4612 275.739 -136.295 78.9156 174.111 -125.486 39.5964 163.31 -119.615 38.4236 253.614 -119.615 38.4236 206.215 -119.615 38.6656 275.739 -79.0018 125.923 190.768 -78.8175 122.811 166.68 -80.4664 125.923 169.314 -78.8175 122.811 194.125 -18.0542 26.1117 275.739 -80.7571 41.9842 275.739 -0.000005 23.3428 275.739 -80.0933 46.8891 275.74 18.0542 26.1117 275.739 30.0158 34.976 275.74 80.7571 41.9842 275.739 80.0933 46.8891 275.74 -82.4179 27.1799 275.739 -119.615 38.4236 253.614 -82.4267 27.2228 242.231 -119.615 38.6656 275.739 -119.615 38.4236 206.215 -82.4267 27.2228 207.214 -91.0339 38.103 161.259 -125.486 39.5964 163.31 -134.699 78.7756 253.614 -129.151 81.4482 253.623 -129.953 81.5787 206.598 -135.561 78.8512 206.706 -130.593 81.6829 177.771 -136.295 78.9156 174.111 -0.000004 23.3858 243.516 -0.000005 23.3428 275.739 -18.0542 26.1117 275.739 18.0542 26.1117 275.739 -18.8477 26.1547 243.516 18.8477 26.1547 243.516 -80.7571 41.9842 275.739 80.7571 41.9842 275.739 18.8477 26.1547 205.832 -18.8477 26.1547 205.832 80.7659 42.0271 243.516 -0.000003 23.3858 205.484 -80.7659 42.0271 207.112 80.7659 42.0271 207.112 -0.000002 24.2627 161.208 -80.7659 42.0271 243.516 -20.2066 24.2627 161.208 20.2066 24.2627 161.208 -91.0339 38.103 161.259 91.0339 38.103 161.259 -88.5375 31.1332 38.9667 -118.728 31.1332 15.5559 -85.8166 31.1332 -0.477135 -115.153 31.1332 42.3972 -87.1776 31.1332 127.818 -116.373 31.1332 126.963 -62.5363 70.8362 -34.8453 -50.0399 63.6945 -41.3693 -49.9614 64.2022 -45.7095 -65.1299 70.8362 -24.103 -80.0933 46.8891 275.74 -68.5035 114.864 94.0021 -50.7022 114.833 78.2011 -51.9276 111.302 76.3802 -66.6585 118.657 95.5748 -70.2115 111.27 92.5341 -0.000000 111.391 30.5021 -49.0654 118.625 80.4061 -0.000000 114.743 33.1965 -68.5035 114.864 94.0021 -70.2115 111.27 92.5341 -68.4138 114.878 113.805 -66.6585 118.657 95.5748 -70.1118 111.228 165.822 -66.6585 118.671 114.242 -68.1992 114.906 166.653 -68.1992 114.906 166.653 -70.501 115.442 113.862 -68.4138 114.878 113.805 -70.2575 115.536 167.102 -70.1118 111.228 165.822 -70.2575 115.536 167.102 -68.1992 114.906 166.653 -73.9972 109.76 165.373 -78.493 102.817 163.355 -0.003296 118.282 35.2392 -31.6168 80.6852 -46.142 0.000001 80.6851 -20.953 0.000002 80.6852 -47.0033 -39.8824 80.6851 12.5163 -28.134 80.6852 -71.3853 31.6168 80.6852 -46.142 0.000002 80.6852 -70.9972 -23.8224 80.6852 -102.636 28.134 80.6852 -71.3853 39.8824 80.6851 12.5163 -72.1149 48.2094 -267.371 -66.0261 37.2254 -258.754 -76.9852 33.9388 -284.573 -119.217 33.2288 15.275 -86.7903 33.3968 -2.57429 -118.728 31.1332 15.5559 -85.8166 31.1332 -0.477135 -79.9527 90.9169 72.7969 -80.2333 86.2418 72.2775 -80.4351 85.601 66.2443 -78.493 102.817 163.355 -79.2507 124.017 85.5835 -78.8175 122.811 166.68 -78.8908 102.531 84.6831 -79.4155 124.223 45.9774 -79.4889 122.11 40.9896 -79.9527 90.9169 72.7969 -79.6814 89.2182 24.5398 -79.7887 70.8752 15.366 -79.536 80.943 50.1078 -80.4351 85.601 66.2443 -79.536 59.4564 33.601 -79.8775 55.2498 7.66685 -78.8654 43.7742 39.4738 -70.2115 111.27 92.5341 -73.9972 109.76 165.373 -70.1118 111.228 165.822 -74.077 109.997 88.8272 -70.2575 115.536 167.102 -70.501 115.442 113.862 -70.2115 111.27 92.5341 -56.2365 110.018 73.7469 -74.077 109.997 88.8272 -51.9276 111.302 76.3802 -0.000000 111.391 30.5021 -0.010071 110.104 26.2415 -68.3419 118.779 114.293 -66.6585 118.657 95.5748 -66.6585 118.671 114.242 -68.5513 118.762 93.7972 -50.6939 118.454 78.341 -49.0654 118.625 80.4061 -50.7022 114.833 78.2011 -49.0654 118.625 80.4061 -50.6939 118.454 78.341 -52.0672 115.51 76.2845 -66.6585 118.671 114.242 -68.4138 114.878 113.805 -68.3419 118.779 114.293 -70.501 115.442 113.862 -24.732 88.9271 23.8586 -79.9527 90.9169 72.7969 -56.2365 110.018 73.7469 -0.010071 110.104 26.2415 -74.077 109.997 88.8272 -23.2298 85.4867 18.7995 -0.030883 84.8498 -1.54102 -78.8908 102.531 84.6831 -26.2839 84.2846 17.8094 -25.5875 84.7838 24.9599 -23.4717 85.4855 23.2764 -80.4351 85.601 66.2443 -23.2298 85.4867 18.7995 -78.2132 86.3084 72.2815 -80.2333 86.2418 72.2775 -67.8952 70.8362 -35.5052 -62.2184 70.8362 -45.7516 -70.0852 70.8362 -45.1147 -62.5363 70.8362 -34.8453 -71.3591 70.8362 -29.6523 -65.1299 70.8362 -24.103 -63.1435 140.724 173.182 -78.8175 122.811 166.68 -81.4172 89.5587 23.2812 -81.0589 122.849 40.1704 -79.4889 122.11 40.9896 -79.6814 89.2182 24.5398 -81.6129 71.3761 14.0565 -79.7887 70.8752 15.366 -79.7887 70.8752 15.366 -81.6503 56.0246 6.19731 -81.6129 71.3761 14.0565 -79.8775 55.2498 7.66685 -81.0589 122.849 40.1704 -80.9553 125.923 46.3714 -79.4889 122.11 40.9896 -79.4155 124.223 45.9774 -86.7903 33.3968 -2.57429 -79.8775 55.2498 7.66685 -85.8166 31.1332 -0.477135 -81.6503 56.0246 6.19731 -97.3046 64.662 275.743 -87.1776 31.1332 127.818 -58.9398 24.2627 161.208 -91.5662 38.103 131.006 -60.1682 23.3111 128.69 -61.5695 22.3262 88.8159 -91.0339 38.103 161.259 0.000001 6.6664 -28.5252 -9.9635 6.6664 -64.8566 10.5929 6.6664 -27.8636 0.000001 13.7058 1.21392 35.4408 6.6664 -44.8679 -10.5929 6.6664 -27.8636 11.1105 13.6653 0.383292 36.1315 6.6664 -64.7526 -11.1105 13.6653 0.383292 32.912 22.3262 31.4613 -35.4408 6.6664 -44.8679 0.000001 21.5151 34.2057 -32.912 22.3262 31.4613 -36.1315 6.6664 -64.7526 -0.000000 22.3262 89.9627 -20.1544 23.3111 128.69 -20.0957 22.3262 89.637 -0.000001 23.3111 128.69 -0.000000 22.3262 89.9627 20.1544 23.3111 128.69 20.0957 29.4303 89.637 -24.7728 88.2813 25.1416 -23.4717 85.4855 23.2764 -25.5875 84.7838 24.9599 -25.5875 84.7838 24.9599 -77.6602 89.6863 72.6631 -24.7728 88.2813 25.1416 -78.2132 86.3084 72.2815 -77.6602 89.6863 72.6631 -24.732 88.9271 23.8586 -24.7728 88.2813 25.1416 -79.9527 90.9169 72.7969 -128.199 125.923 71.585 -80.9553 125.923 46.3714 -127.537 122.579 65.7399 -142.057 122.371 73.6641 -142.955 125.923 79.1595 -81.0589 122.849 40.1704 -116.373 31.1332 126.963 -91.5662 38.103 131.006 -126.336 39.5151 128.968 -87.1776 31.1332 127.818 -20.0957 22.3262 89.637 0.000000 21.85 57.2248 -0.000000 22.3262 89.9627 -20.105 22.1444 56.7165 -26.2839 84.2846 17.8094 -39.8824 80.6851 12.5163 -79.536 80.943 50.1078 0.000001 80.6851 -20.953 -80.4351 85.601 66.2443 -0.030883 84.8498 -1.54102 26.2839 84.2846 17.8094 39.8824 80.6851 12.5163 -23.2298 85.4867 18.7995 23.2502 85.5132 18.7755 79.536 80.943 50.1078 80.4351 85.601 66.2443 -140.837 125.923 151.393 -128.199 125.923 71.585 -142.955 125.923 79.1595 -84.7408 125.923 150.846 -88.1276 125.923 85.1195 -84.1699 125.923 164.485 -80.9553 125.923 46.3714 -80.8003 125.923 85.6986 -80.4664 125.923 169.314 -58.9398 24.2627 161.208 -60.1682 23.3111 128.69 -20.1544 23.3111 128.69 -20.2066 24.2627 161.208 -0.000002 24.2627 161.208 -0.000001 23.3111 128.69 20.1544 23.3111 128.69 20.2066 24.2627 161.208 58.9398 24.2627 161.208 60.1682 23.3111 128.69 67.8952 70.8362 -35.5052 77.3454 70.8362 -44.2872 70.0852 70.8362 -45.1147 62.5363 70.8362 -34.8453 71.3591 70.8362 -29.6523 62.2184 70.8362 -45.7516 65.1299 70.8362 -24.103 72.1149 48.2094 -267.371 66.0261 37.2254 -258.754 65.2158 43.7304 -256.919 78.8654 43.7742 39.4738 32.912 22.3262 31.4613 39.8824 35.6128 0.101916 61.5695 22.3262 88.8159 -41.5295 51.8906 -2.39425 -79.536 59.4564 33.601 -39.8824 80.6851 12.5163 -79.536 80.943 50.1078 63.1435 140.724 173.182 78.8175 122.811 166.68 91.0339 38.103 161.259 58.9398 24.2627 161.208 91.5662 38.103 131.006 87.1776 31.1332 127.818 60.1682 23.3111 128.69 61.5695 22.3262 88.8159 88.5375 31.1332 38.9667 78.8654 43.7742 39.4738 135.561 78.8512 206.706 126.425 54.8968 206.355 134.699 78.7756 253.614 136.295 78.9156 174.111 119.615 38.4236 253.614 125.486 39.5964 163.31 119.615 38.4236 206.215 119.615 38.6656 275.739 80.0933 46.8891 275.74 30.0158 34.976 275.74 119.615 38.4236 253.614 82.4179 27.1799 275.739 82.4267 27.2228 242.231 119.615 38.6656 275.739 119.615 38.4236 206.215 82.4267 27.2228 207.214 91.0339 38.103 161.259 125.486 39.5964 163.31 84.5716 62.4521 259.401 88.5375 31.1332 38.9667 118.728 31.1332 15.5559 115.153 31.1332 42.3972 85.8166 31.1332 -0.477132 87.1776 31.1332 127.818 116.373 31.1332 126.963 82.4179 27.1799 275.739 80.7659 42.0271 243.516 82.4267 27.2228 242.231 80.7571 41.9842 275.739 80.7659 42.0271 207.112 82.4267 27.2228 207.214 91.0339 38.103 161.259 -91.0339 38.103 161.259 -125.486 39.5964 163.31 -91.5662 38.103 131.006 -126.336 39.5151 128.968 -30.0158 34.976 275.74 -79.536 59.4564 33.601 -39.8824 35.6128 0.101916 -78.8654 43.7742 39.4738 -41.5295 51.8906 -2.39425 91.5662 38.103 131.006 125.486 39.5964 163.31 91.0339 38.103 161.259 126.336 39.5151 128.968 79.7887 70.8752 15.366 79.536 59.4564 33.601 79.536 80.943 50.1078 79.8775 55.2498 7.66685 79.6814 89.2182 24.5398 78.8654 43.7742 39.4738 79.9678 90.9366 72.779 79.4889 122.11 40.9896 80.4351 85.601 66.2443 78.9219 102.571 84.6464 80.2333 86.2418 72.2577 79.4155 124.223 45.9774 79.2507 124.017 85.5835 78.493 102.817 163.355 78.8175 122.811 166.68 62.5363 70.8362 -34.8453 50.0399 63.6945 -41.3693 65.1299 70.8362 -24.103 42.8629 28.6775 -52.9075 49.8106 20.9889 -67.4451 52.0238 37.1508 -46.4815 41.1833 47.2278 -43.5905 50.0872 50.5644 -37.9073 134.699 78.7756 253.614 135.561 78.8512 206.706 129.953 81.5787 206.598 129.151 81.4482 253.623 130.593 81.6829 177.771 136.295 78.9156 174.111 74.0931 110.018 88.8081 78.493 102.817 163.355 78.9219 102.571 84.6464 73.9972 109.76 165.373 51.9276 111.302 76.3802 68.5035 114.864 94.0021 70.2115 111.27 92.5341 50.7022 114.833 78.2011 -0.000000 111.391 30.5021 66.6585 118.657 95.5748 -0.000000 114.743 33.1965 49.0654 118.625 80.4061 70.2115 111.27 92.5341 56.235 110.016 73.7487 51.9276 111.302 76.3802 74.0931 110.018 88.8081 -0.000000 111.391 30.5021 -0.010071 110.104 26.2415 55.6858 133.569 172.089 68.1992 114.906 166.653 70.501 115.442 113.862 70.2575 115.536 167.102 68.4138 114.878 113.805 70.1118 111.228 165.822 68.1992 114.906 166.653 70.2575 115.536 167.102 73.9972 109.76 165.373 78.8175 122.811 166.68 78.493 102.817 163.355 80.418 33.8836 -283.257 72.4866 28.346 -262.761 76.9852 33.9388 -284.573 88.1276 125.923 85.1195 115.049 125.923 151.597 128.199 125.923 71.585 84.7408 125.923 150.846 80.9553 125.923 46.3714 140.837 125.923 151.393 80.8003 125.923 85.6986 142.925 125.923 79.144 84.1699 125.923 164.485 80.4664 125.923 169.314 -24.732 88.9271 23.8586 -23.4717 85.4855 23.2764 -24.7728 88.2813 25.1416 -23.2298 85.4867 18.7995 78.3064 89.6863 72.6631 25.5875 84.7838 24.9599 24.7728 88.2813 25.1416 78.8594 86.3084 72.2815 23.4717 85.4855 23.2764 79.9678 90.9366 72.779 74.0931 110.018 88.8081 78.9219 102.571 84.6464 56.235 110.016 73.7487 24.7494 88.9497 23.8382 -0.010071 110.104 26.2415 23.2502 85.5132 18.7755 -0.030883 84.8498 -1.54102 78.3064 89.6863 72.6631 24.7494 88.9497 23.8382 79.9678 90.9366 72.779 24.7728 88.2813 25.1416 80.2333 86.2418 72.2577 78.3064 89.6863 72.6631 79.9678 90.9366 72.779 78.8594 86.3084 72.2815 80.4351 85.601 66.2443 26.2839 84.2846 17.8094 25.5875 84.7838 24.9599 78.8594 86.3084 72.2815 80.2333 86.2418 72.2577 23.4717 85.4855 23.2764 23.2502 85.5132 18.7755 60.1036 131.217 171.639 70.2575 115.536 167.102 70.501 115.442 113.862 -87.1776 31.1332 127.818 -78.8654 43.7742 39.4738 -61.5695 22.3262 88.8159 -79.2507 124.017 85.5835 -80.9553 125.923 46.3714 -80.8003 125.923 85.6986 -79.4155 124.223 45.9774 -78.8175 122.811 166.68 -80.4664 125.923 169.314 73.9972 109.76 165.373 74.0931 110.018 88.8081 70.2115 111.27 92.5341 70.1118 111.228 165.822 66.6585 118.657 95.5748 68.4138 114.878 113.805 68.5035 114.864 94.0021 66.6585 118.671 114.242 70.2115 111.27 92.5341 70.1118 111.228 165.822 68.1992 114.906 166.653 50.685 118.442 78.3515 68.4817 118.671 93.8795 66.6585 118.657 95.5748 49.0654 118.625 80.4061 68.3419 118.779 114.293 66.6585 118.671 114.242 39.8824 35.6128 0.101916 35.4408 6.6664 -44.8679 41.1833 47.2278 -43.5905 32.912 22.3262 31.4613 42.8629 28.6775 -52.9075 41.5295 51.8906 -2.39425 31.6168 80.6852 -46.142 35.0431 68.315 -46.1178 39.8824 80.6851 12.5163 31.8304 68.315 -71.3344 28.134 80.6852 -71.3853 91.5662 38.103 131.006 116.373 31.1332 126.963 126.336 39.5151 128.968 87.1776 31.1332 127.818 78.8175 122.811 166.68 79.0018 125.923 190.768 80.4664 125.923 169.314 78.8175 122.811 194.125 20.0957 29.4303 89.637 0.000000 21.85 57.2248 20.105 22.1444 56.7165 -0.000000 22.3262 89.9627 -61.5695 22.3262 88.8159 -20.105 22.1444 56.7165 -20.0957 22.3262 89.637 -32.912 22.3262 31.4613 39.8824 80.6851 12.5163 79.536 80.943 50.1078 79.536 59.4564 33.601 41.5295 51.8906 -2.39425 -32.912 22.3262 31.4613 -78.8654 43.7742 39.4738 -39.8824 35.6128 0.101916 -61.5695 22.3262 88.8159 -0.000000 115.236 31.9036 52.0672 115.51 76.2845 -0.000000 114.743 33.1965 50.7022 114.833 78.2011 -73.9972 109.76 165.373 -74.077 109.997 88.8272 -78.493 102.817 163.355 -78.8908 102.531 84.6831 -63.0979 140.732 195.088 81.0589 122.849 40.1704 81.4172 89.5587 23.2812 79.4889 122.11 40.9896 79.6814 89.2182 24.5398 81.6129 71.3761 14.0565 79.7887 70.8752 15.366 79.7887 70.8752 15.366 81.6503 56.0246 6.19732 79.8775 55.2498 7.66685 81.6129 71.3761 14.0565 79.4889 122.11 40.9896 80.9553 125.923 46.3714 81.0589 122.849 40.1704 79.4155 124.223 45.9774 79.8775 55.2498 7.66685 86.7903 33.3968 -2.57429 85.8166 31.1332 -0.477132 81.6503 56.0246 6.19732 -0.000000 115.236 31.9036 -52.0672 115.51 76.2845 -0.003296 118.282 35.2392 52.0672 115.51 76.2845 -50.6939 118.454 78.341 68.4817 118.671 93.8795 79.536 59.4564 33.601 39.8824 35.6128 0.101916 41.5295 51.8906 -2.39425 78.8654 43.7742 39.4738 86.7903 33.3968 -2.57429 119.217 33.2288 15.275 118.728 31.1332 15.5559 85.8166 31.1332 -0.477132 81.0589 122.849 40.1704 124.623 90.1297 47.4718 81.4172 89.5587 23.2812 127.537 122.579 65.7399 122.93 71.2822 36.8613 140.357 90.4572 56.3425 138.941 71.6063 45.8837 81.6129 71.3761 14.0565 142.752 122.361 74.0436 140.357 90.4572 56.3425 81.6503 56.0246 6.19732 119.217 33.2288 15.275 137.233 48.67 33.099 138.941 71.6063 45.8837 86.7903 33.3968 -2.57429 79.8775 55.2498 7.66685 88.5375 31.1332 38.9667 78.8654 43.7742 39.4738 85.8166 31.1332 -0.477132 52.0672 115.51 76.2845 50.685 118.442 78.3515 50.7022 114.833 78.2011 49.0654 118.625 80.4061 41.1833 47.2278 -43.5905 40.6815 62.2205 -45.4738 35.0431 68.315 -46.1178 50.0872 50.5644 -37.9073 50.0399 63.6945 -41.3693 91.1824 70.8362 18.6283 -20.105 22.1444 56.7165 0.000001 21.5151 34.2057 0.000000 21.85 57.2248 142.752 122.361 74.0436 127.537 122.579 65.7399 128.199 125.923 71.585 142.925 125.923 79.144 80.9553 125.923 46.3714 81.0589 122.849 40.1704 -140.201 91.1894 180.372 -136.295 78.9156 174.111 -134.106 91.2115 181.521 -130.593 81.6829 177.771 -80.7659 42.0271 207.112 -80.7659 42.0271 243.516 -82.4267 27.2228 242.231 -82.4267 27.2228 207.214 -91.0339 38.103 161.259 -82.4179 27.1799 275.739 -80.7571 41.9842 275.739 -80.2333 86.2418 72.2775 -77.6602 89.6863 72.6631 -78.2132 86.3084 72.2815 -79.9527 90.9169 72.7969 -52.0672 115.51 76.2845 -0.000000 114.743 33.1965 -50.7022 114.833 78.2011 -0.000000 115.236 31.9036 79.2507 124.017 85.5835 80.9553 125.923 46.3714 79.4155 124.223 45.9774 80.8003 125.923 85.6986 78.8175 122.811 166.68 80.4664 125.923 169.314 136.295 78.9156 174.111 134.106 91.2115 181.521 130.593 81.6829 177.771 140.201 91.1894 180.372 -20.1544 23.3111 128.69 -60.1682 23.3111 128.69 -20.0957 22.3262 89.637 -61.5695 22.3262 88.8159 -88.5375 31.1332 38.9667 -79.8775 55.2498 7.66685 -78.8654 43.7742 39.4738 -85.8166 31.1332 -0.477135 24.7494 88.9497 23.8382 23.4717 85.4855 23.2764 23.2502 85.5132 18.7755 24.7728 88.2813 25.1416 68.4138 114.878 113.805 68.3419 118.779 114.293 70.501 115.442 113.862 66.6585 118.671 114.242 20.1544 23.3111 128.69 20.0957 29.4303 89.637 60.1682 23.3111 128.69 61.5695 22.3262 88.8159 20.105 22.1444 56.7165 0.000000 21.85 57.2248 0.000001 21.5151 34.2057 61.5695 22.3262 88.8159 20.105 22.1444 56.7165 32.912 22.3262 31.4613 20.0957 29.4303 89.637 91.0339 38.103 161.259 20.2066 24.2627 161.208 58.9398 24.2627 161.208 -91.0339 38.103 161.259 -58.9398 24.2627 161.208 -20.2066 24.2627 161.208 -87.1776 31.1332 127.818 -88.5375 31.1332 38.9667 -78.8654 43.7742 39.4738 -8.3111 84.1014 -85.0071 0.000002 80.8734 -84.2642 0.000002 84.1014 -85.0071 -9.11401 80.8734 -84.2642 8.3111 84.1014 -85.0071 9.11402 80.8734 -84.2642 8.3111 84.1014 -85.0071 11.6505 85.9366 -100.231 0.000002 85.9366 -100.231 -8.3111 84.1014 -85.0071 -11.6505 85.9366 -100.231 -8.3111 84.1014 -85.0071 -12.4533 79.9389 -100.231 -9.11401 80.8734 -84.2642 -11.6505 85.9366 -100.231 9.11402 80.8734 -84.2642 12.4533 79.9389 -100.231 8.3111 84.1014 -85.0071 -19.9821 86.5439 -80.4173 -18.9841 84.1014 -67.9887 -13.6759 86.5439 -80.4173 -14.6739 84.1014 -67.9887 -13.6759 85.2469 -84.004 -19.9821 85.2469 -84.004 -19.9821 86.5439 -80.4173 -13.6759 86.5439 -80.4173 -18.9841 84.1014 -67.9887 -19.9821 86.5439 -80.4173 -20.5199 80.8185 -80.4173 -19.5218 80.8185 -67.3271 -18.9841 84.1014 -67.9887 -19.5218 80.8185 -67.3271 -14.6739 84.1014 -67.9887 -14.0576 80.8185 -67.3271 -14.6739 84.1014 -67.9887 -13.0596 80.8185 -80.4173 -13.6759 86.5439 -80.4173 -14.0576 80.8185 -67.3271 -13.6759 86.5439 -80.4173 -13.0596 80.8185 -80.4173 -13.6759 85.2469 -84.004 -13.0596 80.8185 -84.7511 -19.9821 85.2469 -84.004 -20.5199 80.8185 -80.4173 -19.9821 86.5439 -80.4173 -20.5199 80.8185 -84.7511 -13.6759 85.2469 -84.004 -20.5199 80.8185 -84.7511 -19.9821 85.2469 -84.004 -13.0596 80.8185 -84.7511 -11.493 83.3194 -99.3895 -12.008 81.6192 -100.245 -14.5276 83.2474 -99.4437 -14.0954 82.601 -97.9525 -10.8898 82.67 -98.0161 -14.766 81.5454 -100.364 -11.0319 80.5685 -98.0224 -15.1333 82.5351 -97.309 -16.5208 83.175 -98.4007 -14.0667 80.4994 -97.9514 -17.289 83.2886 -96.5115 -17.3979 81.4684 -99.0648 -11.6178 79.919 -99.3997 -15.4116 82.6228 -95.943 -18.4892 81.5995 -96.8223 -14.4812 79.8471 -99.4418 -15.4515 80.5221 -95.9026 -18.6022 81.6966 -92.9916 -15.1529 80.433 -97.2983 -15.3696 80.5884 -92.8329 -17.3249 83.3738 -92.9749 -16.5525 79.7735 -98.3834 -17.3937 79.9752 -92.9039 -15.3271 82.6889 -92.8768 -17.3535 79.8897 -96.446 -17.2629 80.2212 -84.332 -17.1679 83.6172 -84.1338 -15.2568 80.8232 -84.4586 -15.1875 82.922 -84.2118 -18.4612 81.948 -84.3324 -17.2629 80.2212 -84.332 -17.3937 79.9752 -92.9039 -17.3535 79.8897 -96.446 -16.5525 79.7735 -98.3834 -14.4812 79.8471 -99.4418 -11.6178 79.919 -99.3997 11.493 83.3194 -99.3895 14.5276 83.2474 -99.4437 12.008 81.6192 -100.245 14.0954 82.601 -97.9525 10.8898 82.67 -98.0161 14.766 81.5454 -100.364 11.0319 80.5685 -98.0224 16.5208 83.175 -98.4007 14.4812 79.8471 -99.4418 14.0667 80.4994 -97.9514 15.1333 82.5351 -97.309 16.5525 79.7735 -98.3834 11.6178 79.919 -99.3997 15.1529 80.433 -97.2983 17.3979 81.4684 -99.0648 14.4812 79.8471 -99.4418 15.4515 80.5221 -95.9026 18.4892 81.5995 -96.8223 15.4116 82.6228 -95.943 17.3535 79.8897 -96.446 17.289 83.2886 -96.5115 15.3696 80.5884 -92.8329 18.6022 81.6966 -92.9916 17.3249 83.3738 -92.9749 15.3271 82.6889 -92.8768 17.3937 79.9752 -92.9039 17.1679 83.6172 -84.1338 15.2568 80.8232 -84.4586 17.2629 80.2212 -84.332 15.1875 82.922 -84.2118 17.2629 80.2212 -84.332 18.4612 81.948 -84.3324 17.3937 79.9752 -92.9039 17.3535 79.8897 -96.446 16.5525 79.7735 -98.3834 11.6178 79.919 -99.3997 18.9841 84.1014 -67.9887 19.9821 86.5439 -80.4173 13.6759 86.5439 -80.4173 14.6739 84.1014 -67.9887 13.6759 85.2469 -84.004 19.9821 86.5439 -80.4173 19.9821 85.2469 -84.004 13.6759 86.5439 -80.4173 19.5218 80.8185 -67.3271 20.5199 80.8185 -80.4173 18.9841 84.1014 -67.9887 19.9821 86.5439 -80.4173 18.9841 84.1014 -67.9887 14.6739 84.1014 -67.9887 19.5218 80.8185 -67.3271 14.0576 80.8185 -67.3271 13.0596 80.8185 -80.4173 14.6739 84.1014 -67.9887 13.6759 86.5439 -80.4173 14.0576 80.8185 -67.3271 13.6759 86.5439 -80.4173 13.6759 85.2469 -84.004 13.0596 80.8185 -80.4173 13.0596 80.8185 -84.7511 20.5199 80.8185 -80.4173 19.9821 85.2469 -84.004 19.9821 86.5439 -80.4173 20.5199 80.8185 -84.7511 13.6759 85.2469 -84.004 20.5199 80.8185 -84.7511 13.0596 80.8185 -84.7511 19.9821 85.2469 -84.004 -21.2567 89.7993 15.0666 -19.2303 89.7993 20.7691 -19.2303 89.7993 13.6564 -21.2567 89.7993 22.713 -21.2567 89.7993 15.0666 -21.7154 84.688 17.7978 -21.2567 89.7993 22.713 -21.7154 82.84 7.91521 -19.2303 89.7993 20.7691 -18.7715 84.688 15.098 -19.2303 89.7993 13.6564 -18.7715 82.84 6.505 -21.7154 82.84 7.91521 -19.2303 89.7993 13.6564 -18.7715 82.84 6.505 -21.2567 89.7993 15.0666 -15.9386 89.7993 10.952 -13.9122 89.7993 16.6782 -13.9122 89.7993 9.54179 -15.9386 89.7993 17.8719 -15.9386 89.7993 10.952 -16.3973 84.688 13.6529 -15.9386 89.7993 17.8719 -16.3973 82.84 3.80058 -13.9122 89.7993 16.6782 -13.4534 84.688 10.8964 -13.9122 89.7993 9.54179 -13.4534 82.84 2.39037 -16.3973 82.84 3.80058 -13.9122 89.7993 9.54179 -13.4534 82.84 2.39037 -15.9386 89.7993 10.952 15.9386 89.7993 10.952 13.9122 89.7993 16.6782 15.9386 89.7993 17.8719 13.9122 89.7993 9.54179 16.3973 84.688 13.6529 15.9386 89.7993 10.952 15.9386 89.7993 17.8719 16.3973 82.84 3.80058 13.4534 84.688 10.8964 13.9122 89.7993 16.6782 13.9122 89.7993 9.54179 13.4534 82.84 2.39037 16.3973 82.84 3.80058 13.9122 89.7993 9.54179 15.9386 89.7993 10.952 13.4534 82.84 2.39037 21.2567 89.7993 15.0666 19.2303 89.7993 20.7691 21.2567 89.7993 22.713 19.2303 89.7993 13.6564 21.7154 84.688 17.7978 21.2567 89.7993 15.0666 21.2567 89.7993 22.713 21.7154 82.84 7.91521 18.7715 84.688 15.098 19.2303 89.7993 20.7691 19.2303 89.7993 13.6564 18.7715 82.84 6.505 21.7154 82.84 7.91521 19.2303 89.7993 13.6564 21.2567 89.7993 15.0666 18.7715 82.84 6.505 -88.4799 16.837 -176.978 -59.7413 20.585 -210.629 -55.371 17.028 -183.766 -139.177 24.1374 -189.732 -49.5904 14.3536 -158.984 -150.596 25.9205 -167.614 -123.27 24.9352 -219.659 -84.9361 13.3818 -151.935 -150.605 25.8567 -165.984 -67.2497 24.8402 -239.946 -40.8207 13.0649 -140.426 -129.551 31.0135 -119.369 -101.682 27.8739 -252.119 -76.7275 16.9669 -117.115 -111.154 39.1517 -82.4109 -72.4866 28.346 -262.761 -58.9392 24.5919 -71.0639 -80.418 33.8836 -283.257 -76.9852 33.9388 -284.573 -36.366 12.0635 -136.509 -96.4348 47.7207 -55.4967 -60.2616 42.7897 -43.7113 -82.0456 56.4174 -30.2805 -61.584 54.1501 -23.4974 -23.8773 68.315 -119.826 -21.32 71.4626 -120.344 -18.7966 68.315 -124.102 -29.2535 6.6664 -141.557 -21.873 68.315 -125.961 -17.1551 71.6065 -120.354 -18.7966 68.315 -124.102 -21.32 71.4626 -120.344 -14.6727 68.315 -124.937 -15.4141 78.8775 -119.919 0.000000 78.8775 -119.919 -12.8941 78.8775 -121.314 0.000001 78.8775 -106.162 -17.2749 78.8775 -106.162 0.000000 78.8775 -121.314 15.4141 78.8775 -119.919 17.2749 78.8775 -106.162 12.8941 78.8775 -121.314 -12.8941 78.8775 -121.314 -17.1551 71.6065 -120.354 -15.4141 78.8775 -119.919 -14.6727 68.315 -124.937 -12.4637 71.2776 -128.949 -17.5138 68.315 -126.012 -14.4256 68.315 -126.192 0.000000 68.315 -126.192 0 71.2776 -128.949 12.4637 71.2776 -128.949 14.4256 68.315 -126.192 17.5138 68.315 -126.012 -31.9537 54.2328 -130.171 -38.9652 58.8368 -125.476 -33.916 68.315 -121.582 -21.873 68.315 -125.961 -18.7966 68.315 -124.102 -33.916 68.315 -121.582 -35.0431 68.315 -118.958 -21.873 68.315 -125.961 -23.8773 68.315 -119.826 -17.5138 68.315 -126.012 -14.6727 68.315 -124.937 -28.6471 68.315 -96.3199 -14.4256 68.315 -126.192 -35.0431 68.315 -96.273 0.000000 68.315 -125.247 0.000000 68.315 -126.192 -35.0431 68.315 -72.1814 -31.8304 68.315 -71.3344 -35.0431 68.315 -46.1178 -62.2184 70.8362 -45.7516 -62.2184 70.8362 -68.9462 -49.6261 65.1797 -70.3424 -40.6815 62.2205 -45.4738 -62.2184 70.8362 -96.1152 -40.5924 61.8272 -70.8685 -49.8113 65.1949 -96.18 -40.3825 60.1743 -96.2348 -50.9916 64.1122 -126.814 -40.1539 58.3052 -123.295 -40.0886 55.8755 -125.479 -62.2184 70.8362 -131.372 -44.0613 55.5644 -135.43 -53.4249 63.4667 -165.68 -47.0238 53.3821 -164.063 -36.4602 49.1269 -131.38 -62.2184 70.8362 -166.68 -49.6494 51.9519 -185.018 -38.7108 44.2982 -138.725 -55.5021 62.0446 -205.299 -42.7284 40.8186 -162.035 -32.9996 28.3653 -136.904 -62.2184 70.8362 -205.712 -37.0125 29.1424 -139.772 -62.2184 70.8362 -224.56 -40.1539 58.3052 -123.295 -33.916 68.315 -121.582 -38.9652 58.8368 -125.476 -35.0431 68.315 -118.958 -105.766 51.4219 -86.6858 -129.551 31.0135 -119.369 -111.154 39.1517 -82.4109 -120.904 47.1321 -122.292 -93.4354 55.9977 -59.3162 -138.965 42.8101 -164.598 -96.4348 47.7207 -55.4967 -87.3554 65.1855 -62.6279 -97.1238 63.36 -89.8155 -150.605 25.8567 -165.984 -83.0489 70.8362 -64.2275 -109.602 60.5516 -124.402 -124.592 57.6985 -163.75 -91.3107 70.8362 -91.7572 -77.3454 70.8362 -44.2872 -101.622 70.8362 -126.611 -110.15 70.8362 -163.757 -80.776 66.1282 -43.6384 -71.3591 70.8362 -29.6523 -77.5313 65.3675 -29.9286 -84.8169 60.6811 -42.9456 -82.0456 56.4174 -30.2805 -40.1539 58.3052 -123.295 -38.9652 58.8368 -125.476 -39.1466 56.5262 -124.866 0.000001 80.6852 -102.636 23.8224 80.6852 -102.636 -31.9537 54.2328 -130.171 -49.5904 14.3536 -158.984 -37.0125 29.1424 -139.772 -40.8207 13.0649 -140.426 -41.9167 27.9875 -161.788 -55.371 17.028 -183.766 -36.366 12.0635 -136.509 -48.1503 27.3439 -182.813 -42.7284 40.8186 -162.035 -32.9996 28.3653 -136.904 -46.3941 39.2007 -183.348 -59.7413 20.585 -210.629 -49.6494 51.9519 -185.018 -54.0657 28.0617 -210.476 -67.2497 24.8402 -239.946 -52.8311 37.6963 -211.193 -60.8801 30.2792 -239.132 -67.4583 31.8232 -259.496 -53.6451 48.2268 -214.273 -72.4866 28.346 -262.761 -58.71 36.943 -238.456 -65.2158 43.7304 -256.919 -58.7131 45.3916 -238.595 -61.942 55.1676 -241.841 -67.082 61.4499 -246.567 -57.579 60.7718 -220.021 -55.5021 62.0446 -205.299 -62.2184 70.8362 -224.56 -134.711 70.8362 43.9284 -134.711 70.8362 43.9284 -35.0431 68.315 -96.273 -35.0431 68.315 -118.958 -40.3825 60.1743 -96.2348 -35.0431 68.315 -72.1814 -40.1539 58.3052 -123.295 -40.5924 61.8272 -70.8685 -35.0431 68.315 -46.1178 -40.6815 62.2205 -45.4738 -62.2184 70.8362 -131.372 -80.4629 70.8362 -93.7535 -62.2184 70.8362 -96.1152 -88.8477 70.8362 -129.598 -62.2184 70.8362 -166.68 -62.2184 70.8362 -68.9462 -91.3107 70.8362 -91.7572 -98.0925 70.8362 -163.973 -73.7932 70.8362 -67.0581 -101.622 70.8362 -126.611 -83.0489 70.8362 -64.2275 -89.5153 70.8362 -177.554 -77.3454 70.8362 -44.2872 -110.15 70.8362 -163.757 -98.7373 70.8362 -165.939 -101.105 70.8362 -181.348 -109.985 70.8362 -165.465 -110.15 70.8362 -163.757 -98.0925 70.8362 -163.973 -138.947 42.9704 -166.27 -150.605 25.8567 -165.984 -138.965 42.8101 -164.598 -150.596 25.9205 -167.614 -124.582 57.7118 -165.479 -124.592 57.6985 -163.75 -110.15 70.8362 -163.757 -109.985 70.8362 -165.465 -62.2184 70.8362 -205.712 -78.8935 70.8362 -211.367 -65.0779 70.8362 -224.1 -90.0036 70.8362 -197.179 -62.2184 70.8362 -224.56 -40.1539 58.3052 -123.295 -39.1466 56.5262 -124.866 -40.0886 55.8755 -125.479 -36.4602 49.1269 -131.38 -32.1317 52.5093 -130.187 -28.3343 46.0932 -141.557 -24.2419 49.637 -141.639 35.0431 68.315 -96.273 35.0431 68.315 -72.1814 40.3825 60.1743 -96.2348 35.0431 68.315 -118.958 40.5924 61.8272 -70.8685 40.1539 58.3052 -123.295 35.0431 68.315 -46.1178 40.6815 62.2205 -45.4738 89.5153 70.8362 -177.554 101.105 70.8362 -181.348 90.0036 70.8362 -197.179 98.7373 70.8362 -165.939 78.8935 70.8362 -211.367 98.0925 70.8362 -163.973 109.985 70.8362 -165.465 62.2184 70.8362 -205.712 62.2184 70.8362 -166.68 110.15 70.8362 -163.757 65.0779 70.8362 -224.1 88.8477 70.8362 -129.598 98.0925 70.8362 -163.973 62.2184 70.8362 -224.56 101.622 70.8362 -126.611 62.2184 70.8362 -131.372 110.15 70.8362 -163.757 91.3107 70.8362 -91.7572 80.4629 70.8362 -93.7535 83.0489 70.8362 -64.2275 62.2184 70.8362 -96.1152 73.7932 70.8362 -67.0581 62.2184 70.8362 -68.9462 54.0657 28.0617 -210.476 67.2497 24.8402 -239.946 59.7413 20.585 -210.629 60.8801 30.2792 -239.132 48.1503 27.3439 -182.813 52.8311 37.6963 -211.193 67.4583 31.8232 -259.496 55.371 17.028 -183.766 46.3941 39.2007 -183.348 72.4866 28.346 -262.761 49.6494 51.9519 -185.018 58.71 36.943 -238.456 76.9852 33.9388 -284.573 53.6451 48.2268 -214.273 55.5021 62.0446 -205.299 58.7131 45.3916 -238.595 67.082 61.4499 -246.567 57.579 60.7718 -220.021 61.942 55.1676 -241.841 62.2184 70.8362 -224.56 -11.8659 65.3951 -141.079 0 71.2776 -128.949 -0.000000 65.3951 -141.079 -12.4637 71.2776 -128.949 11.8659 65.3951 -141.079 12.4637 71.2776 -128.949 17.2749 78.8775 -106.162 21.32 71.4626 -120.344 17.1551 71.6065 -120.354 23.8224 80.6852 -102.636 0.000001 80.6852 -102.636 0.000001 78.8775 -106.162 -17.2749 78.8775 -106.162 -23.8224 80.6852 -102.636 -21.32 71.4626 -120.344 -17.1551 71.6065 -120.354 14.6727 68.315 -124.938 12.8941 78.8775 -121.314 17.1551 71.6065 -120.354 15.4141 78.8775 -119.919 18.7966 68.315 -124.102 23.8773 68.315 -119.826 35.0431 68.315 -118.958 33.916 68.315 -121.582 28.6471 68.315 -96.3199 21.873 68.315 -125.961 35.0431 68.315 -96.273 17.5138 68.315 -126.012 35.0431 68.315 -72.1814 14.6727 68.315 -124.938 14.4256 68.315 -126.192 31.8304 68.315 -71.3344 0.000000 68.315 -125.247 35.0431 68.315 -46.1178 0.000000 68.315 -126.192 17.1551 71.6065 -120.354 15.4141 78.8775 -119.919 17.2749 78.8775 -106.162 -12.4637 71.2776 -128.949 39.1466 56.5262 -124.866 31.9537 54.2328 -130.171 38.9652 58.8368 -125.476 32.1317 52.5093 -130.187 16.4885 57.7792 -141.668 41.9167 27.9875 -161.788 49.5904 14.3536 -158.984 37.0125 29.1424 -139.772 40.8207 13.0649 -140.426 42.7284 40.8186 -162.035 36.366 12.0635 -136.509 32.9996 28.3653 -136.904 62.2184 70.8362 -45.7516 49.9614 64.2022 -45.7095 62.2184 70.8362 -68.9462 49.6261 65.1797 -70.3424 40.6815 62.2205 -45.4738 62.2184 70.8362 -96.1152 40.5924 61.8272 -70.8685 49.8113 65.1949 -96.18 50.9916 64.1122 -126.814 40.3825 60.1743 -96.2348 62.2184 70.8362 -131.372 40.1539 58.3052 -123.295 53.4249 63.4667 -165.68 40.0886 55.8754 -125.479 62.2184 70.8362 -166.68 44.0613 55.5644 -135.43 36.4602 49.1269 -131.38 55.5021 62.0446 -205.299 38.7108 44.2982 -138.725 62.2184 70.8362 -205.712 49.6494 51.9519 -185.018 47.0238 53.3821 -164.063 32.9996 28.3653 -136.904 62.2184 70.8362 -224.56 42.7284 40.8186 -162.035 37.0125 29.1424 -139.772 76.7275 16.9669 -117.115 129.551 31.0135 -119.369 111.154 39.1517 -82.4109 84.9361 13.3818 -151.935 58.9392 24.5919 -71.0639 150.605 25.8566 -165.984 40.8207 13.0649 -140.426 88.4799 16.837 -176.978 96.4348 47.7207 -55.4967 60.2616 42.7897 -43.7113 49.5904 14.3536 -158.984 150.596 25.9205 -167.614 55.371 17.028 -183.766 82.0456 56.4174 -30.2805 61.584 54.1501 -23.4974 36.366 12.0635 -136.509 59.7413 20.585 -210.629 -13.317 58.2207 -141.761 101.682 27.8739 -252.119 67.2497 24.8402 -239.946 123.27 24.9351 -219.659 139.177 24.1374 -189.732 84.8169 60.6811 -42.9456 77.5313 65.3675 -29.9286 82.0456 56.4174 -30.2805 80.776 66.1282 -43.6384 96.4348 47.7207 -55.4967 71.3591 70.8362 -29.6523 93.4354 55.9977 -59.3162 77.3454 70.8362 -44.2872 111.154 39.1517 -82.4109 105.766 51.4219 -86.6858 87.3554 65.1855 -62.6279 129.551 31.0135 -119.369 97.1238 63.36 -89.8155 83.0489 70.8362 -64.2275 120.904 47.1321 -122.292 91.3107 70.8362 -91.7572 109.602 60.5515 -124.402 138.965 42.8101 -164.598 101.622 70.8362 -126.611 124.592 57.6985 -163.75 150.605 25.8566 -165.984 110.15 70.8362 -163.757 31.9537 54.2328 -130.171 82.0456 56.4174 -30.2805 14.6727 68.315 -124.938 17.1551 71.6065 -120.354 18.7966 68.315 -124.102 21.32 71.4626 -120.344 36.366 12.0635 -136.509 29.2535 6.6664 -141.557 28.6471 68.315 -96.3199 23.8224 80.6852 -102.636 23.8773 68.315 -119.826 21.32 71.4626 -120.344 18.7966 68.315 -124.102 36.4602 49.1269 -131.38 39.1466 56.5262 -124.866 40.0886 55.8754 -125.479 40.1539 58.3052 -123.295 138.965 42.8101 -164.598 124.582 57.7118 -165.479 124.592 57.6985 -163.75 138.947 42.9704 -166.27 110.15 70.8362 -163.757 109.985 70.8362 -165.465 150.605 25.8566 -165.984 150.596 25.9205 -167.614 -32.912 22.3262 31.4613 29.8739 26.7098 -141.557 28.3343 46.0932 -141.557 38.9652 58.8368 -125.476 33.916 68.315 -121.582 40.1539 58.3052 -123.295 35.0431 68.315 -118.958 -39.1466 56.5262 -124.866 -31.9537 54.2328 -130.171 -32.1317 52.5093 -130.187 -38.9652 58.8368 -125.476 40.1539 58.3052 -123.295 39.1466 56.5262 -124.866 38.9652 58.8368 -125.476 21.873 68.315 -125.961 33.916 68.315 -121.582 31.9537 54.2328 -130.171 38.9652 58.8368 -125.476 -24.2419 49.637 -141.639 -17.1551 71.6065 -120.354 -17.2749 78.8775 -106.162 -15.4141 78.8775 -119.919 13.317 58.2207 -141.761 12.8941 78.8775 -121.314 14.6727 68.315 -124.938 0.000000 68.315 -125.247 0.000000 78.8775 -121.314 -12.8941 78.8775 -121.314 -14.6727 68.315 -124.937 11.8659 65.3951 -141.079 12.4637 71.2776 -128.949 17.5138 68.315 -126.012 13.317 58.2207 -141.761 82.0456 56.4174 -30.2805 134.852 65.1603 40.9291 85.2944 62.8115 14.9769 61.584 54.1501 -23.4974 32.912 22.3262 31.4613 0.000002 85.9366 -100.231 0.000001 80.8953 -110.652 -6.39118 80.8953 -110.652 6.39118 80.8953 -110.652 -11.6505 85.9366 -100.231 11.6505 85.9366 -100.231 -6.39118 80.8953 -110.652 -12.4533 79.9389 -100.231 -11.6505 85.9366 -100.231 -7.19397 77.6068 -111.17 -6.39118 80.8953 -110.652 0.000001 80.8953 -110.652 0.000001 77.6068 -111.17 -7.19397 77.6068 -111.17 6.39118 80.8953 -110.652 7.19397 77.6068 -111.17 0.000002 84.1014 -85.0071 11.6505 85.9366 -100.231 12.4533 79.9389 -100.231 6.39118 80.8953 -110.652 11.6505 85.9366 -100.231 7.19397 77.6068 -111.17 -50.0872 50.5644 -37.9073 -61.584 54.1501 -23.4974 43.2126 17.9474 -65.2403</float_array>
          <technique_common>
            <accessor source="#GeometrySource-array" count="8692" stride="3">
              <param name="X" type="float"/>
              <param name="Y" type="float"/>
              <param name="Z" type="float"/>
            </accessor>
          </technique_common>
        </source>
        <source id="GeometrySource1" name="scryveship_ScryveShipNrm">
          <float_array id="GeometrySource1-array" count="26076">0 0.842632 -0.53849 0 0.842632 -0.53849 0 0.842632 -0.53849 0 0.842632 -0.53849 0 -0.000000 1 0 -0.000000 1 0 -0.000000 1 0 -0.000000 1 0 0.000000 -1 0 0.000000 -1 0 0.000000 -1 0 0.000000 -1 1 0 -0.000000 1 0 0 1 0 0 1 0 -0.000000 1 0 -0.000000 1 0 0 -1 0 0 -1 0 0 -1 0 0 -1 0 0.000000 -1 0 0.000000 -0.000000 -0.999627 0.027328 -0.000000 -0.999627 0.027325 -0.000001 -0.999627 0.027328 0 0.456266 0.889843 0 0.456268 0.889843 0 0.456266 0.889844 0 0.456268 0.889842 0.707092 -0.707085 -0.007221 0.707098 -0.707079 -0.007222 0.999974 0.000002 -0.007221 0.000031 -0.999974 -0.007218 0.999974 0.000004 -0.007223 0.000035 -0.999974 -0.007234 0.707094 0.707083 -0.007223 0.70709 0.707087 -0.007222 0.000003 0.999974 -0.007223 0.000000 0.999974 -0.007223 -0.707084 0.707092 -0.007222 -0.707087 0.707089 -0.007223 -0.999974 0.000002 -0.007222 -0.999974 0.000005 -0.007221 -0.707089 -0.707088 -0.007221 -0.707089 -0.707087 -0.007222 -0.000025 -0.999974 -0.007217 -0.000034 -0.999974 -0.007235 0.999563 0.00006 -0.029567 0.668155 -0.668097 -0.327437 0.944866 -0.000034 -0.327458 0.706735 -0.706758 -0.031925 1 0.000009 0 0.707113 -0.7071 0 0.7071 0.707114 0 0.000044 -0.999564 -0.029533 0.706757 0.706736 -0.031925 0.000038 -1 -0.000018 -0.000007 1 0 0.668149 0.668098 -0.327449 0.00002 0.999563 -0.029566 0.944869 0.000038 -0.327449 -0.707111 0.707102 0 0.668101 0.668151 -0.327437 -0.706733 0.70676 -0.031925 0.000041 0.944868 -0.327452 -1 -0.000005 0 -0.668095 0.668151 -0.32745 -0.999563 -0.000056 -0.029566 -0.000035 0.944871 -0.327443 -0.707101 -0.707112 0 -0.668154 0.668098 -0.327436 -0.706757 -0.706735 -0.031925 -0.000033 -1 -0.000018 -0.944867 0.000043 -0.327456 -0.668155 -0.668092 -0.327449 -0.944855 -0.000038 -0.32749 -0.000037 -0.999564 -0.029517 -0.668096 -0.668156 -0.327439 -0.000035 -0.944867 -0.327456 0.668096 -0.66815 -0.32745 0.00004 -0.94487 -0.327445 0.966397 0.000006 -0.257056 0.966396 0.000005 -0.257059 0.683345 -0.683345 -0.25706 0.68334 0.683349 -0.257061 0.683359 -0.683333 -0.257054 0.683352 0.683338 -0.257057 0.00003 -0.966399 -0.257045 0.000017 -0.96639 -0.257082 0.000000 0.966395 -0.257061 0.000001 0.966393 -0.25707 -0.683332 0.683356 -0.257065 -0.683344 0.683345 -0.257061 -0.966393 0.000005 -0.257071 -0.966392 0.000007 -0.257072 -0.683337 -0.683351 -0.257065 -0.68335 -0.683341 -0.257057 -0.000028 -0.966403 -0.25703 -0.000013 -0.9664 -0.257045 0.707086 -0.707089 -0.007423 0.70709 -0.707084 -0.007424 0.999972 0.000007 -0.007423 0.000012 -0.999973 -0.007411 0.999972 0.000012 -0.007424 0.000011 -0.999972 -0.007427 0.707094 0.707081 -0.007422 0.70708 0.707094 -0.007425 0.000001 0.999973 -0.007425 0.000004 0.999972 -0.00742 -0.707091 0.707083 -0.007422 -0.707074 0.7071 -0.007423 -0.999972 0.000007 -0.00742 -0.999972 0.000012 -0.007423 -0.707088 -0.707087 -0.007423 -0.70708 -0.707095 -0.007421 -0.000009 -0.999973 -0.007408 -0.00005 -0.999972 -0.007428 0.202594 -0.220041 -0.954221 0.298835 0.000004 -0.954305 0.298837 0.000002 -0.954304 0.20031 -0.222302 -0.954179 0.000001 -0.298844 -0.954302 0.202591 0.220038 -0.954222 0.000002 -0.298845 -0.954302 -0.200305 -0.222292 -0.954182 0.200306 0.222297 -0.954181 -0.202595 -0.220029 -0.954224 0.000001 0.298843 -0.954302 0.000002 0.298847 -0.954301 -0.298834 0.000009 -0.954305 -0.200312 0.222298 -0.95418 -0.298837 0.000007 -0.954304 -0.202599 0.220035 -0.954221 -0.87196 -0.000013 -0.489577 -0.616558 0.616572 -0.489586 -0.000005 -0.000009 -1 -0.616572 -0.616571 -0.48957 -0.000004 0.871957 -0.489583 -0.000024 -0.871964 -0.48957 0.616553 0.616573 -0.489592 0.871955 -0.000013 -0.489586 0.616567 -0.616571 -0.489576 0.000062 -0.871963 -0.489572 0.707092 -0.707085 -0.007224 0.707093 -0.707084 -0.007222 0.999974 0.000002 -0.007224 0.000031 -0.999974 -0.007219 0.999974 0.000004 -0.007222 0.000046 -0.999974 -0.007234 0.707088 0.707088 -0.007222 0.70709 0.707087 -0.007225 0.000000 0.999974 -0.007224 0.000005 0.999974 -0.007223 -0.707085 0.707092 -0.007222 -0.707085 0.707092 -0.007222 -0.999974 0.000002 -0.007221 -0.999974 0.000005 -0.007221 -0.707089 -0.707088 -0.007221 -0.707087 -0.70709 -0.007221 -0.000031 -0.999974 -0.007217 -0.000035 -0.999974 -0.007235 0.999563 -0.000014 -0.029567 0.668155 -0.668097 -0.327437 0.944866 -0.000034 -0.327458 0.706735 -0.706758 -0.031926 1 0.000009 0 0.7071 0.707114 0 0.707113 -0.7071 0 0.706722 0.70677 -0.031927 0.000042 -0.999564 -0.029533 0.668095 -0.66815 -0.327451 -0.00001 1 0 0.000038 -1 -0.000018 0.000016 0.999563 -0.029565 0.000035 -0.944872 -0.32744 -0.707113 0.707101 0 0.6681 0.668152 -0.327438 -0.706733 0.70676 -0.031928 0.000036 0.944869 -0.327449 -1 -0.000005 0 -0.668098 0.668147 -0.327451 -0.999563 -0.000031 -0.029559 -0.668151 0.668103 -0.327434 -0.000041 0.944873 -0.327438 -0.707102 -0.707111 0 -0.944859 0.000054 -0.327478 -0.706723 -0.70677 -0.031927 -0.668152 -0.668096 -0.327446 -0.000038 -1 -0.000018 -0.944862 -0.000048 -0.327468 -0.000043 -0.999564 -0.029517 -0.668099 -0.668152 -0.32744 -0.000041 -0.944867 -0.327454 0.668148 0.668098 -0.327451 0.944871 0.00004 -0.327443 0.966393 0.000008 -0.257069 0.966397 0.000006 -0.257053 0.683352 -0.68334 -0.257054 0.683346 0.683345 -0.257056 0.683354 -0.683345 -0.257036 0.683348 0.68335 -0.257038 0.000035 -0.966401 -0.257041 0.000017 -0.96639 -0.257082 0.000002 0.966396 -0.257059 0 0.966393 -0.257071 -0.683331 0.683356 -0.257066 -0.683344 0.683345 -0.257061 -0.966393 0.000006 -0.257071 -0.966392 0.000007 -0.257072 -0.683337 -0.683351 -0.257065 -0.683351 -0.68334 -0.257058 -0.00003 -0.966403 -0.257031 -0.000017 -0.966399 -0.257046 0.707092 -0.707083 -0.007424 0.707084 -0.70709 -0.007421 0.999972 0.000007 -0.007422 0.000011 -0.999973 -0.007411 0.999973 0.000012 -0.007417 0.00001 -0.999972 -0.007427 0.707088 0.707086 -0.007419 0.707087 0.707088 -0.007425 -0.000000 0.999973 -0.007426 -0.000000 0.999972 -0.007421 -0.707087 0.707088 -0.007422 -0.707075 0.7071 -0.007425 -0.999972 0.000007 -0.007423 -0.999972 0.000012 -0.007423 -0.707083 -0.707091 -0.007423 -0.70708 -0.707094 -0.007423 -0.000012 -0.999973 -0.00741 -0.000011 -0.999972 -0.007429 0.202588 -0.220043 -0.954222 0.298837 0.000004 -0.954304 0.298837 0.000002 -0.954304 0.000000 -0.298855 -0.954299 0.20034 -0.222265 -0.954182 0.202587 0.220042 -0.954222 0.200304 0.222299 -0.954181 -0.211319 -0.21132 -0.9543 0.000001 -0.298851 -0.9543 -0.211325 -0.211318 -0.954299 -0.012341 0.29885 -0.95422 -0.01554 0.298833 -0.954179 -0.298842 0.000003 -0.954303 -0.220057 0.202601 -0.954216 -0.298837 0.000007 -0.954304 -0.222302 0.200331 -0.954175 -0.000015 -0.871965 -0.489568 -0.616565 -0.616575 -0.489574 -0.000001 -0.000012 -1 -0.000002 0.871956 -0.489585 0.616555 0.616567 -0.489596 0.871955 -0.000015 -0.489586 0.616568 -0.616567 -0.489581 0.000053 -0.87196 -0.489576 0.707087 -0.70709 -0.007223 0.707093 -0.707084 -0.007223 0.999974 0.000002 -0.007224 0.00002 -0.999974 -0.007219 0.999974 0.000005 -0.007225 0.000034 -0.999974 -0.007179 0.707089 0.707088 -0.007224 0.707085 0.707092 -0.007224 -0.000003 0.999974 -0.007224 -0.000003 0.999974 -0.007223 -0.70709 0.707087 -0.007223 -0.707087 0.70709 -0.007224 -0.999974 0.000002 -0.007224 -0.999974 0.000005 -0.007224 -0.707095 -0.707082 -0.007222 -0.707089 -0.707088 -0.007223 -0.000027 -0.999974 -0.007218 -0.000042 -0.999974 -0.007235 0.999563 -0.000014 -0.02955 0.668128 -0.668105 -0.327476 0.944867 -0.000047 -0.327455 0.706689 -0.706804 -0.031926 1 0.000009 0 0.707106 0.707108 0 0.707119 -0.707094 0 0.706711 0.706781 -0.031927 0.668133 0.668118 -0.32744 0.000033 -0.999564 -0.029533 -0.000015 1 0 0.944872 0.000051 -0.32744 0.000027 -1 -0.000018 0.668088 -0.668157 -0.327453 0.000014 0.999563 -0.029565 0.00003 -0.944871 -0.327443 -0.707113 0.707101 0 0.668094 0.668156 -0.327442 -0.706732 0.706761 -0.031919 0.000031 0.944868 -0.327451 -0.668087 0.66814 -0.32749 -1 -0.000005 0 -0.00003 0.944857 -0.327485 -0.999563 0.000018 -0.029555 -0.668148 0.66809 -0.327466 -0.707103 -0.707111 0 -0.944859 0.000046 -0.327478 -0.706756 -0.706737 -0.031919 -0.668147 -0.668083 -0.327482 -0.000038 -1 -0.000018 -0.944862 -0.00004 -0.327468 -0.000039 -0.999564 -0.029516 -0.668088 -0.668144 -0.327477 -0.000029 -0.944867 -0.327455 0.966397 0.000006 -0.257056 0.966397 0.000005 -0.257054 0.683344 -0.683347 -0.257056 0.683339 0.683352 -0.257057 0.683356 -0.683339 -0.257046 0.683349 0.683344 -0.25705 0.000026 -0.9664 -0.257043 -0.000003 0.966396 -0.257058 -0.000004 0.966392 -0.257071 0.000056 -0.966403 -0.257031 -0.683343 0.683346 -0.257062 -0.68335 0.683343 -0.25705 -0.966395 0.000006 -0.257062 -0.966393 0.000007 -0.25707 -0.683349 -0.68334 -0.257061 -0.683357 -0.683337 -0.257048 -0.000034 -0.966404 -0.257028 -0.000017 -0.966399 -0.257047 0.707083 -0.707091 -0.007426 0.707078 -0.707097 -0.007422 0.999973 0.000007 -0.007425 0.000054 -0.999973 -0.007412 0.999972 0.000012 -0.007421 0.000011 -0.999972 -0.007427 0.707081 0.707093 -0.007421 0.707078 0.707096 -0.007427 -0.000003 0.999972 -0.007427 -0.000004 0.999972 -0.00742 -0.707084 0.707091 -0.007419 -0.707086 0.707088 -0.007427 -0.999973 0.000007 -0.007425 -0.999973 0.000012 -0.007417 -0.70708 -0.707094 -0.007421 -0.707092 -0.707083 -0.007425 -0.000014 -0.999973 -0.00741 -0.000019 -0.999972 -0.007428 0.298815 0.012341 -0.954231 0.211323 -0.211327 -0.954297 0.211315 -0.211327 -0.954299 0.298799 0.015542 -0.954189 0.211318 0.211328 -0.954298 -0.000001 -0.298852 -0.9543 0.211324 0.211333 -0.954296 -0.200324 -0.222295 -0.954178 -0.000001 -0.298849 -0.9543 -0.000002 0.298836 -0.954304 -0.202596 -0.220043 -0.95422 -0.000001 0.298827 -0.954307 -0.21132 0.21133 -0.954297 -0.29884 0.000000 -0.954303 -0.211323 0.211342 -0.954294 -0.298836 -0.000002 -0.954305 -0.000053 -0.871962 -0.489574 -0.61657 -0.616565 -0.489581 0.000002 -0.000008 -1 0.000003 0.871956 -0.489584 0.616553 0.616573 -0.489592 0.871955 -0.000013 -0.489586 0.616567 -0.616572 -0.489575 0.000015 -0.871964 -0.489571 0 0.232188 0.972671 0.000007 -0.037362 0.999302 -0.000294 0.233768 0.972292 -0.001215 0.439302 0.898339 0 -0.037349 0.999302 -0.001866 0.438944 0.898512 0 -0.188283 0.982115 0 -0.188283 0.982115 0 -0.956492 0.291758 0 -0.956492 0.291757 0 -0.956493 0.291757 0 -0.956493 0.291756 -1 0 -0.000000 -1 0 0 -1 0 0.000000 -1 0 0 -1 0 -0.000000 -1 0 0 -1 0 -0.000001 -1 0 0 0.003656 0.872129 -0.489262 0.003658 0.872128 -0.489263 0.003659 0.872128 -0.489265 0.003655 0.87213 -0.489261 1 0 -0.000000 1 0 -0.000000 1 0 0.000000 0.99997 -0.006978 0.003267 0.999971 -0.00713 0.002566 1 0 0.000000 0.99984 -0.016247 0.007466 0.99981 -0.016978 0.009527 0 -0.037362 0.999302 0 0.232187 0.972671 0.000341 0.233768 0.972292 0 -0.037349 0.999302 0 -0.188282 0.982115 0.001214 0.439301 0.898339 0.001866 0.438943 0.898513 0 -0.188281 0.982115 0 -0.956492 0.291757 0 -0.956492 0.291757 0 -0.956492 0.291757 0 -0.956492 0.291757 1 0 0.000000 1 0 0.000000 1 0 0.000000 1 0 0.000000 1 0 -0.000000 1 0 0.000001 1 0 -0.000001 1 0 -0.000002 -0.003654 0.872129 -0.489262 -0.003656 0.872129 -0.489263 -0.003653 0.872129 -0.489262 -0.003657 0.872129 -0.489263 -1 0 -0.000000 -1 0 -0.000001 -1 0 0.000000 -1 0 -0.000003 -0.999971 -0.00694 0.003247 -0.999971 -0.007225 0.002598 -0.99984 -0.016255 0.007469 -0.99981 -0.016987 0.009529 0 0.999185 -0.040361 0.000008 0.999187 -0.040323 0 0.944436 0.328696 0 0.860955 -0.508681 0 0.944435 0.328697 0 0.861054 -0.508513 0 0.654391 -0.756156 0 0.65437 -0.756174 0 0.41795 -0.90847 0 0.417947 -0.908472 -1 0 0 -1 0 0 -1 0 0 -1 0 -0.000000 -1 0 -0.000000 -1 0 0 1 0 -0.000000 1 0 -0.000000 1 0 -0.000000 1 0 0 1 0 0.000000 1 0 0.000000 0 1 0 0 1 0 0 1 0 0 1 0 0 1 0 0 1 0 0 1 0 0.000000 1 0 0.000000 1 0 0.133544 0.803685 -0.579876 0.133544 0.80368 -0.579883 0.133544 0.803686 -0.579875 0.133544 0.803679 -0.579884 -0.133544 0.803681 -0.579882 -0.133545 0.803684 -0.579877 -0.133545 0.803684 -0.579877 -0.133544 0.80368 -0.579883 -0.000000 -1 0 -0.000000 -1 0 -0.000000 -1 0 0 -1 0 -0.000000 -1 0 0 -1 0 0 -1 0 0 -1 0 0.000000 -1 0 0.000000 -1 0 0.000001 -1 0 0.000000 -1 0 0 0.000000 -1 0 0.000000 -1 0 0.000000 -1 0 0.000002 -1 0 0.000000 -1 0 0.000001 -1 0 0.000001 -1 0 0.000001 -1 0 0.000000 -1 0 0.000000 -1 0.999845 -0.004324 0.01707 0.999808 0 0.019591 0.999828 -0.002002 0.018424 0.999852 -0.005958 0.016118 -0.283114 0.332578 -0.899577 -0.288883 0.239251 -0.926987 -0.28315 0.332564 -0.899571 -0.290447 0.254549 -0.922413 -0.290211 -0.009669 -0.956914 -0.281558 -0.01799 -0.959376 -1 0 0 -1 0 0 -1 0 0 -1 0 0 -1 0 0 -1 0 0 -0.68814 0 0.725578 -0.68814 0 0.725578 -0.688139 0 0.725579 -0.68814 0 0.725578 0.731444 0 -0.681901 0.731444 0 -0.681901 0.731444 0 -0.681901 0.731444 0 -0.681901 0 1 0 0 1 0 0.000000 1 0 0 1 0 0 1 0 0.000000 1 0 0 1 0 0 1 0 0 1 0 0 1 0 0.000001 1 0 0 1 0 -0.000000 1 0 0.000002 1 0 0 1 0 0 1 0 0 1 0 0.000000 1 0 0 1 0 0.000000 1 0 -0.000000 1 0 -0.000000 1 0 0.688144 0 0.725574 0.688144 0 0.725574 0.688144 0 0.725574 0.688144 0 0.725574 0.688144 0 0.725574 0.688144 0 0.725574 -0.999828 -0.002002 0.018424 -0.999845 -0.004324 0.01707 -0.999852 -0.005958 0.016117 -0.999808 0 0.019592 0.28889 0.239251 -0.926985 0.283156 0.332563 -0.899569 0.290459 0.254549 -0.922409 0.28312 0.332577 -0.899575 0.290216 -0.009668 -0.956912 0.281564 -0.01799 -0.959374 1 0 0 1 0 0 1 0 0 1 0 0 1 0 0 1 0 0 -0.731441 0 -0.681904 -0.731442 0 -0.681904 -0.731441 0 -0.681905 -0.731442 0 -0.681904 0 -0.000000 1 0 -0.000000 1 0 -0.000000 1 0 -0.000000 1 0 -0.000000 1 0 -0.000000 1 0.900969 0 -0.433884 1 0 0.000002 1 0 0.000001 0.900968 0 -0.433885 0.623488 0 -0.781833 0.900968 0 0.433886 0.623487 0 -0.781833 0.900968 0 0.433886 0.222524 0 -0.974927 0.222523 0 -0.974927 0.623489 0 0.781833 -0.222523 0.000000 -0.974927 0.623489 0 0.781832 0.222524 -0.000000 0.974927 -0.222524 0.000000 -0.974927 0.222524 -0.000000 0.974927 -0.623487 0 -0.781833 -0.623488 0 -0.781833 -0.222474 0.00001 0.974939 -0.900969 0 -0.433884 -0.222474 -0.00001 0.974939 -0.900969 0 -0.433884 -1 0 0.000001 -1 0 0.000002 -0.900969 0 0.433884 -0.900968 0 0.433885 0 0.842632 -0.53849 0 0.842632 -0.53849 0 0.842632 -0.53849 0 0.842632 -0.53849 0 -0.000000 1 0 -0.000000 1 0 -0.000000 1 0 -0.000000 1 0 0.000000 -1 0 0.000000 -1 0 0.000000 -1 0 0.000000 -1 1 0 -0.000000 1 0 0.000000 1 0 0.000000 1 0 -0.000000 1 0 -0.000000 1 0 -0.000001 -1 0 -0.000000 -1 0 -0.000002 -1 0 0 -1 0 -0.000001 -1 0 0.000000 -1 0 0.000001 -0.000000 -0.999627 0.027325 -0.000000 -0.999627 0.027328 0 -0.999627 0.027325 0 0.456267 0.889843 0 0.456267 0.889843 0 0.456267 0.889843 0 0.456267 0.889843 0.707092 -0.707085 -0.007221 0.707088 -0.707088 -0.00722 0.999974 0.000002 -0.007221 0.000031 -0.999974 -0.007218 0.999974 0.000005 -0.007219 0.000035 -0.999974 -0.007234 0.707084 0.707093 -0.007221 0.70709 0.707087 -0.007222 0.000000 0.999974 -0.007223 0.000000 0.999974 -0.007223 -0.707085 0.707092 -0.007221 -0.707089 0.707088 -0.007222 -0.999974 0.000002 -0.00722 -0.999974 0.000005 -0.007219 -0.707089 -0.707088 -0.00722 -0.707091 -0.707085 -0.007221 -0.00003 -0.999974 -0.007217 -0.000034 -0.999974 -0.007235 0.999563 0.000035 -0.029566 0.668154 -0.668097 -0.32744 0.944866 -0.000034 -0.327458 0.706735 -0.706758 -0.031927 1 0.000009 0 0.707113 -0.7071 0 0.7071 0.707114 0 0.000044 -0.999564 -0.029533 0.706757 0.706736 -0.031928 0.000038 -1 -0.000018 -0.000009 1 0 0.668147 0.668098 -0.327452 0.000018 0.999563 -0.029565 0.944856 0.000041 -0.327486 -0.707113 0.707101 0 0.668101 0.668151 -0.327438 -0.706734 0.706758 -0.031928 0.000041 0.944868 -0.327452 -1 -0.000005 0 -0.668097 0.668149 -0.32745 -0.999563 -0.000031 -0.029568 -0.000036 0.944874 -0.327435 -0.707103 -0.707111 0 -0.668152 0.668098 -0.327442 -0.706759 -0.706734 -0.031928 -0.000038 -1 -0.000018 -0.944867 0.000043 -0.327456 -0.668153 -0.668091 -0.327454 -0.94487 -0.000037 -0.327445 -0.000041 -0.999564 -0.029517 -0.668098 -0.668153 -0.327439 -0.000035 -0.944868 -0.327453 0.668096 -0.668149 -0.327452 0.000041 -0.944872 -0.327441 0.966392 0.000008 -0.257072 0.966393 0.000006 -0.257071 0.683337 -0.68335 -0.257065 0.683332 0.683356 -0.257065 0.68335 -0.68334 -0.257059 0.683344 0.683346 -0.25706 0.000031 -0.966399 -0.257046 0.000017 -0.96639 -0.25708 0.000000 0.966395 -0.257062 0.000000 0.966393 -0.257071 -0.683331 0.683356 -0.257066 -0.683344 0.683345 -0.257061 -0.966393 0.000006 -0.257071 -0.966392 0.000007 -0.257072 -0.683336 -0.683351 -0.257065 -0.683351 -0.68334 -0.257057 -0.00003 -0.966403 -0.257032 -0.000017 -0.966399 -0.257048 0.70708 -0.707094 -0.007423 0.707083 -0.707091 -0.007424 0.999972 0.000007 -0.007423 0.000012 -0.999973 -0.007411 0.999972 0.000011 -0.007424 0.000011 -0.999972 -0.007427 0.707087 0.707087 -0.007422 0.707075 0.7071 -0.007425 0.000000 0.999973 -0.007426 0.000000 0.999972 -0.007421 -0.707088 0.707086 -0.007422 -0.707074 0.707101 -0.007425 -0.999972 0.000007 -0.007423 -0.999972 0.000012 -0.007424 -0.707085 -0.70709 -0.007424 -0.70708 -0.707095 -0.007423 -0.000011 -0.999973 -0.007409 -0.00001 -0.999972 -0.007429 0.202588 -0.220039 -0.954223 0.298838 0.000005 -0.954304 0.298837 0.000002 -0.954304 -0.000000 -0.298858 -0.954298 0.200307 -0.222297 -0.954181 0.202589 0.220039 -0.954223 0.200307 0.222293 -0.954182 -0.202586 -0.220044 -0.954222 -0.200301 -0.222299 -0.954182 0 0.298854 -0.954299 0 0.298855 -0.954299 -0.298839 0.000004 -0.954304 -0.200306 0.222301 -0.95418 -0.202587 0.220045 -0.954222 -0.29884 0.000001 -0.954303 0.70709 -0.707087 -0.007224 0.707095 -0.707081 -0.007223 0.999974 0.000002 -0.007224 0.000025 -0.999974 -0.007219 0.999974 0.000004 -0.007224 0.00004 -0.999974 -0.007234 0.707091 0.707086 -0.007224 0.707088 0.707089 -0.007224 -0.000002 0.999974 -0.007224 0.000002 0.999974 -0.007223 -0.707089 0.707088 -0.007222 -0.70709 0.707087 -0.007222 -0.999974 0.000002 -0.007221 -0.999974 0.000005 -0.007221 -0.707093 -0.707084 -0.007221 -0.707092 -0.707085 -0.007221 -0.000031 -0.999974 -0.007217 -0.000035 -0.999974 -0.007235 0.999563 0.000036 -0.029562 0.668145 -0.668091 -0.327471 0.94485 -0.000034 -0.327503 0.706729 -0.706764 -0.031917 1 0.000009 0 0.707096 0.707117 0 0.70711 -0.707104 0 0.706768 0.706725 -0.031917 0.000042 -0.999564 -0.029532 0.668085 -0.668143 -0.327486 -0.00001 1 0 0.000038 -1 -0.000018 -0.000033 0.999563 -0.029565 0.000035 -0.94487 -0.327445 -0.707113 0.707101 0 0.668091 0.668144 -0.327473 -0.706733 0.706759 -0.031926 0.000035 0.944867 -0.327456 -1 -0.000005 0 -0.668098 0.668149 -0.327449 -0.999563 -0.000031 -0.029566 -0.668151 0.668101 -0.327438 -0.000041 0.944873 -0.327438 -0.707102 -0.707111 0 -0.944867 0.00004 -0.327456 -0.706758 -0.706735 -0.031925 -0.668152 -0.668094 -0.327449 -0.000038 -1 -0.000018 -0.94487 -0.000034 -0.327445 -0.000043 -0.999564 -0.029518 -0.668099 -0.668152 -0.327438 -0.00004 -0.944866 -0.327457 0.668136 0.668092 -0.327485 0.944854 0.000043 -0.327491 0.966392 0.000008 -0.257072 0.966395 0.000006 -0.257062 0.68335 -0.683339 -0.257061 0.683345 0.683344 -0.257062 0.683357 -0.683338 -0.257046 0.683351 0.683343 -0.257049 0.000032 -0.9664 -0.257043 0.000017 -0.966389 -0.257083 0.000000 0.966396 -0.257059 -0.000000 0.966392 -0.257071 -0.683337 0.683351 -0.257066 -0.683348 0.683343 -0.257057 -0.966393 0.000006 -0.257069 -0.966391 0.000007 -0.257076 -0.683342 -0.683345 -0.257065 -0.683354 -0.683337 -0.257055 -0.00003 -0.966404 -0.25703 -0.000017 -0.966399 -0.257046 0.707092 -0.707083 -0.007421 0.707088 -0.707086 -0.007421 0.999972 0.000007 -0.00742 0.00001 -0.999973 -0.00741 0.707092 0.707083 -0.007419 0.707086 0.707088 -0.007423 -0.000000 0.999973 -0.007425 -0.707088 0.707087 -0.00742 -0.707081 0.707094 -0.007424 -0.999972 0.000007 -0.007422 -0.999972 0.000012 -0.00742 -0.707084 -0.707091 -0.007422 -0.707087 -0.707088 -0.007423 -0.000012 -0.999973 -0.007409 -0.000011 -0.999972 -0.007428 0.707087 -0.70709 -0.007223 0.707088 -0.707088 -0.007222 0.999974 0.000002 -0.007224 0.00002 -0.999974 -0.007219 0.999974 0.000004 -0.007222 0.000034 -0.999974 -0.007179 0.707084 0.707093 -0.007223 0.707085 0.707092 -0.007225 -0.000006 0.999974 -0.007224 -0.000006 0.999974 -0.007223 -0.707087 0.707089 -0.007222 -0.707089 0.707088 -0.007224 -0.999974 0.000002 -0.007224 -0.999974 0.000005 -0.007222 -0.707092 -0.707085 -0.007222 -0.707091 -0.707086 -0.007223 -0.000033 -0.999974 -0.007218 -0.000048 -0.999974 -0.007235 0.999563 -0.000014 -0.029549 0.668127 -0.668105 -0.327478 0.944869 -0.000049 -0.327449 0.706741 -0.706751 -0.031929 1 0.000009 0 0.707106 0.707108 0 0.707119 -0.707094 0 0.706729 0.706764 -0.031929 0.668166 0.668084 -0.327441 0.000045 -0.999565 -0.029496 -0.000015 1 0 0.944874 0.000053 -0.327434 0.000027 -1 -0.000018 0.668088 -0.668155 -0.327456 0.000012 0.999563 -0.029567 0.000029 -0.944871 -0.327444 -0.707122 0.707092 0 0.668094 0.668156 -0.327442 -0.706742 0.706751 -0.031928 0.000031 0.944868 -0.327451 -0.668096 0.668148 -0.327454 -1 -0.000005 0 -0.000041 0.944872 -0.327441 -0.999563 -0.000031 -0.029552 -0.668166 0.66809 -0.327431 -0.707112 -0.707102 0 -0.944882 0.000046 -0.327411 -0.706714 -0.706779 -0.031928 -0.668155 -0.668071 -0.327489 -0.000038 -1 -0.000018 -0.944888 -0.000042 -0.327394 -0.000042 -0.999564 -0.029517 -0.668098 -0.668152 -0.327442 -0.000041 -0.944867 -0.327454 0.966394 0.000007 -0.257067 0.966397 0.000005 -0.257054 0.683346 -0.683345 -0.257056 0.68334 0.68335 -0.257057 0.68335 -0.683348 -0.257038 0.683343 0.683353 -0.257041 0.000024 -0.9664 -0.257042 -0.000006 0.966397 -0.257056 -0.000006 0.966392 -0.257072 0.000052 -0.966403 -0.257034 -0.683346 0.683346 -0.257055 -0.68335 0.683349 -0.257037 -0.966397 0.000006 -0.257053 -0.966392 0.000007 -0.257072 -0.683351 -0.68334 -0.257055 -0.683356 -0.683343 -0.257036 -0.000037 -0.966405 -0.257025 -0.000017 -0.966399 -0.257046 0.707086 -0.707088 -0.007425 0.707075 -0.707099 -0.007422 0.999973 0.000007 -0.007425 0.000045 -0.999973 -0.007412 0.999973 0.000012 -0.007418 0.000051 -0.999972 -0.007427 0.707079 0.707096 -0.00742 0.707081 0.707094 -0.007427 -0.000007 0.999972 -0.007427 -0.000008 0.999972 -0.00742 -0.707085 0.70709 -0.00742 -0.707086 0.707088 -0.007427 -0.999973 0.000007 -0.007425 -0.999973 0.000011 -0.007418 -0.707081 -0.707094 -0.007421 -0.707092 -0.707083 -0.007425 -0.000014 -0.999973 -0.00741 -0.000019 -0.999972 -0.007428 0.298819 0.012341 -0.95423 0.211316 -0.211306 -0.954304 0.211304 -0.211313 -0.954305 0.298805 0.015541 -0.954188 0.211311 0.21132 -0.954302 -0.000002 -0.298842 -0.954303 0.21131 0.21134 -0.954297 -0.211317 -0.211312 -0.954302 -0.211307 -0.211314 -0.954304 -0.000003 0.298819 -0.95431 -0.000001 0.298807 -0.954314 -0.211314 0.211315 -0.954302 -0.29882 0.012344 -0.95423 -0.298804 0.015549 -0.954188 0 0.232187 0.972671 0.000007 -0.037362 0.999302 -0.000291 0.233768 0.972292 -0.001215 0.439301 0.898339 0 -0.037349 0.999302 -0.001866 0.438943 0.898513 0 -0.188282 0.982115 0 -0.188282 0.982115 0 -0.956493 0.291756 0 -0.956493 0.291757 0 -0.956492 0.291757 0 -0.956492 0.291758 -1 0 -0.000000 -1 0 -0.000000 -1 0 -0.000001 -1 0 0 -1 0 0.000000 -1 0 0 -1 0 0.000001 -1 0 0 0.003656 0.872129 -0.489262 0.003658 0.872129 -0.489262 0.003659 0.872129 -0.489263 0.003655 0.872129 -0.489262 1 0 -0.000000 1 0 -0.000000 1 0 -0.000000 0.999971 -0.00694 0.003248 0.999971 -0.007181 0.002583 1 0 -0.000001 0.99984 -0.016257 0.007469 0.99981 -0.016988 0.009528 0 -0.037362 0.999302 0 0.232187 0.972671 0.000341 0.233768 0.972292 0.000007 -0.037349 0.999302 0 -0.188282 0.982115 0.001214 0.439302 0.898339 0.001866 0.438944 0.898512 0 -0.188282 0.982115 0 -0.956492 0.291758 0 -0.956492 0.291757 0 -0.956492 0.291758 0 -0.956493 0.291757 1 0 -0.000000 1 0 0.000000 1 0 -0.000000 1 0 0 1 0 -0.000000 1 0 -0.000001 1 0 -0.000000 1 0 -0.000000 -0.003654 0.872129 -0.489263 -0.003656 0.872129 -0.489262 -0.003653 0.872129 -0.489263 -0.003657 0.872129 -0.489262 -1 0 -0.000000 -1 0 -0.000001 -1 0 0 -1 0 -0.000003 -0.999971 -0.00694 0.003247 -0.999971 -0.007225 0.002598 -0.99984 -0.016255 0.007469 -0.99981 -0.016987 0.00953 0 0.999185 -0.040361 0.000008 0.999187 -0.040323 0 0.944436 0.328696 0 0.860955 -0.508681 0 0.944435 0.328697 0 0.861054 -0.508513 0 0.654391 -0.756156 0 0.65437 -0.756174 0 0.41795 -0.90847 0 0.417947 -0.908472 -1 0 0 -1 0 -0.000000 -1 0 0 -1 0 0.000000 -1 0 -0.000000 -1 0 -0.000002 1 0 -0.000000 1 0 -0.000001 1 0 -0.000000 1 0 -0.000000 1 0 0.000000 1 0 0.000001 0 1 0 0 1 0 0 1 0 0 1 0 0 1 0 0 1 0 0 1 0 0.000000 1 0 0.000000 1 0 0.133544 0.803685 -0.579877 0.133544 0.80368 -0.579883 0.133544 0.803685 -0.579876 0.133544 0.803679 -0.579884 -0.133544 0.803682 -0.579881 -0.133545 0.803685 -0.579877 -0.133545 0.803685 -0.579876 -0.133544 0.803681 -0.579881 -0.000000 -1 0 -0.000000 -1 0 -0.000000 -1 0 0 -1 0 -0.000000 -1 0 0 -1 0 0 -1 0 0 -1 0 0.000000 -1 0 0.000000 -1 0 0.000001 -1 0 0.000000 -1 0 0 0.000000 -1 0 0.000000 -1 0 0.000000 -1 0 0.000002 -1 0 0.000000 -1 0 0.000001 -1 0 0.000001 -1 0 0.000001 -1 0 0.000000 -1 0 0.000000 -1 0.999845 -0.004324 0.01707 0.999808 0 0.019591 0.999828 -0.002002 0.018424 0.999852 -0.005958 0.016117 -0.283114 0.332579 -0.899576 -0.288883 0.239251 -0.926987 -0.28315 0.332565 -0.89957 -0.290447 0.254549 -0.922413 -0.290447 -0.009439 -0.956845 -0.281558 -0.01799 -0.959376 -1 0 0 -1 0 0.000000 -1 0 0 -1 0 0 -1 0 0.000000 -1 0 0 -0.68814 0 0.725578 -0.68814 0 0.725578 -0.68814 0 0.725578 -0.68814 0 0.725578 -0.68814 0 0.725578 -0.68814 0 0.725578 0.731444 0 -0.681901 0.731444 0 -0.681901 0.731444 0 -0.681901 0.731444 0 -0.681901 0 1 0 0 1 0 0.000000 1 0 0 1 0 0 1 0 0.000000 1 0 0 1 0 0 1 0 0 1 0 0 1 0 0.000001 1 0 0 1 0 -0.000000 1 0 0.000002 1 0 0 1 0 0 1 0 0 1 0 0.000000 1 0 0 1 0 0.000000 1 0 -0.000000 1 0 -0.000000 1 0 0.68814 0 0.725578 0.68814 0 0.725578 0.68814 0 0.725578 0.68814 0 0.725578 0.68814 0 0.725578 0.68814 0 0.725578 -0.999828 -0.002002 0.018424 -0.999845 -0.004324 0.01707 -0.999852 -0.005958 0.016117 -0.999808 0 0.019591 0.288884 0.239251 -0.926987 0.28315 0.332564 -0.89957 0.29046 0.254549 -0.922409 0.283115 0.332579 -0.899576 0.290447 -0.009439 -0.956845 0.281559 -0.01799 -0.959375 1 0 0 1 0 0 1 0 0 1 0 0 1 0 0 1 0 0 -0.731441 0 -0.681904 -0.731441 0 -0.681904 -0.731441 0 -0.681904 0 -0.000000 1 0 -0.000000 1 0 -0.000000 1 0 -0.000000 1 0.900968 0 -0.433886 1 0 0.000002 1 0 0.000001 0.900967 0 -0.433888 0.623489 0 -0.781832 0.900967 0 0.433888 0.623488 0 -0.781833 0.900967 0 0.433888 0.222525 0 -0.974927 0.222524 0 -0.974927 0.62349 0 0.781832 -0.222525 0.000000 -0.974927 0.623489 0 0.781832 -0.222525 0.000000 -0.974927 -0.623489 0 -0.781832 -0.623489 0 -0.781832 -0.900967 0 -0.433887 -0.900968 0 -0.433887 -1 0 0.000001 -1 0 0.000002 -0.900968 0 0.433887 -0.900967 0 0.433888 -0.62349 0 0.781831 -0.623489 0 0.781832 -0.222575 -0.00001 0.974916 -0.222575 0.00001 0.974916 0 0.842634 -0.538487 0 0.842634 -0.538487 0 0.842634 -0.538487 0 0.842634 -0.538487 0 0 1 0 0 1 0 0 1 0 0 1 0 0 -1 0 0 -1 0 0 -1 0 0 -1 1 0 0 1 0 0.000000 1 0 -0.000000 1 0 0.000001 1 0 -0.000001 1 0 -0.000002 -1 0 0.000000 -1 0 0 -1 0 0 -1 0 0.000000 -1 0 0.000000 -1 0 0 0.000000 -0.999627 0.027322 0.000002 -0.999627 0.027317 0 -0.999627 0.027324 0.000003 -0.999627 0.027315 0 0.456266 0.889843 0 0.456263 0.889845 0 0.456267 0.889843 0 0.456263 0.889845 0.70709 -0.707087 -0.007222 0.707088 -0.707089 -0.007222 0.999974 -0.000002 -0.007224 0.00003 -0.999974 -0.007218 0.999974 0.000004 -0.007223 0.000029 -0.999974 -0.007234 0.707086 0.707091 -0.007224 0.707092 0.707085 -0.007225 0.000003 0.999974 -0.007224 0.000006 0.999974 -0.007224 -0.707081 0.707095 -0.007222 -0.707089 0.707088 -0.007223 -0.999974 -0.000002 -0.007222 -0.999974 0.000004 -0.007221 -0.707084 -0.707093 -0.007221 -0.707087 -0.707089 -0.007221 -0.000022 -0.999974 -0.007216 -0.000016 -0.999974 -0.007235 0.999563 0.000058 -0.029571 0.668152 -0.668098 -0.327441 0.944862 -0.000031 -0.327468 0.706735 -0.706758 -0.031927 1 0.000008 0 0.707113 -0.707101 0 0.707101 0.707112 0 0.000045 -0.999564 -0.029535 0.706762 0.706731 -0.031919 0.000041 -1 -0.000018 -0.000002 1 0 0.668136 0.668089 -0.327493 0.000021 0.999563 -0.029558 0.944865 0.000028 -0.327459 -0.707117 0.707096 0 0.668095 0.668141 -0.327471 -0.706747 0.706746 -0.031926 0.000045 0.944856 -0.327488 -1 -0.000007 0 -0.668082 0.668142 -0.327495 -0.000037 0.944861 -0.327472 -0.999563 0.000016 -0.029564 -0.707107 -0.707107 0 -0.668119 0.668111 -0.327484 -0.706766 -0.706726 -0.031935 -0.00003 -1 -0.000018 -0.944855 0.000032 -0.327488 -0.668115 -0.668103 -0.327509 -0.944861 -0.000036 -0.327471 -0.000034 -0.999564 -0.02952 -0.668076 -0.668144 -0.327502 -0.000034 -0.944865 -0.32746 0.668094 -0.668149 -0.327455 0.000042 -0.944869 -0.327449 0.966392 0.000001 -0.257072 0.966396 0.000003 -0.257059 0.683356 -0.683333 -0.257062 0.683345 0.683344 -0.257063 0.683341 -0.683348 -0.25706 0.683343 0.68335 -0.25705 0.000045 -0.966398 -0.257051 0.000052 -0.966393 -0.257069 0.000003 0.966393 -0.257068 0.000000 0.966392 -0.257075 -0.68333 0.683355 -0.257073 -0.683338 0.683347 -0.257072 -0.966391 0.000003 -0.257076 -0.966392 0.000002 -0.257071 -0.683341 -0.683344 -0.257073 -0.683337 -0.683344 -0.257083 -0.000039 -0.9664 -0.257041 -0.000051 -0.966388 -0.257086 0.707101 -0.707074 -0.007421 0.707091 -0.707084 -0.00742 0.999972 -0.000000 -0.00742 0.000046 -0.999973 -0.007408 0.999973 -0.000003 -0.007417 0.000041 -0.999973 -0.007426 0.707084 0.70709 -0.007417 0.707087 0.707088 -0.007419 0.000000 0.999973 -0.007417 0.000004 0.999973 -0.007417 -0.707086 0.707088 -0.00742 -0.707073 0.707102 -0.007417 -0.999973 -0.000000 -0.007418 -0.999972 -0.000002 -0.007423 -0.707093 -0.707081 -0.007422 -0.707088 -0.707087 -0.007419 -0.000045 -0.999973 -0.007406 -0.000032 -0.999972 -0.007428 0.202587 -0.220033 -0.954224 0.298818 0 -0.95431 0.298823 0 -0.954309 0.200304 -0.222296 -0.954182 0.000002 -0.298826 -0.954308 0.211286 0.211289 -0.954314 0.000005 -0.298822 -0.954309 -0.211304 -0.211307 -0.954306 0.211279 0.211286 -0.954316 -0.211311 -0.211304 -0.954305 0.000002 0.298817 -0.95431 0.000001 0.298821 -0.954309 -0.298827 0.000000 -0.954307 -0.220035 0.202582 -0.954225 -0.298826 0.000002 -0.954308 -0.222291 0.200305 -0.954183 -0.871949 -0.000006 -0.489597 -0.616554 0.616574 -0.489589 -0.000006 -0.000005 -1 -0.616558 -0.616574 -0.489585 -0.000009 0.87195 -0.489595 -0.000019 -0.871956 -0.489584 0.616558 0.616558 -0.489605 0.871947 -0.000006 -0.489601 0.616562 -0.616558 -0.489599 0.000045 -0.871952 -0.489592 0.707088 -0.707089 -0.007222 0.70709 -0.707086 -0.007223 0.999974 -0.000002 -0.007224 0.000023 -0.999974 -0.007218 0.999974 0.000004 -0.007224 0.000022 -0.999974 -0.007234 0.707088 0.707089 -0.007224 0.707089 0.707087 -0.007225 0.000002 0.999974 -0.007225 0.000002 0.999974 -0.007224 -0.707085 0.707092 -0.007224 -0.707087 0.707089 -0.007225 -0.999974 -0.000002 -0.007224 -0.999974 0.000004 -0.007224 -0.707088 -0.707089 -0.007222 -0.707086 -0.707091 -0.007222 -0.000018 -0.999974 -0.007216 -0.000017 -0.999974 -0.007235 0.999563 -0.000016 -0.029552 0.668155 -0.668085 -0.327464 0.944878 -0.000037 -0.327423 0.706735 -0.706758 -0.031918 1 0.000008 0 0.707105 0.707109 0 0.707117 -0.707097 0 0.706762 0.706731 -0.03191 0.000042 -0.999564 -0.029534 0.668084 -0.668142 -0.327491 -0.000002 1 0 0.000041 -1 -0.000018 0.00002 0.999563 -0.029556 0.000034 -0.944869 -0.327449 -0.707117 0.707096 0 0.668096 0.668145 -0.327459 -0.706744 0.706749 -0.03192 0.000038 0.944857 -0.327483 -1 -0.000007 0 -0.668083 0.668145 -0.327486 -0.999563 0.000016 -0.029553 -0.668158 0.668079 -0.327467 -0.000034 0.94486 -0.327475 -0.707107 -0.707107 0 -0.944864 0.000039 -0.327463 -0.706763 -0.70673 -0.031928 -0.668133 -0.668117 -0.327442 -0.000031 -1 -0.000018 -0.944868 -0.000041 -0.327452 -0.000033 -0.999564 -0.02952 -0.668089 -0.668159 -0.327445 -0.000031 -0.944865 -0.327461 0.668152 0.668087 -0.327465 0.944881 0.000033 -0.327414 0.966393 0.000001 -0.257069 0.966394 0.000003 -0.257065 0.683354 -0.683333 -0.257067 0.683343 0.683344 -0.257067 0.683343 -0.683342 -0.257072 0.683345 0.683344 -0.257061 0.000041 -0.966397 -0.257053 0.000052 -0.966394 -0.257066 0.000002 0.966394 -0.257067 0.000003 0.966392 -0.257073 -0.683338 0.68335 -0.257066 -0.683342 0.683346 -0.257065 -0.966395 0.000003 -0.25706 -0.966397 0.000001 -0.257055 -0.683349 -0.683339 -0.257063 -0.683341 -0.683344 -0.257072 -0.000036 -0.966402 -0.257037 -0.000045 -0.96639 -0.257081 0.707101 -0.707074 -0.007423 0.707088 -0.707087 -0.007421 0.999972 -0.000000 -0.007423 0.000046 -0.999973 -0.007409 0.999973 -0.000003 -0.007418 0.000048 -0.999973 -0.007426 0.707081 0.707094 -0.007418 0.707087 0.707088 -0.007421 0.000003 0.999972 -0.007419 0.000003 0.999973 -0.007417 -0.707077 0.707098 -0.007419 -0.707077 0.707097 -0.007421 -0.999972 -0.000000 -0.007423 -0.999972 -0.000002 -0.00742 -0.707084 -0.707091 -0.007422 -0.707092 -0.707083 -0.007423 -0.00004 -0.999973 -0.007408 -0.000041 -0.999972 -0.007428 0.298806 0.000001 -0.954314 0.211319 -0.211319 -0.9543 0.211312 -0.211312 -0.954303 0.298791 0.000003 -0.954319 0.222288 0.200301 -0.954184 0.000001 -0.298828 -0.954307 0.000001 -0.29882 -0.95431 0.000001 0.298821 -0.954309 0.220029 0.202584 -0.954226 -0.21131 -0.211314 -0.954303 -0.211316 -0.211319 -0.954301 0.000000 0.298823 -0.954309 -0.298817 0.000001 -0.95431 -0.220029 0.202586 -0.954225 -0.222287 0.200302 -0.954184 -0.298809 0.000002 -0.954313 -0.871958 -0.000005 -0.489581 -0.616571 0.616551 -0.489596 -0.000006 -0.000005 -1 -0.616574 -0.616551 -0.489592 -0.000004 0.871949 -0.489596 -0.000056 -0.871955 -0.489586 0.61656 0.616557 -0.489604 0.871948 -0.000006 -0.489598 0.616564 -0.616558 -0.489597 0.000047 -0.871954 -0.489589 0.707088 -0.707088 -0.007219 0.707083 -0.707094 -0.00722 0.999974 -0.000002 -0.00722 0.000028 -0.999974 -0.007216 0.999974 0.000004 -0.007219 0.000017 -0.999974 -0.007234 0.707081 0.707096 -0.007221 0.70709 0.707087 -0.007222 -0.000000 0.999974 -0.007224 -0.000006 0.999974 -0.007224 -0.707084 0.707092 -0.007224 -0.707085 0.707091 -0.007225 -0.999974 -0.000002 -0.007224 -0.999974 0.000004 -0.007225 -0.707087 -0.70709 -0.007222 -0.707084 -0.707093 -0.007222 -0.00003 -0.999974 -0.007216 -0.00003 -0.999974 -0.007235 0.999563 0.000033 -0.02957 0.668149 -0.668098 -0.327446 0.944865 -0.000037 -0.327461 0.70677 -0.706722 -0.031931 1 0.000008 0 0.707102 0.707112 0 0.707114 -0.7071 0 0.706728 0.706765 -0.031921 0.668148 0.6681 -0.327446 0.000044 -0.999564 -0.029536 -0.000007 1 0 0.944868 0.000033 -0.327452 0.00004 -1 -0.000018 0.668093 -0.668148 -0.327459 -0.000034 0.999563 -0.029558 0.000041 -0.944868 -0.327451 -0.707113 0.707101 0 0.668093 0.668141 -0.327474 -0.70674 0.706753 -0.031922 0.000044 0.944855 -0.327489 -0.668091 0.668138 -0.327485 -1 -0.000007 0 -0.000047 0.94486 -0.327475 -0.999563 0.000016 -0.029561 -0.668139 0.668094 -0.327477 -0.707102 -0.707112 0 -0.944856 0.000052 -0.327487 -0.706724 -0.706768 -0.03193 -0.668148 -0.668098 -0.32745 -0.000041 -1 -0.000018 -0.944861 -0.000055 -0.327471 -0.000045 -0.999564 -0.02952 -0.668097 -0.668151 -0.327445 -0.000045 -0.944864 -0.327462 0.966393 0.000002 -0.257069 0.966391 0.000003 -0.257077 0.68334 -0.683345 -0.257072 0.683329 0.683356 -0.257073 0.683336 -0.683345 -0.257083 0.683337 0.683347 -0.257075 0.000039 -0.966396 -0.257056 -0.000003 0.966393 -0.257068 0 0.966392 -0.257074 0.000053 -0.966393 -0.257068 -0.683343 0.683345 -0.257063 -0.683342 0.683351 -0.25705 -0.966396 0.000003 -0.257059 -0.966392 0.000001 -0.257071 -0.683355 -0.683334 -0.257062 -0.683341 -0.683349 -0.257061 -0.000046 -0.966402 -0.257036 -0.000053 -0.966389 -0.257083 0.707087 -0.707088 -0.007421 0.70709 -0.707085 -0.007423 0.999972 -0.000000 -0.007421 0.000046 -0.999973 -0.007408 0.999972 -0.000003 -0.007423 0.000041 -0.999973 -0.007426 0.707083 0.707092 -0.00742 0.707072 0.707102 -0.007419 -0.000000 0.999973 -0.007418 -0.000000 0.999973 -0.007417 -0.707084 0.70709 -0.007418 -0.707085 0.707089 -0.007419 -0.999972 -0.000000 -0.00742 -0.999972 -0.000002 -0.007419 -0.707091 -0.707083 -0.007421 -0.7071 -0.707075 -0.007421 -0.000047 -0.999973 -0.007407 -0.000042 -0.999972 -0.007427 0.29883 0.000000 -0.954306 0.211316 -0.211316 -0.954302 0.211313 -0.211312 -0.954303 0.298826 0.000002 -0.954308 0.222292 0.200303 -0.954183 -0.000001 -0.298829 -0.954307 -0.000000 0.29882 -0.95431 0.220029 0.202585 -0.954226 -0.000002 -0.298824 -0.954308 0 0.298822 -0.954309 -0.211295 0.211298 -0.95431 -0.200311 -0.222284 -0.954183 -0.2113 0.211291 -0.954311 -0.298827 -0.000001 -0.954307 -0.202588 -0.220032 -0.954224 -0.298826 -0.000001 -0.954308 -0.871949 -0.000006 -0.489597 -0.61656 0.616556 -0.489604 0.000002 -0.000005 -1 -0.616564 -0.616557 -0.489598 0.000005 0.87195 -0.489595 -0.000046 -0.871955 -0.489587 0.616558 0.616565 -0.489596 0.871948 -0.000006 -0.489598 0.616561 -0.616565 -0.489592 0.000056 -0.871955 -0.489587 0 0.232189 0.972671 0.000009 -0.03737 0.999301 -0.000294 0.23377 0.972292 -0.001215 0.439308 0.898335 0 -0.037359 0.999302 -0.001867 0.43895 0.89851 0 -0.18829 0.982113 0 -0.188287 0.982114 0 -0.956487 0.291775 0 -0.956487 0.291775 0 -0.956487 0.291775 0 -0.956487 0.291776 -1 0 0.000000 -1 0 -0.000000 -1 0 0.000000 -1 0 -0.000001 -1 0 0 -1 0 0 -1 0 0.000001 -1 0 0 0.003657 0.872125 -0.489269 0.003657 0.872125 -0.48927 0.003658 0.872125 -0.48927 0.003656 0.872126 -0.489268 1 0 -0.000000 1 0 -0.000000 1 0 -0.000001 0.999971 -0.006939 0.003247 1 0 -0.000001 0.999971 -0.007225 0.002599 0.99984 -0.016255 0.007468 0.99981 -0.016987 0.009527 0 -0.03737 0.999301 -0.000011 0.232188 0.972671 0.000341 0.23377 0.972292 0.00001 -0.037358 0.999302 0 -0.188292 0.982113 0.001216 0.439309 0.898335 0.001868 0.438951 0.898509 0 -0.18829 0.982113 0 -0.956487 0.291775 0 -0.956487 0.291776 0 -0.956487 0.291776 0 -0.956486 0.291777 1 0 -0.000000 1 0 -0.000001 1 0 -0.000000 1 0 -0.000001 1 0 -0.000000 1 0 0 1 0 -0.000001 1 0 -0.000001 -0.003657 0.872126 -0.489268 -0.003657 0.872126 -0.489269 -0.003657 0.872126 -0.489268 -0.003657 0.872125 -0.489269 -1 0 0.000000 -1 0 0.000001 -1 0 -0.000000 -1 0 0.000003 -0.99997 -0.007026 0.003288 -0.999971 -0.007225 0.002597 -0.99984 -0.016255 0.007469 -0.99981 -0.016987 0.00953 0 0.999185 -0.040372 0 0.999186 -0.040334 0 0.944444 0.328674 0 0.861009 -0.50859 0 0.944443 0.328674 0 0.860979 -0.508641 0 0.654389 -0.756158 0 0.654368 -0.756176 0 0.417939 -0.908475 0 0.417932 -0.908478 -1 0 0.000001 -1 0 0 -1 0 0.000000 -1 0 -0.000000 -1 0 0.000000 -1 0 0 1 0 -0.000000 1 0 0.000000 1 0 -0.000001 1 0 -0.000000 1 0 -0.000000 1 0 0.000000 0.000000 1 0 0 1 0 0.000000 1 0 0 1 0 0.000000 1 0 0 1 0 0 1 0 0.000000 1 0 0.000000 1 0 0.133545 0.803682 -0.57988 0.133545 0.803682 -0.579881 0.133545 0.803682 -0.57988 0.133545 0.803682 -0.579881 -0.133545 0.803681 -0.579882 -0.133545 0.803681 -0.579881 -0.133545 0.803681 -0.579881 -0.133545 0.803681 -0.579882 -0.000000 -1 0 -0.000000 -1 0 -0.000001 -1 0 0 -1 0 0 -1 0 0 -1 0 0 -1 0 0 -1 0 0.000000 -1 0 0.000000 -1 0 0.000001 -1 0 0 -1 0 0 0 -1 0 0 -1 0 0 -1 0 -0.000000 -1 0 -0.000000 -1 0 -0.000000 -1 0 -0.000000 -1 0 0 -1 0 -0.000000 -1 0 0 -1 0.999845 -0.004324 0.01707 0.999808 0 0.019591 0.999828 -0.002002 0.018424 0.999852 -0.005958 0.016118 -0.283102 0.33258 -0.89958 -0.28887 0.23925 -0.926992 -0.283139 0.332565 -0.899574 -0.290435 0.254549 -0.922417 -0.290445 -0.009439 -0.956845 -0.281556 -0.01799 -0.959376 -1 0 0 -1 0 0.000000 -1 0 0 -1 0 0 -1 0 0.000000 -1 0 0 -0.68814 0 0.725578 -0.68814 0 0.725578 -0.68814 0 0.725578 -0.68814 0 0.725578 -0.68814 0 0.725578 -0.68814 0 0.725578 0.731447 0 -0.681898 0.731447 0 -0.681899 0.731447 0 -0.681898 0.731447 0 -0.681899 0 1 0 -0.000001 1 0 0 1 0 0 1 0 0 1 0 0.000000 1 0 0 1 0 0 1 0 0 1 0 0 1 0 -0.000001 1 0 -0.000002 1 0 -0.000001 1 0 -0.000001 1 0 -0.000000 1 0 0 1 0 0.000000 1 0 0.000000 1 0 0 1 0 0.000001 1 0 0.000000 1 0 0.000002 1 0 0.68814 0 0.725578 0.68814 0 0.725578 0.68814 0 0.725578 0.68814 0 0.725578 0.68814 0 0.725578 0.68814 0 0.725578 -0.999828 -0.002002 0.018424 -0.999845 -0.004324 0.01707 -0.999852 -0.005958 0.016117 -0.999808 0 0.019592 0.288872 0.23925 -0.926991 0.283141 0.332566 -0.899573 0.290449 0.254549 -0.922412 0.283105 0.332581 -0.899579 0.290205 -0.009664 -0.956916 0.281558 -0.01799 -0.959376 1 0 -0.000000 1 0 -0.000000 1 0 -0.000000 1 0 0 1 0 0 1 0 0 -0.731447 0 -0.681899 -0.731447 0 -0.681898 -0.731446 0 -0.681899 -0.731448 0 -0.681897 0 0 1 0 0 1 0 0 1 0 0 1 0 0 1 0 0 1 0.900966 0 -0.433889 1 0 -0.000001 1 0 -0.000001 0.900966 0 -0.433889 0.900967 0 0.433888 0.62349 0 -0.781832 0.900967 0 0.433888 0.623489 0 -0.781832 0.62349 0 0.781832 0.222524 0 -0.974927 0.623489 0 0.781832 0.222523 0 -0.974927 0.222524 0 0.974927 -0.222521 0 -0.974928 0.222523 0 0.974928 -0.222522 0 -0.974928 -0.222474 0.00001 0.974939 -0.623488 0 -0.781833 -0.222474 -0.00001 0.974939 -0.623489 0 -0.781832 -0.900969 0 -0.433884 -0.900969 0 -0.433883 -1 0 -0.000002 -1 0 -0.000001 -0.90097 0 0.433881 -0.90097 0 0.433882 -0.623489 0 0.781832 -0.623488 0 0.781833 -0.222569 -0.00001 0.974917 -0.222569 0.00001 0.974917 0 0.842634 -0.538487 0 0.842634 -0.538487 0 0.842634 -0.538487 0 0.842634 -0.538487 0 0.000000 1 0 0.000000 1 0 0.000000 1 0 0.000000 1 0 -0.000000 -1 0 -0.000000 -1 0 -0.000000 -1 0 -0.000000 -1 1 0 0 1 0 0.000000 1 0 0 1 0 0.000000 1 0 0 1 0 0.000000 -1 0 -0.000000 -1 0 0.000000 -1 0 -0.000000 -1 0 0.000000 -1 0 0 -1 0 0 0.000000 -0.999627 0.027323 0.000003 -0.999627 0.027317 0 -0.999627 0.027325 0.000003 -0.999627 0.027315 0 0.456267 0.889843 0 0.456264 0.889845 0 0.456268 0.889843 0 0.456263 0.889845 0.707088 -0.707089 -0.007223 0.707085 -0.707091 -0.007222 0.999974 0.000003 -0.007224 0.000019 -0.999974 -0.007219 0.999974 0.000007 -0.007223 0.000023 -0.999974 -0.007234 0.707085 0.707091 -0.007223 0.707085 0.707091 -0.007225 -0.000006 0.999974 -0.007225 -0.000006 0.999974 -0.007223 -0.707089 0.707088 -0.007223 -0.70709 0.707086 -0.007225 -0.999974 0.000003 -0.007224 -0.999974 0.000007 -0.007222 -0.707089 -0.707088 -0.007221 -0.707092 -0.707084 -0.007223 -0.000032 -0.999974 -0.007218 -0.000037 -0.999974 -0.007235 0.999563 0.000034 -0.029551 0.668125 -0.668115 -0.327462 0.944882 -0.000035 -0.327411 0.706724 -0.706769 -0.031917 1 0.000007 0 0.707104 0.70711 0 0.707117 -0.707097 0.000000 0.706726 0.706766 -0.031925 0.668152 0.668076 -0.327487 0.000036 -0.999564 -0.029523 -0.000015 1 -0.000000 0.944887 0.000038 -0.327398 0.00003 -1 -0.000018 0.668081 -0.66815 -0.32748 0.000011 0.999563 -0.029564 0.000028 -0.944861 -0.327471 -0.707112 0.707101 -0.000000 0.668093 0.66816 -0.327435 -0.706733 0.70676 -0.031926 0.000025 0.944853 -0.327495 -0.668086 0.668137 -0.327496 -1 -0.000007 0 -0.000041 0.944856 -0.327485 -0.999563 0.000017 -0.029567 -0.668149 0.668102 -0.327439 -0.707102 -0.707112 0 -0.944866 0.000038 -0.327459 -0.706725 -0.706768 -0.031918 -0.668139 -0.668089 -0.327488 -0.000041 -1 -0.000018 -0.94487 -0.000032 -0.327447 -0.000048 -0.999565 -0.029507 -0.668092 -0.668145 -0.327467 -0.000043 -0.944856 -0.327485 0.966392 0.000000 -0.257072 0.966396 0.000003 -0.257057 0.683354 -0.683334 -0.257065 0.683341 0.683351 -0.257056 0.683339 -0.68335 -0.257061 0.683348 0.683351 -0.257034 0.00004 -0.966397 -0.257055 -0.000007 0.966397 -0.257054 -0.000008 0.966391 -0.257076 0.000048 -0.966391 -0.257078 -0.683345 0.683346 -0.257056 -0.683351 0.683349 -0.257033 -0.966396 0.000003 -0.257059 -0.966391 0.000000 -0.257076 -0.683359 -0.683329 -0.257065 -0.683342 -0.683347 -0.257061 -0.000056 -0.966401 -0.257041 -0.000017 -0.9664 -0.257042 0.707099 -0.707076 -0.007421 0.707073 -0.707102 -0.00742 0.999972 -0.000004 -0.007422 0.00004 -0.999973 -0.007407 0.999973 0.000006 -0.007417 0.000041 -0.999972 -0.007427 0.707073 0.707102 -0.007418 0.707083 0.707092 -0.007423 -0.000008 0.999972 -0.007422 -0.000008 0.999973 -0.007418 -0.707079 0.707096 -0.007418 -0.707089 0.707086 -0.007423 -0.999972 -0.000004 -0.007422 -0.999973 0.000006 -0.007417 -0.707079 -0.707096 -0.00742 -0.707105 -0.70707 -0.007421 -0.000009 -0.999973 -0.007405 -0.00001 -0.999972 -0.007428 0.298842 0.000001 -0.954303 0.211329 -0.211337 -0.954294 0.211322 -0.211336 -0.954296 0.298835 0.000003 -0.954305 0.222292 0.200301 -0.954183 -0.000002 -0.298864 -0.954296 0.220033 0.202583 -0.954225 -0.000003 0.298869 -0.954294 -0.000004 -0.298858 -0.954298 -0.000002 0.298879 -0.954291 -0.220033 0.202584 -0.954225 -0.200312 -0.2223 -0.954179 -0.222294 0.200303 -0.954182 -0.298834 -0.012341 -0.954225 -0.202587 -0.220046 -0.954221 -0.29882 -0.015537 -0.954183 -0.871952 -0.000005 -0.489591 -0.616555 0.616565 -0.4896 0.000005 -0.000002 -1 -0.616574 -0.616555 -0.489588 0.000009 0.871953 -0.48959 -0.000022 -0.871956 -0.489584 0.61655 0.61658 -0.489587 0.871953 -0.000006 -0.489589 0.616569 -0.616571 -0.489575 0.000043 -0.871957 -0.489583 0.707091 -0.707085 -0.007221 0.707091 -0.707086 -0.007221 0.999974 0.000003 -0.007221 0.000029 -0.999974 -0.007218 0.999974 0.000007 -0.007221 0.000023 -0.999974 -0.007179 0.707091 0.707086 -0.007222 0.707089 0.707087 -0.007222 0.000001 0.999974 -0.007224 -0.000003 0.999974 -0.007223 -0.707092 0.707085 -0.007223 -0.707088 0.707089 -0.007225 -0.999974 0.000003 -0.007224 -0.999974 0.000007 -0.007224 -0.707092 -0.707085 -0.007222 -0.70709 -0.707086 -0.007223 -0.000026 -0.999974 -0.007218 -0.00003 -0.999974 -0.007235 0.999563 0.000034 -0.029565 0.668144 -0.668091 -0.327474 0.944868 -0.000033 -0.327453 0.706773 -0.70672 -0.031918 1 0.000007 0 0.707113 -0.707101 0.000000 0.7071 0.707114 0 0.000046 -0.999564 -0.029522 0.706758 0.706735 -0.031926 0.00004 -1 -0.000018 -0.000008 1 -0.000000 0.668148 0.668098 -0.32745 0.000018 0.999563 -0.029564 0.944856 0.00004 -0.327487 -0.707111 0.707103 -0.000000 0.668088 0.668141 -0.327483 -0.706731 0.706761 -0.031926 0.000036 0.944853 -0.327495 -1 -0.000007 0 -0.668083 0.66814 -0.327496 -0.000036 0.944856 -0.327485 -0.999563 -0.000032 -0.029567 -0.7071 -0.707114 0 -0.66815 0.668101 -0.327439 -0.706706 -0.706787 -0.031917 -0.000037 -1 -0.000018 -0.944866 0.000036 -0.327458 -0.668139 -0.668088 -0.327487 -0.94487 -0.000031 -0.327446 -0.000043 -0.999565 -0.029507 -0.668089 -0.668149 -0.327467 -0.000038 -0.944856 -0.327486 0.668088 -0.668144 -0.327479 0.000038 -0.944861 -0.32747 0.966392 0.000001 -0.257072 0.966394 0.000003 -0.257064 0.683355 -0.683331 -0.25707 0.683342 0.683348 -0.257061 0.683343 -0.683342 -0.257072 0.683353 0.683343 -0.257044 0.000044 -0.966396 -0.257058 0.000057 -0.966391 -0.257078 -0.000004 0.966396 -0.257058 -0.000004 0.966391 -0.257076 -0.683342 0.683349 -0.257057 -0.683354 0.683342 -0.257045 -0.966396 0.000003 -0.257059 -0.966395 0.000000 -0.25706 -0.683355 -0.683332 -0.257066 -0.683345 -0.68334 -0.257073 -0.000053 -0.9664 -0.257044 -0.000017 -0.9664 -0.257042 0.707102 -0.707073 -0.007421 0.707088 -0.707087 -0.007423 0.999972 -0.000004 -0.007423 0.000047 -0.999973 -0.007407 0.999972 0.000006 -0.007423 0.000049 -0.999972 -0.007427 0.707087 0.707087 -0.007421 0.707085 0.707089 -0.007423 -0.000003 0.999972 -0.007421 0.000002 0.999973 -0.007418 -0.707086 0.707089 -0.007419 -0.707082 0.707093 -0.007419 -0.999973 -0.000004 -0.007417 -0.999972 0.000005 -0.00742 -0.707086 -0.707088 -0.007421 -0.707098 -0.707077 -0.007416 -0.000055 -0.999973 -0.007403 -0.000043 -0.999972 -0.007428 0.298872 0.000001 -0.954293 0.21134 -0.21134 -0.954291 0.21134 -0.211334 -0.954292 0.298867 0.000003 -0.954295 0.2223 0.200292 -0.954183 -0.000000 -0.298861 -0.954297 0.220033 0.202578 -0.954226 -0.000002 -0.298853 -0.954299 -0.200301 -0.222289 -0.954184 0.000000 0.298866 -0.954295 -0.20258 -0.220034 -0.954226 -0.298864 0.000000 -0.954296 0.000000 0.298876 -0.954292 -0.298868 0 -0.954295 -0.21132 0.211314 -0.954301 -0.211319 0.211302 -0.954304 -0.871957 -0.000007 -0.489583 -0.616563 0.616556 -0.4896 0.000000 -0.000003 -1 -0.616581 -0.616548 -0.489587 0.000003 0.871953 -0.48959 -0.000022 -0.871957 -0.489583 0.616554 0.61657 -0.489594 0.871953 -0.000006 -0.489589 0.616573 -0.616561 -0.489582 0.000031 -0.871956 -0.489585 0.707091 -0.707086 -0.007221 0.707085 -0.707091 -0.00722 0.999974 0.000003 -0.007221 0.000031 -0.999974 -0.007218 0.999974 0.000007 -0.007219 0.000025 -0.999974 -0.007234 0.707085 0.707091 -0.007221 0.707088 0.707088 -0.007222 0 0.999974 -0.007223 0 0.999974 -0.007223 -0.707085 0.707091 -0.007221 -0.707088 0.707088 -0.007222 -0.999974 0.000003 -0.007221 -0.999974 0.000007 -0.007219 -0.707085 -0.707091 -0.00722 -0.707091 -0.707086 -0.007221 -0.000031 -0.999974 -0.007216 -0.000025 -0.999974 -0.007235 0.999563 -0.000015 -0.029566 0.668143 -0.66809 -0.327477 0.944868 -0.000033 -0.327452 0.706739 -0.706754 -0.03192 1 0.000007 0 0.7071 0.707114 0 0.707113 -0.707101 0.000000 0.706758 0.706734 -0.031928 0.000048 -0.999564 -0.029524 0.668089 -0.668141 -0.327483 -0.000009 1 -0.000000 0.00004 -1 -0.000018 0.000017 0.999563 -0.029565 0.000043 -0.944861 -0.327473 -0.707113 0.7071 -0.000000 0.668101 0.668151 -0.327439 -0.706734 0.706758 -0.031928 0.000041 0.944852 -0.327498 -1 -0.000007 0 -0.668098 0.668147 -0.327452 -0.999563 -0.000032 -0.029566 -0.66815 0.668101 -0.32744 -0.000041 0.944856 -0.327485 -0.707102 -0.707111 0 -0.944868 0.000038 -0.327452 -0.706727 -0.706766 -0.03192 -0.668139 -0.668087 -0.327489 -0.00004 -1 -0.000018 -0.944872 -0.000033 -0.32744 -0.000047 -0.999565 -0.029508 -0.668092 -0.668144 -0.327471 -0.000043 -0.944856 -0.327486 0.668147 0.668097 -0.327453 0.944872 0.000038 -0.32744 0.966392 0.000001 -0.257072 0.966392 0.000003 -0.257074 0.683343 -0.683341 -0.257074 0.68333 0.683358 -0.257065 0.683338 -0.683343 -0.257084 0.683347 0.683344 -0.257056 0.000049 -0.966395 -0.257061 0.000015 -0.966391 -0.257076 0 0.966395 -0.257061 0 0.966392 -0.257075 -0.68333 0.683358 -0.257065 -0.683347 0.683344 -0.257056 -0.966392 0.000003 -0.257074 -0.966392 0.000002 -0.257072 -0.683343 -0.683341 -0.257074 -0.683338 -0.683343 -0.257084 -0.000049 -0.966399 -0.257046 -0.000015 -0.9664 -0.257041 0.70709 -0.707084 -0.007419 0.707081 -0.707093 -0.007423 0.999972 -0.000004 -0.007421 0.000008 -0.999973 -0.007406 0.999972 0.000006 -0.007424 0.000051 -0.999972 -0.007427 0.707081 0.707093 -0.007421 0.707074 0.7071 -0.007421 0 0.999972 -0.007421 0 0.999973 -0.007418 -0.707081 0.707093 -0.007421 -0.707074 0.7071 -0.007421 -0.999972 -0.000004 -0.007421 -0.999972 0.000006 -0.007424 -0.707082 -0.707093 -0.007423 -0.70709 -0.707084 -0.007419 -0.000008 -0.999973 -0.007404 -0.000051 -0.999972 -0.007428 0.202581 -0.220036 -0.954225 0.298867 0.000001 -0.954295 0.298868 0 -0.954295 0.200309 -0.222286 -0.954183 0 -0.298859 -0.954297 0.211325 0.211323 -0.954298 0 -0.298851 -0.9543 0 0.298866 -0.954295 0 0.298875 -0.954292 0.21133 0.211308 -0.9543 -0.200308 -0.222287 -0.954183 -0.211325 0.211322 -0.954298 -0.202581 -0.220037 -0.954225 -0.21133 0.211306 -0.9543 -0.298867 0.000000 -0.954295 -0.298868 0 -0.954295 -0.871953 -0.000005 -0.489589 -0.616554 0.616571 -0.489594 0 -0.000002 -1 -0.616573 -0.616561 -0.489582 0 0.871953 -0.48959 -0.000031 -0.871957 -0.489582 0.616554 0.61657 -0.489594 0.871953 -0.000007 -0.489589 0.616573 -0.616562 -0.489582 0.000031 -0.871956 -0.489585 0 0.232183 0.972672 0.000007 -0.037367 0.999302 -0.000291 0.233767 0.972293 -0.001205 0.439316 0.898332 0 -0.037354 0.999302 -0.001852 0.438961 0.898504 0 -0.188279 0.982116 0 -0.188279 0.982116 0 -0.956492 0.291758 0 -0.956492 0.291759 0 -0.956492 0.291759 0 -0.956492 0.29176 -1 0 0 -1 0 0 -1 0 0 -1 0 0 -1 0 0 -1 0 0 -1 0 -0.000000 -1 0 -0.000000 0.00365 0.872127 -0.489266 0.003649 0.872127 -0.489265 0.003649 0.872128 -0.489265 0.00365 0.872127 -0.489267 1 0 0 1 0 0 1 0 0 0.999971 -0.00694 0.003247 1 0 0 0.999971 -0.00718 0.002582 0.99984 -0.016255 0.007469 0.99981 -0.016987 0.009529 0 -0.037367 0.999302 0 0.232183 0.972672 0.000338 0.233766 0.972293 0 -0.037354 0.999302 0.001206 0.439315 0.898332 0.001852 0.438959 0.898505 0 -0.188279 0.982116 0 -0.188279 0.982116 0 -0.956492 0.291758 0 -0.956492 0.291759 0 -0.956492 0.291759 0 -0.956492 0.29176 1 0 0 1 0 0 1 0 0 1 0 0 1 0 0 1 0 0.000000 1 0 0 1 0 -0.000000 -0.003648 0.872127 -0.489266 -0.003648 0.872127 -0.489265 -0.003648 0.872127 -0.489267 -0.003648 0.872128 -0.489265 -1 0 0 -1 0 0 -1 0 0 -1 0 0 -0.999971 -0.00694 0.003247 -0.999971 -0.007225 0.002598 -0.99984 -0.016255 0.007469 -0.99981 -0.016987 0.009529 0 0.999185 -0.040369 0 0.999186 -0.040329 0 0.944437 0.328691 0 0.860982 -0.508636 0 0.944438 0.32869 0 0.861055 -0.508512 -0.000026 0.654391 -0.756156 0 0.654368 -0.756176 0 0.417936 -0.908477 0 0.417936 -0.908477 -1 0 0 -1 0 0 -1 0 0 -1 0 0 -1 0 0 -1 0 0 1 0 0 1 0 0 1 0 0 1 0 0 1 0 0 1 0 0 -0.000000 1 -0.000000 -0.000001 1 -0.000000 -0.000000 1 -0.000000 -0.000000 1 -0.000000 -0.000000 1 -0.000000 0 1 -0.000000 0 1 -0.000000 0.000000 1 -0.000000 0.000000 1 -0.000000 0.133545 0.803687 -0.579874 0.133543 0.803692 -0.579867 0.133546 0.803686 -0.579874 0.133542 0.803693 -0.579866 -0.133543 0.803692 -0.579867 -0.133545 0.803687 -0.579874 -0.133546 0.803686 -0.579874 -0.133542 0.803693 -0.579866 0.000000 -1 0.000000 -0.000000 -1 0.000000 -0.000000 -1 0.000000 0 -1 0.000000 0.000001 -1 0.000000 0 -1 0.000000 0 -1 0.000000 0 -1 0.000000 0 -1 0.000000 -0.000000 -1 0.000000 -0.000000 -1 0.000000 -0.000001 -1 0.000000 0 -0.000000 -1 0 -0.000001 -1 0 -0.000000 -1 0 -0.000001 -1 0 -0.000000 -1 0 0.000000 -1 0 -0.000000 -1 0 0.000002 -1 0 -0.000000 -1 0 0.000003 -1 0.999847 -0.004614 0.016901 0.999808 0 0.019592 0.999828 -0.002002 0.018424 0.999852 -0.005958 0.016117 -0.283102 0.33258 -0.89958 -0.28889 0.239248 -0.926986 -0.283143 0.332564 -0.899573 -0.290456 0.254543 -0.922411 -0.290215 -0.009669 -0.956913 -0.281564 -0.017994 -0.959374 -1 0 0 -1 0 0 -1 0 0 -1 0 0 -1 0 0 -1 0 0 -0.688141 0.000000 0.725577 -0.688139 0.000000 0.725579 -0.688139 0.000000 0.725579 -0.68814 0.000000 0.725578 -0.688141 0.000000 0.725577 -0.688139 0.000000 0.725579 0.000000 1 -0.000000 0 1 -0.000000 0 1 -0.000000 0.000000 1 -0.000000 0 1 -0.000000 0.000000 1 -0.000000 0 1 -0.000000 0 1 -0.000000 0 1 -0.000000 0 1 -0.000000 0 0.000000 1 0 0.000000 1 0 0.000000 1 0 0.000000 1 0 0.000000 1 0 0.000000 1 0 1 -0.000000 0.000002 1 -0.000000 0.000002 1 -0.000000 0 1 -0.000000 0.000000 1 -0.000000 0 1 -0.000000 -0.000000 1 -0.000000 -0.000002 1 -0.000000 0 1 -0.000000 -0.000002 1 -0.000000 0 1 -0.000000 0 1 -0.000000 -0.731444 -0.000000 -0.681902 -0.731444 -0.000000 -0.681901 -0.731443 -0.000000 -0.681902 -0.731444 -0.000000 -0.681901 -0.999828 -0.002002 0.018424 -0.999847 -0.004614 0.016901 -0.999852 -0.005958 0.016117 -0.999808 0 0.019591 0.28889 0.239248 -0.926986 0.283142 0.332564 -0.899573 0.290469 0.254543 -0.922407 0.283102 0.33258 -0.89958 0.290215 -0.009669 -0.956912 0.281564 -0.017994 -0.959374 1 0 0 1 0 0 1 0 0 1 0 0 1 0 0 1 0 0 0.688139 0.000000 0.725579 0.688141 0.000000 0.725577 0.688141 0.000000 0.725577 0.688139 0.000000 0.725579 0.68814 0.000000 0.725578 0.688139 0.000000 0.725579 0.731444 -0.000000 -0.681901 0.731444 -0.000000 -0.681902 0.731444 -0.000000 -0.681902 0.731445 -0.000000 -0.681901 0.900968 -0.000000 -0.433886 1 0 -0.000001 1 0 -0.000002 0.900967 -0.000000 -0.433887 0.623489 -0.000000 -0.781832 0.900967 0.000000 0.433887 0.623489 -0.000000 -0.781832 0.900967 0.000000 0.433888 0.62349 0.000000 0.781832 0.222521 -0.000000 -0.974928 0.623489 0.000000 0.781832 0.222523 0.000000 0.974927 0.22252 -0.000000 -0.974928 0.222522 0.000000 0.974928 -0.222519 -0.000000 -0.974928 -0.22252 -0.000000 -0.974928 -0.222474 0.000011 0.974939 -0.62349 -0.000000 -0.781832 -0.222474 -0.00001 0.974939 -0.62349 -0.000000 -0.781831 -0.900968 -0.000000 -0.433886 -0.900968 -0.000000 -0.433886 -1 0 -0.000002 -1 0 -0.000001 -0.900967 0.000000 0.433887 -0.900967 0.000000 0.433888 -0.62349 0.000000 0.781832 -0.623489 0.000000 0.781832 -0.222571 -0.00001 0.974917 -0.222571 0.000011 0.974916 0 0.842634 -0.538487 0 0.842634 -0.538487 0 0.842634 -0.538487 0 0.842634 -0.538487 0 0 1 0 0 1 0 0 1 0 0 1 0 0 -1 0 0 -1 0 0 -1 0 0 -1 1 0 0.000000 1 0 0.000000 1 0 0 1 0 0.000001 1 0 0 1 0 0 -1 0 0.000001 -1 0 0.000000 -1 0 0.000002 -1 0 0.000000 -1 0 -0.000000 -1 0 -0.000001 0.000000 -0.999627 0.027322 0.000002 -0.999627 0.027317 0 -0.999627 0.027324 0.000003 -0.999627 0.027315 0 0.456266 0.889843 0 0.456263 0.889845 0 0.456267 0.889843 0 0.456262 0.889845 0.707087 -0.707089 -0.007221 0.707084 -0.707093 -0.007221 0.999974 -0.000002 -0.007222 0.000023 -0.999974 -0.007217 0.999974 0.000004 -0.007221 0.000016 -0.999974 -0.007234 0.707081 0.707095 -0.007222 0.707089 0.707088 -0.007223 -0.000003 0.999974 -0.007224 -0.000006 0.999974 -0.007224 -0.707086 0.707091 -0.007223 -0.707091 0.707085 -0.007225 -0.999974 -0.000002 -0.007224 -0.999974 0.000004 -0.007222 -0.707088 -0.707089 -0.007222 -0.70709 -0.707087 -0.007222 -0.00003 -0.999974 -0.007216 -0.000029 -0.999974 -0.007235 0.999563 -0.000016 -0.029566 0.668138 -0.668094 -0.327478 0.944864 -0.000032 -0.327462 0.706762 -0.706731 -0.03192 1 0.000008 0 0.707097 0.707117 0 0.707108 -0.707105 0 0.706755 0.706738 -0.031913 0.000042 -0.999564 -0.029534 0.668084 -0.668142 -0.327491 -0.000007 1 0 0.000041 -1 -0.000018 0.000015 0.999563 -0.029556 0.000033 -0.944868 -0.327451 -0.707112 0.707102 0 0.668096 0.668145 -0.327459 -0.706738 0.706755 -0.03192 0.000038 0.944857 -0.327483 -1 -0.000007 0 -0.668092 0.668139 -0.327481 -0.999563 0.000016 -0.029573 -0.668137 0.668092 -0.327484 -0.000045 0.94486 -0.327474 -0.707101 -0.707113 0 -0.944859 0.000028 -0.327477 -0.706705 -0.706787 -0.031926 -0.668148 -0.668096 -0.327453 -0.000041 -1 -0.000018 -0.944865 -0.000031 -0.327461 -0.000044 -0.999564 -0.029519 -0.668097 -0.668153 -0.327442 -0.000042 -0.944865 -0.327461 0.668134 0.668097 -0.327482 0.944867 0.00003 -0.327453 0.966392 0.00002 -0.257072 0.966393 0.00001 -0.257068 0.683351 -0.683338 -0.257063 0.68333 0.683355 -0.257074 0.683337 -0.683352 -0.257062 0.683338 0.683347 -0.257072 0.000031 -0.966398 -0.25705 0.000037 -0.966393 -0.257068 -0.000003 0.966393 -0.257068 -0.000000 0.966391 -0.257076 -0.683345 0.683344 -0.257062 -0.683343 0.68335 -0.25705 -0.966396 0.000003 -0.257057 -0.966393 0.000002 -0.257069 -0.683356 -0.683333 -0.257062 -0.683342 -0.683348 -0.257059 -0.000045 -0.966402 -0.257036 -0.000053 -0.966389 -0.257083 0.707096 -0.707079 -0.007423 0.707093 -0.707081 -0.007424 0.999972 0.000015 -0.00742 0.000031 -0.999973 -0.007409 0.999972 -0.000003 -0.007424 0.000032 -0.999973 -0.007426 0.707086 0.707088 -0.00742 0.707073 0.707101 -0.007416 -0.000000 0.999973 -0.007417 -0.000004 0.999973 -0.007417 -0.707084 0.707091 -0.007417 -0.707087 0.707088 -0.007419 -0.999972 -0.000000 -0.00742 -0.999973 -0.000002 -0.007417 -0.707091 -0.707084 -0.00742 -0.707101 -0.707074 -0.007421 -0.000046 -0.999973 -0.007407 -0.000041 -0.999972 -0.007428 0.298831 0.000000 -0.954306 0.21132 -0.211314 -0.954301 0.211315 -0.21131 -0.954303 0.298824 0.000003 -0.954308 0.222292 0.200302 -0.954183 -0.000003 -0.298827 -0.954307 -0.000007 -0.298824 -0.954308 0.220031 0.202584 -0.954225 -0.000002 0.298819 -0.95431 -0.200303 -0.222295 -0.954182 -0.202588 -0.220034 -0.954224 -0.000001 0.298821 -0.954309 -0.298821 -0.000000 -0.954309 -0.211287 0.21129 -0.954313 -0.211281 0.211287 -0.954316 -0.298826 -0.000001 -0.954308 -0.871948 -0.000006 -0.489598 -0.616562 0.616551 -0.489609 0.000007 -0.000004 -1 -0.616565 -0.616551 -0.489604 0.000013 0.87195 -0.489595 -0.000036 -0.871952 -0.489591 0.616554 0.616573 -0.48959 0.871948 -0.000005 -0.489598 0.616557 -0.616573 -0.489586 0.000019 -0.871955 -0.489587 0.707089 -0.707087 -0.00722 0.707089 -0.707088 -0.007221 0.999974 -0.000002 -0.00722 0.000028 -0.999974 -0.007217 0.999974 0.000004 -0.007221 0.000016 -0.999974 -0.007234 0.707087 0.70709 -0.007222 0.707091 0.707086 -0.007222 0.000002 0.999974 -0.007224 -0.000000 0.999974 -0.007224 -0.707081 0.707096 -0.007222 -0.707089 0.707087 -0.007224 -0.999974 -0.000002 -0.007222 -0.999974 0.000004 -0.007221 -0.707083 -0.707094 -0.007221 -0.707088 -0.707089 -0.007221 -0.000023 -0.999974 -0.007216 -0.000017 -0.999974 -0.007235 0.999563 -0.000016 -0.029568 0.668154 -0.668099 -0.327436 0.944865 -0.000036 -0.327462 0.706735 -0.706758 -0.031926 1 0.000008 0 0.707102 0.707112 0 0.707113 -0.7071 0 0.706763 0.70673 -0.031919 0.668138 0.668088 -0.327491 0.000045 -0.999564 -0.029536 -0.000005 1 0 0.944868 0.000031 -0.327453 0.000041 -1 -0.000018 0.668094 -0.668149 -0.327456 -0.000031 0.999563 -0.029558 0.000041 -0.944868 -0.327452 -0.70711 0.707103 0 0.668095 0.66814 -0.327471 -0.706737 0.706756 -0.031919 0.000044 0.944855 -0.327489 -0.668088 0.668141 -0.327483 -1 -0.000007 0 -0.00004 0.944861 -0.327473 -0.999563 -0.000033 -0.029571 -0.66814 0.668092 -0.327478 -0.7071 -0.707114 0 -0.944861 0.000028 -0.327471 -0.706704 -0.706789 -0.031927 -0.668149 -0.668096 -0.327452 -0.000036 -1 -0.000018 -0.944867 -0.000032 -0.327455 -0.000039 -0.999564 -0.029519 -0.668094 -0.668155 -0.327443 -0.000037 -0.944865 -0.32746 0.966392 0.000001 -0.257072 0.966391 0.000003 -0.257077 0.683346 -0.683338 -0.257075 0.683335 0.683349 -0.257075 0.683341 -0.683339 -0.257087 0.683343 0.683341 -0.257075 0.000039 -0.966396 -0.257057 -0.000000 0.966393 -0.257071 0 0.966392 -0.257074 0.000053 -0.966393 -0.257068 -0.68333 0.683356 -0.257069 -0.683338 0.683348 -0.257069 -0.966392 0.000003 -0.257073 -0.966393 0.000002 -0.257069 -0.683341 -0.683345 -0.257071 -0.683336 -0.683346 -0.25708 -0.000039 -0.966401 -0.257039 -0.000053 -0.966389 -0.257083 0.707094 -0.707081 -0.00742 0.707097 -0.707078 -0.007423 0.999972 -0.000000 -0.00742 0.000046 -0.999973 -0.007408 0.999972 -0.000003 -0.007423 0.00004 -0.999973 -0.007426 0.70709 0.707085 -0.00742 0.707079 0.707095 -0.007418 0.000000 0.999973 -0.007417 0.000003 0.999973 -0.007417 -0.707087 0.707088 -0.00742 -0.707073 0.707102 -0.007417 -0.999973 -0.000000 -0.007418 -0.999972 -0.000002 -0.007424 -0.707094 -0.707081 -0.007423 -0.707087 -0.707087 -0.007418 -0.000045 -0.999973 -0.007406 -0.000033 -0.999972 -0.007428 0.20259 -0.22003 -0.954224 0.298822 -0.000000 -0.954309 0.298826 -0.000001 -0.954308 0.200307 -0.222291 -0.954182 0.000001 -0.298826 -0.954308 0.211288 0.211287 -0.954314 0.000002 -0.298823 -0.954309 0.211284 0.211282 -0.954316 0.000001 0.298817 -0.954311 -0.200341 -0.222255 -0.954184 0.000000 0.298821 -0.954309 -0.20259 -0.220033 -0.954224 -0.298823 -0.000000 -0.954309 -0.211288 0.211289 -0.954314 -0.298826 -0.000001 -0.954308 -0.211284 0.211286 -0.954315 -0.871953 -0.000006 -0.48959 -0.616561 0.616565 -0.489591 -0.000004 -0.000005 -1 -0.616564 -0.616565 -0.489588 -0.000004 0.871949 -0.489597 -0.000017 -0.871955 -0.489586 0.616557 0.616564 -0.489599 0.871948 -0.000006 -0.489598 0.616561 -0.616566 -0.489592 0.000056 -0.871954 -0.489587 0.707084 -0.707093 -0.00722 0.707092 -0.707084 -0.007222 0.999974 -0.000001 -0.007222 0.000029 -0.999974 -0.007217 0.999974 0.000018 -0.007224 0.000017 -0.999974 -0.007234 0.707084 0.707092 -0.007224 0.707086 0.707091 -0.007225 0.000000 0.999974 -0.007224 0.000006 0.999974 -0.007224 -0.707081 0.707096 -0.007221 -0.70709 0.707087 -0.007222 -0.999974 -0.000002 -0.00722 -0.999974 0.000004 -0.007219 -0.707083 -0.707094 -0.00722 -0.707088 -0.707088 -0.007219 -0.000029 -0.999974 -0.007215 -0.000017 -0.999974 -0.007235 0.999563 -0.000016 -0.029561 0.668151 -0.668101 -0.327436 0.944857 -0.000055 -0.327484 0.70677 -0.706722 -0.031929 1 0.000008 0 0.707102 0.707112 0 0.707113 -0.7071 0 0.706763 0.70673 -0.031921 0.000046 -0.999564 -0.029536 -0.000007 1 0 0.668136 0.668091 -0.32749 0.000041 -1 -0.000018 -0.000032 0.999563 -0.029558 0.94486 0.000052 -0.327475 -0.707113 0.707101 0 0.668094 0.668142 -0.327471 -0.70674 0.706753 -0.031921 0.000047 0.944855 -0.327488 -0.668091 0.668138 -0.327486 -1 -0.000007 0 -0.000044 0.944859 -0.327476 -0.999563 -0.000033 -0.02957 -0.668151 0.668103 -0.327433 -0.707102 -0.707112 0 -0.944863 0.000033 -0.327465 -0.706759 -0.706733 -0.03193 -0.668147 -0.668095 -0.327458 -0.00004 -1 -0.000018 -0.944869 -0.000037 -0.327448 -0.000043 -0.999564 -0.029521 -0.668096 -0.668151 -0.327447 -0.000041 -0.944864 -0.327463 0.668094 -0.668148 -0.327458 0.000045 -0.944869 -0.32745 0.966392 0.000001 -0.257072 0.966394 0.00001 -0.257067 0.683351 -0.683333 -0.257074 0.683344 0.683345 -0.257063 0.683345 -0.683335 -0.257084 0.683342 0.683351 -0.25705 0.000003 0.966393 -0.257068 0.000039 -0.966397 -0.257056 0 0.966392 -0.257074 0.000052 -0.966393 -0.257068 -0.683329 0.683356 -0.257073 -0.683337 0.683347 -0.257075 -0.966391 0.000003 -0.257076 -0.966393 0.000002 -0.257069 -0.68334 -0.683345 -0.257072 -0.683336 -0.683345 -0.257084 -0.000039 -0.9664 -0.257041 -0.000053 -0.966389 -0.257083 0.7071 -0.707075 -0.007421 0.707091 -0.707083 -0.007421 0.999972 -0.000000 -0.00742 0.000047 -0.999973 -0.007408 0.999972 -0.000003 -0.007419 0.000042 -0.999973 -0.007426 0.707084 0.70709 -0.007418 0.707085 0.707089 -0.007419 0.000000 0.999973 -0.007418 0.000000 0.999973 -0.007417 -0.707083 0.707092 -0.00742 -0.707072 0.707102 -0.007419 -0.999972 -0.000000 -0.007421 -0.999972 -0.000003 -0.007423 -0.70709 -0.707085 -0.007423 -0.707087 -0.707088 -0.007421 -0.000046 -0.999973 -0.007407 -0.000041 -0.999972 -0.007428 0.202588 -0.220033 -0.954224 0.298827 -0.000000 -0.954307 0.298826 -0.000001 -0.954308 0.200313 -0.222287 -0.954182 0.211295 0.211298 -0.95431 0.2113 0.211291 -0.95431 0.000001 -0.298829 -0.954307 0.000000 0.29882 -0.954309 0.000002 -0.298824 -0.954308 0 0.298822 -0.954309 -0.220032 0.202588 -0.954224 -0.211313 -0.211311 -0.954303 -0.222292 0.200304 -0.954183 -0.211316 -0.211316 -0.954302 -0.29883 0.000000 -0.954306 -0.298826 0.000002 -0.954308 -0.871949 -0.000006 -0.489598 -0.616558 0.616564 -0.489597 -0.000002 -0.000004 -1 -0.616561 -0.616564 -0.489593 -0.000004 0.87195 -0.489595 -0.000056 -0.871955 -0.489586 0.61656 0.616557 -0.489604 0.871948 -0.000005 -0.489598 0.616564 -0.616557 -0.489599 0.000045 -0.871952 -0.489591 0 0.232188 0.972671 0.000007 -0.03737 0.999301 -0.000294 0.23377 0.972292 -0.001215 0.43931 0.898335 0 -0.037358 0.999302 -0.001866 0.438952 0.898509 0 -0.188292 0.982113 0 -0.18829 0.982113 0 -0.956487 0.291775 0 -0.956487 0.291775 0 -0.956487 0.291776 0 -0.956486 0.291777 -1 0 -0.000000 -1 0 0 -1 0 -0.000001 -1 0 -0.000000 -1 0 -0.000001 -1 0 0 -1 0 -0.000001 -1 0 -0.000003 0.003657 0.872126 -0.489268 0.003657 0.872126 -0.489268 0.003658 0.872126 -0.489268 0.003656 0.872126 -0.489269 1 0 0.000000 1 0 -0.000000 1 0 0.000000 0.99997 -0.006983 0.003267 1 0 0.000001 0.999971 -0.007225 0.002597 0.99984 -0.016255 0.007469 0.99981 -0.016987 0.00953 0 -0.03737 0.999301 0 0.232189 0.972671 0.000341 0.23377 0.972292 0.00001 -0.037359 0.999302 0.001216 0.439308 0.898336 0.001868 0.438949 0.89851 0 -0.18829 0.982113 0 -0.188287 0.982114 0 -0.956487 0.291775 0 -0.956487 0.291775 0 -0.956487 0.291775 0 -0.956487 0.291775 1 0 0.000000 1 0 0.000000 1 0 0 1 0 -0.000000 1 0 -0.000001 1 0 0.000001 1 0 -0.000001 1 0 -0.000001 -0.003657 0.872125 -0.489269 -0.003657 0.872125 -0.489269 -0.003657 0.872126 -0.489268 -0.003657 0.872125 -0.48927 -1 0 -0.000000 -1 0 -0.000001 -1 0 0 -1 0 -0.000003 -0.99997 -0.007026 0.003287 -0.999971 -0.007225 0.002598 -0.99984 -0.016255 0.007469 -0.99981 -0.016987 0.009529 0 0.999185 -0.040372 0 0.999186 -0.040334 0 0.944443 0.328674 0.000000 0.860983 -0.508634 0 0.944444 0.328674 0 0.861057 -0.508508 0 0.654389 -0.756158 0 0.654368 -0.756176 0 0.417939 -0.908475 0 0.417933 -0.908478 -1 0 0.000001 -1 0 -0.000000 -1 0 0.000000 -1 0 -0.000000 -1 0 0 -1 0 -0.000002 1 0 -0.000000 1 0 0 1 0 0 1 0 -0.000001 1 0 0 1 0 0.000000 0.000000 1 0 0 1 0 0.000000 1 0 0 1 0 0.000000 1 0 0 1 0 0 1 0 0.000000 1 0 0.000000 1 0 0.133545 0.803681 -0.579881 0.133545 0.803681 -0.579882 0.133545 0.803681 -0.579881 0.133545 0.803681 -0.579882 -0.133544 0.803682 -0.579881 -0.133545 0.803682 -0.57988 -0.133545 0.803682 -0.57988 -0.133544 0.803682 -0.579881 -0.000000 -1 0 -0.000000 -1 0 -0.000001 -1 0 0 -1 0 0 -1 0 0 -1 0 0 -1 0 0 -1 0 0.000000 -1 0 0.000000 -1 0 0.000001 -1 0 0 -1 0 0 0 -1 0 0.000000 -1 0 0 -1 0 0 -1 0 0.000000 -1 0 0 -1 0 0.000000 -1 0 0.000000 -1 0 0 -1 0 0 -1 0.999845 -0.004324 0.01707 0.999808 0 0.019591 0.999828 -0.002002 0.018424 0.999852 -0.005958 0.016116 -0.283105 0.332581 -0.899579 -0.288871 0.23925 -0.926991 -0.283141 0.332566 -0.899573 -0.290435 0.254549 -0.922417 -0.290102 -0.009761 -0.956946 -0.281558 -0.01799 -0.959376 -1 0 -0.000000 -1 0 0 -1 0 0 -1 0 -0.000000 -1 0 0 -1 0 0 -0.68814 0 0.725578 -0.68814 0 0.725578 -0.68814 0 0.725578 -0.68814 0 0.725578 -0.68814 0 0.725578 -0.68814 0 0.725578 -0.000001 1 0 0 1 0 0 1 0 0 1 0 0 1 0 0.000000 1 0 0 1 0 0 1 0 0 1 0 0 1 0 0 0 1 0 0 1 0 0 1 0 0 1 0 0 1 0 0 1 -0.000001 1 0 -0.000002 1 0 -0.000001 1 0 -0.000001 1 0 -0.000000 1 0 0 1 0 0.000000 1 0 0.000000 1 0 0 1 0 0.000001 1 0 0.000000 1 0 0.000002 1 0 -0.731447 0 -0.681899 -0.731447 0 -0.681898 -0.731447 0 -0.681899 -0.731447 0 -0.681898 -0.999828 -0.002002 0.018424 -0.999845 -0.004324 0.017071 -0.999852 -0.005958 0.016118 -0.999808 0 0.019592 0.288871 0.23925 -0.926991 0.283139 0.332565 -0.899574 0.29044 0.254549 -0.922415 0.283102 0.33258 -0.89958 0.290444 -0.009439 -0.956845 0.281556 -0.01799 -0.959376 1 0 0.000000 1 0 0 1 0 0 1 0 0.000000 1 0 0 1 0 0 0.68814 0 0.725578 0.68814 0 0.725578 0.68814 0 0.725578 0.68814 0 0.725578 0.68814 0 0.725578 0.688141 0 0.725578 0.731447 0 -0.681898 0.731447 0 -0.681899 0.731446 0 -0.6819 0.731448 0 -0.681898 0.90097 0 -0.433882 1 0 -0.000001 1 0 -0.000001 0.900969 0 -0.433883 0.623489 0 -0.781832 0.90097 0 0.433881 0.623488 0 -0.781833 0.90097 0 0.433882 0.623489 0 0.781832 0.222522 0 -0.974928 0.623488 0 0.781833 0.222522 0 0.974928 0.222522 0 -0.974928 0.222521 0 0.974928 -0.222523 0 -0.974928 -0.222524 0 -0.974927 -0.222474 0.00001 0.974939 -0.623489 0 -0.781832 -0.222474 -0.00001 0.974939 -0.62349 0 -0.781832 -0.900966 0 -0.43389 -0.900966 0 -0.433889 -1 0 -0.000002 -1 0 -0.000001 -0.900967 0 0.433888 -0.900967 0 0.433888 -0.62349 0 0.781832 -0.623489 0 0.781832 -0.222572 -0.00001 0.974916 -0.222572 0.00001 0.974916 0.739059 -0.673641 0 0.739059 -0.67364 0 0.739059 -0.673641 0 0.73906 -0.67364 0 -0.000000 0 1 -0.000000 -0.000000 1 -0.000000 -0.000001 1 -0.000000 -0.000002 1 -0.849699 -0.527268 0 -0.849702 -0.527263 0 -0.849699 -0.527268 0 0.001467 -0.000875 -0.999999 0.001491 -0.001128 -0.999998 0.001513 -0.001379 -0.999998 0.001316 0.000825 -0.999999 0.015666 0.841051 -0.540729 0.013147 0.841796 -0.539636 0.009305 0.869584 -0.493698 0.006727 0.87404 -0.485808 0.002965 0.969397 -0.245482 0.002191 0.969595 -0.244706 0.001511 0.995622 -0.093462 0.001033 0.995693 -0.092706 0.000411 0.999523 -0.030871 0.000166 0.999525 -0.030807 0.000055 0.999929 -0.011947 0 0.999929 -0.011906 0 0.999991 -0.004218 0 0.999992 -0.004027 -0.000000 0.999844 0.017684 -0.000000 0.999852 0.017197 0.000002 0.872627 0.488388 -0.000001 0.863186 0.504887 0 0.784758 0.619802 0 0.784758 0.619803 0.915998 0.399603 -0.035567 0.912611 0.403732 -0.06436 0.914535 0.403315 -0.031012 0.907297 0.40895 -0.09783 0.914482 0.404584 0.005943 0.883543 0.434233 -0.175478 0.910569 0.413338 0.004013 0.858114 0.460102 -0.227918 0.9194 0.390803 0.044456 0.927353 0.366263 0.076597 0.817221 0.499379 -0.2877 0.932353 0.336829 0.131394 0.828994 0.492026 -0.265856 0.927301 0.320827 0.192827 0.913009 0.340459 0.224728 0.907949 0.344113 0.239196 0 -0.992644 0.121073 0 -0.992603 0.121408 0 -0.992603 0.121408 0 -0.992644 0.121072 0.000001 -0.989403 0.145196 -0.000002 -0.989272 0.146089 0 -0.967124 0.254305 0 -0.967124 0.254304 0 -1 0 0 -1 0 -0.000000 -1 0 -0.000000 -1 0 -0.000000 -1 0 0.000000 -1 0 -0.000285 -0.9966 -0.082389 0.000496 -0.996643 -0.081865 0.000991 -0.993482 -0.113985 -0.000242 -0.997457 -0.071278 -0.000702 -0.997411 -0.071903 0.003207 -0.993848 -0.110704 -0.934871 0.354911 0.007328 -0.947597 0.308819 0.081799 -0.940511 0.336445 0.047376 -0.931714 0.363179 0.003096 -0.932921 0.357625 -0.041991 -0.95121 0.275456 0.139012 -0.943745 0.258833 0.205795 -0.938266 0.341193 -0.056962 -0.931571 0.277635 0.234723 -0.945111 0.306483 -0.113284 -0.923826 0.283825 0.256882 -0.947534 0.287234 -0.140269 -0.941473 0.29436 -0.164257 -0.92002 0.325394 -0.218363 -0.88757 0.369287 -0.275403 -0.89784 0.359873 -0.253721 0.451732 -0.624558 0.637076 0.395215 -0.641401 0.657579 0.472701 -0.617537 0.628651 0.391286 -0.642465 0.658889 -0.734336 -0.678787 0 -0.734336 -0.678786 0 -0.734336 -0.678786 0 -0.734336 -0.678786 0 0.000000 0.000000 1 0.000000 -0.000001 1 0.000000 -0.000003 1 0.885298 -0.465024 0 0.885301 -0.465018 0 0.885301 -0.465019 0 0.885298 -0.465025 0 -0.0015 -0.001386 -0.999998 -0.001479 -0.001149 -0.999998 -0.00145 -0.00084 -0.999999 -0.001315 0.000686 -0.999999 -0.009302 0.869584 -0.493698 -0.013147 0.841796 -0.539636 -0.015666 0.841051 -0.540728 -0.007003 0.874041 -0.485802 -0.002964 0.969397 -0.245482 -0.00219 0.969595 -0.244706 -0.001508 0.995622 -0.093462 -0.001033 0.995693 -0.092706 -0.000403 0.999531 -0.03063 -0.000166 0.999536 -0.030469 -0.000054 0.999929 -0.011947 0 0.999929 -0.011906 0 0.999992 -0.004122 0 0.999992 -0.003931 0 0.999844 0.017684 -0.000000 0.999852 0.017197 -0.000008 0.872627 0.488388 -0.000005 0.863186 0.504887 0 0.784759 0.619802 0 0.784758 0.619803 -0.912611 0.403731 -0.06436 -0.915998 0.399603 -0.035566 -0.914535 0.403315 -0.031012 -0.907298 0.408949 -0.097831 -0.883543 0.434234 -0.175478 -0.914482 0.404584 0.005943 -0.858114 0.460103 -0.227918 -0.910569 0.413338 0.004013 -0.817198 0.499393 -0.287739 -0.9194 0.390803 0.044456 -0.828994 0.492026 -0.265856 -0.927353 0.366264 0.076597 -0.932353 0.336829 0.131394 -0.927285 0.320849 0.192868 -0.913009 0.340459 0.224728 -0.907949 0.344113 0.239195 0.940519 0.336415 0.047413 0.934887 0.354867 0.007466 0.931717 0.363174 0.002951 0.947597 0.308818 0.081799 0.9512 0.275464 0.13906 0.932926 0.357618 -0.041942 0.943744 0.258834 0.205795 0.931556 0.277648 0.234768 0.938266 0.341193 -0.056963 0.923826 0.283825 0.256882 0.945114 0.306492 -0.113237 0.947534 0.287234 -0.140269 0.941473 0.294359 -0.164258 0.92002 0.325393 -0.218363 0.88757 0.369287 -0.275404 0.89784 0.359873 -0.253721 0 -0.992603 0.121408 0 -0.992644 0.121073 0 -0.992603 0.121408 0 -0.992644 0.121072 -0.000000 -0.989403 0.145195 0.000000 -0.989271 0.146089 0 -0.967124 0.254305 0 -0.967124 0.254304 0.000285 -0.9966 -0.082389 -0.001177 -0.993514 -0.113708 -0.000497 -0.996643 -0.081865 0.000242 -0.997457 -0.071278 0.000702 -0.997411 -0.071903 -0.003207 -0.993848 -0.110704 0 -1 0 0.000000 -1 0 0 -1 0 0 -1 0 -0.000000 -1 0 -0.000001 -1 0 -0.004657 0.999987 0.002228 0.000000 0.999953 -0.0097 0 1 -0.000000 -0.017443 0.9998 -0.009798 0 1 -0.000000 0.004657 0.999987 0.002228 0.015408 0.999558 -0.025427 0 1 -0.000000 0.017444 0.9998 -0.009751 0 1 -0.000000 0 1 -0.000000 -0.015408 0.999558 -0.025426 0 0.694578 -0.719417 0.000471 0.693794 -0.720173 0.000001 0.719463 -0.694531 -0.000472 0.693793 -0.720174 -0.000003 0.720501 -0.693454 0.000002 0.7205 -0.693455 0 0.723238 -0.690598 0 0.723225 -0.690612 0 0.723225 -0.690612 0.000000 -1 0.000000 0 -1 0.000000 0 -1 0.000000 0.002206 -0.999997 -0.001232 0 -1 0.000000 0 -0.999996 -0.002827 0.007448 -0.999964 -0.004161 -0.002206 -0.999997 -0.001232 -0.007448 -0.999964 -0.004161 -0.916617 0.250199 -0.311792 -0.911857 0.352677 -0.210086 -0.849679 0.500913 -0.164718 -0.937348 -0.057339 -0.343643 -0.877438 0.454322 -0.153931 -0.958537 -0.108387 -0.26355 -0.95855 -0.108375 -0.263508 -0.838622 -0.44296 -0.317017 -0.811789 0.57108 -0.121927 -0.963458 0.175425 -0.202423 0.937349 -0.057338 -0.343642 0.911857 0.352676 -0.210087 0.958537 -0.108384 -0.263552 0.916617 0.250199 -0.311791 0.838623 -0.442958 -0.317018 0.849687 0.500916 -0.16467 0.877438 0.454323 -0.153929 0.811789 0.57108 -0.121927 0.95855 -0.108384 -0.263507 0.963458 0.175426 -0.202424 0 0.917497 0.397744 0.022881 0.907745 0.418898 0 0.842506 0.538687 -0.022881 0.907745 0.418898 -0.016991 0.830376 0.556944 0.017005 0.830376 0.556943 0.000000 0.484847 0.874599 0.029604 0.495057 0.868356 -0.029604 0.495057 0.868356 0.015759 -0.998205 0.057774 0.008567 -0.998451 0.054974 0 -0.998442 0.055794 0.000000 -0.99814 0.060972 -0.015759 -0.998205 0.057774 -0.008567 -0.998451 0.054974 -0.906641 0.272764 0.321872 -0.851328 0.435275 0.292876 -0.796724 0.549356 0.251871 -0.911967 0.245135 0.328977 -0.751473 0.61776 0.231648 -0.686646 0.688809 0.232507 0.796723 0.549356 0.251875 0.851331 0.435274 0.292869 0.906641 0.272764 0.321872 0.751473 0.617761 0.231648 0.911967 0.245135 0.328977 0.686646 0.688809 0.232507 -0.479486 0.620619 -0.620423 -0.480054 0.61989 -0.620713 -0.47923 0.620948 -0.620292 -0.480234 0.619659 -0.620804 -0.879149 0.476547 0 -0.87915 0.476546 0 -0.87915 0.476545 0 -0.879149 0.476547 0 -0.879149 0.476547 0 -0.879149 0.476547 0 0 0.953152 0.302491 0 0.953152 0.302491 0 0.953152 0.302491 0 0.953152 0.302491 0 0.953152 0.302491 0 0.953152 0.302491 0 0.999999 0.001293 -0.003746 0.999991 0.001786 -0.002376 0.99999 0.003796 0 1 0 0.003746 0.999991 0.001786 0.000000 1 0 0.000001 1 0 0.002376 0.99999 0.003796 0.000000 1 0 0 1 0 -0.000000 1 0 0 1 0 -0.000000 1 0 -0.000000 1 0 -0.000000 1 0 0 1 0 -0.000000 1 0 0 1 0 -0.999981 -0.000001 -0.006147 -0.999981 -0.000005 -0.006147 -0.999981 0 -0.006147 -0.999981 -0.000005 -0.006147 -0.999981 -0.000001 -0.00615 -0.999981 0 -0.00615 0.87915 0.476546 0 0.879149 0.476547 0 0.879149 0.476547 0 0.87915 0.476545 0 0.879149 0.476547 0 0.879149 0.476547 0 -1 0 0 -1 0 0 -1 0 0.000000 -1 0 0.000000 1 0 0 1 0 0.000000 1 0 0 1 0 0.000000 -0.673017 0.41744 0.610567 -0.655143 0.230757 0.719402 -0.66832 0.522727 0.529249 -0.628234 0.108067 0.770483 -0.000016 0.000022 1 -0.466936 0 0.884291 -0.466936 0 0.884291 -0.000016 -0.000016 1 -0.51062 0 -0.859807 0 0 -1 -0.51062 0 -0.859807 0 0 -1 0.51062 0 -0.859807 0.51062 0 -0.859807 0.466936 0 0.884291 0.000016 0.000022 1 0.466936 0 0.884291 0.000016 -0.000022 1 0.999981 -0.000005 -0.006147 0.999981 -0.000001 -0.006149 0.999981 0 -0.00615 0.999981 -0.000005 -0.006147 0.999981 -0.000001 -0.006147 0.999981 0 -0.006147 0.655135 0.230712 0.719424 0.673017 0.41744 0.610567 0.66832 0.522727 0.529249 0.628234 0.108067 0.770483 0.480053 0.619891 -0.620713 0.479486 0.620619 -0.620423 0.47923 0.620948 -0.620292 0.480233 0.61966 -0.620804 0.750268 0.501431 -0.430889 0.749583 0.509518 -0.422512 0.724713 0.554219 -0.409429 0.75194 0.519132 -0.40631 0.747961 0.541312 -0.384104 0.722385 0.564908 -0.398797 0.696129 0.570575 -0.435717 0.692834 0.590597 -0.413735 0.67612 0.638655 -0.367398 0.673854 0.659644 -0.332852 0.243835 0.780162 -0.576101 0.321356 0.780651 -0.536018 0.330749 0.780299 -0.530791 0.235038 0.77974 -0.580313 -0.750271 0.501459 -0.43085 -0.724729 0.554181 -0.409451 -0.749583 0.509518 -0.422512 -0.751946 0.519098 -0.406344 -0.747961 0.541312 -0.384104 -0.722434 0.564904 -0.398713 -0.696129 0.570574 -0.435717 -0.692834 0.590596 -0.413735 -0.67612 0.638655 -0.367398 -0.673854 0.659644 -0.332852 -0.243835 0.780162 -0.576101 -0.321356 0.78065 -0.536018 -0.235038 0.77974 -0.580313 -0.330749 0.780299 -0.530791 0.305428 0.835074 -0.457565 0.207664 0.839429 -0.50223 0.2989 0.835676 -0.460765 0.196694 0.839312 -0.50682 0.601415 0.69854 -0.387739 0.563908 0.732375 -0.38162 0.612236 0.676694 -0.408966 0.56766 0.746985 -0.346086 0.646655 0.66153 -0.379757 0.649096 0.652825 -0.390504 0.673912 0.629407 -0.386898 0.670803 0.626139 -0.397459 0.684704 0.649413 -0.330821 0.674941 0.673845 -0.300644 -0.298857 0.83568 -0.460786 -0.196694 0.839312 -0.50682 -0.207664 0.839429 -0.502229 -0.305429 0.835073 -0.457566 -0.612271 0.676682 -0.408933 -0.563908 0.732375 -0.38162 -0.601415 0.69854 -0.387739 -0.646655 0.66153 -0.379757 -0.56766 0.746985 -0.346086 -0.649096 0.652825 -0.390504 -0.673944 0.62937 -0.386902 -0.670803 0.626139 -0.397459 -0.684704 0.649413 -0.330821 -0.674942 0.673845 -0.300644 -0.069552 0.919113 -0.387806 -0.141502 0.921182 -0.362494 -0.062717 0.91864 -0.390087 -0.147527 0.921111 -0.360265 -0.546849 0.75563 -0.360526 -0.567193 0.738605 -0.364354 -0.54408 0.735642 -0.403494 -0.587163 0.731493 -0.346639 -0.478246 0.800595 -0.361011 -0.614001 0.72779 -0.305492 -0.640364 0.712531 -0.286764 -0.462245 0.829097 -0.314529 -0.396506 0.853175 -0.338932 -0.41193 0.864472 -0.2881 0.147527 0.921111 -0.360265 0.069552 0.919113 -0.387806 0.141502 0.921182 -0.362494 0.062716 0.91864 -0.390087 0.567175 0.738597 -0.364399 0.546849 0.75563 -0.360526 0.544135 0.735645 -0.403414 0.587163 0.731493 -0.346639 0.478245 0.800596 -0.36101 0.462245 0.829096 -0.314529 0.614001 0.72779 -0.305492 0.640364 0.712531 -0.286765 0.396506 0.853175 -0.338932 0.41193 0.864472 -0.2881 -0.018062 -0.998747 -0.046663 -0.185973 -0.981882 -0.036344 0.009342 -0.998314 -0.057279 -0.226528 -0.971258 -0.073102 -0.000037 -1 -0.000012 -0.760807 -0.648932 -0.007747 -0.676376 -0.736511 -0.008218 -0.774985 -0.631979 0 -0.639267 -0.768612 -0.023948 -0.597684 -0.801559 -0.016654 -0.557234 -0.829511 -0.037437 -0.652709 0.757608 0.000936 -0.65248 0.757806 0.000575 -0.862164 0.506622 -0.002813 -0.628587 0.777739 0.001076 -0.88093 0.473247 0 -0.627628 0.778514 0 0.000022 0.295796 -0.955251 -0.014873 0.305105 -0.952203 0.000003 0.295904 -0.955218 -0.024519 0.304667 -0.952143 -0.125582 0.343815 -0.930602 -0.109104 0.353695 -0.928976 -0.1307 0.401059 -0.90668 -0.098309 0.405734 -0.908689 -0.065456 0.376021 -0.924296 -0.050081 0.367964 -0.92849 -0.022151 0.32048 -0.946996 -0.028882 0.312152 -0.949593 -0.020298 0.328654 -0.944232 0 0.357425 -0.933942 0.595012 -0.768287 -0.236001 0.597188 -0.767159 -0.234168 0.591471 -0.770101 -0.238968 0.604733 -0.763168 -0.227755 0.915229 0.328235 -0.233703 0.88068 0.416368 -0.225922 0.795109 0.583385 -0.165721 0.939614 0.205269 -0.273843 0.949238 0.169899 -0.26473 0.700322 0.697096 -0.153644 0.951427 0.024296 -0.306916 0.587783 0.801802 -0.107819 0.388557 0.915652 -0.102979 0.328653 0.94026 -0.08887 0.102448 0.990716 -0.089371 0.136065 0.986953 -0.086077 0 0.99618 -0.087319 0 0.995328 -0.096555 -0.102448 0.990716 -0.089371 -0.136065 0.986952 -0.086099 -0.328653 0.94026 -0.088871 -0.388557 0.915652 -0.102979 -0.587747 0.801829 -0.10781 -0.700322 0.697096 -0.153643 -0.795109 0.583385 -0.16572 -0.880698 0.416326 -0.225928 -0.915229 0.328235 -0.233704 -0.939621 0.205226 -0.273852 -0.949238 0.169899 -0.26473 -0.951427 0.024297 -0.306916 0 0 -1 0 0 -1 0 -0.000000 -1 0 0 -1 0 0 -1 0 0 -1 0 0.000000 -1 0 0 -1 0 0.000000 -1 0 0 -1 0 0.000000 -1 0 0.000000 -1 0 0.000002 -1 0 0.000003 -1 0 0.000002 -1 0 0.000003 -1 -0.984121 -0.1775 -0.000002 -0.998375 0.056986 0.000001 -0.979811 -0.199925 -0.000000 -0.997601 0.06922 0 -0.959167 -0.28284 0 -0.990399 0.138241 0 -0.959167 -0.28284 0 -0.990399 0.138241 0 0.008009 0.005909 -0.99995 0.00471 0.004039 -0.999981 0.00478 0.00236 -0.999986 0.003606 0.007547 -0.999965 0.008599 0.003728 -0.999956 0.004815 0.000975 -0.999988 0.001884 0.005119 -0.999985 0.012918 0.000064 -0.999917 0.003868 0.008468 -0.999957 0.011984 -0.002185 -0.999926 0.00447 -0.0084 -0.999955 0 0.001931 -0.999998 0.008973 -0.004829 -0.999948 -0.000002 -0.008677 -0.999962 0 0.005609 -0.999984 0.004637 -0.002795 -0.999985 -0.000001 -0.008677 -0.999962 -0.003869 0.008468 -0.999957 0.000471 0.005073 -0.999987 0.0018 -0.007929 -0.999967 -0.004482 -0.008419 -0.999955 -0.004774 0.001027 -0.999988 -0.000471 0.005073 -0.999987 -0.001888 -0.007874 -0.999967 -0.003621 0.007592 -0.999965 -0.001884 0.005119 -0.999985 -0.009065 -0.004849 -0.999947 -0.008009 0.005909 -0.99995 -0.004366 -0.003191 -0.999985 -0.01299 0.000473 -0.999916 -0.00471 0.004039 -0.999981 -0.011946 -0.002124 -0.999926 -0.008599 0.003727 -0.999956 -0.004781 0.00236 -0.999986 0.676375 -0.736511 -0.008217 0.639305 -0.76858 -0.023946 0.761101 -0.648588 -0.007587 0.59772 -0.801533 -0.016635 0.774985 -0.631979 0 0.557234 -0.829511 -0.037437 0.652473 0.757812 -0.001034 0.627628 0.778513 0 0.628587 0.777739 0.001076 0.65271 0.757605 0.001825 0.862164 0.506622 -0.002813 0.88093 0.473247 0 0.125582 0.343816 -0.930602 0.024519 0.304667 -0.952143 0.014735 0.30506 -0.952219 0.109104 0.353695 -0.928976 0.130747 0.401062 -0.906672 -0.000022 0.295796 -0.955251 0.098309 0.405733 -0.908689 -0.000003 0.295904 -0.955218 0.065468 0.376063 -0.924278 0.050081 0.367964 -0.92849 0.022151 0.32048 -0.946996 0.028882 0.312149 -0.949594 0.020325 0.328615 -0.944245 0 0.357426 -0.933941 0.009362 -0.998314 -0.057283 0.000037 -1 0.000009 0.216992 -0.976173 0 0.158668 -0.987017 -0.024943 0 -0.995859 -0.090914 0.984121 -0.1775 0 0.979811 -0.199925 -0.000000 0.998375 0.056986 0 0.959167 -0.28284 0 0.997601 0.06922 0 0.959167 -0.28284 0 0.990399 0.138241 0 0.990399 0.138241 0 -0.950498 -0.107968 -0.29137 -0.95136 -0.129041 -0.279754 -0.948589 -0.080889 -0.306 -0.951665 -0.148234 -0.268998 -0.597119 -0.767194 -0.234225 -0.595046 -0.768269 -0.235972 -0.591472 -0.770101 -0.238968 -0.604734 -0.763168 -0.227755 0 1 0 0 1 0 0 1 0 0 1 0 0 1 0 0 1 0 0 -0.959465 -0.281827 0 -0.959465 -0.281828 0 -0.959465 -0.281828 0 -0.959465 -0.281827 0 -0.959465 -0.281828 0 -0.959465 -0.281827 0.950498 -0.107968 -0.29137 0.95136 -0.129041 -0.279755 0.951665 -0.148234 -0.268998 0.948589 -0.080889 -0.306 0.840183 0.381626 -0.385297 0.892935 0.376225 -0.247229 0.856429 0.483946 -0.179794 0.925319 0.366477 -0.097362 0.936504 0.327406 -0.125561 0.951362 0.307619 -0.016733 0.957343 0.286587 -0.036909 0.969093 0.24645 -0.011038 0.99771 0.067641 -0.000051 0.970056 0.242441 -0.014616 0.997185 0.074979 -0.001157 0.969445 0.245304 -0.001541 0.997298 0.073387 -0.003297 0.997726 0.067392 -0.000517 0.96851 0.248975 -0.000537 0.998219 0.05961 -0.002501 0.997601 0.069226 0 -0.959217 0.28266 0.002666 -0.95532 0.295494 -0.006852 -0.957583 0.288157 -0.000125 -0.959508 0.28166 0.003497 -0.943719 0.328392 -0.039416 -0.990395 0.138261 0.001177 -0.933464 0.352682 -0.065273 -0.972841 0.230905 -0.016255 -0.987052 0.160392 0.001468 -0.924583 0.367263 -0.101312 -0.998251 0.059119 0 -0.912359 0.376926 -0.159777 -0.998236 0.059362 0.000355 -0.810699 0.525604 -0.257889 -0.842539 0.480406 -0.243593 -0.997493 0.070759 0 -0.690081 0.493605 -0.529285 -0.001933 0.001103 0.999998 0.000000 0.000005 1 -0.000113 -0.015407 0.999881 0.000000 -0.000009 1 -0.001529 -0.006443 0.999978 0.000000 0 1 -0.002164 0.001495 0.999997 0.000000 0.000000 1 0.006277 0.782993 -0.621998 0.004866 0.913743 -0.406263 0.003742 0.913348 -0.407162 0.008531 0.782303 -0.622839 0.009031 0.681729 -0.731549 0.002726 0.97802 -0.208494 0.001686 0.977877 -0.209177 0.000561 0.99846 -0.055484 0.006401 0.686657 -0.726953 -0.000006 0.998445 -0.055749 -0.000006 1 0 -0.000006 1 0 -0.840183 0.381626 -0.385297 -0.856428 0.483947 -0.179795 -0.892935 0.376224 -0.24723 -0.925319 0.366477 -0.097363 -0.936491 0.327427 -0.125603 -0.951362 0.307619 -0.016731 -0.957343 0.286587 -0.03691 -0.969093 0.24645 -0.011039 -0.970076 0.242365 -0.014568 -0.99771 0.067641 -0.000051 -0.969445 0.245304 -0.001542 -0.96851 0.248975 -0.000537 -0.997184 0.074978 -0.001165 -0.997298 0.073387 -0.003207 -0.997727 0.067392 -0.000517 -0.998219 0.05961 -0.002501 -0.997601 0.069226 0 0.959508 0.281659 0.003519 0.957597 0.288112 -0.000136 0.959217 0.282659 0.002666 0.990395 0.13826 0.00118 0.987052 0.160395 0.0013 0.95532 0.295493 -0.006852 0.998236 0.059362 0.000355 0.972841 0.230905 -0.016253 0.943719 0.328392 -0.039416 0.997494 0.070759 0 0.998251 0.059119 0 0.933464 0.352682 -0.065273 0.924583 0.367263 -0.101311 0.912359 0.376926 -0.159776 0.810701 0.525603 -0.257889 0.84254 0.480405 -0.243593 0.690081 0.493605 -0.529285 0.001933 0.001103 0.999998 0.000114 -0.015453 0.999881 0 0.000005 1 0.001529 -0.00644 0.999978 0 -0.000009 1 0.002165 0.001495 0.999997 0 -0.000000 1 0 -0.000000 1 -0.00836 0.782304 -0.622841 -0.006393 0.783024 -0.621958 -0.004771 0.913743 -0.406264 -0.009031 0.681729 -0.731549 -0.003814 0.913348 -0.407162 -0.006401 0.686657 -0.726953 -0.002618 0.97802 -0.208494 -0.001951 0.977887 -0.209127 -0.000367 0.99846 -0.055484 -0.00001 0.998445 -0.055749 0.000006 1 0 0.000006 1 0 0.406372 0.913699 0.003883 0.404953 0.914337 0.0013 0.406733 0.913547 0.001093 0.403464 0.914982 0.004915 0.405893 0.913921 0.000155 0.400264 0.9164 -0.000818 0.40716 0.913356 0.001425 0.400786 0.916162 -0.004268 0.404924 0.91435 0 0.404485 0.914545 0 0.40631 0.913735 -0.000065 0.408547 0.912737 -0.000189 0.405371 0.914151 -0.00158 0.395511 0.91844 -0.006251 0.390606 0.920518 -0.008625 -0.003523 -0.999987 0.00365 -0.007458 -0.999972 -0.00076 -0.007913 -0.999968 -0.000797 -0.002472 -0.999991 0.003337 -0.005886 -0.999978 -0.003199 -0.005908 -0.999977 -0.003228 -0.004554 -0.999982 -0.00388 -0.004365 -0.999983 -0.003919 0.936899 -0.349171 0.017342 0.938154 -0.345572 0.021133 0.936647 -0.349853 0.017189 0.938304 -0.345164 0.021131 0.935798 -0.351982 0.019763 0.937923 -0.345158 0.034158 0.935572 -0.352597 0.01949 0.9379 -0.345223 0.034119 0 -0.000007 1 0 -0.000008 1 0 0.000001 1 0 -0.000002 1 0 -0.000002 1 0 -0.000001 1 0 -0.000001 1 0 -0.000008 1 0 0.000005 1 0 0.000004 1 0 0.000008 1 0 0.000005 1 0 0.000001 1 0 0.000000 1 0 -0.000001 1 0 -0.000001 1 -0.395498 -0.911108 0.116034 -0.397105 -0.910617 0.114391 -0.396373 -0.91047 0.118039 -0.394352 -0.91121 0.119092 -0.392742 -0.911604 0.121371 -0.389252 -0.913991 0.11447 -0.387573 -0.913333 0.124944 -0.404032 -0.904165 0.138725 0.003389 0.000209 0.999994 0.015769 -0.001873 0.999874 0.014978 -0.00057 0.999888 -0.002362 -0.003762 0.99999 0.002899 -0.005509 0.999981 0.034347 -0.020392 0.999202 0.002928 -0.005483 0.999981 0.010362 -0.018114 0.999782 0.005624 -0.019776 0.999789 -0.382078 -0.915067 0.129109 -0.397804 -0.899244 0.181969 -0.329057 -0.887574 0.322386 -0.380091 -0.915514 0.131777 -0.365115 -0.917555 0.157429 -0.363304 -0.917329 0.162841 0.331385 0.940103 0.079939 0.369148 0.926593 0.071796 0.365609 0.923914 0.112753 0.366882 0.927585 0.070597 0.376222 0.924214 0.065458 0.377141 0.923981 0.063437 0.900461 -0.433647 0.033475 0.88106 -0.472652 0.018269 0.904906 -0.424052 0.036408 0.877337 -0.479529 0.018219 0.928738 -0.370728 0.002498 0.927475 -0.373884 -0.000692 0.977362 -0.210226 0.023839 0.979827 -0.19808 0.026529 -0.374728 0.922671 0.090866 -0.379244 0.921341 0.085467 -0.357907 0.927168 0.110738 -0.399084 0.914855 0.061417 -0.403468 0.914979 -0.005122 -0.401359 0.91588 -0.008582 -0.401785 0.915696 -0.008375 -0.403855 0.914808 -0.005257 -0.40453 0.914525 -0.000112 -0.404738 0.914433 -0.000374 -0.550653 -0.017182 0.834558 -0.549967 -0.010411 0.835121 -0.550427 -0.014924 0.83475 -0.549749 -0.008312 0.835288 0.298797 -0.936962 0.181171 0.311807 -0.930053 0.194364 0.269357 -0.951052 0.151486 0.370512 -0.893278 0.25451 -0.536483 0.216344 0.815709 -0.54035 0.184835 0.820889 -0.539596 0.19136 0.819889 -0.535393 0.224447 0.814235 -0.944109 0.303676 0.128215 -0.938647 0.317317 0.135101 -0.933016 0.330692 0.141859 -0.947059 0.296003 0.124343 -0.406368 0.913702 0.003739 -0.406686 0.913568 0.000761 -0.404953 0.914337 0.0013 -0.403464 0.914982 0.004915 -0.405893 0.913921 0.000155 -0.400249 0.916406 -0.000724 -0.40716 0.913356 0.001425 -0.400787 0.916162 -0.004268 -0.404924 0.91435 0 -0.404353 0.914603 0 -0.40631 0.913736 -0.000065 -0.408547 0.912737 -0.000189 -0.405371 0.914151 -0.00158 -0.395511 0.91844 -0.006251 -0.390606 0.920518 -0.008625 0.007458 -0.999972 -0.000759 0.005885 -0.999978 -0.003199 0.005908 -0.999977 -0.003228 0.007913 -0.999968 -0.000749 0.003523 -0.999987 0.00365 0.004554 -0.999982 -0.00388 0.002472 -0.999991 0.003337 0.004365 -0.999983 -0.003919 -0.937923 -0.345158 0.034158 -0.938311 -0.345146 0.021132 -0.938155 -0.345574 0.021085 -0.9379 -0.345222 0.034119 -0.936912 -0.349146 0.017104 -0.936642 -0.349862 0.017284 -0.935798 -0.351982 0.019764 -0.935572 -0.352597 0.01949 0 -0.000005 1 0 0.000000 1 0 0.000001 1 0 -0.000006 1 0 0.000001 1 0 0.000003 1 0 -0.000002 1 0 0.000005 1 0 -0.000001 1 0 0.000006 1 0 -0.000008 1 0 0.000004 1 0 0.000000 1 0 0 1 0 -0.000001 1 0 -0.000001 1 0.394352 -0.91121 0.119092 0.387334 -0.913461 0.124744 0.404032 -0.904165 0.138726 0.389296 -0.913972 0.114469 0.397105 -0.910617 0.114391 0.395672 -0.910998 0.1163 0.396269 -0.910503 0.118134 0.392742 -0.911604 0.121371 0.374728 0.922671 0.090865 0.379244 0.921341 0.085467 0.399083 0.914855 0.061417 0.357907 0.927168 0.110738 0.002454 -0.003732 0.99999 -0.003411 0.000252 0.999994 -0.015769 -0.001873 0.999874 -0.002899 -0.005508 0.999981 -0.002928 -0.005483 0.999981 -0.014977 -0.00057 0.999888 -0.034347 -0.020392 0.999202 -0.010362 -0.018113 0.999782 -0.005624 -0.019775 0.999789 0.536482 0.216348 0.815709 0.53958 0.191501 0.819867 0.54035 0.184835 0.820889 0.535392 0.224452 0.814234 0.382078 -0.915067 0.129109 0.397805 -0.899243 0.181969 0.380091 -0.915514 0.131776 0.329058 -0.887574 0.322387 0.365298 -0.917576 0.156882 0.363304 -0.917329 0.162841 0.938647 0.317317 0.1351 0.944078 0.303756 0.128256 0.933016 0.330692 0.141859 0.947059 0.296003 0.124344 -0.369148 0.926593 0.071796 -0.376223 0.924214 0.065458 -0.366881 0.927583 0.070619 -0.377141 0.923981 0.063437 -0.331418 0.940089 0.079969 -0.365609 0.923914 0.112753 -0.927475 -0.373884 -0.000692 -0.977372 -0.210181 0.023849 -0.928723 -0.370765 0.002525 -0.881028 -0.472713 0.018201 -0.979827 -0.19808 0.026529 -0.877337 -0.479529 0.018219 -0.900461 -0.433647 0.033474 -0.904906 -0.424052 0.036408 0.401785 0.915696 -0.008375 0.403468 0.914979 -0.005122 0.403855 0.914808 -0.005257 0.401359 0.915881 -0.008582 0.40453 0.914525 -0.000112 0.404739 0.914432 -0.000374 0.550427 -0.014924 0.83475 0.549967 -0.010412 0.835121 0.550653 -0.017181 0.834558 0.549749 -0.008313 0.835288 -0.311808 -0.930053 0.194362 -0.298796 -0.936962 0.181171 -0.269356 -0.951052 0.151486 -0.370512 -0.893278 0.25451 -0.607084 0.241551 0.757035 -0.608617 0.24502 0.754686 -0.607466 0.242415 0.756452 -0.606161 0.239476 0.758433 -0.16889 0.282268 0.944352 -0.16889 0.282268 0.944352 -0.16889 0.282268 0.944352 0.971872 -0.235391 -0.007473 0.971872 -0.235392 -0.00747 0.971871 -0.235394 -0.00747 0.971872 -0.235391 -0.007472 0.971872 -0.235393 -0.007471 0.971872 -0.235391 -0.00747 0.971872 -0.235393 -0.007471 0.971872 -0.235391 -0.007472 0.971872 -0.235391 -0.00747 0.971873 -0.235388 -0.007473 0.971873 -0.235389 -0.007473 0.971872 -0.23539 -0.007471 0.971874 -0.235384 -0.007471 0.971872 -0.23539 -0.007472 0.971872 -0.23539 -0.007474 0.318352 0.33126 -0.888211 0.373689 0.276961 -0.885239 0.35068 0.300011 -0.88714 0.30176 0.346807 -0.888068 0.968654 -0.248415 -0.000659 0.968533 -0.248886 -0.000804 0.968617 -0.248559 -0.000441 0.968739 -0.248083 -0.000282 0.968783 -0.24791 -0.000451 0.968853 -0.247636 -0.000114 0.151843 -0.863795 0.480418 0.207421 -0.797474 0.566579 0.168929 -0.824755 0.539668 0.143354 -0.886151 0.440665 0.267905 -0.760827 0.591075 0.302647 -0.149011 0.941382 0.418404 -0.56965 0.707415 0.526455 -0.340689 0.778959 0.422543 -0.57709 0.698874 0.148869 -0.081094 0.985526 0.449029 -0.544897 0.708139 0.314628 -0.219015 0.923602 0.559254 -0.411109 0.719878 0.416525 -0.265512 0.869489 0.00558 -0.999964 -0.006443 0.027753 -0.999608 0.003697 0.020574 -0.999524 -0.023001 -0.004651 -0.99997 -0.006229 -0.012684 -0.999915 -0.003117 -0.017227 -0.999835 -0.005682 -0.32059 -0.947218 -0.000683 -0.334058 -0.942553 0.000207 -0.315562 -0.948888 -0.005617 -0.348663 -0.937084 0.017519 -0.315737 -0.94883 -0.005563 0.486443 -0.228747 -0.843237 0.477223 -0.285136 -0.831238 0.486759 -0.226596 -0.843635 0.476883 -0.287022 -0.830784 0.708974 -0.705204 -0.006519 0.683576 -0.729763 -0.013077 0.711163 -0.703002 -0.005943 0.679889 -0.733181 -0.014007 0.57463 0.818409 -0.002593 0.574266 0.818667 -0.001616 0.572927 0.819605 -0.00159 0.575002 0.818143 -0.00392 0.576602 0.817005 -0.005752 0.57134 0.820691 -0.006102 0.569514 0.821947 -0.007558 0.571023 0.820786 -0.015571 0.477042 -0.764276 -0.43395 0.053997 -0.826581 -0.560222 -0.071043 -0.813762 -0.576839 -0.133379 -0.809247 -0.572127 -0.133657 -0.809503 -0.571699 0.975537 -0.21949 -0.012308 0.973771 -0.226849 -0.017625 0.974474 -0.223961 -0.015537 0.976182 -0.216708 -0.010302 -0.00907 -0.254288 0.967086 0.018865 -0.823025 0.567692 0.010617 -0.680085 0.733056 -0.010424 -0.220865 0.975249 0.819772 0.165526 -0.548247 0.745429 0.2228 -0.628249 0.81615 0.168623 -0.55269 0.742879 0.224566 -0.630635 0.953023 -0.037702 -0.300541 0.944274 -0.020381 -0.328528 0.943937 -0.019753 -0.329535 0.953312 -0.038312 -0.299548 0.513191 0.858274 -0.000159 0.497001 0.867748 -0.00197 0.496051 0.868291 -0.002075 0.514613 0.857422 0.000000 0.567142 0.823616 -0.002486 0.537928 0.842991 -0.000075 0.569615 0.821907 -0.002693 0.537 0.843582 0.000000 0.515673 0.856786 -0.00012 0.535511 0.844525 -0.002401 0.534592 0.845107 -0.002295 0.514616 0.857421 0.000000 0.433251 0.528195 0.730277 0.278083 0.812195 0.512845 0.441042 0.507023 0.740547 0.273989 0.81731 0.506888 0.503674 -0.863099 -0.037039 0.455876 -0.889114 -0.040649 0.456453 -0.88882 -0.040606 0.512565 -0.857879 -0.036343 0.702278 0.43089 -0.566692 0.714695 0.426952 -0.554007 0.719817 0.425267 -0.548645 0.690793 0.434346 -0.578056 0.846361 -0.485506 -0.218993 0.858662 -0.448707 -0.247715 0.866227 -0.42175 -0.267914 0.841432 -0.498522 -0.208491 -0.000000 1 0 -0.000000 1 0 -0.000000 1 0 -0.000000 1 0 -0.000000 1 0 -0.000000 1 0 -0.000000 1 0 -0.000000 1 0 -0.000000 1 0 -0.000001 1 0 -0.234229 -0.971602 0.033557 -0.312367 -0.949944 -0.005748 -0.331416 -0.943461 0.006781 -0.327392 -0.944879 0.004317 -0.331923 -0.943307 0.000226 -0.352874 -0.935652 -0.005896 -0.34871 -0.937068 0.017489 -0.334097 -0.942539 0.000214 0.010037 -0.007154 0.999924 0.148801 -0.081059 0.985539 0.006617 -0.002642 0.999975 0.302594 -0.148984 0.941403 0.940174 0.003866 -0.340673 0.836515 0.107569 -0.537282 0.821627 0.118891 -0.55749 0.944025 -0.001539 -0.329869 0.413694 -0.502847 0.758948 0.411205 -0.504681 0.759083 0.428659 -0.491651 0.757978 0.377673 -0.528656 0.760188 0.865939 -0.008984 -0.500069 0.82356 0.013273 -0.567075 0.816565 0.01668 -0.577013 0.869908 -0.011237 -0.493086 -0.5396 -0.431438 0.722975 -0.53543 -0.437499 0.722433 -0.56167 -0.398203 0.725232 -0.526109 -0.450814 0.721094 -0.56882 0.327234 0.754561 -0.463135 0.659708 0.591854 -0.467501 0.650759 0.598294 -0.570025 0.320384 0.756588 0.314342 0.765817 -0.560993 0.33456 0.6854 -0.646759 0.31185 0.77398 -0.551094 0.336455 0.676151 -0.655452 0.441518 0.409727 -0.798239 0.441519 0.409727 -0.798239 0.441519 0.409727 -0.798239 0.441518 0.409727 -0.798239 0.441517 0.40973 -0.798238 0.441517 0.40973 -0.798238 0.441516 0.409729 -0.798239 0.441518 0.409732 -0.798237 0.440865 0.411866 -0.797499 0.439763 0.411409 -0.798343 0.439931 0.41142 -0.798245 0.441055 0.411675 -0.797492 0.438849 0.410578 -0.799273 -0.971872 -0.235391 -0.007471 -0.971871 -0.235394 -0.007471 -0.971872 -0.235392 -0.00747 -0.971872 -0.235391 -0.007472 -0.971872 -0.235393 -0.007472 -0.971872 -0.235391 -0.00747 -0.971871 -0.235393 -0.007471 -0.971872 -0.235392 -0.007473 -0.971873 -0.235388 -0.007473 -0.971872 -0.235391 -0.007471 -0.971872 -0.23539 -0.007473 -0.971872 -0.23539 -0.007471 -0.971874 -0.235384 -0.007472 -0.971872 -0.23539 -0.007472 -0.971872 -0.23539 -0.007474 -0.973771 -0.226849 -0.017625 -0.975537 -0.21949 -0.012309 -0.974474 -0.223961 -0.015537 -0.976182 -0.216709 -0.010302 -0.30176 0.346808 -0.888068 -0.350679 0.300011 -0.88714 -0.318316 0.331294 -0.888211 -0.373688 0.276961 -0.88524 -0.968654 -0.248415 -0.00066 -0.968617 -0.248559 -0.000442 -0.968532 -0.248886 -0.000804 -0.968739 -0.248083 -0.000283 -0.968783 -0.24791 -0.000451 -0.968853 -0.247637 -0.000114 -0.207421 -0.797475 0.566578 -0.151845 -0.863795 0.480418 -0.168884 -0.824753 0.539685 -0.267905 -0.760827 0.591074 -0.143355 -0.886151 0.440665 -0.418446 -0.569652 0.70739 -0.302655 -0.149002 0.941381 -0.526455 -0.340689 0.778958 -0.422543 -0.57709 0.698873 -0.44903 -0.544897 0.708138 -0.148868 -0.081098 0.985526 -0.559253 -0.411109 0.719879 -0.314629 -0.219015 0.923602 -0.416524 -0.265514 0.869489 -0.00558 -0.999964 -0.006442 0.004651 -0.99997 -0.006229 -0.020574 -0.999524 -0.023001 0.012684 -0.999915 -0.003117 -0.027753 -0.999608 0.003696 0.017228 -0.999835 -0.005682 0.334058 -0.942552 0.000206 0.320491 -0.947251 -0.000781 0.315562 -0.948888 -0.005616 0.348664 -0.937084 0.017518 0.315737 -0.94883 -0.005563 -0.476882 -0.287021 -0.830784 -0.486442 -0.228747 -0.843237 -0.477222 -0.285135 -0.831239 -0.486759 -0.226596 -0.843635 -0.395172 -0.641413 0.657593 -0.451732 -0.624559 0.637075 -0.472701 -0.617537 0.628651 -0.391287 -0.642465 0.658888 -0.574266 0.818667 -0.001616 -0.57463 0.818409 -0.002593 -0.572928 0.819604 -0.001591 -0.575002 0.818143 -0.003921 -0.57134 0.820691 -0.006102 -0.576602 0.817005 -0.005752 -0.569532 0.821934 -0.007651 -0.571023 0.820786 -0.015571 -0.477042 -0.764277 -0.43395 0.071043 -0.81376 -0.576843 -0.053995 -0.826586 -0.560215 0.133378 -0.809247 -0.572127 0.133657 -0.809504 -0.571699 0.334097 -0.942539 0.000214 0.331922 -0.943307 0.000227 0.348677 -0.937079 0.017531 0.331417 -0.94346 0.00678 0.312367 -0.949944 -0.005748 0.234229 -0.971602 0.033558 0.327393 -0.944878 0.004321 0.352875 -0.935652 -0.005896 -0.944273 -0.020381 -0.328531 -0.953022 -0.037702 -0.300544 -0.943936 -0.019753 -0.329538 -0.953311 -0.038312 -0.299551 -0.513191 0.858274 -0.000159 -0.497002 0.867747 -0.00197 -0.514614 0.857422 0 -0.496051 0.868291 -0.002075 -0.569616 0.821907 -0.002693 -0.537928 0.842991 -0.000075 -0.567261 0.823534 -0.002496 -0.537001 0.843582 0 -0.535513 0.844524 -0.002401 -0.515673 0.856786 -0.00012 -0.534593 0.845106 -0.002295 -0.514617 0.85742 0 -0.441042 0.507023 0.740547 -0.278083 0.812195 0.512845 -0.433251 0.528195 0.730277 -0.273988 0.817309 0.506888 -0.456325 -0.888886 -0.040615 -0.503673 -0.8631 -0.03704 -0.512564 -0.85788 -0.036343 -0.455876 -0.889115 -0.040648 -0.702279 0.430891 -0.56669 -0.714662 0.426964 -0.55404 -0.690795 0.434347 -0.578053 -0.719816 0.425266 -0.548647 -0.846361 -0.485506 -0.218992 -0.866227 -0.42175 -0.267915 -0.858661 -0.448707 -0.247715 -0.841432 -0.498522 -0.208488 0.000000 1 0 0.000000 1 0 0 1 0 0.000000 1 0 0.000000 1 0 0.000000 1 0 0.000000 1 0 0.000000 1 0 0 1 0 0.000000 1 0 0.000000 1 0 -0.010628 -0.680086 0.733055 0.009067 -0.254289 0.967086 0.010423 -0.220865 0.975249 -0.018865 -0.823026 0.56769 -0.816151 0.168622 -0.552689 -0.742878 0.224566 -0.630636 -0.74549 0.222757 -0.628191 -0.819773 0.165525 -0.548247 -0.148804 -0.081053 0.985539 -0.010037 -0.007154 0.999924 -0.006618 -0.002642 0.999975 -0.302601 -0.148972 0.941403 -0.86603 -0.009036 -0.49991 -0.823507 0.013298 -0.56715 -0.869908 -0.011237 -0.493087 -0.816565 0.016679 -0.577012 -0.940174 0.003865 -0.340674 -0.821626 0.118891 -0.55749 -0.836515 0.107569 -0.537282 -0.944025 -0.001539 -0.32987 -0.413694 -0.502847 0.758948 -0.411205 -0.504681 0.759083 -0.377673 -0.528656 0.760188 -0.42866 -0.491651 0.757977 -0.708742 -0.705437 -0.006581 -0.683575 -0.729763 -0.013077 -0.679889 -0.733181 -0.014007 -0.711164 -0.703001 -0.005943 -0.439746 0.411445 -0.798334 -0.440852 0.411853 -0.797513 -0.439881 0.411415 -0.798275 -0.43885 0.410577 -0.799273 -0.441059 0.411652 -0.797502 -0.441517 0.409729 -0.798238 -0.441515 0.409729 -0.79824 -0.441516 0.409731 -0.798238 -0.441518 0.40973 -0.798238 -0.441518 0.409728 -0.798239 -0.441517 0.409728 -0.798239 -0.336455 0.676152 -0.655451 -0.314171 0.766465 -0.560204 -0.334457 0.685911 -0.64627 -0.311906 0.773881 -0.551201 0.5396 -0.431438 0.722976 0.535457 -0.437459 0.722437 0.526109 -0.450813 0.721094 0.561669 -0.398203 0.725233 0.570025 0.320384 0.756588 0.467519 0.650718 0.598325 0.568803 0.327325 0.754534 0.46314 0.659703 0.591856 0.355629 0.919147 0.169403 0.348633 0.926503 0.141591 0.350094 0.925059 0.147309 0.357737 0.916699 0.178011 -0.944169 -0.303036 0.129286 -0.935059 -0.314829 0.162935 -0.94186 -0.306227 0.138292 -0.931026 -0.319463 0.17645 0.9455 0.295725 0.136293 0.935029 0.30953 0.172954 0.927862 0.317727 0.195249 0.949581 0.28955 0.120236 -0.321129 -0.933693 0.158411 -0.312384 -0.941459 0.126776 -0.324493 -0.93032 0.170907 -0.309829 -0.943473 0.117745 -0.000578 -0.000302 1 -0.000534 -0.000161 1 -0.000535 -0.000165 1 -0.000579 -0.000306 1 -0.00053 -0.000187 1 -0.000528 -0.000186 1 -0.000537 -0.000188 1 -0.000536 -0.000187 1 -0.000446 -0.000155 1 -0.000526 -0.000172 1 -0.000534 -0.000173 1 -0.000443 -0.000154 1 -0.354003 -0.90663 0.229573 -0.354002 -0.906631 0.22957 -0.354003 -0.90663 0.229573 -0.354001 -0.906632 0.229569 0.914474 0.291878 0.280259 0.92352 0.282673 0.259244 0.931891 0.273424 0.238367 0.910282 0.295908 0.289525 0.320299 0.918833 0.230554 0.320301 0.918832 0.230556 0.3203 0.918832 0.230555 0.320298 0.918833 0.230553 -0.924234 -0.279587 0.260043 -0.915505 -0.289035 0.279838 -0.910788 -0.293861 0.29002 -0.933508 -0.268686 0.237424 0.002135 0.288421 0.957501 0.002133 0.288421 0.957501 0.002134 0.288421 0.957501 0.002132 0.288421 0.957501 0.006075 0.820812 0.571167 0.006071 0.820814 0.571163 0.006072 0.820813 0.571164 0.006076 0.820811 0.571167 -1 0 0 -1 0 -0.000000 -1 0 -0.000000 -1 0 0 -0.006891 -0.937789 0.347138 -0.006885 -0.937788 0.347141 -0.006893 -0.937789 0.347137 -0.006883 -0.937787 0.347142 0.002116 0.286117 0.958192 0.002109 0.286121 0.958191 0.00211 0.28612 0.958191 0.002103 0.286125 0.95819 -0.999982 0.005773 -0.001314 -0.999984 0.005463 -0.001411 -0.999986 0.005088 -0.00153 -0.999981 0.006018 -0.001236 -0.999987 0.004544 0.002122 -0.999987 0.004544 0.002122 -0.999987 0.004544 0.002122 -0.00734 -0.999973 0 -0.00734 -0.999973 0 -0.00734 -0.999973 0 -0.00734 -0.999973 0 -0.999992 0.003922 0 -0.999992 0.003922 0 -0.999992 0.003922 0 -0.999992 0.003922 0 -0.002133 0.288421 0.957501 -0.002135 0.288421 0.957501 -0.002134 0.288421 0.957501 -0.002133 0.288421 0.957501 -0.006075 0.820812 0.571167 -0.006072 0.820813 0.571164 -0.006071 0.820814 0.571163 -0.006076 0.820811 0.571167 1 0 0 1 0 0 1 0 0 1 0 0 0.006891 -0.937789 0.347138 0.006885 -0.937788 0.347141 0.006883 -0.937787 0.347142 0.006893 -0.937789 0.347137 -0.002116 0.286117 0.958192 -0.00211 0.28612 0.958191 -0.002109 0.286121 0.958191 -0.002103 0.286125 0.95819 0.999984 0.005463 -0.001411 0.999982 0.005773 -0.001313 0.999986 0.005088 -0.00153 0.999981 0.006018 -0.001236 0.999987 0.004544 0.002122 0.999987 0.004544 0.002122 0.999987 0.004544 0.002122 0.00734 -0.999973 0 0.00734 -0.999973 0 0.00734 -0.999973 0 0.00734 -0.999973 0 0.999992 0.003922 0 0.999992 0.003922 0 0.999992 0.003922 0 0.999992 0.003922 0 -0.357737 0.916699 0.17801 -0.350094 0.925059 0.14731 -0.355629 0.919147 0.169403 -0.348633 0.926503 0.141592 0.935097 -0.314784 0.162804 0.944168 -0.303037 0.129286 0.941848 -0.306242 0.138337 0.931026 -0.319463 0.17645 -0.945501 0.295725 0.136293 -0.927862 0.317727 0.195249 -0.935029 0.30953 0.172954 -0.949581 0.28955 0.120236 0.312358 -0.941479 0.126685 0.321154 -0.933669 0.158501 0.324493 -0.93032 0.170907 0.309828 -0.943474 0.117745 0.000578 -0.000302 1 0.000535 -0.000167 1 0.000534 -0.000164 1 0.000579 -0.000306 1 0.00053 -0.000191 1 0.000528 -0.000189 1 0.000537 -0.000199 1 0.000536 -0.000199 1 0.000446 -0.000155 1 0.000526 -0.000176 1 0.000443 -0.000154 1 0.000534 -0.000179 1 0.354001 -0.906632 0.229569 0.354003 -0.90663 0.229573 0.354002 -0.906631 0.22957 0.354003 -0.90663 0.229573 -0.914473 0.29188 0.280258 -0.923502 0.282691 0.259286 -0.910283 0.295907 0.289525 -0.931891 0.273423 0.238368 -0.320299 0.918833 0.230554 -0.3203 0.918832 0.230555 -0.320301 0.918832 0.230556 -0.320298 0.918833 0.230553 0.924234 -0.279587 0.260044 0.915505 -0.289035 0.279838 0.933508 -0.268686 0.237426 0.910788 -0.29386 0.29002 -0.000161 -0.000221 1 -0.00006 -0.000197 1 -0.000143 -0.000216 1 -0.000049 -0.000195 1 -0.000077 -0.000328 1 -0.000069 -0.000298 1 -0.000077 -0.000327 1 -0.000069 -0.000297 1 0.93757 0.346019 0.035107 0.927654 0.373113 0.015638 0.931485 0.363057 0.022904 0.918883 0.394531 0 0.228199 0.973615 0 0.228199 0.973615 0 0.228199 0.973615 0 0.228199 0.973615 0 -0.916691 -0.399597 0 -0.916691 -0.399597 0 -0.916691 -0.399597 0 -0.916691 -0.399597 0 -0.234702 -0.972067 0 -0.234702 -0.972067 0 -0.234702 -0.972067 0 -0.234702 -0.972067 0 0.000003 -0.000027 1 0.000016 -0.000126 1 0.000013 -0.000105 1 0 0 1 -0.000013 -0.000105 1 -0.000003 -0.000027 1 -0.000016 -0.000126 1 0.00006 -0.000197 1 0.000143 -0.000214 1 0.000049 -0.000195 1 0.000161 -0.000218 1 0.000069 -0.000298 1 0.000077 -0.000325 1 0.000069 -0.000297 1 0.000077 -0.000326 1 -0.93757 0.346019 0.035107 -0.931485 0.363057 0.022904 -0.927654 0.373113 0.015638 -0.918883 0.394531 0 -0.228199 0.973615 0 -0.228199 0.973615 0 -0.228199 0.973615 0 -0.228199 0.973615 0 0.916691 -0.399597 0 0.916691 -0.399597 0 0.916691 -0.399597 0 0.916691 -0.399597 0 0.234702 -0.972067 0 0.234702 -0.972067 0 0.234702 -0.972067 0 0.234702 -0.972067 0 -0.000032 0.000127 -1 -0.000009 0.000038 -1 0 0 -1 -0.000041 0.000163 -1 0.000009 0.000037 -1 0.000032 0.000127 -1 0.000041 0.000162 -1 -0.70605 -0.707928 -0.018202 -0.877955 -0.478458 0.016518 -0.680464 -0.732527 -0.019318 0.027341 -0.989523 0.141765 -0.064457 -0.988738 0.135064 0.011215 -0.989992 0.140675 0.812372 0.323022 0.485498 0.832225 0.204639 0.515291 0.795572 0.363036 0.485046 0.008105 0.999967 0.000726 0.008063 0.999968 -0.000009 0.005498 0.999977 0.003918 0.002673 0.999988 0.003984 0.008065 0.999967 -0.000007 0.000417 0.999996 -0.002635 0.006214 0.999981 0.000523 0.000384 0.999994 -0.003398 0.004497 0.999987 -0.002266 0.00308 0.999995 0.000419 -0.001314 0.999996 0.002357 0.003709 0.999987 -0.00347 0 1 0 -0.004536 0.999986 0.002601 0.002417 0.999997 -0.00043 -0.008136 0.999967 -0.00002 0.002265 0.999997 0 -0.008063 0.999968 -0.000009 -0.008065 0.999967 -0.000007 -0.006214 0.999981 0.000523 -0.004497 0.999987 -0.002266 -0.003112 0.999995 0.000509 0 1 0 -0.003709 0.999987 -0.00347 -0.002417 0.999997 -0.00043 -0.002264 0.999997 0 -1 0 0 -1 0 0 -1 0 0 -1 0 0 -1 0 0 -1 0 -0.000000 -1 0 0 -1 0 0 -1 0 0 -1 0 0 -1 0 0 -1 0 0 0 0 1 0 -0.000004 1 0 -0.000000 1 0 0.000000 1 0 -0.000005 1 0 0.000001 1 0.002885 0.003703 0.999989 0.000003 0.002358 0.999997 0 0.000000 1 0.014817 0.001081 0.99989 0 0 1 0.018248 0 0.999834 -0.008162 0.999941 -0.007125 -0.008173 0.999953 -0.005182 -0.008061 0.999919 -0.009828 -0.00838 0.999965 -0.000378 -0.008258 0.999966 0 0.011501 -0.961741 0.273717 0.003153 -0.966338 0.257257 0.008176 -0.963614 0.267172 0 -0.967983 0.251015 -0.993902 0.001057 0.110265 -0.993905 0.001027 0.110236 -0.993832 0.001704 0.110886 -0.99399 0.000232 0.109473 -0.359915 0.925697 0.116392 -0.361752 0.925441 0.112672 -0.361029 0.925543 0.114137 -0.359189 0.925793 0.117857 -0.012394 -0.016628 0.999785 -0.009637 -0.009839 0.999905 -0.004781 0.002122 0.999986 -0.013995 -0.020567 0.999691 -0.025835 -0.028739 0.999253 -0.008775 -0.028194 0.999564 0 -0.029385 0.999568 0.011043 -0.017377 0.999788 0.026156 -0.038022 0.998935 0 -0.034355 0.99941 -0.005967 -0.014624 0.999875 0.025874 -0.028766 0.999251 0.008775 -0.028194 0.999564 -0.011044 -0.017378 0.999788 -0.026104 -0.038022 0.998936 -0.000152 -0.000093 1 0.000056 -0.000119 1 -0.000007 -0.000134 1 -0.000131 -0.000049 1 -0.000083 -0.000092 1 0.000152 -0.000093 1 0.000007 -0.000134 1 -0.000056 -0.000119 1 0.000557 0.001811 0.999998 0.000013 0.000341 1 0.000083 -0.000092 1 -0.000658 -0.000454 1 -0.000014 0.000343 1 0.000131 -0.000049 1 -0.000557 0.001815 0.999998 0.000658 -0.000455 1 0.038737 0.998806 0.029755 -0.019247 0.999728 0.013199 -0.065327 0.997864 0 0.051838 0.998094 0.033489 0.910087 0.393804 0.129079 0.910687 0.392276 0.129495 0.907308 0.397826 0.136113 0.918797 0.370245 0.13686 0.925823 0.349045 0.144984 -0.426024 0.9046 0.014229 -0.42535 0.904923 0.013851 -0.39629 0.915783 0.065534 -0.110572 0.821168 -0.559871 -0.015253 0.829065 -0.558945 -0.130506 0.818549 -0.559416 -0.653912 0.067312 -0.753571 -0.806816 0.021805 -0.590401 -0.8343 -0.02759 -0.55062 -0.588561 -0.019761 -0.808211 -0.623063 0.045309 -0.780858 -0.823077 0.0296 -0.567158 -0.787405 0.074975 -0.61186 -0.762523 0.10107 -0.639017 -0.805047 0.563314 0.18595 -0.804923 0.561416 0.19212 -0.800289 0.565562 0.199192 -0.80774 0.559351 0.186232 -0.808172 0.570336 0.146883 0 0.451996 -0.89202 -0.010762 0.501207 -0.865261 0 0.456369 -0.889791 0.010762 0.501207 -0.865261 -0.050469 0.44085 -0.896161 0.050469 0.44085 -0.896161 -0.081312 0.389094 -0.917602 0.081312 0.389094 -0.917602 0.910398 0.392046 0.132192 0.908979 0.396648 0.128168 0.909146 0.396115 0.128635 0.330204 -0.888172 0.319555 0.329053 -0.895913 0.298436 0.328871 -0.897 0.295357 0.330343 -0.887126 0.322307 -0.494695 0.643278 -0.584354 -0.494696 0.643277 -0.584355 -0.494694 0.643278 -0.584355 -0.494695 0.643278 -0.584355 -0.494693 0.643279 -0.584355 -0.494696 0.643277 -0.584356 -0.299657 -0.953974 0.011836 -0.386296 -0.922332 0.008906 -0.384557 -0.923058 0.008966 -0.296351 -0.955004 0.011944 -0.385757 0.9226 -0.000572 -0.466452 0.884536 -0.004332 -0.391959 0.919983 0.000377 -0.356102 0.934447 -0.000152 -0.352895 0.935663 0.000571 -0.469556 0.882891 -0.004603 -0.067806 0.317432 -0.945854 -0.060038 0.318511 -0.946016 -0.043017 0.320808 -0.946167 -0.072213 0.316817 -0.945734 0.163521 0.196762 -0.966719 0.179965 0.172209 -0.968482 0.148837 0.196378 -0.969166 0.088121 0.124159 -0.988342 0.030365 0.006424 -0.999518 -0.494693 0.643279 -0.584355 -0.494691 0.643281 -0.584355 -0.494693 0.64328 -0.584355 -0.494695 0.643277 -0.584355 -0.494694 0.643278 -0.584355 -0.562439 0.593033 -0.576172 -0.569018 0.590175 -0.572636 -0.53758 0.60336 -0.589037 -0.000000 1 0 -0.000000 1 0 -0.000000 1 0 -0.755346 0.2386 -0.610346 -0.646623 0.545914 -0.532782 -0.718084 0.384988 -0.579776 -0.705682 0.387134 -0.593414 -0.571502 0.664831 -0.481024 -0.066794 -0.048024 -0.99661 -0.126604 -0.02921 -0.991523 -0.183378 -0.066647 -0.980781 -0.072148 -0.031355 -0.996901 -0.047617 -0.062498 -0.996909 -0.311006 -0.035915 -0.949729 -0.360184 -0.065764 -0.93056 -0.375057 0.022367 -0.926732 -0.378334 0.030096 -0.92518 -0.370575 0.049345 -0.927491 -0.369573 0.048984 -0.92791 -0.836259 0.548335 -0.000155 -0.839785 0.542912 0.002881 -0.839777 0.542924 0.00288 -0.832335 0.554266 0.002565 -0.830958 0.556325 0.003313 -0.837335 0.546691 -0.000057 -0.833553 0.55243 -0.003031 -0.83246 0.55408 0.002381 -0.833997 0.551766 -0.001982 -0.83033 0.557224 -0.007279 -0.56834 0.521644 -0.6363 0.000039 0.616816 -0.787108 -0.569444 0.51489 -0.640798 0.000016 0.616139 -0.787638 -0.554073 0.551658 -0.623439 -0.543095 0.578929 -0.608185 -0.568034 0.517786 -0.639715 -0.568451 0.542084 -0.618876 -0.838907 0.544236 0.006472 -0.838079 0.545489 0.008101 -0.839612 0.543173 0.003767 -0.839888 0.54275 0.003361 -0.839776 0.542925 0.002881 -0.17878 0.962661 -0.203277 -0.211738 0.946585 -0.243195 -0.215455 0.944789 -0.246886 -0.174119 0.965396 -0.194149 0.000194 0.939759 -0.341837 0.000753 0.938055 -0.346486 -0.90165 0.171862 0.396851 -0.923386 0.18245 0.337744 -0.916198 0.178831 0.35861 -0.897381 0.169891 0.407239 -0.120055 -0.989289 -0.083035 -0.187003 -0.976134 -0.110423 -0.117201 -0.989942 -0.079236 -0.265457 -0.961953 -0.064649 -0.603568 -0.797231 -0.011369 -0.614306 -0.788971 -0.012391 -0.899405 0.436881 0.014356 -0.891578 0.452722 0.011508 -0.888946 0.457669 0.017696 -0.892292 0.451288 0.012407 -0.90892 0.41684 0.010461 -0.905073 0.425187 0.00764 -0.823025 0.567752 0.016958 -0.819131 0.573345 0.01733 -0.835989 0.548571 0.013864 -0.779086 0.626799 0.012131 -0.848896 0.52848 -0.00923 -0.764062 0.645096 0.007802 -0.75026 0.661135 0.003183 -0.751994 0.65917 0.000321 -0.63737 0.298268 0.71049 -0.651502 0.230812 0.722683 -0.661112 0.231287 0.713749 -0.647907 0.238884 0.723292 -0.645492 0.328678 0.689428 -0.591291 0.412826 0.692784 -0.688351 0.20449 0.695958 -0.555982 0.44416 0.702571 -0.439426 0.660472 0.608837 -0.568873 0.424701 0.704282 -0.592076 0.365689 0.718135 -0.4183 0.6894 0.5914 0.329572 0.934868 0.131928 0.331664 0.934326 0.130517 0.3257 0.935852 0.134535 -0.979967 -0.010006 0.198911 -0.977668 -0.017432 0.209433 -0.975367 -0.024371 0.219237 -0.982439 -0.001333 0.186582 0 -1 0 0 -1 0 0 -1 0 0 -1 0 0 -1 0 0 -1 0 0 -1 0 0 -1 0 0 -1 0 0 -1 0 0 -1 0 0 -1 0 0 0 1 0 0 1 0 0 1 0 0 1 0 0 1 0 0 1 0 0 1 0 0 1 0 0 1 0.000000 1 0 0 1 0 0.000000 1 0 -0.000000 1 0 0 1 0 0 1 0 0 1 0 -0.20446 0.269084 -0.941164 -0.27165 0.262392 -0.925936 -0.234851 0.26623 -0.934862 -0.299711 0.259174 -0.918152 -0.012423 -0.747883 0.663714 0 -0.749361 0.662162 0 -0.750701 0.660642 -0.011373 -0.746623 0.66515 0.012423 -0.747883 0.663714 0.011374 -0.746623 0.66515 0.632854 0.289767 0.718005 0.606644 0.240562 0.757702 0.585072 0.341318 0.735658 0.638717 0.239079 0.731356 0.589532 0.414441 0.693319 0.651502 0.230812 0.722683 0.645492 0.328678 0.689428 0.661148 0.231283 0.713717 0.688351 0.20449 0.695958 0.239255 0.265794 -0.933869 0.323989 0.256187 -0.910714 0.286917 0.260675 -0.921807 0.204459 0.269084 -0.941164 1 0 0 1 0 0 1 0 0 1 0 0 1 0 0 1 0 0 1 0 0 1 0 0 1 0 0 1 0 0 1 0 -0.000000 1 0 -0.000000 -0.006953 0.999976 -0.000274 -0.005323 0.999986 0.000497 -0.004432 0.99999 0.000919 -0.007727 0.99997 -0.000641 0.760516 0.649313 0.002709 0.741006 0.671431 -0.009501 0.742198 0.67015 0.006485 0.785196 0.61875 -0.024815 0.84779 0.530201 -0.01179 0.785206 0.618754 -0.024411 0.760538 0.649288 0.002704 0.846402 0.532465 -0.009204 0.168768 0.28197 0.944463 0.168768 0.28197 0.944463 0.168768 0.28197 0.944463 0.944704 -0.327716 0.011658 0.940009 -0.34115 0.000851 0.936383 -0.350883 0.008184 0 0.000001 1 -0.002915 0.00374 0.999989 -0.000003 0.002358 0.999997 0 0 1 0 0.000000 1 -0.014817 0.001081 0.99989 0 -0.000000 1 0 0 1 -0.018248 0 0.999834 0 0 1 0 -0.000004 1 0 -0.000005 1 -0.008176 -0.963614 0.267172 -0.003153 -0.966338 0.257257 -0.011501 -0.961741 0.273717 0 -0.967983 0.251015 0.993902 0.001057 0.110265 0.993905 0.001027 0.110236 0.99399 0.000232 0.109474 0.993832 0.001704 0.110886 0.361029 0.925543 0.114137 0.359914 0.925697 0.116392 0.359189 0.925793 0.117857 0.361752 0.925441 0.112672 0.012394 -0.016628 0.999785 0.009637 -0.009839 0.999905 0.013995 -0.020568 0.999691 0.004781 0.002122 0.999986 -0.01856 -0.016303 0.999695 -0.026215 0.016643 0.999518 -0.019409 -0.00343 0.999806 -0.02249 0.020265 0.999542 -0.021053 -0.026753 0.99942 -0.005323 -0.010326 0.999933 -0.00016 -0.000454 1 -0.021815 0.018323 0.999594 -0.011788 -0.051532 0.998602 -0.026629 0.007781 0.999615 0.805047 0.563314 0.18595 0.80774 0.559351 0.186232 0.808172 0.570336 0.146883 0.804994 0.561352 0.192012 0.800289 0.565562 0.199192 0.977641 -0.017514 0.20955 0.979975 -0.009979 0.198872 0.975367 -0.024371 0.219237 0.982438 -0.001332 0.186582 -0.910682 0.392271 0.129542 -0.918797 0.370245 0.136859 -0.910087 0.393803 0.129079 -0.925823 0.349045 0.144984 -0.907308 0.397826 0.136112 -0.910398 0.392046 0.132192 -0.909146 0.396115 0.128635 -0.908979 0.396648 0.128168 -0.227423 0.96281 0.145864 -0.223072 0.965828 0.131968 -0.221219 0.967038 0.126093 0.019409 -0.00343 0.999806 0.01856 -0.016303 0.999695 0.021053 -0.026752 0.99942 0.026262 0.016633 0.999517 0.005324 -0.010325 0.999933 0.011788 -0.051532 0.998602 0.022514 0.020075 0.999545 0.00016 -0.000454 1 0.021815 0.018323 0.999594 0.026629 0.007781 0.999615 0.00838 0.999965 -0.000378 0.008173 0.999953 -0.005182 0.008258 0.999966 0 0.008163 0.999941 -0.007125 0.008061 0.999919 -0.009828 -0.038737 0.998806 0.029755 0.065327 0.997864 0 0.019247 0.999728 0.013201 -0.051838 0.998094 0.033489 -0.329572 0.934867 0.131928 -0.331664 0.934326 0.130517 -0.335525 0.933308 0.127905 -0.364698 0.930565 0.032325 -0.363386 0.930664 0.042606 -0.36482 0.93055 0.03135 -0.363275 0.930668 0.043457 0 0.948645 0.316343 0 0.948645 0.316343 0 0.948645 0.316343 0 0.948645 0.316343 0 0.948645 0.316343 0 0.948645 0.316343 0.227562 0.962709 0.146313 0.221219 0.967038 0.126093 0.223072 0.965828 0.131968 -0.899217 0.217982 -0.379333 -0.74837 0.539972 -0.385192 -0.876069 0.290649 -0.384741 0.213591 0.228078 -0.949926 0.236568 0.231161 -0.943716 0.268333 0.144149 -0.95248 0.178195 0.209511 -0.961432 0.132008 0.165083 -0.977406 0.027763 -0.046054 -0.998553 0.118168 0.157536 -0.980418 -0.236568 0.23116 -0.943716 -0.178199 0.20951 -0.961432 -0.213595 0.228081 -0.949924 -0.268333 0.144149 -0.95248 -0.13201 0.165082 -0.977405 -0.027762 -0.046048 -0.998553 -0.118168 0.157536 -0.980418 0.56244 0.593032 -0.576172 0.569058 0.590157 -0.572615 0.580718 0.584958 -0.566208 0.426025 0.9046 0.01423 0.39629 0.915783 0.065534 0.425353 0.904922 0.013853 0 0.096856 -0.995298 -0.00113 0.095889 -0.995391 0 0.097801 -0.995206 0.00113 0.095889 -0.995391 0.001616 0.095067 -0.99547 0.299561 -0.954004 0.011839 0.384381 -0.923131 0.008972 0.386296 -0.922332 0.008906 0.296347 -0.955006 0.011944 0.391959 0.919983 0.000376 0.466368 0.88458 -0.004324 0.385978 0.922508 -0.000643 0.361204 0.932486 -0.001305 0.35856 0.933506 -0.000707 0.067806 0.317433 -0.945853 0.043017 0.320808 -0.946167 0.05999 0.318518 -0.946017 0.072212 0.316818 -0.945733 -0.088121 0.124158 -0.988342 -0.148838 0.196377 -0.969166 -0.163521 0.196762 -0.966719 -0.030365 0.006424 -0.999518 -0.000000 1 0 -0.000000 1 0 0 1 0 -0.000000 1 0 -0.000000 1 0 0 1 0 0 1 0 -0.576791 -0.359405 0.73358 -0.674646 -0.37105 0.638103 -0.533907 -0.352741 0.768451 -0.704295 -0.373372 0.603789 0.066749 -0.048007 -0.996614 0.126604 -0.029209 -0.991523 0.072149 -0.031355 -0.996901 0.183378 -0.066648 -0.980781 0.047617 -0.062498 -0.996909 0.311006 -0.035914 -0.949729 0.360178 -0.065861 -0.930556 0.375058 0.022366 -0.926732 0.378334 0.030095 -0.92518 0.370575 0.049346 -0.927491 0.369573 0.048985 -0.92791 -0.108361 -0.986946 -0.119148 -0.001235 -0.985309 -0.170774 -0.108203 -0.986987 -0.118949 0.001295 -0.98493 -0.172948 0.839778 0.542922 0.00288 0.839778 0.542923 0.002879 0.839776 0.542926 0.002878 0.839775 0.542927 0.00288 -0.000039 0.616867 -0.787067 0.568336 0.521683 -0.636272 0.569444 0.51489 -0.640798 -0.000015 0.616099 -0.787669 0.554073 0.551658 -0.623439 0.543068 0.578967 -0.608173 0.568035 0.517786 -0.639715 0.568451 0.542085 -0.618876 0.836307 0.548261 -0.000117 0.837335 0.54669 -0.000057 0.833554 0.55243 -0.003032 0.830937 0.55636 0.002677 0.83033 0.557224 -0.007279 0.831889 0.554934 0.002988 0.830333 0.557253 0.004024 0.830783 0.55659 0.002761 0.839784 0.542912 0.002881 0.839776 0.542925 0.00288 -0.212795 -0.224836 -0.950877 -0.023137 -0.199143 -0.979697 -0.24955 -0.228948 -0.940908 0.133759 -0.172397 -0.975904 0.919066 0.186084 0.347407 0.903451 0.177895 0.390039 0.899146 0.175741 0.400814 0.926354 0.190155 0.325131 0.108264 -0.992176 -0.062178 0.205639 -0.970782 -0.123676 0.113422 -0.99114 -0.069113 0.288297 -0.95464 -0.074485 0.603881 -0.796993 -0.011396 0.614306 -0.788971 -0.012391 0.888946 0.457669 0.017696 0.891582 0.452714 0.011467 0.899447 0.436795 0.014341 0.905073 0.425187 0.00764 0.892279 0.451316 0.012371 0.823025 0.567752 0.016959 0.90892 0.41684 0.010462 0.819131 0.573345 0.01733 0.182495 0.961054 -0.207534 0.216208 0.944224 -0.248384 0.177742 0.963903 -0.19824 0.219906 0.942417 -0.251975 0.000287 0.939769 -0.341809 0.000846 0.938056 -0.346482 0.741284 0.314631 -0.592879 0.783638 0.114082 -0.610652 0.736334 0.330752 -0.590267 0.705682 0.387134 -0.593415 0.571502 0.664831 -0.481024 0.678244 0.446069 -0.583958 0.755345 0.238601 -0.610347 0.646623 0.545914 -0.532782 0.70605 -0.707928 -0.018202 0.877955 -0.478458 0.016518 0.845056 -0.532675 -0.046239 -0.984624 0.000477 0.174689 -0.989691 -0.006238 0.14308 -0.983954 0.001271 0.17842 -0.99051 -0.007476 0.137236 0.023137 -0.199145 -0.979697 0.212839 -0.224847 -0.950865 0.24955 -0.228948 -0.940908 -0.133759 -0.172397 -0.975904 -0.330206 -0.888171 0.319556 -0.329052 -0.895913 0.298437 -0.330344 -0.887125 0.322308 -0.328871 -0.896999 0.295358 0.556546 0.630121 -0.541483 0.379178 0.670576 -0.637614 0.526864 0.652763 -0.544348 0.006523 0.999979 -0.00007 0.004432 0.99999 0.000919 0.005218 0.999986 0.000547 0.439423 0.660476 0.608834 0.592076 0.365689 0.718135 0.568872 0.424702 0.704282 0.418295 0.689405 0.591397 0.495119 0.642922 -0.584387 0.494565 0.644283 -0.583356 0.495086 0.643791 -0.583458 0.498387 0.640873 -0.58386 0.576791 -0.359405 0.73358 0.674613 -0.371047 0.638139 0.704295 -0.373372 0.603789 0.533907 -0.35274 0.768451 0.364699 0.930564 0.032325 0.363387 0.930664 0.042606 0.363277 0.930667 0.043458 0.364821 0.93055 0.031351 -0.812372 0.323022 0.485498 -0.832225 0.204636 0.515291 -0.827236 0.191413 0.528245 0.653943 0.067285 -0.753546 0.806817 0.021806 -0.5904 0.623064 0.045309 -0.780858 0.588561 -0.019761 -0.808211 0.823076 0.029599 -0.567159 0.787431 0.074948 -0.611829 -0.741298 0.314582 -0.592887 -0.783647 0.114078 -0.610641 -0.786776 0.087032 -0.611072 0.984624 0.000477 0.174689 0.989691 -0.006239 0.14308 0.99051 -0.007476 0.137236 0.983954 0.001271 0.17842 0.000000 1 0 0.000000 1 0 0.000000 1 0 0.000000 1 0 0.099858 -0.988948 -0.10959 -0.001158 -0.985308 -0.170784 0.100078 -0.988898 -0.109841 0.001363 -0.984929 -0.172955 0.110572 0.821164 -0.559878 0.015205 0.829067 -0.558943 0.006499 0.829408 -0.558605 0 1 0 0.496556 0.642169 -0.583996 0.496626 0.641582 -0.584581 0.495578 0.643014 -0.583896 0.49659 0.641366 -0.584849 0.493719 0.643844 -0.584557 0.484354 0.649694 -0.585917 0 1 0 0 1 0 0 1 0 0 1 0 0 0 1 0 -0.000004 1 0 -0.000002 1 0 -0.000006 1 0.99618 0.087323 0 0.99618 0.087323 0 0.99618 0.087323 0 0.99618 0.087323 0 0 0.000002 -1 0 0.000002 -1 0 0.000002 -1 0 0.000003 -1 -0.996182 0.0873 0 -0.996182 0.0873 0 -0.996182 0.0873 0 -0.996182 0.0873 0 0 -1 0 0 -1 0 0 -1 0 0 -1 0 0.505594 0.862612 -0.016588 0.441034 0.897424 -0.010949 0.440986 0.8975 -0.00507 0.593017 0.803826 -0.046854 0.660933 0.748384 -0.055583 0.443177 0.896428 -0.003177 0.657942 0.750428 -0.063004 0.677008 0.73357 -0.059458 0.441136 0.89744 0 -0.21089 0.144788 -0.966727 -0.402976 0.13931 -0.904546 -0.180056 0.138594 -0.973844 -0.415343 0.14147 -0.898597 0.254372 -0.175086 -0.951125 0.270022 -0.179303 -0.946012 -0.395532 0.019441 -0.918247 0.437137 -0.273675 -0.856746 -0.397474 0 -0.917614 0.439099 -0.266191 -0.858099 0.413278 -0.307379 0.857158 0.483116 -0.311614 0.818227 0.479027 -0.320713 0.817114 0.40599 -0.324896 0.854175 0.286732 -0.114013 0.951202 0.31997 -0.112622 0.94071 0.134999 -0.007706 0.990816 0.135913 0 0.990721 -0.429324 -0.903112 0.00837 -0.485321 -0.874247 0.012441 -0.429296 -0.903153 0.004528 -0.569319 -0.821066 0.041541 -0.430704 -0.90249 0.002266 -0.642029 -0.764914 0.052016 -0.429394 -0.903117 0 -0.639949 -0.766089 0.05978 -0.658283 -0.75062 0.056862 0 1 0 0 1 0 0 1 0 0 1 0 0 -0.000002 1 0 -0.000004 1 0 -0.000006 1 0 0 1 -0.99618 0.087323 0 -0.99618 0.087323 0 -0.99618 0.087323 0 -0.99618 0.087323 0 0 0.000002 -1 0 0.000008 -1 0 0.000005 -1 0 0 -1 0.99618 0.087323 0 0.99618 0.087323 0 0.99618 0.087323 0 0.99618 0.087323 0 0 -1 0 0 -1 0 0 -1 0 0 -1 0 -0.593017 0.803826 -0.046855 -0.505594 0.862612 -0.016587 -0.441034 0.897424 -0.010949 -0.660903 0.748412 -0.055559 -0.657978 0.750397 -0.062997 -0.440972 0.897504 -0.005549 -0.677008 0.73357 -0.059458 -0.443177 0.896428 -0.003176 -0.441136 0.89744 0 0.210885 0.144792 -0.966728 0.180058 0.138589 -0.973844 0.402976 0.139311 -0.904545 -0.254373 -0.175086 -0.951125 0.415343 0.141472 -0.898597 -0.270022 -0.179302 -0.946012 0.395532 0.019442 -0.918246 -0.437013 -0.274134 -0.856662 0.397474 0 -0.917614 -0.439099 -0.266194 -0.858099 -0.479026 -0.320713 0.817115 -0.413321 -0.307372 0.85714 -0.405989 -0.324896 0.854175 -0.483116 -0.311614 0.818227 -0.286733 -0.114011 0.951202 -0.319971 -0.112621 0.94071 -0.135037 -0.007374 0.990813 -0.135913 0 0.990721 0.569319 -0.821067 0.04154 0.485321 -0.874247 0.012441 0.642029 -0.764914 0.052016 0.429324 -0.903112 0.00837 0.639986 -0.766058 0.059774 0.429296 -0.903153 0.004528 0.430775 -0.902456 0.002387 0.658283 -0.75062 0.056862 0.429394 -0.903118 0 0 -0.000000 -1 0 -0.000000 -1 0 -0.000000 -1 0 -0.000000 -1 0.210652 0.96282 -0.169123 0.202803 0.961151 -0.187242 0.210332 0.96276 -0.169866 0.220745 0.964427 -0.14544 -0.730137 0.665438 -0.155218 -0.737247 0.652225 -0.176265 -0.722047 0.678992 -0.132735 -0.745376 0.635242 -0.202194 0.999587 -0.006348 -0.028023 0.990282 -0.108812 -0.086608 0.975543 -0.173813 -0.134554 0.999762 -0.013889 -0.016799 0.99864 0.044766 -0.026739 0.997821 0.065387 -0.008823 0.997971 0.063149 -0.008153 0.998488 0.050152 0.0225 0.986896 0.161332 -0.002926 0.995615 0.092024 -0.016791 0.999678 -0.025187 0.003085 0.996854 0.07913 -0.004433 0.997424 0.069922 -0.016023 0.999597 -0.028256 0.002678 0.955232 0.293472 -0.037494 0.999476 -0.032374 0.000494 0.951822 0.305029 -0.031496 0.945079 0.322115 -0.055389 0.368745 -0.927229 -0.065378 0.240942 -0.969377 -0.047481 0.350519 -0.935878 -0.035608 0.349489 -0.934266 -0.070737 0.395353 -0.917164 -0.050054 0.225419 -0.974225 -0.008455 0.424409 -0.902561 -0.072535 0.444396 -0.8911 -0.09194 0.630615 -0.776073 -0.005913 -0.32055 -0.947217 -0.005192 -0.313863 -0.949348 -0.01509 -0.334312 -0.942343 -0.015013 -0.305178 -0.952292 0.002543 -0.349814 -0.936803 -0.005568 -0.361368 -0.932271 -0.01685 -0.366521 -0.93026 0.016672 -0.364581 -0.930906 0.022221 -0.397621 0.917112 -0.028325 -0.402596 0.915376 0.001617 -0.400937 0.916104 0.001556 -0.335322 0.94129 0.039154 -0.400935 0.916105 0.001558 -0.358487 0.92739 0.106936 -0.436626 0.899642 0.001591 -0.825977 -0.082854 -0.557581 -0.802414 -0.026435 -0.596182 -0.814445 -0.054008 -0.577722 -0.795103 -0.010692 -0.606381 0.244071 -0.103872 -0.964178 0.454763 -0.59105 -0.666221 0.237303 -0.222983 -0.945498 0.417392 -0.505848 -0.754918 0.429749 0.009398 -0.9029 0.32852 -0.03613 -0.943806 0.649916 -0.020402 -0.759732 0.288757 0.063755 -0.955277 0.166729 0.01428 -0.985899 0.353848 -0.010708 -0.935242 0.149854 0.007137 -0.988683 -0.107414 0.064588 -0.992114 -0.31765 0.29416 -0.901426 -0.313868 0.289974 -0.904103 -0.094411 0.050574 -0.994248 0.693764 0.55098 -0.463802 0.734421 0.398782 -0.54918 0.670433 0.608811 -0.42411 0.7399 0.365672 -0.564652 0.860493 -0.109644 -0.497524 0.859798 -0.107981 -0.499086 0.879104 -0.159391 -0.449188 0.831247 -0.047162 -0.5539 -0.606495 -0.754658 -0.250312 -0.619385 -0.732064 -0.283626 -0.614233 -0.741485 -0.270032 -0.596937 -0.769507 -0.226991 -0.715251 -0.697083 -0.04991 -0.724381 -0.688096 -0.042376 -0.728707 -0.683729 -0.03875 -0.705089 -0.706732 -0.058129 0.407633 -0.887548 0.214695 0.384973 -0.877342 0.286473 0.387419 -0.878634 0.279122 0.416965 -0.890443 0.182348 0.022368 -0.999749 -0.001262 0.021944 -0.999759 -0.001209 0.021919 -0.999759 -0.001206 0.022407 -0.999748 -0.001267 0.595565 -0.80327 -0.007761 0.631488 -0.775384 -0.001664 0.629241 -0.777207 -0.002052 0.591359 -0.806364 -0.008462 0.296564 0.294493 -0.908473 -0.320206 0.447548 -0.834966 -0.210492 0.432428 -0.876755 0.381159 0.260251 -0.887123 0.021747 -0.999763 -0.001203 0.022405 -0.999748 -0.00109 0.022326 -0.99975 -0.001103 0.021675 -0.999764 -0.001215 0.590442 -0.807077 -0.002239 0.583663 -0.811984 -0.004517 0.59218 -0.805804 -0.001653 0.582837 -0.812575 -0.004791 0.709618 -0.509823 -0.486336 0.7113 -0.50684 -0.486996 0.701615 -0.523737 -0.483152 0.722735 -0.485974 -0.49141 -0.78774 -0.015179 -0.615821 -0.807169 -0.148351 -0.571376 -0.790896 -0.031087 -0.611161 -0.807181 -0.148394 -0.571348 -0.810959 -0.220564 -0.541938 -0.790909 -0.031133 -0.611141 -0.007289 -0.766555 -0.642137 -0.007295 -0.76654 -0.642156 -0.007296 -0.766536 -0.64216 -0.007287 -0.76656 -0.642131 0.530811 -0.782001 -0.326672 0.530763 -0.776623 -0.339334 0.52869 -0.744311 -0.408029 0.527449 -0.820289 -0.221188 -0.704929 -0.707922 -0.043839 -0.702862 -0.710141 -0.04106 -0.70231 -0.710728 -0.040322 -0.701519 -0.711569 -0.039266 0.630656 -0.774791 -0.044397 0.640373 -0.766887 -0.042511 0.629195 -0.775962 -0.044678 0.643945 -0.763928 -0.041813 0.00215 -0.99671 0.081027 0.005432 -0.997873 0.064957 0.005114 -0.997773 0.066501 -0.000218 -0.9957 0.092631 0.230357 -0.298693 -0.926131 0.138905 -0.609889 -0.780218 0.249923 -0.209004 -0.945439 0.134631 -0.621401 -0.771839 -0.001536 -0.999983 0.005701 0.008679 -0.999802 -0.017921 0.002116 -0.999994 -0.002744 -0.002397 -0.999968 0.00769 -0.000486 -0.9999 0.014166 -0.000486 -0.9999 0.014166 -0.000486 -0.9999 0.014166 0.442814 0.076409 -0.893352 0.33275 -0.113202 -0.936196 0.52773 0.254929 -0.810255 0.24626 -0.242001 -0.938505 0.317995 -0.948079 -0.004992 0.339872 -0.940433 0.008588 0.331406 -0.943482 0.003314 0.312454 -0.949896 -0.008405 0.514495 -0.85746 0.0076 0.497269 -0.867584 -0.004698 0.50636 -0.86232 0.001767 0.522991 -0.852228 0.01374 0.330414 -0.943836 0.000294 0.335404 -0.942071 -0.002708 0.331738 -0.943372 -0.000499 0.349125 -0.937011 -0.011012 0.499684 -0.866166 -0.008514 0.500027 -0.865972 -0.008112 0.496981 -0.867683 -0.011675 0.500633 -0.865628 -0.007402 0.423488 -0.9046 0.04854 0.423488 -0.9046 0.04854 0.423488 -0.9046 0.04854 0.964412 -0.126589 0.23213 0.964847 -0.143956 0.219879 0.964247 -0.122531 0.234977 0.964609 -0.172496 0.199439 0.804245 0.5816 -0.122192 0.903026 0.429531 -0.006925 0.868601 0.49245 -0.055011 0.852017 0.513367 -0.10257 0.916815 0.399011 0.015521 0.794788 0.606858 -0.005979 0.945723 0.32474 0.012353 0.750702 0.659196 -0.043676 0.872539 0.48641 -0.04561 0.869962 0.492644 -0.021648 0.601284 0.768966 -0.217138 0.717563 0.696454 -0.007453 0.960362 0.242773 0.136988 0.789077 0.613532 -0.030585 0.761221 0.648486 -0.002926 0.969882 0.216626 0.111367 0.976822 0.204228 0.064112 0.987821 0.151238 0.036556 0.968914 0.227932 0.096187 0.958281 0.170693 0.229263 0.994319 0.10358 -0.0245 0.99957 -0.021042 -0.020407 0.950148 0.168883 0.262101 0.999596 0.021978 -0.018008 0.997499 0.062454 -0.033086 0.996542 0.077797 -0.029176 0.996868 0.078063 -0.012666 0.996084 0.076426 -0.044442 0.995954 0.079734 -0.04144 0.994823 0.09155 -0.044104 0.994645 0.097451 -0.034414 0.98569 0.167088 -0.022299 0.967936 0.248432 -0.037171 0.96505 0.259259 -0.038254 0.985642 0.167635 -0.020213 0.981124 0.160504 -0.107863 0.979602 0.162025 -0.118863 0.977835 0.136174 -0.159045 0.975626 0.140545 -0.168527 0.989105 0.107619 -0.100449 0.990242 0.10653 -0.08984 0.991667 0.102416 -0.078154 0.991937 0.102096 -0.075087 0.947929 0.1104 -0.298736 0.844269 0.338603 -0.415401 0.96578 -0.208001 -0.154937 0.892934 0.267322 -0.362226 0.611924 0.783113 0.110832 0.556656 0.828276 -0.063985 0.53659 0.835961 -0.115066 0.617939 0.774539 0.135057 0.636621 0.458185 0.620307 0.581751 0.260996 0.770355 0.570838 0.478596 0.66715 0.586264 0.189593 0.787622 0.496502 0.343766 0.797064 0.518467 0.437768 0.734542 0.428069 -0.707457 0.562371 0.435574 -0.708016 0.555868 0.428404 -0.668456 0.607978 0.432646 -0.709421 0.556363 0.438731 -0.718002 0.54036 0.44026 -0.713067 0.545625 0.867497 0.065955 0.49305 0.871217 0.093437 0.481923 0.866868 0.049511 0.496074 0.934106 0.083144 0.347179 0.899977 0.006528 0.435889 0.803158 0.050561 0.593616 0.996012 0.053282 0.071559 0.074266 0.457606 -0.886048 0.057635 0.429893 -0.901039 0.084745 0.43058 -0.898565 0.040536 0.456325 -0.888889 0.259768 0.462423 -0.847753 0.083572 0.430867 -0.898537 0.049224 0.430066 -0.901454 0.369774 0.424728 -0.826361 0.083284 0.430763 -0.898614 0.049226 0.430064 -0.901455 0.284206 0.921657 -0.264151 0.29822 0.952796 -0.056959 0.307915 0.912319 -0.269929 0.307266 0.950784 -0.039977 0.336507 0.904434 -0.262226 0.226532 0.973967 -0.00843 0.333564 0.904527 -0.265643 0.217814 0.97594 -0.009891 0.194862 0.980689 0.016644 0.181556 0.982909 -0.030468 0.287005 0.921431 -0.261901 0.84013 0.525096 -0.135856 0.856328 0.500237 -0.12832 0.238066 0.933969 -0.266508 0.765104 0.272975 -0.583181 0.7532 0.276675 -0.596775 0.767592 0.273067 -0.579859 0.789396 0.299703 -0.535753 0.706016 0.289431 -0.646353 0.760528 0.290367 -0.580761 0.824339 0.332345 -0.45827 0.774801 0.278779 -0.56742 0.236069 0.971647 0.01321 0.227834 0.973618 0.012658 0.235953 0.971693 0.011761 0.254344 0.966928 0.018966 0.256209 0.966551 0.011692 0.238034 0.970366 -0.041592 0.299803 0.946882 0.116333 0.265439 0.962317 0.059059 0.265508 0.962686 -0.052351 0.688055 0.437755 -0.578749 0.690114 0.442626 -0.57256 0.685688 0.455573 -0.567702 0.682523 0.458752 -0.568954 0.684185 0.438635 -0.582658 0.684966 0.433679 -0.585444 0.952274 0.302869 0.037997 0.952376 0.303414 0.030325 0.951292 0.307768 0.017936 0.954832 0.297045 0.007747 0.963701 0.266826 -0.009221 0.967506 0.2523 -0.016657 0.983303 0.109539 0.145314 0.992276 0.098687 0.075163 0.99228 0.093317 0.081679 0.989325 0.104892 0.10116 0.967862 0.122598 0.219574 0.991385 0.101922 0.082266 0.987178 0.12983 0.092862 0.986028 0.136718 0.095163 0.341317 -0.062504 0.937868 0.34349 -0.065259 0.936886 0.336082 -0.055884 0.940173 0.348326 -0.071412 0.934649 0.006853 -0.999965 -0.004763 -0.036224 -0.999298 0.009526 -0.053149 -0.998419 0.018321 0.04924 -0.998781 -0.003396 0.047566 -0.994946 0.088427 0.044755 -0.994692 0.092652 0.053883 -0.992761 0.107343 0.008437 0.999964 0.001167 0.008444 0.999964 0.00116 0.000917 0.999999 0.001181 0.000916 0.999999 0.001183 -0.006599 0.999978 0.001194 -0.006598 0.999978 0.001196 0.001852 0.897937 -0.440121 0.001321 0.90033 -0.435206 0.000534 0.901209 -0.433385 0.001635 0.89796 -0.440075 -0.002142 0.900271 -0.435324 -0.003031 0.901206 -0.433381 0.000822 0.999983 0.005825 0.002298 0.999973 0.00692 0.00155 0.999959 0.008893 0.001563 0.999995 0.002642 0.002175 0.99998 0.005954 0.006706 0.999972 0.003225 -0.001551 0.999985 0.005162 0.001677 0.999996 0.00238 0.005691 0.999984 -0.000764 -0.006175 0.999981 0.00041 0.000534 0.999999 -0.001488 -0.004512 0.999989 -0.00109 -0.273114 0.892047 0.360086 -0.297494 0.863099 0.408115 -0.271503 0.893805 0.356928 -0.302727 0.856268 0.418523 0.255839 0.912734 0.318534 0.275622 0.892612 0.356759 0.258663 0.910021 0.323967 0.277259 0.890827 0.359936 0.454881 0.890552 0.001022 0.501601 0.865079 0.005839 0.504771 0.863228 0.006592 0.452026 0.892004 0.000523 0.51184 0.859081 0.000565 0.512548 0.858659 0.00041 0.383677 0.80072 -0.460043 0.336496 0.870324 -0.359593 0.393408 0.783132 -0.481595 0.325774 0.883136 -0.337552 -0.018153 0.809596 -0.586707 -0.00131 0.784796 -0.619753 -0.013275 0.810806 -0.585164 -0.004855 0.832555 -0.553922 0.001194 0.77975 -0.62609 -0.001835 0.836344 -0.548201 -0.292794 0.886946 -0.35721 -0.303842 0.880343 -0.364248 -0.290694 0.888176 -0.355866 -0.306895 0.878477 -0.366187 -0.48059 0.876944 0.001387 -0.491325 0.870971 -0.003046 -0.48972 0.871873 -0.003571 -0.479629 0.87747 0.001605 -0.536794 0.843713 0.001131 -0.540131 0.84158 0.001631 -0.952077 0.177765 0.248896 -0.860459 0.496065 0.116316 -0.864965 0.487108 0.120668 -0.921378 -0.167372 0.350784 -0.993898 -0.108949 -0.017226 -0.98508 -0.171586 -0.013251 -0.985315 -0.170224 -0.013339 -0.994045 -0.107585 -0.017312 -0.463019 -0.873158 0.152347 -0.433029 -0.867375 0.245248 -0.473154 -0.873173 0.117022 -0.42669 -0.865279 0.263112 -0.894518 -0.446899 -0.010867 -0.893891 -0.44815 -0.010986 -0.85574 -0.517337 -0.00841 -0.934254 -0.355424 0.029048 -0.778003 -0.62826 -0.000112 -0.97344 -0.218523 0.068286 -0.997845 -0.065519 -0.003638 -0.997982 -0.062902 0.008664 -0.998061 -0.061821 0.007241 -0.989525 -0.143329 0.017266 -0.982206 -0.186101 0.02525 -0.997102 -0.074935 0.013157 -0.998933 0.031483 0.03378 -0.996123 -0.085009 0.022635 -0.991792 -0.102422 0.076541 -0.998548 0.044181 0.030834 -0.990889 -0.10397 0.085606 -0.949928 0.02582 0.311402 -0.95276 0.042051 0.300798 -0.58105 0.626073 0.520012 -0.409472 0.841623 0.352141 -0.585851 0.617551 0.524795 -0.407237 0.843608 0.349977 -0.693273 -0.341396 0.634682 -0.725297 0.011049 0.688348 -0.723478 0.032675 0.689574 -0.685831 -0.358969 0.633069 -0.56586 -0.620588 0.542838 -0.56586 -0.620588 0.542838 -0.56586 -0.620588 0.542838 -0.968004 -0.234622 0.088996 -0.972188 -0.224192 0.067735 -0.964866 -0.240781 0.105159 -0.972808 -0.223949 0.059089 -0.957763 -0.248502 0.144698 -0.953699 -0.240338 0.180819 -0.443697 -0.681224 0.582294 -0.545975 -0.649367 0.529371 -0.485099 -0.675014 0.555909 -0.639815 -0.597346 0.483544 -0.415835 -0.688405 0.59429 -0.112218 -0.335588 0.935301 -0.129092 -0.380952 0.915539 -0.139041 -0.407657 0.902487 -0.104706 -0.315362 0.943177 0.180849 0.983128 0.027421 0.031277 0.999065 0.029845 -0.013738 0.999621 0.023842 0.249873 0.9652 0.077148 0.213151 0.976982 -0.008528 -0.052533 0.998356 0.022922 0.214521 0.976665 -0.010272 -0.075404 0.997131 0.006578 0.490859 0.870822 0.026973 0.554071 0.828942 0.076552 0.469379 0.882543 0.028304 0.529721 0.847982 0.017933 0.412859 0.910704 -0.012886 -0.95182 -0.305041 0.031457 -0.966223 -0.245911 0.07708 -0.957828 -0.283308 0.047979 -0.94506 -0.322165 0.055414 -0.976049 -0.154962 0.152693 -0.337977 0.918694 0.204382 -0.320471 0.919749 0.226629 -0.33301 0.91907 0.210746 -0.345782 0.917977 0.1943 -0.013542 0.166114 0.986014 -0.095959 0.235923 0.967022 -0.132111 0.189885 0.972877 -0.110608 0.127039 0.985711 -0.104178 0.11773 0.987566 0.009082 0.061235 0.998082 -0.9996 0.028155 -0.00273 -0.999747 0.021255 -0.007397 -0.998934 -0.044367 -0.012746 -0.999477 0.032337 -0.000511 -0.999638 -0.016974 0.020878 -0.999994 0.002149 -0.002592 -0.99864 -0.041651 0.031346 -0.996684 0.012808 0.08035 0.166372 0.557396 0.813406 0.136484 0.540244 0.830367 0.163866 0.555985 0.81488 0.20108 0.576447 0.792008 0.821448 0.568537 0.044597 0.821167 0.568987 0.044037 0.820891 0.56945 0.04318 0.821819 0.567913 0.045695 0.820865 0.569467 0.043452 -0.835558 0.548972 0.021754 -0.893768 0.444133 0.062639 -0.883818 0.464592 0.05495 -0.809735 0.586764 0.006019 0.007749 0.608401 0.793592 0.008638 0.606556 0.794994 0.008358 0.607138 0.794553 0.007125 0.609695 0.792604 -0.587738 0.618282 0.521816 -0.566768 0.583374 0.581764 -0.591429 0.624642 0.509936 -0.603937 0.646839 0.465682 0.721498 0.610722 0.326281 0.721462 0.611007 0.325827 0.720954 0.614875 0.319616 0.721811 0.608154 0.330361 -0.807296 0.402725 0.431376 -0.805318 0.411497 0.426772 -0.8079 0.399969 0.432807 -0.808778 0.395892 0.434912 -0.871824 0.489798 -0.00454 -0.876246 0.481863 -0.000593 -0.870442 0.492237 -0.005758 -0.878674 0.47742 0.001605 0.37118 -0.428389 0.823838 0.280541 -0.415661 0.865172 0.180364 -0.426711 0.88622 0.388276 -0.439631 0.809918 0.150936 -0.492207 0.857293 -0.000971 0.999999 -0.000847 -0.000722 0.999999 0.000725 -0.001327 0.999999 -0.001024 -0.000926 0.999999 -0.000895 -0.000922 0.999999 -0.001227 -0.001045 0.999998 -0.001594 -0.445318 0.357614 0.820855 -0.330982 0.595868 0.731705 -0.30298 0.641164 0.705062 -0.47236 0.282324 0.834967 0.262902 -0.107194 0.958849 0.279832 -0.116305 0.952978 0.256427 -0.103719 0.960983 0.281363 -0.117123 0.952427 -0.557764 0.031468 0.829403 -0.528404 -0.086604 0.844565 -0.564004 0.061994 0.823442 -0.477561 -0.240219 0.845121 -0.995109 0.098447 0.008117 -0.995238 0.097202 0.007297 -0.995412 0.095483 0.006165 -0.994916 0.100277 0.009322 0.008508 0.999928 0.008507 0.008507 0.999928 0.008509 0.008507 0.999928 0.008507 0.008508 0.999928 0.008507 0.027127 0.999592 0.008942 0.066345 0.997787 0.004383 0.008508 0.999928 0.008508 0.149386 0.988559 0.020835 0.138481 0.990348 0.005726 0.146477 0.989083 -0.016121 0.168463 0.984147 0.055447 0.134955 0.98996 -0.042038 0.148394 0.988827 -0.014194 0.193258 0.980293 0.040942 -0.991831 -0.102749 0.075588 -0.985887 -0.149947 0.07445 -0.988594 -0.141185 0.052436 -0.979759 -0.187038 0.071342 -0.990638 -0.119524 0.06596 -0.972413 -0.221969 0.071714 -0.977665 -0.209824 0.012087 -0.969687 -0.234599 0.068336 -0.976686 -0.214385 0.011103 -0.661394 -0.391695 0.639635 -0.685822 -0.35898 0.633073 -0.693259 -0.341428 0.63468 -0.661156 -0.391718 0.639867 -0.341205 -0.870345 0.355075 -0.23189 -0.928743 0.289245 -0.359238 -0.858637 0.365638 -0.194444 -0.944148 0.266039 -0.985491 0.068655 -0.155222 -0.985491 0.068655 -0.155222 -0.985491 0.068655 -0.155222 -0.018995 0.999781 -0.008801 -0.014386 0.99988 -0.005712 0.002213 0.999915 0.012823 -0.044156 0.998702 -0.025388 -0.005337 0.999984 -0.002078 -0.088722 0.995445 -0.034908 0.007352 0.999789 0.019185 -0.001589 0.999836 -0.018059 -0.042504 0.998752 -0.026243 -0.07496 0.978744 -0.190894 -0.577791 -0.459834 0.674322 -0.592692 -0.461554 0.660064 -0.594498 -0.433624 0.677158 -0.592627 -0.409703 0.693496 -0.589199 -0.414352 0.693655 -0.622546 -0.428934 0.654563 -0.938926 -0.332529 0.088559 -0.922812 -0.383075 0.040882 -0.83444 -0.550131 0.032634 -0.965392 -0.256953 0.044643 -0.896367 -0.413126 0.160786 -0.97632 -0.215254 0.021584 -0.932439 -0.292033 0.212779 -0.970665 -0.233976 0.055354 -0.993647 -0.112114 -0.009845 -0.979635 -0.200354 -0.013187 -0.953693 -0.300774 -0.00213 0.034064 0.02566 0.99909 0.034064 0.02566 0.99909 0.034064 0.02566 0.99909 0.034063 0.02566 0.99909 -0.859608 -0.510376 -0.024285 -0.859608 -0.510377 -0.024284 -0.859608 -0.510376 -0.024285 -0.859609 -0.510376 -0.024285 0.078122 0.040947 -0.996102 0.078123 0.040947 -0.996102 0.078123 0.040947 -0.996102 0.078123 0.040947 -0.996102 -0.001822 -0.999996 -0.002249 -0.003827 -0.999984 -0.004214 -0.001591 -0.999986 -0.0051 -0.008636 -0.999961 -0.001548 0.000055 -0.999989 -0.004687 -0.002214 -0.999996 -0.001878 0.005245 -0.999984 -0.002002 -0.00778 -0.999967 -0.002394 0.003644 -0.999989 -0.003111 -0.000279 -0.90137 0.433051 -0.00133 -0.901842 0.432064 -0.000435 -0.901196 0.433411 -0.001328 -0.901873 0.431999 -0.003064 -0.901575 0.432612 -0.003161 -0.901464 0.432843 -0.002432 -0.918857 0.394583 -0.005391 -0.890797 0.45437 -0.003623 -0.918063 0.396418 -0.002279 -0.882431 0.470437 0.000106 -0.890634 0.454721 0.000111 -0.91916 0.393885 0.262157 -0.954782 0.140232 0.211222 -0.976843 0.034109 0.413401 -0.757452 0.505338 0.195156 -0.980771 0.001797 -0.002449 -0.999976 0.006557 -0.004053 -0.999914 0.0125 -0.006842 -0.99992 0.010668 0.001656 -0.999949 0.00995 -0.007808 -0.999945 0.007073 -0.001287 -0.999705 0.02426 -0.004226 -0.999681 0.024911 -0.00082 -0.999831 0.018368 0.003779 -0.999977 0.005564 0.299704 -0.954029 -0.002548 0.299094 -0.954221 -0.002141 0.299044 -0.954237 -0.002121 0.299407 -0.954122 -0.002696 0.300358 -0.953823 -0.002504 0.300733 -0.953706 -0.002125 -0.013596 -0.966789 0.255214 -0.013596 -0.966789 0.255214 -0.013596 -0.966789 0.255214 0.002088 -0.369068 0.9294 0.005575 -0.368988 0.929417 0.002018 -0.369043 0.92941 -0.001477 -0.369051 0.929408 0.005584 -0.368974 0.929423 -0.001494 -0.36903 0.929416 -0.999997 0.001962 0.001259 -0.999997 0.00196 0.001248 -0.999997 0.001961 0.001249 -0.999997 0.001963 0.001259 -0.999997 0.001962 0.00124 -0.999997 0.001963 0.001241 0.608049 0.001286 -0.793898 0.608051 0.001283 -0.793897 0.608053 0.00128 -0.793896 0.608047 0.00129 -0.7939 0.999997 -0.00196 -0.001256 0.999997 -0.00196 -0.001256 0.999997 -0.001961 -0.001257 0.999997 -0.00196 -0.001256 0.999997 -0.001962 -0.001258 0.999997 -0.001963 -0.001259 -0.612027 0.003668 -0.790828 -0.612027 0.003668 -0.790828 -0.612027 0.003668 -0.790829 -0.612027 0.003667 -0.790828 0.005235 0.999963 -0.006835 -0.022739 0.999738 0.002542 -0.017706 0.999843 0.000854 0.013747 0.999859 -0.009685 0.008186 0.999911 -0.010508 -0.000503 0.999896 -0.014421 -0.003504 0.999869 -0.015773 0.013776 0.999873 -0.007988 0.019734 0.999805 0.000919 -0.003 0.999972 -0.006851 -0.011262 0.99989 -0.009674 0.024856 0.999688 0.00267 0.002511 0.999893 -0.014387 -0.011285 0.999905 -0.007959 -0.005774 0.999928 -0.010527 0.005608 0.999859 -0.01583 -0.649015 -0.760768 -0.003443 -0.647335 -0.762182 -0.006079 -0.642418 -0.766232 -0.013722 -0.651138 -0.758959 -0.0001 0.695243 -0.718772 -0.002193 0.702167 -0.711965 0.008206 0.711083 -0.702766 0.021912 0.727967 -0.683861 0.048968 -0.001512 -0.852837 0.522176 -0.005397 -0.89078 0.454402 -0.002271 -0.8824 0.470495 0.00403 -0.851921 0.523655 0.003461 -0.851326 0.524625 0.000114 -0.890629 0.45473 0.436467 -0.060842 0.897661 0.395242 -0.01915 0.918378 0.37954 -0.003642 0.925168 0.53544 -0.167838 0.827728 -0.242439 -0.961913 0.126279 -0.204956 -0.977843 0.042622 -0.189653 -0.981806 0.009458 -0.373367 -0.807289 0.457035 0.009869 -0.967122 0.254121 0.009869 -0.967122 0.254121 0.009869 -0.967122 0.254121 0.908621 -0.380529 0.172063 0.895099 -0.424971 0.134899 0.923731 -0.313703 0.219798 0.902499 -0.420706 0.09221 0.91001 -0.406251 0.082719 0.917834 -0.393094 0.055301 -0.862333 -0.477106 0.169562 -0.857307 -0.489574 0.159192 -0.854821 -0.495473 0.15423 -0.869528 -0.457803 0.185305 -0.341058 -0.063928 0.937866 -0.308347 -0.023651 0.95098 -0.471253 -0.236068 0.849819 -0.29077 -0.002422 0.95679 -0.224269 -0.929845 -0.291703 -0.224374 -0.929801 -0.291766 -0.224408 -0.929786 -0.291787 -0.224188 -0.92988 -0.291655 -0.96015 -0.276395 -0.041454 -0.959083 -0.281248 -0.032538 -0.960533 -0.274519 -0.044887 -0.95889 -0.28208 -0.031001 0.218945 -0.931164 -0.291542 0.218763 -0.931241 -0.291434 0.218843 -0.931207 -0.291481 0.21898 -0.931149 -0.291562 -0.304369 -0.952554 -0.000784 -0.304732 -0.952437 -0.001324 -0.305006 -0.95235 -0.001177 -0.304306 -0.952574 -0.000761 -0.305866 -0.952074 -0.000885 -0.305996 -0.952033 -0.00076 -0.822231 0.569074 -0.009561 -0.822236 0.569066 -0.009567 -0.822239 0.569062 -0.00957 -0.822228 0.569077 -0.009559 -0.822003 0.569408 -0.009293 -0.821659 0.56991 -0.008923 -0.821372 0.570328 -0.008614 -0.822244 0.569055 -0.009553 -0.45734 0.207071 0.864848 -0.457432 0.206963 0.864825 -0.457655 0.206701 0.86477 -0.457187 0.207251 0.864885 0.460797 0.196319 0.86552 0.461098 0.195961 0.865441 0.460885 0.196213 0.865497 0.460652 0.196491 0.865559 0.831668 0.555159 -0.011309 0.831057 0.556085 -0.010639 0.831331 0.55567 -0.010939 0.831898 0.554809 -0.011562 0.831872 0.554847 -0.011565 0.831891 0.554817 -0.011585 0.831885 0.554827 -0.011578 0.831867 0.554855 -0.01156 0.353872 0.745967 -0.564188 0.35103 0.743373 -0.569363 0.351171 0.743503 -0.569107 0.349911 0.742348 -0.571385 -0.348945 0.747494 -0.565234 -0.349112 0.747651 -0.564924 -0.347847 0.746466 -0.567266 -0.351749 0.75011 -0.560007 0.000097 0.538684 -0.842508 -0.000231 0.539638 -0.841897 -0.000367 0.539901 -0.841729 0.000265 0.538686 -0.842506 -0.000236 0.537721 -0.843123 -0.000375 0.537454 -0.843293 -0.511304 0.033937 -0.858729 -0.504957 -0.088938 -0.85855 -0.511542 0.03503 -0.858544 -0.50434 -0.090617 -0.858737 -0.502498 0.089895 -0.859892 -0.449998 -0.252542 -0.856577 -0.499867 0.096955 -0.860658 -0.444448 -0.263885 -0.856055 -0.341505 0.392642 -0.853936 -0.365662 -0.383341 -0.84814 -0.337305 0.398783 -0.852759 -0.330244 0.408603 -0.850872 -0.361197 -0.388294 -0.8478 -0.330188 0.408565 -0.850911 -0.325453 -0.424111 -0.84511 -0.325352 -0.423676 -0.845366 -0.001156 -0.554694 -0.832054 -0.001601 -0.555877 -0.831263 -0.001475 -0.555632 -0.831427 -0.000997 -0.554705 -0.832047 -0.0015 -0.553712 -0.832707 -0.001634 -0.553449 -0.832881 0.499968 0.032076 -0.86545 0.493531 -0.088395 -0.865224 0.493009 -0.090048 -0.865352 0.50027 0.03315 -0.865235 0.491768 0.087147 -0.866354 0.439923 -0.249008 -0.862823 0.489276 0.094052 -0.867043 0.434617 -0.260605 -0.862086 0.358642 -0.378688 -0.853212 0.335245 0.385775 -0.859528 0.354129 -0.383577 -0.852914 0.319584 -0.420744 -0.849023 0.331399 0.392206 -0.858108 0.319597 -0.420797 -0.848992 0.326671 0.403428 -0.854712 0.327163 0.403769 -0.854362 0.001171 0.999963 0.008571 0.001179 0.999963 0.008567 0.001182 0.999963 0.00857 0.00117 0.999963 0.008571 0.001156 0.999963 0.00857 0.001152 0.999963 0.008567 -0.99751 0.069963 0.008891 -0.985168 -0.171451 0.006937 -0.984933 -0.172799 0.006896 -0.997447 0.070828 0.009095 -0.990191 0.139389 0.00962 -0.959478 -0.281724 0.005749 -0.990191 0.139392 0.009617 -0.959478 -0.281724 0.005749 -0.683623 -0.729836 -0.000444 -0.606974 -0.79472 -0.001659 -0.606973 -0.794721 -0.001659 -0.684862 -0.728673 -0.000238 -0.775711 -0.631087 0.001184 -0.775707 -0.631092 0.001188 -0.001172 -0.999963 -0.008572 -0.001172 -0.999963 -0.008572 -0.00117 -0.999963 -0.008571 -0.001172 -0.999963 -0.008572 -0.001169 -0.999963 -0.00857 -0.001165 -0.999963 -0.008566 -0.880359 0.474167 0.011554 -0.880353 0.474179 0.011552 -0.88036 0.474166 0.011555 -0.880352 0.47418 0.011552 0.990531 0.137099 -0.007253 0.990531 0.1371 -0.007253 0.997614 0.068553 -0.008164 0.997681 0.067603 -0.007908 0.984724 -0.17384 -0.009869 0.984529 -0.174942 -0.009863 0.958783 -0.283943 -0.010592 0.958781 -0.283948 -0.010589 0.630305 0.776347 0.001299 0.630303 0.776348 0.001294 0.630304 0.776347 0.001297 0.630306 0.776346 0.001302 0.605061 -0.796089 -0.011978 0.682468 -0.730816 -0.012076 0.682481 -0.730803 -0.012102 0.605061 -0.796089 -0.011977 0.774203 -0.632824 -0.012014 0.774201 -0.632826 -0.012012 -0.628444 0.777762 0.012017 -0.628446 0.777761 0.012013 -0.628445 0.777761 0.012016 -0.628443 0.777762 0.01202 0.881442 0.472279 -0.003442 0.881419 0.472324 -0.003448 0.88144 0.472284 -0.003443 0.881416 0.472328 -0.003449 0.001173 -0.006636 0.999977 0.001166 -0.006648 0.999977 0.00116 -0.006658 0.999977 0.001178 -0.006628 0.999977 -0.002685 -0.004332 0.999987 -0.002681 -0.004332 0.999987 -0.002673 -0.004331 0.999987 -0.002694 -0.004332 0.999987 -0.00339 -0.002502 0.999991 -0.00339 -0.002502 0.999991 -0.003378 -0.002509 0.999991 -0.003404 -0.002495 0.999991 -0.002878 0.000759 0.999996 -0.002841 0.000811 0.999996 -0.002872 0.000768 0.999996 -0.002836 0.000819 0.999996 0.001193 0.003884 0.999992 0.001197 0.003875 0.999992 0.001203 0.003864 0.999992 0.001209 0.003853 0.999992 -0.003487 -0.00051 0.999994 -0.00349 -0.000507 0.999994 -0.003492 -0.000504 0.999994 -0.003485 -0.000512 0.999994 -0.001871 0.002593 0.999995 -0.001867 0.002593 0.999995 -0.001873 0.002594 0.999995 -0.001866 0.002592 0.999995 -0.003546 -0.001464 0.999993 -0.003547 -0.001463 0.999993 -0.003534 -0.001474 0.999993 -0.003557 -0.001454 0.999993 -0.001914 -0.005249 0.999984 -0.001914 -0.005252 0.999984 -0.001914 -0.005247 0.999985 -0.001914 -0.005255 0.999984 -0.026305 -0.006616 0.999632 -0.026303 -0.006616 0.999632 -0.026304 -0.006616 0.999632 -0.026305 -0.006615 0.999632 -0.003657 0.002763 0.99999 -0.003648 0.002763 0.99999 -0.003654 0.002763 0.99999 -0.003664 0.002763 0.99999 -0.004548 0.0005 0.99999 -0.004548 0.000501 0.99999 -0.004545 0.000503 0.99999 -0.004551 0.000497 0.99999 -0.003776 -0.003804 0.999986 -0.003801 -0.00377 0.999986 -0.00377 -0.003811 0.999986 -0.003805 -0.003764 0.999986 -0.025848 0.003887 0.999658 -0.025845 0.003894 0.999658 -0.025842 0.003899 0.999658 -0.02585 0.00388 0.999658 -0.004657 -0.001989 0.999987 -0.00466 -0.001991 0.999987 -0.004654 -0.001987 0.999987 -0.004662 -0.001992 0.999987 -0.002627 -0.005882 0.999979 -0.002639 -0.00589 0.999979 -0.002644 -0.005893 0.999979 -0.002623 -0.00588 0.999979 -0.004741 -0.000838 0.999988 -0.00474 -0.000837 0.999988 -0.00473 -0.000826 0.999988 -0.004753 -0.000851 0.999988 -0.002663 0.003908 0.999989 -0.002658 0.00388 0.999989 -0.002655 0.003862 0.999989 -0.002667 0.003932 0.999989 0.001157 0.999892 -0.014638 0.001157 0.999892 -0.014638 0.001157 0.999892 -0.014638 0.001157 0.999892 -0.014639 0.775734 0.631056 0.002021 0.775734 0.631057 0.002021 0.775735 0.631055 0.002021 0.775733 0.631058 0.002022 0.959441 0.281739 0.009811 0.959441 0.281738 0.009811 0.959441 0.28174 0.009812 0.959442 0.281737 0.00981 0.88016 -0.474267 0.019735 0.880167 -0.474254 0.019737 0.880159 -0.474268 0.019735 0.880167 -0.474253 0.019737 -0.001131 -0.999892 0.014633 -0.001135 -0.999892 0.014637 -0.001134 -0.999892 0.014636 -0.001138 -0.999892 0.014639 0.990104 -0.139374 0.016427 0.990104 -0.139374 0.016427 0.990104 -0.139374 0.016427 0.990104 -0.139374 0.016428 0.628364 -0.777649 0.020522 0.628364 -0.777649 0.020522 0.628363 -0.777649 0.020523 0.628363 -0.77765 0.020523 0.998354 0.055694 0.013689 0.998354 0.055694 0.013689 0.998354 0.055694 0.013689 0.998354 0.055694 0.013689 0.60696 0.794728 -0.002829 0.606959 0.794728 -0.002829 0.60696 0.794727 -0.002829 0.606959 0.794729 -0.002828 0.00156 0.999892 -0.014632 0.00156 0.999892 -0.014632 0.00156 0.999892 -0.014632 0.001559 0.999892 -0.014632 -0.774062 0.632777 -0.020521 -0.774062 0.632777 -0.020522 -0.774063 0.632776 -0.020522 -0.774061 0.632778 -0.020521 -0.95868 0.283912 -0.018099 -0.958684 0.283895 -0.018106 -0.958687 0.283885 -0.018111 -0.958677 0.283922 -0.018094 -0.881421 -0.472295 -0.005884 -0.881395 -0.472343 -0.00589 -0.881393 -0.472347 -0.00589 -0.881423 -0.472291 -0.005883 -0.001583 -0.999892 0.014633 -0.001583 -0.999892 0.014633 -0.001583 -0.999892 0.014633 -0.001583 -0.999892 0.014633 -0.990484 -0.13707 -0.012386 -0.990484 -0.137069 -0.012385 -0.990485 -0.137066 -0.012382 -0.990483 -0.137074 -0.012388 -0.630304 -0.776346 0.002218 -0.630302 -0.776347 0.002216 -0.630301 -0.776348 0.002215 -0.6303 -0.776349 0.002213 -0.998192 0.058098 -0.015372 -0.998192 0.058117 -0.015364 -0.998191 0.058127 -0.01536 -0.998193 0.058087 -0.015377 -0.605008 0.795957 -0.020457 -0.605008 0.795957 -0.020457 -0.605009 0.795956 -0.020455 -0.605006 0.795958 -0.020459 -0.001035 -0.005271 -0.999986 0.002234 -0.006265 -0.999978 0.00268 -0.006302 -0.999977 -0.001183 -0.005284 -0.999985 -0.002231 -0.002278 -0.999995 0.004883 -0.00577 -0.999971 0.004964 -0.005702 -0.999972 -0.001668 -0.001925 -0.999997 0.007045 -0.000831 -0.999975 0.007227 -0.001068 -0.999973 0.000609 0.001805 -0.999998 0.005753 0.000404 -0.999983 0.001149 0.002173 -0.999997 0.005336 0.000622 -0.999986 0.002399 0.001209 -0.999996 0.004438 0.001494 -0.999989 0.002081 0.001228 -0.999997 0.003909 0.001686 -0.999991 0.004572 0.000958 -0.999989 0.002576 0.002262 -0.999994 0.004906 0.001465 -0.999987 0.001919 0.002267 -0.999996 -0.000469 0.001453 -0.999999 0.005709 -0.00043 -0.999984 -0.000703 0.001694 -0.999998 0.006074 -0.000317 -0.999982 0.006003 -0.002712 -0.999978 -0.001245 -0.002313 -0.999997 0.006013 -0.003217 -0.999977 -0.001406 -0.002334 -0.999996 -0.001042 -0.005278 -0.999986 0.005111 -0.005255 -0.999973 -0.001184 -0.005279 -0.999985 0.00174 -0.006625 -0.999977 0.005086 -0.005419 -0.999972 0.002072 -0.006653 -0.999976 -0.960327 0.278677 0.010561 -0.959154 0.282491 0.014899 -0.942299 0.334703 -0.006809 -0.938713 0.344659 0.005281 -0.958794 0.283641 0.016207 -0.931952 0.362449 -0.009814 -0.943266 0.331676 0.015504 -0.951901 0.303678 0.040792 -0.958393 0.279637 0.057319 0.291904 0.742725 0.602621 0.291904 0.742725 0.602621 0.291904 0.742725 0.602621 -0.21834 0.01345 0.97578 -0.21834 0.01345 0.97578 -0.21834 0.01345 0.97578 0.445683 -0.838328 0.313963 0.455514 -0.877078 0.152449 0.455116 -0.874378 0.168324 0.435117 -0.8074 0.398471 0.913737 0.08421 0.397483 0.915621 0.106615 0.387648 0.913654 0.08333 0.39786 0.917284 0.136639 0.374058 0.250884 0.172449 -0.952533 -0.003499 0.480091 -0.877212 -0.015016 0.492155 -0.870378 0.292272 0.114116 -0.949502 0.333726 -0.040003 -0.941821 0.438539 0.224882 -0.870121 0.451684 0.18266 -0.87328 0.221616 -0.160856 -0.961775 0.341653 -0.158008 -0.926449 0.647538 0.111456 -0.753838 0.131275 -0.158691 -0.978562 0.538231 -0.021321 -0.842527 0.475733 -0.67172 -0.567865 0.476474 -0.694599 -0.538985 0.491931 -0.658251 -0.569833 0.475666 -0.74517 -0.4674 0.376991 -0.920412 0.103538 -0.433715 0.407469 -0.803654 -0.418422 0.213621 -0.882774 -0.430872 0.248933 -0.8674 -0.326561 0.636396 -0.698826 -0.40695 0.189472 -0.893584 -0.145444 -0.879236 -0.453641 -0.157789 -0.897402 -0.412035 0.112567 -0.52856 -0.841399 0.169092 -0.420992 -0.891165 0.237319 -0.262929 -0.935173 0.661206 0.332775 -0.67236 0.561239 -0.14299 -0.815209 0.660318 0.432866 -0.613683 0.517137 -0.249396 -0.818762 0.008506 0.999928 0.008509 0.008506 0.999928 0.008509 0.008506 0.999928 0.008509 0.008506 0.999928 0.008509 0.034186 -0.84758 -0.529565 0.115821 -0.784519 -0.609192 0.065871 -0.824873 -0.561468 0.018903 -0.857742 -0.513733 -0.640313 0.518647 -0.566573 -0.657586 0.520083 -0.545063 -0.582525 0.511505 -0.631686 -0.674898 0.52115 -0.522413 -0.489124 0.468105 -0.735959 -0.519279 0.728044 -0.44755 -0.518782 0.737261 -0.432794 -0.484545 0.448543 -0.751016 0.242119 0.845379 -0.476144 0.184588 0.865613 -0.465448 0.171176 0.869823 -0.462718 0.358703 0.792945 -0.492515 0.738258 0.120841 -0.663606 0.647613 0.111411 -0.753781 0.626674 0.001299 -0.77928 0.451716 0.182673 -0.87326 -0.465459 -0.30149 -0.832137 -0.541367 -0.215166 -0.812789 -0.519941 -0.2407 -0.819588 -0.569036 -0.180648 -0.802225 0.131189 -0.03738 0.990652 0.157498 -0.024502 0.987215 0.14444 -0.030905 0.989031 0.116663 -0.044454 0.992176 -0.273713 -0.961769 0.008993 -0.420077 -0.907487 -0.001879 -0.409074 -0.912501 -0.000606 -0.265771 -0.963987 0.009705 -0.399064 -0.916209 0.036177 -0.390069 -0.91976 0.04344 -0.483437 0.13576 -0.864788 -0.489001 0.166751 -0.856196 -0.484891 0.164706 -0.858925 -0.481976 0.116729 -0.868374 -0.482409 0.079706 -0.872312 -0.478586 0.079082 -0.874472 -0.476362 0.080998 -0.875511 -0.47331 0.078618 -0.87738 -0.363311 0.896605 0.253188 -0.339909 0.876195 0.341678 -0.34177 0.877995 0.335139 -0.370856 0.901962 0.221204 -0.621038 -0.339264 0.706549 -0.621038 -0.339264 0.706549 -0.621038 -0.339264 0.706549 -0.993958 -0.05218 -0.096568 -0.989801 -0.055596 -0.13116 -0.995316 -0.050757 -0.082278 -0.986017 -0.058039 -0.156212 -0.188746 -0.78201 0.593999 -0.233284 -0.864179 0.445839 -0.219632 -0.840454 0.495377 -0.161841 -0.726727 0.667589 0.85992 0.510427 -0.001179 0.859919 0.51043 -0.001181 0.859917 0.510432 -0.001183 0.859922 0.510424 -0.001177 -0.581952 -0.544149 -0.604346 -0.581952 -0.544149 -0.604346 -0.581952 -0.544149 -0.604346 0.169698 0.912491 -0.37224 0.056062 0.796875 -0.601538 -0.070498 0.603356 -0.79435 0.205951 0.93583 -0.286018 0.992196 0.102673 -0.070742 0.992682 0.112174 -0.044722 0.99254 0.10756 -0.057396 0.992673 0.115433 -0.035718 0.345099 0.197018 0.917655 0.345099 0.197018 0.917655 0.345099 0.197018 0.917655 0.88548 0.257693 -0.386678 0.892958 0.267288 -0.362191 0.947918 0.110431 -0.298758 0.88119 0.258551 -0.395798 0.837562 -0.247709 0.486961 0.837562 -0.247709 0.486961 0.837562 -0.247709 0.486961 -0.819742 -0.004062 0.572718 -0.827334 0.001501 0.561709 -0.822116 -0.002336 0.569315 -0.829557 0.003155 0.558414 -0.812366 0.357471 0.460734 -0.793164 0.326141 0.514317 -0.836547 0.324489 0.441469 -0.936518 0.231427 0.263394 -0.777037 0.310699 0.54743 -0.963993 0.183357 0.192607 -0.499471 -0.550613 0.668846 -0.492398 -0.660629 0.566669 -0.4975 -0.604829 0.621832 -0.491236 -0.669662 0.556992 -0.395017 0.431476 0.811042 -0.528538 0.321785 0.785559 -0.429066 0.376928 0.82087 -0.337859 0.500678 0.796978 -0.335522 0.540164 0.771783 -0.264496 0.631584 0.728796 -0.341631 0.003529 0.939828 -0.34092 0.0026 0.940089 -0.349345 0.013665 0.936895 -0.335617 -0.004319 0.941989 -0.53179 -0.421864 0.734323 -0.529255 -0.426623 0.733404 -0.531446 -0.424342 0.733143 -0.532052 -0.421739 0.734205 -0.5204 -0.446651 0.727796 -0.544982 -0.442901 0.711922 -0.455751 -0.447411 0.76949 -0.443439 -0.44277 0.779305 0.160902 0.986931 0.008854 0.160918 0.986928 0.00884 0.160908 0.98693 0.008849 0.160927 0.986927 0.008832 -0.134071 -0.964681 -0.226748 -0.134071 -0.964681 -0.226748 -0.134071 -0.964681 -0.226748 -0.47479 0.878939 -0.045184 -0.509033 0.860744 0.002075 -0.489102 0.871846 -0.025746 -0.404297 0.904586 -0.135157 -0.997424 0.071693 0.002423 -0.998746 0.048824 0.011113 -0.999994 -0.000931 0.003264 -0.986266 0.164695 -0.012478 -0.999725 -0.022803 0.00544 -0.999647 -0.026105 0.005033 -0.998083 0.061383 0.007839 -0.985794 0.162559 -0.042252 -0.999912 0.011328 0.006936 -0.999541 -0.030176 0.002869 -0.987545 0.156466 0.016546 -0.956017 0.290613 -0.039691 -0.990421 0.128691 0.050055 -0.951215 0.30714 -0.029244 -0.999673 0.01936 0.016716 -0.998509 0.052394 0.015301 -0.94449 0.324213 -0.053148 -0.386223 -0.918797 -0.081504 -0.359342 -0.928826 -0.090308 -0.400523 -0.91121 -0.096322 -0.371988 -0.924304 -0.085364 -0.400332 -0.909981 -0.108025 -0.289424 -0.955398 -0.058732 -0.464157 -0.881404 -0.087659 -0.352517 -0.933365 -0.06754 -0.228865 -0.972892 -0.033182 -0.241771 -0.970029 -0.024318 -0.706049 0.480143 -0.520535 -0.680298 0.515247 -0.521263 -0.701285 0.486848 -0.520748 -0.727881 0.44807 -0.519059 0.402894 0.915247 0.000548 0.402053 0.915581 -0.008031 0.402942 0.915225 0.000507 0.400222 0.916416 -0.002114 0.390338 0.920641 -0.007531 0.386494 0.922213 0.012109 0.394849 0.918746 0.000515 -0.465028 -0.883856 0.050479 -0.519991 -0.7554 -0.398723 -0.480304 -0.876914 -0.018177 -0.517227 -0.709133 -0.479173 0.364357 -0.931117 0.016256 0.352347 -0.934028 -0.058685 0.32135 -0.946566 -0.027327 0.362587 -0.931706 0.021353 0.291581 -0.956345 -0.019602 0.27346 -0.961874 0.00429 0.27692 -0.960854 0.008606 0.281477 -0.959567 0.001329 -0.44992 -0.790582 -0.415393 -0.483478 -0.751216 -0.449359 -0.566369 -0.690144 -0.450474 -0.436276 -0.79972 -0.412446 -0.511306 -0.690376 -0.511808 -0.492967 -0.682866 -0.539146 -0.825748 0.172306 -0.537076 -0.852533 0.15612 -0.498813 -0.873186 0.142394 -0.466123 -0.771083 0.201041 -0.604164 0.661333 -0.689182 -0.296087 0.654577 -0.705538 -0.27156 0.657048 -0.699794 -0.280314 0.651804 -0.711698 -0.261988 0.783251 -0.619434 -0.053095 0.772435 -0.631797 -0.064626 0.791622 -0.60943 -0.043922 0.753886 -0.651662 -0.083624 -0.370682 -0.845858 0.383562 -0.347604 -0.829658 0.436851 -0.335366 -0.82025 0.463378 -0.37368 -0.847801 0.376295 0.193047 -0.981184 -0.003303 0.207474 -0.978239 -0.001516 0.191826 -0.981423 -0.003454 0.208366 -0.97805 -0.001405 -0.773186 -0.633806 -0.021772 -0.860639 -0.509214 0.001211 -0.78616 -0.617741 -0.018675 -0.86486 -0.502007 0.002475 0.28052 0.450296 -0.847669 -0.03956 0.388315 -0.920677 0.209492 0.440498 -0.872969 -0.074114 0.37896 -0.92244 0.173772 -0.984757 -0.007498 0.053326 -0.998131 -0.02986 0.191875 -0.981411 -0.004085 0.033533 -0.998877 -0.033477 -0.805828 -0.591993 0.013623 -0.783157 -0.621816 0.00305 -0.802329 -0.596762 0.011954 -0.776799 -0.629748 0.00018 -0.757882 -0.365207 -0.540592 -0.757566 -0.366047 -0.540466 -0.788868 -0.270987 -0.551591 -0.69187 -0.509662 -0.51143 0.817372 -0.269161 -0.509367 0.813617 -0.227085 -0.535219 0.817965 -0.27905 -0.503055 0.812835 -0.220273 -0.53924 -0.023973 -0.779442 -0.626015 -0.000012 -0.727761 -0.68583 -0.03291 -0.797436 -0.602505 0.004563 -0.717324 -0.696725 -0.564711 -0.749714 -0.345007 -0.565363 -0.752179 -0.338514 -0.55429 -0.715998 -0.424392 -0.572377 -0.790135 -0.219252 0.766272 -0.635282 -0.096147 0.762135 -0.641415 -0.087963 0.762991 -0.640164 -0.08964 0.75424 -0.652549 -0.072813 -0.701823 -0.710834 -0.046477 -0.658971 -0.751523 -0.031164 -0.706423 -0.706149 -0.048168 -0.645421 -0.763368 -0.026474 -0.033564 -0.997439 0.063154 -0.030194 -0.996528 0.077589 -0.02748 -0.995635 0.089192 -0.033925 -0.997524 0.061612 -0.127841 -0.65576 -0.744067 -0.183668 -0.50197 -0.845159 -0.184405 -0.499675 -0.846356 -0.08946 -0.741848 -0.664574 -0.028571 -0.999589 0.002149 -0.032415 -0.999456 -0.006142 -0.039379 -0.999 -0.021175 -0.027662 -0.999609 0.004111 -0.029386 -0.999512 0.010586 -0.029386 -0.999512 0.010586 -0.029386 -0.999512 0.010586 -0.358213 -0.050719 -0.932261 -0.499017 0.205562 -0.841859 -0.570926 0.376374 -0.729648 -0.227265 -0.244508 -0.942638 -0.466231 -0.884443 0.019744 -0.416301 -0.909079 -0.016423 -0.446663 -0.894686 0.005403 -0.404028 -0.914402 -0.025106 -0.539818 -0.841588 0.018062 -0.531987 -0.846668 0.012001 -0.52323 -0.852175 0.005281 -0.54799 -0.836128 0.024441 -0.464171 -0.885731 0.004995 -0.459634 -0.888074 0.007866 -0.460912 -0.887418 0.007058 -0.476524 -0.879157 -0.002872 -0.376283 -0.926348 -0.01705 -0.377428 -0.925906 -0.015715 -0.386605 -0.922232 -0.004969 -0.374545 -0.927013 -0.019073 -0.390671 -0.920019 -0.030691 -0.390671 -0.920019 -0.030691 -0.390671 -0.920019 -0.030691 -0.966723 -0.114144 0.228948 -0.965647 -0.096799 0.241153 -0.965335 -0.092745 0.243979 -0.967547 -0.142687 0.208552 -0.744391 0.667741 0.001907 -0.821048 0.530058 -0.211939 -0.7375 0.674552 -0.032758 -0.738939 0.669585 -0.074997 -0.885644 0.430753 -0.173452 0.229773 0.841436 -0.48907 -0.756125 0.654131 -0.019696 -0.753181 0.657477 0.021029 -0.968987 0.237851 0.067018 -0.753179 0.657479 0.021029 -0.711955 0.243498 0.658657 -0.659155 0.606449 0.444674 -0.623621 0.410506 0.665268 -0.748387 0.430016 0.504978 -0.608003 0.670489 0.425178 -0.717434 0.164537 0.676916 -0.440668 -0.757881 0.48107 -0.480141 -0.860463 0.170492 -0.466371 -0.8193 0.333533 -0.480619 -0.862562 0.158092 -0.639817 0.396906 -0.658103 -0.742547 0.382433 -0.54988 -0.736157 0.383675 -0.557553 -0.623778 0.398259 -0.672526 -0.982374 0.181344 0.045333 -0.961763 0.246256 0.119873 -0.960591 0.257509 0.104666 -0.969513 0.234008 0.072699 -0.950485 0.200159 0.237729 -0.990889 0.13378 -0.015583 -0.942111 0.198142 0.270492 -0.999893 0.009374 -0.011231 -0.998584 0.052445 -0.008903 -0.995777 0.088327 -0.025043 -0.993932 0.108126 -0.020194 -0.994098 0.108421 -0.003681 -0.997113 0.060981 -0.045242 -0.997262 0.05816 -0.04566 -0.996586 0.065225 -0.050616 -0.996614 0.068109 -0.046052 -0.982733 0.183528 -0.023519 -0.981687 0.188306 -0.02883 -0.982119 0.186873 -0.022823 -0.982767 0.183343 -0.02354 -0.957957 0.205414 -0.20031 -0.951273 0.212623 -0.223319 -0.732648 0.282485 -0.619216 -0.741975 0.178744 -0.64616 -0.725786 0.261314 -0.636357 -0.744276 0.201893 -0.636626 -0.734285 0.393513 -0.553148 -0.730107 0.414039 -0.543613 -0.971693 0.167734 -0.166368 -0.961637 0.18844 -0.199359 -0.973581 0.166749 -0.155995 -0.959114 0.189764 -0.209976 -0.956015 0.202909 -0.211812 -0.956062 0.201569 -0.212876 -0.957941 0.205411 -0.200391 -0.951275 0.212631 -0.223302 -0.894572 0.446325 0.023121 -0.997832 0.065438 0.007029 -0.896488 0.442472 0.022962 -0.999562 0.029092 0.005459 -0.846293 0.136272 -0.514993 -0.975911 -0.177175 -0.127302 -0.973024 -0.132012 -0.189204 -0.81055 0.177099 -0.558252 -0.816176 0.526944 -0.237036 -0.774396 0.582629 -0.246687 -0.818568 0.523501 -0.236416 -0.772011 0.585579 -0.247177 -0.439161 -0.710253 0.550162 -0.44852 -0.714153 0.537415 -0.442528 -0.656195 0.61121 -0.441031 -0.715136 0.542284 -0.436016 -0.713446 0.548529 -0.461656 -0.702485 0.541654 -0.13498 0.439337 -0.888124 -0.134992 0.439333 -0.888124 -0.144874 0.426317 -0.892897 -0.134995 0.439335 -0.888123 -0.134966 0.439335 -0.888126 -0.134972 0.439334 -0.888126 -0.134977 0.439337 -0.888124 -0.15462 0.413324 -0.897361 -0.134981 0.439339 -0.888122 -0.169342 0.393351 -0.903658 -0.016599 0.99985 -0.004955 -0.028157 0.999602 0.001424 -0.003588 0.99928 -0.037758 -0.022836 0.999719 0.006284 -0.099192 0.994893 -0.018699 -0.111236 0.993361 -0.02932 -0.140156 0.979169 -0.146915 -0.153547 0.973287 -0.170693 -0.211612 0.963491 -0.164029 -0.154529 0.969647 -0.189489 -0.76968 0.638377 -0.008199 -0.84322 0.536941 -0.025979 -0.855388 0.51702 -0.031651 -0.756128 0.654128 -0.01968 -0.755785 0.652283 -0.057577 -0.792518 0.608594 -0.039104 -0.738917 0.669611 -0.074988 -0.822906 0.262046 -0.50414 -0.825734 0.261318 -0.499876 -0.83418 0.260484 -0.486098 -0.86126 0.289201 -0.417844 -0.831363 0.276814 -0.481882 -0.721665 0.292549 -0.627387 -0.893363 0.323915 -0.311419 -0.84755 0.27165 -0.455922 -0.136819 0.990483 0.014969 -0.153775 0.98809 0.005667 -0.133808 0.990963 0.009374 -0.179731 0.983673 -0.009217 -0.132325 0.990949 0.022581 -0.189187 0.981875 -0.011439 -0.134861 0.990392 0.030584 -0.181633 0.982677 -0.036827 -0.134465 0.990187 0.038057 -0.624356 0.777355 0.076801 -0.562483 0.820101 -0.105108 -0.631516 0.768398 0.103695 -0.540001 0.82667 -0.158165 -0.860525 0.093078 0.500833 -0.860361 0.076622 0.503893 -0.863507 0.120652 0.489693 -0.895322 0.034585 0.444075 -0.927911 0.112089 0.355551 -0.795738 0.075854 0.600873 -0.993225 0.083749 0.080565 -0.9701 0.242636 0.005753 -0.966412 0.256797 0.010188 -0.964696 0.263031 0.013302 -0.971651 0.235502 -0.020794 -0.97324 0.229022 -0.0188 -0.966374 0.227171 -0.12048 -0.995703 0.07661 0.052023 -0.98911 0.129951 0.069098 -0.994745 0.086333 0.055033 -0.986688 0.144354 0.074895 -0.985419 0.141877 0.093922 -0.985132 0.141654 0.097206 -0.984431 0.140207 0.106005 -0.984921 0.13959 0.1022 -0.153959 -0.988077 0.001128 -0.068722 -0.996775 0.04143 -0.2162 -0.976333 -0.005535 -0.028473 -0.99768 0.061846 -0.192774 -0.980043 0.048517 -0.194424 -0.97705 0.087015 -0.134532 -0.990797 -0.014891 0.971267 -0.17513 0.16115 0.986727 0.095313 0.131474 0.985942 0.104642 0.13026 0.965133 -0.204255 0.163701 0.99852 0.050226 -0.020849 0.998667 -0.049176 -0.015708 0.998612 -0.050282 -0.015649 0.998298 0.054383 -0.021059 0.599469 -0.78714 0.14508 0.488155 -0.841256 0.232366 0.572175 -0.802775 0.167831 0.618737 -0.775033 0.128406 0.981926 -0.183118 -0.047839 0.994784 0.099698 -0.021579 0.942784 -0.332314 -0.026946 0.962959 -0.269639 0.002364 0.76349 -0.645455 -0.021691 0.967764 -0.2482 0.042778 0.915031 -0.280688 0.289711 0.821408 -0.330317 0.464951 0.815023 -0.334484 0.473136 0.947307 -0.29025 0.135514 0.815111 -0.345542 0.464967 0.810468 -0.346816 0.47208 0.783966 -0.350289 0.512538 0.778336 -0.350555 0.520869 0.966476 -0.255242 0.02785 0.967515 -0.252405 -0.014347 0.963076 -0.26909 -0.008665 0.938445 -0.293577 0.182026 0.969604 -0.244635 -0.004717 0.990719 -0.134164 0.021818 0.958013 -0.286129 0.018473 0.97245 -0.22974 -0.039511 0.969346 -0.244931 0.019402 0.989206 -0.141984 -0.036226 0.943778 -0.329381 -0.028137 0.044464 0.999008 -0.002568 0.048992 0.998782 -0.005788 0.028362 0.999463 0.016395 0.073676 0.997016 -0.023038 0.035506 0.999369 0.001329 0.117871 0.992456 -0.033738 0.031362 0.999402 -0.014597 0.023397 0.999464 0.022878 0.072006 0.997119 -0.023856 0.099548 0.976845 -0.189376 0.08248 0.996263 0.025648 0.040464 0.998865 0.025124 0.105688 0.994366 0.00809 0.011431 0.999485 0.029999 -0.069354 0.99731 0.023731 -0.094606 0.994695 0.040382 -0.086125 0.996284 0.000813 -0.087247 0.996187 -0.000245 0.974281 -0.186444 0.126552 0.951183 -0.307242 0.029212 0.964284 -0.254852 0.072164 0.95871 0.015904 0.28394 0.944447 -0.324336 0.053155 0.336681 0.925941 0.171111 0.324701 0.927137 0.187048 0.302715 0.928359 0.215671 0.350384 0.924097 0.152561 0.063469 0.251187 0.965855 0.147412 0.20078 0.968482 0.100981 0.282632 0.953898 0.134835 0.112311 0.984482 0.135318 0.101953 0.985543 0.018736 0.055318 0.998293 0.999652 0.025909 -0.005052 0.999109 0.039046 0.016039 0.999545 0.030013 -0.002873 0.998387 -0.027535 0.049641 0.999173 0.034855 0.02093 0.990314 0.138711 -0.006109 0.996856 -0.051205 0.060467 0.990507 -0.097039 0.097364 -0.856989 0.512158 0.057124 -0.855798 0.514565 0.053221 -0.854658 0.516823 0.049526 -0.860975 0.503717 0.070643 -0.751173 0.556669 0.354766 -0.751148 0.557114 0.35412 -0.751552 0.548429 0.366598 -0.750809 0.562404 0.346392 0.891929 0.448133 0.060322 0.812781 0.582527 0.007029 0.877714 0.476616 0.049554 0.779054 0.62684 -0.012114 0.017502 0.544356 0.838672 0.000051 0.583579 0.812056 0.030098 0.515116 0.856592 -0.005427 0.595587 0.803273 0.6063 0.615059 0.504087 0.603595 0.610327 0.513004 0.615579 0.631703 0.471184 0.588626 0.584922 0.558019 0.782959 0.41413 0.464189 0.781653 0.420313 0.460821 0.78055 0.425352 0.458058 0.777429 0.438925 0.450498 0.832665 0.553683 -0.010208 0.851199 0.524238 -0.025177 0.819739 0.572738 -0.00029 0.859597 0.509951 -0.032296 -0.403295 -0.419923 0.81303 -0.216931 -0.431128 0.875825 -0.328836 -0.406035 0.852644 -0.421102 -0.433762 0.79657 -0.181797 -0.489272 0.852973 -0.94466 0.127108 0.302427 -0.944641 0.139351 0.297043 -0.944637 0.139902 0.296798 -0.944321 0.106938 0.311162 0.031197 0.99951 0.002648 0.030987 0.999511 0.004235 0.031168 0.999512 0.002241 0.031558 0.999499 0.002437 0.031119 0.999513 0.002275 0.031214 0.999511 0.001874 0.44769 0.511374 0.733533 0.401549 0.594833 0.696371 0.460583 0.485365 0.743158 0.388609 0.615923 0.68529 0.724281 0.034872 0.688622 0.761198 0.185657 0.621377 0.77662 0.368241 0.511136 0.67863 -0.089344 0.729026 0.574721 -0.009737 0.818292 0.543474 -0.118289 0.83105 0.491928 -0.258104 0.831498 0.58135 0.017309 0.81347 0.999397 0.028675 -0.019602 0.999402 0.028288 -0.01991 0.99938 0.029825 -0.018684 0.999414 0.027206 -0.020774 0.021036 0.999697 0.012763 0.021073 0.9997 0.012522 0.021034 0.999704 0.012243 0.021175 0.999698 0.01246 -0.033332 0.999314 0.016121 -0.056654 0.998306 0.013266 0.021972 0.999682 0.012383 -0.131068 0.990845 0.032362 -0.129232 0.99149 0.015727 -0.116308 0.993169 -0.009412 0.543616 -0.449418 0.708876 0.537311 -0.443373 0.717438 0.554407 -0.447344 0.701795 0.528328 -0.448307 0.721035 0.52386 -0.449768 0.723381 0.48298 -0.463711 0.742767 0.520033 -0.44807 0.727186 0.475591 -0.466592 0.745725 0.982504 -0.179921 0.048112 0.975668 -0.21448 0.045492 0.989901 -0.132925 0.049261 0.967 -0.250642 0.045704 0.9849 -0.171149 0.026064 0.964306 -0.261299 0.042858 0.987951 -0.149611 0.039608 0.970865 -0.239203 -0.014217 0.969715 -0.243768 -0.015199 0.705336 -0.338899 0.622615 0.724442 -0.388885 0.569168 0.711009 -0.332574 0.619565 0.740949 -0.387114 0.54876 0.318204 -0.916833 0.241172 0.306133 -0.92285 0.23373 0.303649 -0.924058 0.232195 0.320642 -0.915586 0.242674 0.937806 -0.248304 0.242622 0.959192 -0.267553 0.091471 0.947027 -0.262775 0.184634 0.962429 -0.264169 0.062805 0.966398 -0.253688 0.041446 0.966796 -0.253431 0.032835 0.621797 -0.398679 0.67411 0.597724 -0.458133 0.657906 0.650745 -0.357681 0.669773 0.598543 -0.454242 0.659857 0.595444 -0.482042 0.642715 0.62612 -0.450311 0.636548 -0.51672 0.854769 0.048678 -0.553359 0.829245 0.078394 -0.581545 0.801384 0.139963 -0.497108 0.867435 0.020984 -0.469871 0.882735 -0.00061 0.983915 -0.084826 -0.157211 0.979409 -0.087041 -0.182159 0.989071 -0.081686 -0.122741 0.990844 -0.08036 -0.108493 0.78314 -0.590215 0.195801 0.906882 -0.42066 0.024691 0.985005 -0.168713 0.036074 0.751457 -0.632919 0.186347 0.999224 -0.008937 0.038353 0.951466 -0.305794 0.034666 0.952725 -0.302601 0.027331 0.947307 -0.290259 0.135496 0.915034 -0.280689 0.289701 -0.843833 0.536108 0.023096 -0.84383 0.536113 0.023093 -0.843835 0.536105 0.023097 -0.843828 0.536116 0.023092 -0.007244 0.022394 0.999723 -0.007245 0.022392 0.999723 -0.007243 0.022395 0.999723 -0.007242 0.022397 0.999723 0.842847 -0.53596 -0.048544 0.84285 -0.535954 -0.048548 0.842848 -0.535957 -0.048546 0.842852 -0.535952 -0.04855 -0.10276 0.047543 -0.993569 -0.102757 0.047544 -0.99357 -0.10277 0.04754 -0.993568 -0.102746 0.047548 -0.993571 0.953242 0.301367 -0.022519 0.956002 0.285835 -0.066016 0.967342 0.253304 -0.00928 0.951713 0.305594 -0.02925 0.952158 0.305435 -0.010197 0.967036 0.254518 -0.007888 0.948066 0.317807 -0.013061 0.957142 0.289584 0.004599 0.960578 0.277761 0.011768 0.014568 0.023265 0.999623 0.014568 0.023265 0.999623 0.014568 0.023265 0.999623 -0.05981 0.077492 0.995197 -0.05981 0.077492 0.995197 -0.05981 0.077492 0.995197 -0.056875 0.80096 -0.596011 -0.164834 0.901566 -0.400011 0.051806 0.656272 -0.752743 -0.201669 0.924757 -0.322728 -0.859635 0.508695 0.047513 -0.859635 0.508695 0.047513 -0.859635 0.508695 0.047513 0.098507 0.629739 -0.770535 -0.260743 0.1547 -0.952933 0.124605 0.65627 -0.744167 -0.304387 0.081154 -0.949085 0.383877 0.038819 -0.922568 0.248762 0.204606 -0.946707 0.367869 0.130356 -0.920695 0.361885 0.223061 -0.905142 -0.6633 0.055051 -0.746326 -0.674525 0.016379 -0.73807 -0.484208 0.084184 -0.870894 -0.410231 0.045109 -0.910866 -0.082744 0.99622 0.026451 -0.062756 0.997139 -0.042137 -0.076666 0.997042 0.005453 -0.0592 0.996773 -0.054204 -0.67458 0.016371 -0.73802 -0.735878 0.005454 -0.677092 -0.687898 -0.04654 -0.724314 -0.66335 0.055055 -0.746281 0.002841 -0.528516 -0.848919 -0.069753 -0.519645 -0.85153 -0.081789 -0.517901 -0.851522 -0.163127 -0.504042 -0.848134 0.421243 0.037709 -0.906164 0.259997 0.018376 -0.965434 0.383886 0.038779 -0.922566 0.367934 0.130339 -0.920672 -0.117919 0.677612 -0.725904 0.117134 -0.831541 -0.542973 -0.00342 -0.708623 -0.705579 0.110852 -0.826146 -0.552444 -0.02149 -0.686752 -0.726574 -0.107868 -0.185911 -0.976628 -0.358562 -0.045174 -0.932412 -0.256271 -0.166836 -0.952098 -0.060598 -0.150699 -0.986721 -0.121141 -0.243565 -0.96229 -0.296184 0.106688 -0.949154 -0.327859 0.154779 -0.931961 -0.346679 0.101611 -0.932464 -0.312693 0.141221 -0.939297 -0.208946 0.051293 -0.976581 -0.321409 0.038423 -0.946161 -0.163128 0.000658 -0.986605 0.35752 -0.019045 -0.933711 0.480969 0.84188 -0.244759 0.490698 0.81974 -0.295369 0.348089 -0.042073 -0.936517 0.568845 0.568944 -0.5939 0.552726 0.595867 -0.582612 0.522962 0.64149 -0.561249 0.646452 0.408691 -0.644261 -0.254425 0.76981 -0.585372 -0.580745 0.573395 -0.577887 -0.405553 0.695807 -0.592773 -0.162489 0.803053 -0.573326 0.609416 -0.603343 -0.514382 0.609416 -0.603343 -0.514382 0.609416 -0.603343 -0.514382 0.55798 -0.058544 -0.827787 0.434955 -0.306976 -0.846511 0.521715 -0.142031 -0.841214 0.573715 -0.018271 -0.818851 0.833535 0.031493 0.551569 0.817396 -0.000924 0.576076 0.81764 -0.000456 0.57573 0.80457 -0.024691 0.593344 0.126341 -0.342858 0.930852 0.141287 -0.388542 0.910535 0.119637 -0.322407 0.939011 0.150093 -0.415521 0.897114 0.471334 0.155597 -0.868121 0.464626 0.124829 -0.876664 0.4671 0.153692 -0.870745 0.462504 0.105868 -0.880274 0.461729 0.06887 -0.884343 0.457741 0.068473 -0.886445 0.455884 0.070535 -0.88724 0.452456 0.068067 -0.889185 0.530982 -0.669442 0.519524 0.643601 -0.610679 0.461356 0.438418 -0.69587 0.568819 0.469475 -0.693115 0.546977 0.410516 -0.702639 0.581185 0.61779 -0.365495 0.696239 0.61779 -0.365495 0.696239 0.61779 -0.365495 0.696239 0.376768 0.904177 0.201272 0.374693 0.902798 0.211093 0.373885 0.902244 0.214861 0.376942 0.90429 0.200436 0.98274 0.039573 -0.180708 0.98274 0.039573 -0.180708 0.98274 0.039573 -0.180708 0.743624 -0.22562 0.62938 0.705365 -0.33885 0.622608 0.711017 -0.332551 0.619568 0.748333 -0.179245 0.638646 0.57425 -0.633845 0.518149 0.57425 -0.633845 0.518149 0.57425 -0.633845 0.518149 -0.690657 0.715657 -0.104061 0.453498 0.825173 -0.336793 0.312782 0.889699 -0.332571 -0.713135 0.694747 -0.093619 -0.965122 0.186998 -0.183222 -0.961899 0.176907 -0.208456 -0.963662 0.182161 -0.195377 -0.966181 0.190888 -0.173368 -0.265892 0.252403 0.930373 -0.265892 0.252403 0.930373 -0.265892 0.252403 0.930373 -0.312228 -0.088137 0.94591 -0.321087 -0.09802 0.941963 -0.339728 -0.118985 0.932967 -0.296231 -0.070413 0.952517 -0.840246 -0.221296 0.494989 -0.840246 -0.221296 0.494989 -0.840246 -0.221296 0.494989 0.217888 -0.975377 0.034139 0.60405 -0.796946 -0.000859 0.240575 -0.970118 0.031547 0.626229 -0.779637 -0.001942 0.483076 -0.843341 0.235402 0.302476 -0.886395 0.350446 0.645154 0.570482 0.508258 0.760053 0.068789 0.64621 0.760123 0.062727 0.646744 0.635528 0.589579 0.498499 0.491281 -0.544942 0.679471 0.492428 -0.520974 0.697209 0.493349 -0.481979 0.724087 0.489521 -0.570657 0.659333 -0.70783 0.384914 -0.592298 -0.72825 0.437902 -0.527156 -0.738857 0.471465 -0.481468 -0.696877 0.360035 -0.620271 -0.227837 -0.078821 -0.970504 -0.294544 0.092183 -0.951181 -0.5846 -0.014428 -0.811193 -0.242528 -0.014795 -0.970032 -0.26549 0.031825 -0.963588 -0.264726 0.004688 -0.964312 -0.275215 0.3413 -0.898761 -0.266263 0.088385 -0.95984 -0.079425 0.447805 -0.890597 -0.237097 -0.068543 -0.969065 -0.441875 0.897077 0.000362 -0.458084 0.888899 -0.004267 -0.443618 0.896216 -0.000136 -0.470007 0.882629 -0.007699 0.103123 0.99454 -0.015975 0.178236 0.975335 -0.130208 0.165115 0.980115 -0.110057 0.235442 0.946866 -0.219115 0.140502 0.724151 -0.675177 0.261939 0.794014 -0.54857 0.036817 0.647318 -0.76133 0.302307 0.811818 -0.499562 -0.01304 0.010555 0.999859 0.035897 -0.119131 0.99223 0.022479 -0.083611 0.996245 -0.045665 0.097266 0.99421 -0.04702 -0.038926 0.998135 -0.047322 -0.039332 0.998105 -0.048391 -0.040768 0.997996 -0.04604 -0.03761 0.998231 0.031512 -0.972101 -0.232435 0.031512 -0.972101 -0.232435 0.031512 -0.972101 -0.232435 -0.956304 0.291886 -0.016913 -0.662157 0.483108 -0.572848 -0.669946 0.447603 -0.592304 -0.677313 0.40697 -0.61288 -0.654747 0.512277 -0.555768 -0.288564 -0.342674 -0.894039 -0.288564 -0.342674 -0.894039 -0.288564 -0.342674 -0.894039 -0.726061 -0.481287 -0.49112 -0.726061 -0.481287 -0.49112 -0.726061 -0.481287 -0.49112 -1 0 0 0 -0.999627 0.027325 -0.871955 -0.000015 -0.489586 -0.616552 0.616574 -0.489593 -0.871956 -0.000011 -0.489585 -0.616554 0.616568 -0.489596 -0.68814 0 0.725578 -0.688139 0 0.725579 -0.623489 0 0.781832 -0.623487 0 0.781833 -0.222572 -0.00001 0.974916 -0.222572 0.00001 0.974916 -0.000001 -0.999627 0.027328 -0.000000 -0.298856 -0.954298 -0.871956 -0.000013 -0.489584 -0.616554 0.616573 -0.489591 -0.000000 -0.000008 -1 -0.616568 -0.616571 -0.489575 -0.000000 0.871957 -0.489583 -0.000062 -0.871964 -0.48957 0.616551 0.616576 -0.48959 0.871956 -0.00001 -0.489585 0.616566 -0.616573 -0.489575 0.000062 -0.871963 -0.489572 0.999973 0.000012 -0.007417 0.00005 -0.999972 -0.007427 -0.000004 0.999972 -0.00742 0.202599 -0.220038 -0.954221 0.298834 0.000004 -0.954305 0.298837 0.000002 -0.954304 0.200309 -0.222303 -0.954179 0.000000 -0.29885 -0.9543 0.2026 0.220029 -0.954222 0.000002 -0.298851 -0.9543 0.20031 0.222294 -0.954181 -0.012341 0.29885 -0.95422 -0.211318 -0.211317 -0.954301 -0.211324 -0.211319 -0.954299 -0.01554 0.298833 -0.954179 -0.298833 0.000003 -0.954306 -0.220055 0.2026 -0.954216 -0.298823 0.000006 -0.954309 -0.222302 0.200329 -0.954175 -0.871954 -0.000015 -0.489587 -0.616552 0.616574 -0.489592 0 -0.000009 -1 -0.616565 -0.616575 -0.489575 -0.000003 0.871956 -0.489584 -0.000015 -0.871965 -0.489568 0.616561 0.616562 -0.489596 0.87196 -0.000011 -0.489578 0.616576 -0.616558 -0.489582 0.000053 -0.87196 -0.489577 -0.000004 -0.298843 -0.954302 -0.211316 0.211328 -0.954299 -0.871956 -0.000011 -0.489585 -0.616554 0.616568 -0.489597 0.000009 -0.000009 -1 -0.61657 -0.616565 -0.489581 0.000008 0.871956 -0.489585 -0.000053 -0.871962 -0.489574 0.616566 0.616564 -0.489586 0.871965 -0.000015 -0.489568 0.616579 -0.616565 -0.489569 0.000024 -0.871963 -0.489572 -0.731442 0 -0.681904 0 -0.000000 1 0 -0.000000 1 0.222525 -0.000000 0.974927 0.222525 -0.000000 0.974927 -0.222474 0.00001 0.974939 -0.222474 -0.00001 0.974939 -0.849703 -0.527262 0 0.000000 0.000001 1 -0.21402 -0.711706 0.669081 -0.428997 -0.885877 0.176591 -0.454606 -0.878138 0.149025 0.251729 -0.507261 0.824208 -0.114328 -0.726441 0.677653 -0.94941 0.28697 -0.127548 -0.942346 0.291104 -0.165053 -0.945597 0.290313 -0.146851 -0.951628 0.280733 -0.124873 -0.973304 0.201387 -0.110107 -0.9613 0.26959 -0.056769 -0.99214 0.088484 -0.08848 -0.982093 0.127838 -0.138387 -0.999996 0.001598 0.002431 -0.973519 -0.222554 0.052261 -0.977509 -0.201784 0.061309 -0.91306 -0.172987 0.369321 -0.953696 -0.286851 0.090446 -0.845162 -0.532507 -0.046247 0.827236 0.191413 0.528245 0.692119 0.192948 0.695516 0.692002 0.148822 0.706388 0.26847 0.151578 0.951287 0.517153 0.089612 0.851189 -0.02219 0.125335 0.991866 -0.441127 0.41019 -0.798217 -0.439471 0.410879 -0.798776 -0.441062 0.411652 -0.7975 -0.440807 0.409955 -0.798515 -0.441516 0.409729 -0.798239 -0.441516 0.409731 -0.798238 -0.441516 0.409726 -0.798241 -0.441517 0.409728 -0.798239 -0.441517 0.409729 -0.798239 -0.441517 0.409728 -0.798239 -0.441517 0.409729 -0.798239 -0.441518 0.409729 -0.798238 -0.441517 0.409729 -0.798239 -0.441517 0.409729 -0.798239 -0.441517 0.409729 -0.798239 -0.941792 -0.335687 0.018466 -0.935631 -0.352726 0.013377 -0.936383 -0.350884 0.008184 -0.944704 -0.327716 0.011658 -0.936769 -0.347587 0.040585 -0.940009 -0.34115 0.00085 -0.95112 -0.301582 0.066483 -0.949832 -0.300664 0.086145 -0.927749 -0.373196 0.002714 -0.92264 -0.381887 0.053821 -0.926348 -0.376645 0.004119 0.996392 0.084803 -0.003333 0.893778 0.445631 -0.050741 0.860703 0.505706 -0.058756 0.998251 0.059119 0 -0.011046 -0.028279 0.999539 0.000287 -0.000154 1 0 -0.034349 0.99941 -0.00011 -0.000269 1 0.011046 -0.028279 0.999539 0.005933 -0.014588 0.999876 -0.000287 -0.000153 1 0.00011 -0.000267 1 -0.2903 -0.956934 0.001755 -0.289858 -0.957068 0.001903 -0.288526 -0.957472 -0.00047 -0.295018 -0.955435 0.01045 -0.240342 -0.968557 -0.06429 -0.285038 -0.954343 -0.089349 -0.118687 -0.991093 -0.060409 -0.043369 -0.998999 -0.010968 -0.433747 0.900977 0.010214 -0.433975 0.900863 0.010552 -0.437015 0.899384 0.011239 -0.437525 0.899137 0.011138 -0.44209 0.896892 0.011862 -0.442647 0.896619 0.01174 0 -1 0.000547 0 -0.999999 -0.001335 -0.223691 -0.974653 0.003652 0.223691 -0.974653 0.003651 -0.224349 -0.974508 0.001314 0.224349 -0.974508 0.001329 -0.247448 -0.968901 0.000552 0.247448 -0.968901 0.000552 0.218978 -0.975523 0.020112 -0.218978 -0.975522 0.020111 0.248315 -0.968679 -0.00061 0 -0.999943 -0.010711 -0.224807 -0.972515 0.060636 0.224807 -0.972515 0.060635 0 -0.999627 0.027326 -0.248315 -0.968679 -0.00061 -0.173741 -0.982026 0.073748 0.173741 -0.982026 0.073748 -0.190169 -0.973644 0.125909 0.190169 -0.973644 0.125909 0 -1 0 0 -1 0 0 -1 0 0 -1 0 0 -1 0 0 -1 0 0.52382 0.846405 0.095973 0.471786 0.873975 0.116556 0.367226 0.92947 0.035072 0.542578 0.829728 0.130998 0.907698 0.400694 0.124614 -0.561871 0.530797 -0.634472 -0.557737 0.53655 -0.63328 -0.56433 0.524724 -0.637336 -0.556727 0.540982 -0.630392 -0.563053 0.527397 -0.636258 0.000003 0.627093 -0.778944 -0.52878 0.585464 -0.614511 0.000028 0.626624 -0.779322 -0.902292 0.43111 0.003788 -0.901682 0.432391 0.002862 -0.899445 0.437032 0.001379 -0.900766 0.434292 0.003297 -0.887976 0.459879 0.003278 -0.907507 0.420038 -0.000305 -0.887484 0.460827 0.00336 -0.29136 -0.956609 0.002992 -0.261533 -0.965193 0.001605 -0.260728 -0.965411 0.001568 -0.29208 -0.956389 0.003026 -0.012077 0.284447 -0.958616 0.174963 0.168554 -0.97004 -0.122401 0.278892 -0.95249 0.176855 0.169652 -0.969505 0.181562 0.164195 -0.969575 -0.494694 0.643278 -0.584355 0 1 0 0 1 0 0 1 0 0 1 0 0 1 0 0 1 0 0 1 0 0 1 0 0 1 0 0 1 0 0.882482 0.220522 -0.415446 0.922758 -0.023908 -0.384639 0.913072 0.032766 -0.406481 -0.469093 -0.223903 -0.854295 -0.311898 -0.704589 -0.637397 -0.462135 -0.262989 -0.846917 -0.306399 -0.714518 -0.628954 0.999505 -0.02887 -0.012466 0.998008 -0.056857 -0.027349 0.968961 -0.221999 0.10877 0.999842 0.017057 -0.005092 0.999846 0.01695 -0.004603 0.999841 0.017074 -0.005087 0.999931 0.002844 -0.011415 0.999927 0.007915 -0.009118 0.999913 -0.013201 -0.000173 0.999506 -0.028858 -0.012454 0.999944 -0.008816 0.005932 0.999988 -0.000459 -0.004832 0.995992 0.083931 -0.03091 0.968953 -0.222027 0.108786 0.999761 0.01717 -0.013527 0.999781 0.014135 -0.015457 0.999185 0.035635 -0.018937 -0.316441 0.948607 0.00321 -0.352291 0.93589 0.001084 -0.353547 0.935416 0.001009 -0.315498 0.948921 0.003266 -0.839776 0.542926 0.002881 -0.839781 0.542918 0.00288 -0.153241 0.97189 -0.178737 -0.171276 0.966219 -0.192575 -0.150606 0.972651 -0.176828 -0.170845 0.966514 -0.191475 0.000212 0.9584 -0.285429 -0.000594 0.957228 -0.289333 -0.063732 -0.997967 0.000772 -0.042636 -0.999058 -0.008078 -0.064226 -0.997935 0.000727 -0.040912 -0.999046 -0.015276 0.035892 -0.998342 0.045008 0.041437 -0.997882 0.050139 -0.806837 -0.020959 0.590403 -0.784146 -0.022159 0.62018 -0.793371 -0.021683 0.608352 -0.817754 -0.020348 0.575208 -0.022265 0.12458 -0.99196 0.000312 0.124215 -0.992255 -0.01336 0.124453 -0.992136 0.006159 0.124098 -0.992251 -0.494696 0.643278 -0.584354 -0.494694 0.643279 -0.584354 -0.494695 0.643278 -0.584354 -0.494695 0.643278 -0.584355 -0.494694 0.64328 -0.584353 -0.494696 0.643279 -0.584353 -0.494695 0.643278 -0.584355 -0.494687 0.643281 -0.584357 -0.163434 0.967647 -0.192223 -0.041665 0.996897 -0.06678 -0.343124 0.93882 -0.029722 -0.13806 0.973315 -0.183295 -0.269918 0.919943 -0.284339 -0.056316 0.993814 -0.095722 -0.032567 0.993993 -0.104484 0.000000 1 0 -0.000000 1 0 0.000000 1 0 0.000000 1 0 0 1 0 0 1 0 -0.752216 0.658916 0.000612 -0.752571 0.658511 0 0.592567 0.358559 -0.721318 0.560612 0.36985 -0.740895 0.561726 0.369437 -0.740257 0.593627 0.357958 -0.720745 0.606664 0.352869 -0.71235 0.607672 0.352393 -0.711726 0.614949 0.357015 -0.70312 0.677751 0.322893 -0.660602 0.60722 0.360897 -0.707839 0.683587 0.319469 -0.656238 0.548418 0.74548 -0.37881 0.639048 0.698923 -0.32113 0.568609 0.7363 -0.366806 0.672423 0.677909 -0.297133 0.874399 -0.050443 -0.482579 0.692565 0.114676 -0.712182 0.880245 -0.057722 -0.470995 0.666326 0.133059 -0.733693 0.335525 0.933308 0.127905 -0.396373 -0.906337 0.146429 -0.36248 -0.931024 0.042448 -0.506716 -0.847303 0.15911 -0.279071 -0.95959 0.036161 -0.279017 -0.959701 0.033511 -0.395972 -0.918236 0.006967 -0.000000 -0.994867 0.101187 0 -1 0 0.069659 -0.98794 0.138287 0 -0.972238 0.233994 0.049039 -0.994804 0.089224 -0.069659 -0.98794 0.138287 0.079097 -0.97304 0.216648 0 -1 0 -0.079097 -0.97304 0.216648 0.070167 -0.972561 0.221813 -0.049039 -0.994804 0.089224 0 -0.971036 0.238933 -0.070167 -0.972561 0.221814 0 -1 0 -0.000285 -0.99968 0.025275 -0.000124 -0.999678 0.025359 -0.000408 -0.999682 0.025211 0 -0.999677 0.025424 0.238252 -0.966101 -0.099421 0.111256 -0.993256 -0.03264 0.327578 -0.933359 -0.146741 -0.649048 0.189464 -0.736777 -0.649048 0.189464 -0.736777 -0.649048 0.189464 -0.736777 -0.65336 0.190243 -0.732754 -0.653444 0.18977 -0.732802 -0.653357 0.190257 -0.732753 -0.653447 0.189754 -0.732803 -0.43942 -0.76881 -0.464587 -0.402694 -0.81116 -0.424096 -0.400817 -0.813152 -0.422054 -0.439675 -0.768495 -0.464868 -0.273901 0.818725 -0.504645 -0.24213 0.868585 -0.432357 -0.268368 0.825123 -0.497142 -0.284036 0.790574 -0.542509 -0.283769 0.783498 -0.552816 -0.240495 0.871207 -0.427972 -0.064055 -0.320201 0.945181 -0.034499 -0.406683 0.912918 -0.06812 -0.307936 0.948965 -0.026412 -0.429525 0.902669 -0.005325 -0.999921 0.011389 -0.009724 -0.999915 0.008661 -0.000235 -0.999894 0.014544 -0.014783 -0.999875 0.005524 -0.163434 0.967635 -0.192278 -0.177337 0.963669 -0.199732 -0.225333 0.934721 -0.274813 0.000037 0.977691 -0.210048 -0.138088 0.973303 -0.18334 -0.000152 0.977552 -0.210692 0.163649 0.967549 -0.19253 0.177337 0.963669 -0.199732 -0.269893 0.919936 -0.284386 0.277435 0.91511 -0.29258 0.225377 0.934687 -0.27489 0.140678 0.972324 -0.186534 0.000000 1 0 -0.000000 1 0 -0.000001 1 0 0.000000 1 0 0 1 0 0.000000 1 0 0 1 0 0 1 0 0 1 0 0 -0.999572 0.02925 0 -0.999572 0.02925 0 -0.999572 0.02925 0 -0.999572 0.02925 0 -0.999572 0.02925 0 -0.999572 0.02925 0 -0.999572 0.02925 0 -0.999572 0.02925 0 -0.999572 0.02925 0 -0.999572 0.02925 -0.000000 1 0 -0.000000 1 0 -0.000000 1 0 -0.000000 1 0 -0.000000 1 0 0.000000 1 0 0 1 0 -0.882482 0.220522 -0.415446 -0.922759 -0.023908 -0.384634 -0.891009 0.189469 -0.412559 0.444324 -0.865277 -0.232105 0.444666 -0.862601 -0.241229 0.445336 -0.855693 -0.263561 0.44389 -0.868199 -0.221792 -0.587696 0.398298 -0.704253 -0.595988 0.458528 -0.659204 -0.591175 0.42097 -0.687965 -0.598874 0.487886 -0.635073 0.746153 0.665684 0.010937 0.752571 0.658511 0 0.395972 -0.918236 0.006967 0.36248 -0.931024 0.042447 0.50672 -0.847302 0.159106 0.367598 -0.925404 0.092195 0.279071 -0.95959 0.036161 0.278646 -0.960313 -0.01247 -0.244673 -0.923483 -0.295491 -0.707864 -0.522542 -0.475267 0.935648 -0.352684 0.013293 0.936785 -0.347543 0.040588 0.941793 -0.335692 0.01837 0.95112 -0.301582 0.066484 0.927754 -0.373184 0.002378 0.949832 -0.300664 0.086145 0.922638 -0.381886 0.053868 0.926348 -0.376645 0.004119 -0.907698 0.400694 0.124614 -0.228805 0.961799 0.150306 0.289858 -0.957068 0.001903 0.290254 -0.956948 0.001672 0.288526 -0.957472 -0.00047 0.295018 -0.955435 0.01045 0.240342 -0.968557 -0.06429 0.285039 -0.954343 -0.089349 0.118687 -0.991092 -0.060408 0.043369 -0.998999 -0.010968 -0.3257 0.935853 0.134535 0 -1 0 0 -1 0 0 -1 0 0 -1 0 0 -1 0 0 -1 0 -0.993767 -0.111476 -0.000416 -0.993768 -0.11147 -0.000215 -0.993768 -0.111466 -0.000191 -0.993766 -0.111486 -0.000421 -0.986949 -0.111521 -0.116169 -0.987419 -0.111545 -0.112082 -0.971835 -0.110459 -0.208172 -0.118632 -0.991101 -0.060369 -0.043368 -0.998999 -0.010961 -0.042024 -0.999114 0.00206 -0.040775 -0.999163 0.003373 0.228805 0.961799 0.150306 -0.7092 -0.257233 -0.656404 -0.699274 -0.197831 -0.686935 -0.711313 -0.272974 -0.647703 -0.695119 -0.177177 -0.696719 0.042024 -0.999114 0.00206 0.043363 -0.999 -0.010913 0.118639 -0.991101 -0.060361 0.040775 -0.999163 0.003373 -0.999947 0.001803 -0.01016 -0.999761 0.01717 -0.013527 -0.99981 0.019513 0.000301 -0.999781 0.014087 -0.01545 -0.999988 -0.004478 0.001819 -0.999185 0.035635 -0.018937 -0.999546 -0.027454 -0.012436 -0.999911 -0.013343 0.000202 -0.970393 -0.216392 0.107292 -0.999933 0.001822 -0.011448 -0.998188 -0.053361 -0.027817 -0.999937 0.006788 -0.008962 -0.999866 0.015662 -0.00477 -0.999845 0.016841 -0.00515 -0.999841 0.017074 -0.005087 -0.52382 0.846405 0.095973 -0.471786 0.873975 0.116558 -0.542578 0.829728 0.130998 0.21402 -0.711706 0.669081 0.429022 -0.885866 0.176582 0.114327 -0.726442 0.677651 -0.251729 -0.50726 0.824208 -0.547863 -0.505288 0.666731 0.433747 0.900977 0.010214 0.437473 0.899168 0.010663 0.436999 0.899396 0.010904 0.433975 0.900863 0.010552 0.44209 0.896892 0.011862 0.442647 0.896619 0.01174 0.839775 0.542926 0.002881 0.839778 0.542922 0.00288 0.839775 0.542927 0.002881 0.839779 0.542922 0.00288 0.564331 0.524724 -0.637335 0.561871 0.530797 -0.634472 0.563053 0.527397 -0.636258 0.557759 0.536509 -0.633296 -0.000002 0.627075 -0.778959 0.556727 0.540982 -0.630392 -0.000027 0.626584 -0.779354 0.52878 0.585464 -0.614511 0.149932 0.972821 -0.176466 0.171356 0.966169 -0.192756 0.171159 0.966388 -0.191829 0.146753 0.97372 -0.174162 0.000301 0.958408 -0.285401 -0.000512 0.957224 -0.289349 0.469556 0.882891 -0.004603 0.291363 -0.956608 0.002992 0.26153 -0.965194 0.001605 0.292083 -0.956388 0.003026 0.260724 -0.965412 0.001568 0.012077 0.284447 -0.958616 0.122401 0.278892 -0.95249 -0.174963 0.168555 -0.97004 -0.176855 0.169651 -0.969505 -0.179965 0.172209 -0.968482 -0.181561 0.164195 -0.969575 0.070659 -0.96952 -0.234602 0.053668 -0.980195 -0.190623 0.073894 -0.969577 -0.233366 0.000000 1 0 -0.000000 1 0 0.000000 1 0 0.000000 1 0 0 1 0 -0.000000 1 0 0 1 0 0.000001 1 0 -0.000000 1 0 0.000000 1 0 -0.939755 -0.327633 -0.097558 -0.940562 -0.3343 -0.059884 -0.932411 -0.310028 -0.185724 -0.940552 -0.335813 -0.050909 0.649051 0.189484 -0.736769 0.649053 0.189464 -0.736772 0.649054 0.189464 -0.736772 0.649051 0.189485 -0.736769 0.649048 0.189464 -0.736777 0.493895 0.644142 -0.584079 0.493146 0.643547 -0.585367 0.486596 0.644885 -0.589362 0.493895 0.644088 -0.584139 0.493974 0.644445 -0.583679 0.493401 0.644175 -0.58446 0.4929 0.643909 -0.585175 0.492639 0.643773 -0.585545 0.521231 -0.642192 -0.562057 0.402274 -0.808756 -0.429057 0.521795 -0.641181 -0.562688 0.397956 -0.813403 -0.424271 -0.012267 0.110106 -0.993844 -0.012941 0.109731 -0.993877 -0.013158 0.10961 -0.993888 -0.011871 0.110327 -0.993824 0.140657 0.972333 -0.186504 0.163641 0.967558 -0.192491 0.041691 0.996894 -0.06681 0.060492 0.993089 -0.100575 0.046352 0.993464 -0.10431 0.345519 0.937985 -0.028306 0.277445 0.915119 -0.292542 0.839776 0.542925 0.002881 0.839776 0.542926 0.002881 0.83978 0.542919 0.00288 -0.540538 -0.824213 -0.168795 -0.463706 -0.858254 -0.219945 -0.509361 -0.840074 -0.186619 0.775653 0.631155 0.00248 0.742503 0.669843 0.000287 0.779285 0.626665 0.002398 0.741218 0.671264 0.000412 0.881525 0.472124 -0.003438 0.882408 0.470471 -0.003523 0.352108 0.935959 0.001095 0.309977 0.950737 0.003591 0.311058 0.950384 0.003527 0.353547 0.935416 0.001009 0.900766 0.434292 0.003297 0.899445 0.437032 0.001379 0.902292 0.43111 0.003788 0.907506 0.420039 -0.000306 0.901682 0.432391 0.002862 0.887976 0.459879 0.003278 0.887484 0.460827 0.00336 -0.040733 -0.997908 0.05021 0.010986 -0.999934 0.003499 0.010232 -0.999931 0.005825 -0.044538 -0.997561 0.053735 0.060685 -0.998156 0.001047 0.064226 -0.997935 0.000727 0.973519 -0.222554 0.052261 0.97751 -0.201781 0.061312 0.999996 0.001602 0.002427 0.953696 -0.286851 0.090446 0.913073 -0.173008 0.369277 0.99214 0.088482 -0.088483 0.973303 0.201387 -0.110108 0.961301 0.269589 -0.056769 0.982093 0.127838 -0.138387 0.951628 0.280733 -0.124873 0.94944 0.286881 -0.127528 0.034499 -0.406683 0.912918 0.064055 -0.320201 0.945182 0.06812 -0.307936 0.948965 0.026412 -0.429525 0.902669 -0.893778 0.44563 -0.050741 -0.996392 0.084803 -0.003333 -0.860703 0.505705 -0.058756 -0.998251 0.059119 0 0.228797 -0.969761 0.084944 0.135763 -0.980068 0.145037 0.019758 -0.976182 0.216052 0.333467 -0.942662 0.013711 -0.00291 -0.999994 0.001902 -0.004745 -0.999989 -0.000467 -0.000109 -0.999985 0.005521 -0.007148 -0.999968 -0.003571 0.591169 0.420932 -0.687994 0.598874 0.487886 -0.635073 0.595992 0.458566 -0.659174 0.587696 0.398298 -0.704253 -0.444666 -0.862601 -0.241229 -0.463717 -0.85825 -0.219938 -0.445337 -0.855693 -0.263561 -0.509318 -0.840096 -0.186638 0.000054 -0.934213 -0.356716 0.18623 -0.960251 -0.207934 0.000043 -0.936112 -0.351703 0.185641 -0.960518 -0.207226 -0.839737 0.542988 0.002556 -0.840964 0.541086 0.0023 -0.839822 0.542857 0.002538 -0.841035 0.540975 0.002285 0.007176 0.999974 -0.000379 -0.560613 0.36985 -0.740894 -0.592446 0.358191 -0.7216 -0.561728 0.369437 -0.740255 -0.593627 0.357958 -0.720744 -0.606664 0.352869 -0.71235 -0.607672 0.352393 -0.711726 -0.614874 0.357054 -0.703166 -0.677855 0.322831 -0.660524 -0.683587 0.319469 -0.656238 -0.60722 0.360897 -0.70784 -0.568569 0.736319 -0.36683 -0.639046 0.698924 -0.321132 -0.548417 0.74548 -0.378812 -0.67242 0.677911 -0.297134 -0.692566 0.114676 -0.712181 -0.874418 -0.050468 -0.482541 -0.880246 -0.057722 -0.470995 -0.666326 0.133059 -0.733693 0.000139 0.738444 -0.674315 -0.496073 0.640741 -0.585971 0.282024 0.709136 -0.646211 0.494342 0.64422 -0.583616 -0.496078 0.640733 -0.585977 0.501197 0.638705 -0.58383 0.7092 -0.257233 -0.656404 0.699273 -0.197832 -0.686935 0.695119 -0.177177 -0.696719 0.711313 -0.272974 -0.647703 0.311897 -0.704589 -0.637397 0.469093 -0.223903 -0.854295 0.462137 -0.262989 -0.846916 0.306398 -0.714519 -0.628954 0.441517 0.409729 -0.798239 0.441517 0.409729 -0.798239 0.441517 0.409728 -0.798239 0.441516 0.409729 -0.798239 0.441123 0.410193 -0.798218 0.441517 0.409729 -0.798238 0.441517 0.409729 -0.798239 0.441516 0.409731 -0.798238 0.441515 0.409729 -0.79824 0.441518 0.40973 -0.798238 0.441517 0.409729 -0.798239 0.441264 0.40981 -0.798337 0.439478 0.410889 -0.798767 0.441055 0.411675 -0.797493 0.441516 0.409726 -0.798241 -0.949681 -0.312445 0.022013 -0.908695 -0.412184 -0.066167 -0.776374 -0.584576 -0.235613 -0.963402 -0.259694 0.066456 0.817713 -0.02007 0.575276 0.793369 -0.021565 0.608359 0.806977 -0.020746 0.590219 0.7842 -0.022097 0.620114 -0.517152 0.089612 0.851189 -0.268471 0.151576 0.951288 0.02219 0.125335 0.991866 -0.692002 0.148824 0.706388 -0.692119 0.19295 0.695515 -0.795572 0.363036 0.485046 -0.022152 -0.999721 0.008162 -0.021868 -0.999726 0.008416 -0.015009 -0.999782 0.014545 0.285063 0.789261 -0.54388 0.268454 0.825086 -0.497158 0.274161 0.818698 -0.504549 0.285037 0.781286 -0.555289 0.242129 0.868585 -0.432357 0.240494 0.871208 -0.427972 -0.159917 -0.488475 0.857799 -0.259814 -0.464078 0.846834 -0.200814 -0.47917 0.854441 -0.319635 -0.446681 0.835649 0.986949 -0.111521 -0.116169 0.993768 -0.11147 -0.000215 0.993768 -0.111466 -0.00019 0.987418 -0.111546 -0.112082 0.971835 -0.110459 -0.208172 0.993767 -0.111476 -0.000416 0.993766 -0.111487 -0.000421 -0.000314 0.111482 -0.993766 0.00048 0.110885 -0.993833 -0.001759 0.112539 -0.993646 0.001229 0.110332 -0.993894 -0.18623 -0.960251 -0.207934 -0.000043 -0.936122 -0.351676 -0.185641 -0.960518 -0.207226 -0.000054 -0.934215 -0.35671 -0.775653 0.631155 0.00248 -0.742501 0.669845 0.000287 -0.741216 0.671266 0.000412 -0.779258 0.626698 0.002377 -0.88148 0.472208 -0.003434 -0.882408 0.470471 -0.003523 0.259814 -0.464078 0.846834 0.200815 -0.47917 0.854441 0.319635 -0.446681 0.835649 0.159917 -0.488475 0.857799 0 -0.999682 0.025212 -0.000253 -0.999689 0.024951 -0.000243 -0.999688 0.024962 -0.000489 -0.999695 0.02471 0.838618 -0.543845 -0.030853 0.949679 -0.312449 0.022018 0.793033 -0.60342 -0.083566 0.963402 -0.259694 0.066456 0.938962 -0.331271 -0.092789 0.939659 -0.337297 -0.057189 0.939642 -0.338728 -0.048327 0.932227 -0.314925 -0.178254 -0.000359 0.124215 -0.992255 0.01336 0.124453 -0.992136 -0.006159 0.124099 -0.992251 0.022265 0.124579 -0.99196 0 -0.987946 -0.154802 -0.087093 -0.993986 -0.06638 -0.090674 -0.993905 -0.062693 -0.16845 -0.985538 0.018423 0.022152 -0.999721 0.008162 0.015009 -0.999782 0.014545 0.021868 -0.999725 0.008416 -0.09475 -0.98724 0.127985 -0.050248 -0.996242 0.07055 0.007148 -0.999968 -0.003571 -0.160847 -0.96367 0.213232 0 -0.003681 0.999993 0 -0.003681 0.999993 0 -0.003681 0.999993 0 -0.003681 0.999993 0 -0.003681 0.999993 0 -0.003681 0.999993 0.794371 -0.607311 -0.012157 0.838604 -0.54387 -0.030812 0.793036 -0.603425 -0.0835 0 0.224269 0.974527 0 0.224269 0.974527 0 0.224269 0.974527 0 0.224269 0.974527 0 0.224269 0.974527 0 0.224269 0.974527 0 0.992813 0.11968 0 0.992813 0.11968 0 0.992813 0.11968 0 0.992813 0.11968 0 0.992813 0.11968 -0.95278 0.232135 0.195766 -0.964279 0.1422 0.223484 -0.943789 0.276456 0.181202 -0.965218 0.129197 0.227295 0.943789 0.276456 0.181202 0.964279 0.1422 0.223484 0.95278 0.232134 0.195764 0 0.981232 0.19283 0 0.981232 0.192831 0 0.981232 0.19283 0 0.981232 0.192831 0 0.940408 -0.340048 0 0.940409 -0.340046 0 0.940409 -0.340047 0 0.940408 -0.340048 -0.985458 0.148524 0.082542 -0.990839 0.09307 0.097852 -0.99019 0.1021 0.095389 -0.981569 0.175842 0.074842 0 0.197563 0.98029 0 0.197562 0.98029 0 0.197562 0.98029 0 0.197561 0.980291 0.982249 0.168138 0.083168 0.988374 0.116605 0.097575 0.989236 0.10649 0.100361 0.977271 0.19847 0.07451 0.993512 0.10695 -0.038673 0.992119 0.124102 -0.017249 0.992612 0.119007 -0.023625 0.990453 0.137848 0 -0.994356 0.104077 -0.020595 -0.993981 0.108512 -0.015063 -0.995049 0.093466 -0.033796 -0.992707 0.120555 0 0 0.166346 -0.986067 0 0.166347 -0.986067 0 0.166348 -0.986067 0 0.166346 -0.986068 -0.009387 0.979493 -0.201262 0.025354 0.025882 -0.999343 -0.117845 0.868824 -0.480892 0.121355 0.521713 0.844446 0.009785 0.393435 0.9193 -0.207743 -0.003743 -0.978176 0.028252 -0.36123 0.932048 0.599726 0.683132 0.416725 -0.351215 0.850862 -0.390745 0.164862 -0.512079 0.842969 -0.398618 0.912184 -0.094989 -0.700205 -0.012484 -0.713833 0.035254 -0.966781 -0.253164 0.786595 0.617299 0.014481 -0.983777 0.015649 -0.178713 -0.072937 -0.861788 -0.501998 0.765057 -0.641235 0.059209 -0.999772 0.020716 0.005116 0.565207 -0.705203 0.428052 0.788567 -0.614942 0.002832 -0.306075 0.951703 -0.02409 -0.349773 -0.863544 -0.363249 -0.345325 -0.938096 0.026946 0.80982 0.585914 -0.029937 -0.436198 -0.899047 -0.038017 -0.350294 -0.936068 0.032727 -0.267831 0.963233 -0.021157 0.813426 -0.581655 0.003868 0.79873 0.600988 -0.029035 -0.997788 0.064634 0.015541 -0.350249 -0.936085 0.032715 -0.345283 -0.938112 0.02693 -0.436148 -0.899071 -0.038027 -0.349731 -0.86355 -0.363276 -0.072871 -0.86181 -0.501969 0.03523 -0.966802 -0.253088 0.009393 0.979492 -0.201262 0.117831 0.868825 -0.480894 -0.025354 0.025882 -0.999343 -0.121356 0.521713 0.844446 -0.009785 0.393435 0.919301 0.207743 -0.003742 -0.978176 -0.028257 -0.36123 0.932048 0.351208 0.850863 -0.39075 0.072937 -0.861813 -0.501955 -0.164851 -0.512087 0.842965 -0.599729 0.683131 0.416722 0.349743 -0.863552 -0.363261 -0.035228 -0.966782 -0.253163 -0.565202 -0.705204 0.428059 0.700205 -0.012484 -0.713833 0.072866 -0.861785 -0.502013 -0.765057 -0.641235 0.059209 0.983777 0.015645 -0.178713 -0.786595 0.6173 0.014481 0.436152 -0.89907 -0.038006 0.398618 0.912184 -0.09499 -0.788567 -0.614943 0.00283 0.999772 0.020717 0.005116 0.306075 0.951703 -0.024092 -0.80982 0.585914 -0.029937 0.345283 -0.938111 0.026984 0.267832 0.963233 -0.021158 -0.813426 -0.581655 0.003869 0.350251 -0.936084 0.032725 -0.798729 0.60099 -0.029035 0.350294 -0.936067 0.032748 0.997788 0.064635 0.015541 0.345324 -0.938096 0.02695 0.436202 -0.899046 -0.037991 0.34975 -0.863545 -0.36327 -0.035236 -0.966802 -0.253087 0 0.981232 0.19283 0 0.981232 0.19283 0 0.981232 0.19283 0 0.981232 0.192831 0 0.940408 -0.340048 0 0.940409 -0.340047 0 0.940409 -0.340046 0 0.940408 -0.340048 0.981569 0.175843 0.074843 0.99019 0.1021 0.095388 0.985458 0.148524 0.08254 0.990839 0.09307 0.097852 0 0.197563 0.98029 0 0.197562 0.98029 0 0.197562 0.98029 0 0.197561 0.980291 -0.988374 0.116605 0.097575 -0.982249 0.168138 0.083168 -0.989236 0.10649 0.100361 -0.977271 0.198469 0.07451 -0.993512 0.10695 -0.038673 -0.992612 0.119007 -0.023625 -0.992129 0.124013 -0.01736 -0.990453 0.137848 0 0.993984 0.108482 -0.0151 0.994356 0.104077 -0.020595 0.995049 0.093465 -0.033796 0.992707 0.120555 0 0 0.166346 -0.986067 0 0.166347 -0.986067 0 0.166345 -0.986068 0 0.166349 -0.986067 0 1 0 0 1 0 0 1 0 0 1 0 -0.996393 0.08432 -0.009537 -0.996371 0.08465 -0.008917 -0.995998 0.089376 0 -0.996573 0.081304 -0.015203 0.995996 0.089402 0 0.996214 0.086173 -0.011513 0.996182 0.086803 -0.00927 0.996274 0.084313 -0.018131 -0.332779 0.667966 -0.665642 -0.406903 0.663371 -0.627988 -0.321389 0.668256 -0.670927 -0.428578 0.661096 -0.615852 0 1 0 0 1 0 0 1 0 0 1 0 -0.996402 0.084173 -0.009923 -0.99639 0.084344 -0.009599 -0.995998 0.089379 0 -0.996568 0.081366 -0.015261 0.995997 0.089387 0 0.996199 0.086321 -0.011688 0.996168 0.086973 -0.009215 0.996251 0.084543 -0.018366 -0.332789 0.667966 -0.665637 -0.406908 0.66337 -0.627986 -0.3214 0.668257 -0.67092 -0.42858 0.661098 -0.615848 0.000002 1 0 -0.000000 1 0 -0.000001 1 0 0.000003 1 0 0.99639 0.084344 -0.009599 0.996402 0.084174 -0.009923 0.995998 0.089378 0 0.996568 0.081366 -0.015261 -0.996198 0.086345 -0.011594 -0.995997 0.089387 0 -0.996169 0.086961 -0.009262 -0.996251 0.084543 -0.018366 0.332788 0.667966 -0.665638 0.406907 0.66337 -0.627986 0.428579 0.661099 -0.615848 0.321398 0.668258 -0.670921 -0.000000 1 0 -0.000003 1 0 -0.000003 1 0 0 1 0 0.996371 0.08465 -0.008916 0.996393 0.08432 -0.009536 0.995998 0.089376 0 0.996573 0.081304 -0.015202 -0.996214 0.086173 -0.011513 -0.995996 0.089402 0 -0.996182 0.086803 -0.00927 -0.996274 0.084313 -0.018131 0.33278 0.667966 -0.665642 0.406903 0.663371 -0.627988 0.428578 0.661096 -0.615851 0.321391 0.668255 -0.670927 -0.096424 -0.984878 -0.143933 -0.057878 -0.989298 -0.133939 -0.018146 -0.99303 -0.116458 -0.105548 -0.992768 -0.05719 0.001519 -0.995285 -0.096983 -0.144733 -0.989471 -0.000267 -0.055947 -0.99527 -0.079416 -0.153004 -0.98636 0.060703 -0.213036 -0.966516 0.143044 -0.046126 -0.990348 -0.130703 -0.0478 -0.994154 0.096818 -0.241255 -0.940736 0.238352 -0.047021 -0.989288 -0.138195 -0.163288 -0.965387 0.203385 -0.29489 -0.894503 0.336013 -0.053668 -0.980195 -0.190623 -0.283345 -0.911725 0.297444 -0.07066 -0.96952 -0.234603 -0.073893 -0.969577 -0.233365 -0.287449 -0.955414 0.067514 -0.305002 -0.83152 0.464272 -0.29492 -0.821724 0.487639 -0.257854 -0.855232 0.449544 -0.143006 -0.846658 0.512561 -0.881258 0.369637 -0.29454 -0.72602 0.514858 -0.45587 -0.598394 0.36918 -0.711078 -0.637692 -0.766197 -0.079318 -0.0065 0.829408 -0.558605 -0.065923 0.76386 -0.642006 -0.091968 0.767798 -0.634057 -0.027729 0.757055 -0.652762 -0.126191 0.772101 -0.622845 0 1 0 0 1 0 0 1 0 0 1 0 0 1 0 0 1 0 0 1 0 0 1 0 0 1 0 -0.618783 0.265045 -0.739499 -0.694304 0.32195 -0.643653 -0.477596 0.166044 -0.862746 -0.708192 0.332865 -0.622628 0.001876 0.680634 0.732621 0.043301 0.665163 0.745442 0.01208 0.676954 0.735926 0 0.681312 0.731993 0 0.681312 0.731993 -0.001919 0.680619 0.732635 -0.012081 0.676955 0.735925 -0.043301 0.665163 0.745442 -0.284794 0.469905 -0.835513 -0.24934 0.478698 -0.84183 -0.292162 0.467985 -0.834045 -0.302514 0.46523 -0.831893 -0.000000 1 0 0.000000 1 0 0.000000 1 0 0.000000 1 0 -0.000000 1 0 -0.000001 1 0 -0.000000 1 0 0 1 0 0 1 0 0 1 0 0 1 0 0 1 0 0.000000 1 0 0.000000 1 0 0.000002 1 0 0.475977 0.879446 0.004479 0.421554 0.906688 0.014455 0.379824 0.925003 0.010191 0.240802 0.970034 0.032378 0.428432 0.903361 -0.019652 0.364698 0.931015 -0.01438 0.43386 0.900239 -0.036555 0.469028 0.881451 -0.055286 0.551868 0.832519 -0.048514 0.49456 0.862062 -0.110721 0.630218 0.699831 -0.336248 0.532873 0.845825 -0.025026 0.784456 0.605363 -0.134773 0.737632 0.671845 -0.067258 0.895119 0.421039 -0.14659 0.76869 0.462381 -0.44195 0.658813 0.751765 -0.028544 0.910904 0.404738 -0.080258 0.920677 0.300745 -0.24881 0.809958 0.586133 -0.020394 0.949376 0.254687 -0.183903 0.727026 0.185027 -0.661209 0.794648 0.607071 0 0.926884 0.12825 -0.352758 0.794648 0.607071 0 -0.784604 0.540824 -0.303161 -0.775375 0.539387 -0.328413 -0.786799 0.541118 -0.296883 -0.773864 0.539126 -0.332382 -0.795669 0.540774 0.272898 -0.815835 0.496044 0.297244 -0.829125 0.468642 0.304839 -0.778665 0.569555 0.263224 -0.804055 0.526016 0.277132 -0.769886 0.574445 0.278008 -0.837275 0.446217 0.316007 -0.758139 0.609145 0.232742 -0.748193 0.622922 0.228421 -0.797194 0.522625 0.302234 -0.744343 0.630509 0.220027 -0.735366 0.639434 0.224413 -0.700338 0.682064 0.21051 -0.742577 0.632716 0.219658 -0.75735 0.596789 0.265073 -0.731286 0.647358 0.214823 -0.664981 0.731092 0.152663 -0.758906 0.6058 0.238889 -0.67908 0.699798 0.22166 -0.752 0.610034 0.249709 -0.820529 0.489129 0.295779 -0.844413 0.423934 0.327486 -0.870156 -0.06091 -0.488997 -0.870156 -0.06091 -0.488997 -0.870156 -0.06091 -0.488997 0 1 0 0 1 0 -0.580718 0.584958 -0.566208 0.851472 -0.455682 -0.259517 0.884237 -0.234873 -0.403683 0.842407 -0.178867 -0.508289 0.932494 -0.289513 -0.215957 0.812914 -0.539834 -0.218518 0.627236 -0.123191 -0.769024 0.902884 -0.3625 -0.231071 0.977805 0.085694 -0.191189 0.558744 -0.135188 -0.818248 0.973873 0.057403 -0.219719 0.781036 -0.578 -0.236429 0.960367 0.199838 -0.194321 0.89681 -0.37617 -0.232868 0.665864 -0.704999 -0.244134 0.978161 -0.038644 -0.204227 0.810983 -0.527225 -0.253655 0.820331 -0.472928 -0.321554 0.975748 0.121473 -0.182097 0.665488 -0.685914 -0.294361 0.957548 -0.133436 -0.255534 0.891007 0.18947 -0.412562 0.956517 0.114996 -0.26805 0.893529 0.298372 -0.335529 0.837053 0.371688 -0.401486 0.940968 0.265596 -0.20985 0.95646 0.244297 -0.1597 0.907379 0.332735 -0.256811 -0.000000 1 0 -0.678244 0.44607 -0.583958 -0.836185 0.548448 0 -0.875822 0.481484 -0.033302 -0.839002 0.543995 -0.012075 -0.772318 0.634913 -0.020244 -0.882835 0.467996 -0.039783 -0.759435 0.650157 -0.023555 -0.73985 0.672691 -0.010448 -0.734663 0.678306 -0.013083 0.000000 1 0 -0.000000 1 0 0 1 0 0.000000 1 0 0 1 0 -0.000000 1 0 -0.000000 1 0 0 1 0 0 1 0 0.000000 1 0 0.000000 1 0 0 1 0 0.000000 1 0 0 1 0 -0.000000 1 0 0.000000 1 0 0.000000 1 0 0.000000 1 0 -0.000000 1 0 -0.772805 0.632516 0.051926 -0.826175 0.563081 0.019361 -0.774771 0.630196 0.050821 -0.826207 0.56308 0.017973 -0.69715 0.716925 0.001295 -0.696994 0.717075 0.0016 -0.667557 0.742075 -0.060764 -0.667173 0.74212 -0.064319 0 1 0 0 1 0 0 1 0 0 1 0 0 1 0 0.02215 0.668769 -0.74314 -0.145446 0.623981 -0.767784 0.025336 0.66619 -0.745352 -0.352818 0.681339 -0.641324 -0.379178 0.670576 -0.637614 -0.526487 0.653043 -0.544377 -0.556545 0.630121 -0.541483 0.836185 0.548448 0 0.77229 0.634947 -0.020264 0.839002 0.543995 -0.012075 0.875822 0.481484 -0.033302 0.759435 0.650157 -0.023555 0.882835 0.467996 -0.039784 0.73985 0.672691 -0.010448 0.734663 0.678306 -0.013083 0 1 0 0 1 0 0 1 0 -0.000000 1 0 0 1 0 -0.000000 1 0 -0.000000 1 0 0 1 0 0 1 0 -0.000000 1 0 0.000000 1 0 -0.000000 1 0 0.000001 1 0 0.000000 1 0 -0.000000 1 0 0 1 0 0 1 0 0.000000 1 0 0.000000 1 0 -0.000000 1 0 0.000000 1 0 0 1 0 0.000000 1 0 -0.89681 -0.37617 -0.232869 -0.665864 -0.704999 -0.244134 -0.780991 -0.578077 -0.236388 -0.810983 -0.527224 -0.253655 -0.902863 -0.362535 -0.231101 -0.97816 -0.038644 -0.204228 -0.820358 -0.472883 -0.321551 -0.812894 -0.539873 -0.218497 -0.973876 0.057352 -0.219717 -0.665488 -0.685914 -0.294361 -0.960367 0.199839 -0.19432 -0.957548 -0.133436 -0.255534 -0.913071 0.032766 -0.406483 -0.975748 0.121473 -0.182097 -0.95646 0.244296 -0.1597 -0.956517 0.114996 -0.26805 -0.837032 0.371688 -0.40153 -0.940968 0.265597 -0.20985 -0.893509 0.298382 -0.335574 -0.907379 0.332735 -0.25681 0 0.899769 -0.436368 0 0.899769 -0.436367 0 0.899768 -0.436368 0 0.899769 -0.436367 0 0.899769 -0.436368 0 0.899769 -0.436367 0.00314 0.888426 -0.45901 0.022427 0.888583 -0.458167 0.031829 0.889444 -0.455935 0.002798 0.887756 -0.460306 0 0.889877 -0.456201 0 0.889877 -0.4562 -0.003213 0.888482 -0.4589 -0.002874 0.8877 -0.460414 -0.022426 0.888583 -0.458167 -0.031828 0.889444 -0.455934 0.708192 0.332864 -0.622628 0.618782 0.265048 -0.739499 0.694302 0.321954 -0.643654 0.477596 0.166045 -0.862746 0 1 0 0.000000 1 0 -0.000000 1 0 -0.000001 1 0 0 1 0 -0.000000 1 0 0 1 0 0.000001 1 0 -0.000000 1 0 0.000000 1 0 0 1 0 -0.000000 1 0 0 1 0 -0.000002 1 0 0 1 0 0.962441 0.238245 -0.130179 0.962441 0.238245 -0.130179 0.962441 0.238245 -0.130179 -0.620137 0.693429 -0.366861 0.616167 -0.139157 -0.775225 0.58711 0.029989 -0.808952 0.617962 -0.155165 -0.770745 0.578227 0.067396 -0.813088 0.53758 0.60336 -0.589037 -0.932493 -0.289513 -0.21596 -0.851473 -0.455681 -0.259517 -0.88423 -0.234895 -0.403685 -0.842407 -0.178867 -0.508289 -0.977684 0.08599 -0.191673 -0.6272 -0.123197 -0.769053 -0.558744 -0.135188 -0.818248 -0.475971 0.87945 0.004479 -0.367227 0.92947 0.035072 -0.421709 0.906614 0.01454 -0.379824 0.925003 0.01019 -0.240801 0.970034 0.032378 -0.428472 0.903341 -0.019669 -0.364698 0.931015 -0.01438 -0.433903 0.900218 -0.03656 -0.551867 0.83252 -0.048514 -0.469028 0.881451 -0.055286 -0.532838 0.845846 -0.025052 -0.494565 0.86206 -0.110719 -0.737632 0.671845 -0.067256 -0.63021 0.699837 -0.336249 -0.658818 0.751759 -0.028591 -0.784452 0.605369 -0.13477 -0.76869 0.462382 -0.441949 -0.809958 0.586133 -0.020394 -0.920683 0.300724 -0.248815 -0.794648 0.607071 0 -0.910904 0.404738 -0.080258 -0.895181 0.420904 -0.146601 -0.727026 0.185029 -0.66121 -0.794648 0.607071 0 -0.949385 0.254642 -0.183919 -0.926885 0.128238 -0.352759 0.163288 -0.965387 0.203385 0.241255 -0.940736 0.238352 0.294889 -0.894503 0.336013 0.153005 -0.986359 0.060702 0.283345 -0.911725 0.297444 0.213055 -0.966513 0.143037 0.0478 -0.994153 0.096819 0.096424 -0.984879 -0.143933 0.305002 -0.83152 0.464272 0.29492 -0.821724 0.487639 -0.001519 -0.995285 -0.096983 0.144728 -0.989472 -0.000219 0.018146 -0.99303 -0.116458 0.257854 -0.855232 0.449544 0.143005 -0.846659 0.51256 0.287449 -0.955414 0.067514 0.057878 -0.989298 -0.133939 -0.001616 0.095067 -0.99547 0.047021 -0.989288 -0.138194 0.046092 -0.990345 -0.130737 0.055947 -0.99527 -0.079416 0.105549 -0.992768 -0.05719 0.820546 0.489087 0.2958 0.752 0.610034 0.249709 0.844389 0.423974 0.327495 0.758926 0.605793 0.238846 0.837275 0.446217 0.316007 0.679079 0.699799 0.221661 0.804034 0.526057 0.277116 0.757351 0.596788 0.265072 0.829257 0.468459 0.30476 0.795667 0.540755 0.272943 0.758139 0.609144 0.232742 0.815835 0.496044 0.297244 0.748193 0.622922 0.228421 0.744384 0.63049 0.219943 0.778666 0.569555 0.263223 0.742263 0.633011 0.21987 0.735397 0.639398 0.224413 0.769886 0.574445 0.278008 0.731261 0.647393 0.214802 0.700338 0.682064 0.21051 0.797194 0.522625 0.302234 0.664981 0.731092 0.152662 0.786775 0.087036 -0.611072 0.718084 0.384988 -0.579776 0.126191 0.772101 -0.622845 0.065923 0.763861 -0.642006 0.091924 0.767792 -0.63407 0.027729 0.757055 -0.652762 0.680462 -0.732529 -0.019315 0.637692 -0.766197 -0.079318 0.945598 0.290287 -0.146892 0.942361 0.291075 -0.165016 0.881255 0.369649 -0.294533 0.726018 0.51486 -0.45587 0.598394 0.36918 -0.711078 0.352848 0.681352 -0.641294 0.145443 0.623973 -0.767791 -0.025334 0.666189 -0.745353 -0.02215 0.668769 -0.74314 0.774771 0.630196 0.050821 0.697151 0.716923 0.001294 0.696995 0.717074 0.001599 0.772805 0.632516 0.051926 0.667557 0.742075 -0.060764 0.667173 0.74212 -0.064319 0.826176 0.563079 0.019362 0.826208 0.563078 0.017973 -0.025097 -0.99967 0.005532 0.8343 -0.02759 -0.55062 0.762523 0.101069 -0.639018 0.786799 0.541118 -0.296883 0.775325 0.539378 -0.328547 0.784508 0.540811 -0.303431 0.773864 0.539127 -0.332382 -0.616172 -0.139203 -0.775212 -0.58711 0.029988 -0.808951 -0.578228 0.067395 -0.813087 -0.617962 -0.155165 -0.770744 0.870156 -0.06091 -0.488997 0.870156 -0.06091 -0.488997 0.870156 -0.06091 -0.488997 0.302514 0.46523 -0.831893 0.292162 0.467985 -0.834046 0.284794 0.469906 -0.835512 0.24934 0.478698 -0.84183 -0.736335 0.330749 -0.590267 -0.962441 0.238245 -0.130179 -0.962441 0.238245 -0.130179 -0.962441 0.238245 -0.130179 0.130506 0.818548 -0.559416 0.012259 0.335785 -0.941859 0.019938 0.32745 -0.944658 0 0.33847 -0.940977 0 0.348986 -0.937128 -0.012259 0.335785 -0.941859 -0.019938 0.32745 -0.944658 0.876069 0.290649 -0.384741 0.620137 0.693429 -0.366861 0.748371 0.539972 -0.385191 0.899217 0.217983 -0.379333 0.064457 -0.988738 0.135063 -0.027341 -0.989523 0.141765 -0.011215 -0.989993 0.140673 0.150942 -0.980265 0.127659 0.025097 -0.99967 0.005532 0 0.900202 -0.435473 0 0.900202 -0.435472 0 0.900202 -0.435472 0 0.900202 -0.435472 0 0.900202 -0.435473 0 0.900202 -0.435473 -0.851858 0.219962 -0.475347 -0.862033 0.132138 -0.489325 -0.863172 0.115539 -0.491513 -0.841119 0.278321 -0.463742 0 0.155474 -0.98784 0 0.155473 -0.98784 0 0.155473 -0.98784 0 0.155474 -0.98784 0 0.155474 -0.98784 0 0.155474 -0.98784 0 0.992813 0.11968 0.965218 0.129197 0.227294 0.862033 0.132138 -0.489325 0.851857 0.219963 -0.475348 0.863172 0.11554 -0.491513 0.841118 0.278321 -0.463742 0.547863 -0.505289 0.666731 -0.150942 -0.980265 0.127659 0.454613 -0.878134 0.149022</float_array>
          <technique_common>
            <accessor source="#GeometrySource1-array" count="8692" stride="3">
              <param name="X" type="float"/>
              <param name="Y" type="float"/>
              <param name="Z" type="float"/>
            </accessor>
          </technique_common>
        </source>
        <source id="GeometrySource2" name="scryveship_ScryveShipUV">
          <float_array id="GeometrySource2-array" count="17384">0.941405 -0.636194 0.972 -0.656001 0.972 -0.636194 0.941405 -0.656001 0.972 -0.662593 0.941405 -0.662593 0.972 -0.685496 0.941405 -0.685496 0.972 -0.636194 0.941405 -0.6318 0.941405 -0.636194 0.972 -0.631693 0.997894 -0.643107 0.972 -0.636194 0.9785 -0.655406 0.975799 -0.633799 0.992905 -0.634806 0.972 -0.656001 0.937606 -0.633799 0.915496 -0.643107 0.941405 -0.636194 0.934798 -0.655406 0.941405 -0.656001 0.972 -0.685496 0.941405 -0.695201 0.972 -0.695201 0.972 -0.656001 0.941405 -0.662593 0.972 -0.662593 0.941405 -0.656001 0.369406 -0.997696 0.368902 -0.9617 0.365103 -0.997696 0.373693 -0.997604 0.364797 -0.9617 0.373007 -0.961593 0.360693 -0.961807 0.3608 -0.997696 0.356497 -0.997696 0.356603 -0.961807 0.352407 -0.9617 0.352193 -0.997696 0.347906 -0.997696 0.348302 -0.9617 0.344198 -0.961593 0.343603 -0.997604 0.339193 -0.997497 0.340093 -0.961501 0.964797 -0.968597 0.960204 -0.970901 0.964508 -0.970901 0.959899 -0.968597 0.964797 -0.948501 0.959899 -0.948501 0.969696 -0.948501 0.955001 -0.968597 0.969696 -0.968597 0.955001 -0.948501 0.974594 -0.948501 0.969406 -0.970901 0.974594 -0.968597 0.965103 -0.970901 0.979507 -0.948501 0.970001 -0.970901 0.979507 -0.968597 0.974304 -0.970901 0.984405 -0.948501 0.979202 -0.970901 0.984405 -0.968597 0.974899 -0.970901 0.989303 -0.948501 0.979797 -0.970901 0.989303 -0.968597 0.994202 -0.948501 0.9841 -0.970901 0.988998 -0.970901 0.984695 -0.970901 0.994202 -0.968597 0.989593 -0.970901 0.993896 -0.970901 0.959594 -0.970901 0.955306 -0.970901 0.363607 -0.957198 0.364706 -0.960906 0.366705 -0.955901 0.360296 -0.9579 0.368505 -0.959396 0.360693 -0.961807 0.371893 -0.957107 0.369406 -0.954101 0.356603 -0.961807 0.356893 -0.9579 0.353704 -0.957198 0.352499 -0.960998 0.348699 -0.959396 0.350607 -0.955901 0.347799 -0.954101 0.345296 -0.957107 0.342397 -0.954208 0.345403 -0.951705 0.338003 -0.946197 0.337697 -0.9243 0.334707 -0.946197 0.341405 -0.946105 0.334493 -0.9243 0.340902 -0.924193 0.331197 -0.9243 0.331304 -0.946303 0.327993 -0.946303 0.327993 -0.9243 0.324804 -0.9243 0.324605 -0.946303 0.321294 -0.946197 0.321599 -0.9243 0.318303 -0.924193 0.317998 -0.946197 0.314595 -0.946105 0.315099 -0.924193 0.785595 -0.947204 0.785504 -0.944198 0.784405 -0.944198 0.786404 -0.946395 0.788602 -0.948501 0.785595 -0.941207 0.788602 -0.947295 0.790799 -0.946395 0.786404 -0.942 0.791608 -0.947204 0.788602 -0.940002 0.788602 -0.9411 0.791699 -0.944198 0.790799 -0.942 0.792905 -0.944198 0.791608 -0.941207 0.654994 -0.953506 0.656992 -0.954803 0.659297 -0.948898 0.653605 -0.951507 0.659297 -0.9552 0.652995 -0.949203 0.661601 -0.954803 0.663706 -0.953506 0.665095 -0.951598 0.665705 -0.949294 0.444999 -0.997406 0.444602 -0.961395 0.440696 -0.997497 0.449302 -0.997406 0.440497 -0.961501 0.448707 -0.961395 0.436393 -0.961501 0.436393 -0.997497 0.432105 -0.997497 0.432303 -0.961501 0.428199 -0.961395 0.427802 -0.997406 0.423499 -0.997406 0.424002 -0.961395 0.419898 -0.961303 0.419196 -0.997299 0.414893 -0.997208 0.415793 -0.961196 0.879393 -0.968597 0.8748 -0.970901 0.879194 -0.970901 0.874495 -0.968597 0.879393 -0.948501 0.884306 -0.948501 0.874495 -0.948501 0.884306 -0.968597 0.869596 -0.968597 0.874296 -0.970901 0.889204 -0.948501 0.869703 -0.948501 0.889204 -0.968597 0.869902 -0.970901 0.894102 -0.948501 0.884596 -0.970901 0.894102 -0.968597 0.888899 -0.970901 0.899001 -0.948501 0.893797 -0.970901 0.899001 -0.968597 0.894408 -0.970901 0.889494 -0.970901 0.903899 -0.948501 0.898695 -0.970901 0.903899 -0.968597 0.903593 -0.970901 0.908797 -0.948501 0.899306 -0.970901 0.908797 -0.968597 0.904204 -0.970901 0.908507 -0.970901 0.884001 -0.970901 0.879698 -0.970901 0.439307 -0.957 0.440406 -0.960693 0.442405 -0.955703 0.435996 -0.957595 0.444205 -0.959106 0.436393 -0.961501 0.447593 -0.956802 0.445197 -0.953796 0.432303 -0.961501 0.4327 -0.957595 0.429404 -0.956893 0.428199 -0.960693 0.424399 -0.959106 0.426307 -0.955596 0.423499 -0.953796 0.420996 -0.956802 0.418097 -0.953902 0.421195 -0.9514 0.396994 -0.946197 0.396704 -0.9243 0.393698 -0.946303 0.400397 -0.946105 0.393393 -0.9243 0.399893 -0.924193 0.390204 -0.9243 0.390295 -0.946303 0.386999 -0.946303 0.386999 -0.9243 0.383795 -0.9243 0.383597 -0.946303 0.380301 -0.946197 0.380499 -0.9243 0.377295 -0.9243 0.376898 -0.946197 0.373602 -0.946105 0.374105 -0.924193 0.720195 -0.945403 0.720104 -0.942397 0.718898 -0.942397 0.723201 -0.9467 0.721004 -0.944595 0.720195 -0.939406 0.721004 -0.9402 0.725399 -0.944595 0.723201 -0.945495 0.726207 -0.945403 0.723201 -0.938201 0.723201 -0.9393 0.727504 -0.942397 0.726207 -0.939406 0.726299 -0.942397 0.725399 -0.9402 0.615198 -0.949905 0.615793 -0.952193 0.621607 -0.949493 0.6215 -0.955901 0.623896 -0.955505 0.625895 -0.954208 0.627298 -0.9523 0.627894 -0.949996 0.407599 -0.997604 0.407004 -0.9617 0.403296 -0.997696 0.411902 -0.997497 0.402899 -0.9617 0.411093 -0.961593 0.398795 -0.961807 0.398993 -0.997696 0.394705 -0.997803 0.394598 -0.961807 0.390494 -0.961807 0.390402 -0.997696 0.386099 -0.997696 0.386404 -0.9617 0.3823 -0.9617 0.381704 -0.997696 0.377401 -0.997604 0.378195 -0.961593 0.922393 -0.968597 0.917693 -0.970901 0.922103 -0.970901 0.917494 -0.968597 0.922393 -0.948501 0.927199 -0.948501 0.917494 -0.948501 0.927199 -0.968597 0.927001 -0.970901 0.912596 -0.968597 0.932097 -0.948501 0.922606 -0.970901 0.912596 -0.948501 0.917205 -0.970901 0.932097 -0.968597 0.912902 -0.970901 0.936996 -0.948501 0.927504 -0.970901 0.936996 -0.968597 0.931899 -0.970901 0.936797 -0.970901 0.941894 -0.948501 0.932403 -0.970901 0.941894 -0.968597 0.937301 -0.970901 0.946807 -0.948501 0.941604 -0.970901 0.946807 -0.968597 0.946502 -0.970901 0.951705 -0.948501 0.942199 -0.970901 0.951705 -0.968597 0.947097 -0.970901 0.9514 -0.970901 0.401602 -0.957198 0.402792 -0.960906 0.4047 -0.955901 0.398398 -0.9579 0.406607 -0.959304 0.398795 -0.961807 0.409995 -0.957 0.394598 -0.961807 0.394995 -0.9579 0.407507 -0.953994 0.391699 -0.957198 0.3906 -0.960998 0.386801 -0.959396 0.388602 -0.955993 0.385901 -0.954101 0.383398 -0.957107 0.380499 -0.954208 0.383505 -0.951797 0.367697 -0.946197 0.367407 -0.9243 0.364401 -0.946303 0.371099 -0.946105 0.364202 -0.9243 0.370596 -0.924193 0.360906 -0.9243 0.360998 -0.946303 0.357702 -0.946303 0.357702 -0.9243 0.354498 -0.9243 0.354406 -0.946303 0.351003 -0.946197 0.351293 -0.9243 0.347997 -0.9243 0.347707 -0.946197 0.344305 -0.946105 0.344793 -0.924193 0.773007 -0.939605 0.774304 -0.942596 0.775097 -0.941695 0.774197 -0.939605 0.774304 -0.936599 0.777295 -0.943801 0.775097 -0.937407 0.779507 -0.941802 0.777295 -0.942702 0.777295 -0.936507 0.780301 -0.942596 0.777295 -0.935302 0.780301 -0.936599 0.780407 -0.939605 0.779507 -0.937407 0.781506 -0.939605 0.6907 -0.949294 0.691295 -0.951598 0.697093 -0.949004 0.697002 -0.955306 0.699397 -0.954894 0.701396 -0.953597 0.7028 -0.951705 0.703395 -0.949401 0.674601 -0.913893 0.674601 -0.904601 0.670497 -0.913893 0.674601 -0.920607 0.670497 -0.904601 0.670298 -0.920607 0.670497 -0.897902 0.674601 -0.897902 0.670497 -0.897902 0.674601 -0.897902 0.670497 -0.892393 0.674601 -0.892393 0.680598 -0.9122 0.674601 -0.904601 0.674601 -0.913893 0.681102 -0.904601 0.677104 -0.920104 0.676295 -0.898207 0.683604 -0.917098 0.681697 -0.897002 0.670298 -0.927794 0.674601 -0.920607 0.670298 -0.920607 0.674601 -0.927794 0.663905 -0.904601 0.670497 -0.904601 0.668696 -0.898207 0.6645 -0.9122 0.670497 -0.913893 0.663401 -0.896895 0.667903 -0.920104 0.661402 -0.917098 0.458503 -0.776593 0.458396 -0.785794 0.462501 -0.785794 0.462593 -0.776593 0.462593 -0.769894 0.458305 -0.792599 0.462593 -0.792599 0.458503 -0.769894 0.462593 -0.769894 0.462699 -0.764401 0.458503 -0.769894 0.458595 -0.764401 0.452399 -0.7841 0.458396 -0.785794 0.458503 -0.776593 0.455802 -0.792096 0.451896 -0.776501 0.449302 -0.788998 0.456794 -0.770108 0.451408 -0.768795 0.462501 -0.799802 0.458305 -0.792599 0.458305 -0.799802 0.462593 -0.792599 0.469093 -0.776593 0.464393 -0.770199 0.462593 -0.776593 0.469703 -0.768994 0.468498 -0.784207 0.462501 -0.785794 0.465003 -0.792096 0.471504 -0.789105 0.634394 -0.552193 0.648707 -0.552193 0.648707 -0.545998 0.648707 -0.559304 0.634394 -0.545998 0.634394 -0.559304 0.634394 -0.566506 0.648707 -0.566506 0.648707 -0.570596 0.634394 -0.570596 0.650507 -0.570199 0.659693 -0.558999 0.648707 -0.566506 0.648707 -0.559304 0.650996 -0.552605 0.656306 -0.549401 0.623407 -0.558999 0.632105 -0.552605 0.626703 -0.549401 0.634394 -0.559304 0.634394 -0.566506 0.632593 -0.570199 0.613596 -0.465705 0.636698 -0.465705 0.6271 -0.455604 0.635798 -0.477501 0.613596 -0.455802 0.613596 -0.482597 0.6 -0.455604 0.591302 -0.477501 0.590494 -0.465705 0.591196 -0.481697 0.613596 -0.482597 0.591302 -0.477501 0.613397 -0.486793 0.613596 -0.482597 0.635996 -0.483497 0.636194 -0.479393 0.613397 -0.486793 0.784298 -0.737896 0.788006 -0.703899 0.780194 -0.711192 0.788403 -0.737896 0.780102 -0.736599 0.797696 -0.703899 0.797604 -0.737896 0.806806 -0.737896 0.807401 -0.703899 0.811002 -0.737896 0.815198 -0.711299 0.815106 -0.736706 0.641703 -0.581704 0.655299 -0.581598 0.641703 -0.575296 0.628107 -0.581903 0.655695 -0.575097 0.627695 -0.575402 0.661402 -0.581506 0.622003 -0.581903 0.661799 -0.575006 0.621607 -0.575494 0.491005 -0.842405 0.460502 -0.841901 0.460197 -0.859693 0.497398 -0.860304 0.6636 -0.556298 0.661799 -0.575006 0.669596 -0.556207 0.667796 -0.575006 0.667796 -0.581506 0.661402 -0.581506 0.674296 -0.557198 0.705303 -0.574395 0.705303 -0.557198 0.667796 -0.575006 0.705303 -0.581506 0.667796 -0.581506 0.721096 -0.557198 0.705303 -0.574395 0.721096 -0.575006 0.705303 -0.557198 0.448402 -0.841703 0.448203 -0.859495 0.460502 -0.841901 0.460197 -0.859693 0.497398 -0.866407 0.460197 -0.859693 0.451408 -0.867903 0.497398 -0.860304 0.497398 -0.8804 0.450095 -0.8804 0.451408 -0.893004 0.497398 -0.894408 0.460197 -0.901198 0.497398 -0.900496 0.758999 -0.543603 0.765606 -0.556893 0.767803 -0.551797 0.754696 -0.545403 0.796506 -0.556893 0.798306 -0.551202 0.674296 -0.557198 0.703105 -0.552102 0.672496 -0.551507 0.705303 -0.557198 0.711894 -0.543893 0.716197 -0.545693 0.749798 -0.556893 0.749798 -0.574701 0.765606 -0.574105 0.765606 -0.556893 0.765606 -0.581201 0.749798 -0.581201 0.460197 -0.901198 0.491096 -0.918502 0.497398 -0.900496 0.460502 -0.919005 0.621607 -0.575494 0.613397 -0.556802 0.615595 -0.575494 0.619394 -0.556695 0.615702 -0.581994 0.622003 -0.581903 0.765606 -0.574105 0.803098 -0.574701 0.796506 -0.556893 0.765606 -0.581201 0.765606 -0.556893 0.803098 -0.581201 0.448203 -0.901396 0.460502 -0.919005 0.460197 -0.901198 0.448493 -0.919203 0.7355 -0.581292 0.721096 -0.575006 0.721096 -0.581399 0.749798 -0.574701 0.735393 -0.574899 0.749798 -0.581201 0.715099 -0.613993 0.705303 -0.613993 0.705303 -0.620096 0.715007 -0.620096 0.724804 -0.613993 0.695598 -0.620096 0.724804 -0.620096 0.695598 -0.613993 0.734493 -0.613993 0.734493 -0.620096 0.685802 -0.620005 0.744305 -0.613993 0.685802 -0.613993 0.676097 -0.620005 0.744305 -0.620096 0.676097 -0.613993 0.753994 -0.613993 0.753994 -0.620096 0.666407 -0.620005 0.763699 -0.614099 0.666407 -0.613901 0.763699 -0.620096 0.773495 -0.614099 0.773495 -0.620203 0.7832 -0.614099 0.7832 -0.620203 0.692302 -0.641596 0.722896 -0.661402 0.722896 -0.641596 0.692302 -0.661402 0.722896 -0.667994 0.692302 -0.667994 0.722896 -0.690898 0.692302 -0.690898 0.722896 -0.641596 0.692302 -0.637095 0.692302 -0.641596 0.722896 -0.637095 0.726696 -0.6392 0.748806 -0.648493 0.743801 -0.640101 0.729503 -0.660807 0.722896 -0.641596 0.722896 -0.661402 0.666499 -0.648402 0.688594 -0.6392 0.671397 -0.640208 0.692302 -0.641596 0.685802 -0.660807 0.692302 -0.661402 0.692302 -0.700496 0.722896 -0.690898 0.692302 -0.690898 0.722896 -0.661402 0.692302 -0.667994 0.722896 -0.667994 0.692302 -0.661402 0.256703 -0.998199 0.256397 -0.962203 0.252399 -0.998199 0.261006 -0.998199 0.252293 -0.962203 0.260502 -0.962203 0.248203 -0.962203 0.248096 -0.998199 0.243793 -0.998199 0.244099 -0.962203 0.239902 -0.962203 0.239506 -0.998199 0.235203 -0.998093 0.235798 -0.962097 0.231693 -0.962005 0.230793 -0.998001 0.226505 -0.997894 0.227604 -0.961898 0.964797 -0.994995 0.960204 -0.997299 0.964508 -0.997299 0.959899 -0.994995 0.964797 -0.974899 0.959899 -0.974899 0.969696 -0.974899 0.955001 -0.994995 0.969696 -0.994995 0.955001 -0.974899 0.974594 -0.974899 0.969406 -0.997299 0.974594 -0.994995 0.965103 -0.997299 0.979507 -0.974899 0.970001 -0.997299 0.979507 -0.994995 0.974304 -0.997299 0.984405 -0.974899 0.979202 -0.997299 0.984405 -0.994995 0.974899 -0.997299 0.989303 -0.974899 0.979797 -0.997299 0.989303 -0.994995 0.994202 -0.974899 0.9841 -0.997299 0.988998 -0.997299 0.984695 -0.997299 0.994202 -0.994995 0.989593 -0.997299 0.993896 -0.997299 0.959701 -0.997299 0.955306 -0.997299 0.251102 -0.957702 0.252201 -0.961501 0.2542 -0.956497 0.247807 -0.958404 0.256001 -0.959899 0.248203 -0.962203 0.259403 -0.957595 0.256992 -0.954604 0.244099 -0.962203 0.244495 -0.958297 0.241199 -0.957702 0.239994 -0.961395 0.236194 -0.959792 0.238102 -0.956405 0.235294 -0.954498 0.232807 -0.957504 0.229999 -0.954604 0.233005 -0.952102 0.250401 -0.946395 0.250095 -0.924407 0.247105 -0.946395 0.253803 -0.946303 0.246906 -0.924498 0.2533 -0.924407 0.243595 -0.924498 0.243793 -0.946395 0.240406 -0.946395 0.240406 -0.924498 0.237201 -0.924498 0.237095 -0.946395 0.233707 -0.946395 0.233997 -0.924498 0.230793 -0.924407 0.230396 -0.946303 0.226993 -0.946303 0.227497 -0.9243 0.798993 -0.948302 0.799207 -0.945296 0.798093 -0.945205 0.801907 -0.949798 0.799893 -0.947494 0.799603 -0.942306 0.800397 -0.943206 0.805005 -0.948898 0.804303 -0.947997 0.802701 -0.941405 0.802594 -0.942504 0.805402 -0.945907 0.8047 -0.943603 0.8056 -0.942901 0.8065 -0.945998 0.331899 -0.998001 0.331304 -0.962005 0.327504 -0.998001 0.336202 -0.997894 0.327108 -0.962005 0.335393 -0.961898 0.323003 -0.962097 0.323201 -0.998093 0.318898 -0.998093 0.318898 -0.962097 0.314794 -0.962097 0.314595 -0.998093 0.310307 -0.998001 0.310704 -0.962005 0.3066 -0.962005 0.306004 -0.998001 0.301701 -0.997894 0.302495 -0.961898 0.879393 -0.994995 0.8748 -0.997299 0.879194 -0.997299 0.874601 -0.994995 0.879393 -0.974899 0.884306 -0.974899 0.874601 -0.974899 0.884306 -0.994995 0.869703 -0.994995 0.874296 -0.997299 0.889204 -0.974899 0.869703 -0.974899 0.889204 -0.994995 0.869902 -0.997299 0.894102 -0.974899 0.884596 -0.997299 0.894102 -0.994995 0.888899 -0.997299 0.899001 -0.974899 0.893797 -0.997299 0.899001 -0.994995 0.894408 -0.997299 0.889494 -0.997299 0.903899 -0.974899 0.898695 -0.997299 0.903899 -0.994995 0.903593 -0.997299 0.908797 -0.974899 0.899306 -0.997299 0.908797 -0.994995 0.904204 -0.997299 0.908507 -0.997299 0.884092 -0.997299 0.879698 -0.997299 0.325902 -0.957504 0.327108 -0.961303 0.329 -0.956207 0.322606 -0.958206 0.330907 -0.959701 0.323003 -0.962097 0.334295 -0.957397 0.331807 -0.954406 0.318898 -0.962097 0.319295 -0.958206 0.315999 -0.957595 0.3149 -0.961303 0.311101 -0.959701 0.312901 -0.956298 0.310094 -0.954406 0.307698 -0.957397 0.304799 -0.954498 0.307805 -0.952102 0.308995 -0.946197 0.308705 -0.924193 0.305699 -0.946197 0.312398 -0.946105 0.302205 -0.9243 0.302296 -0.946197 0.299001 -0.946197 0.295796 -0.9243 0.295705 -0.946197 0.292302 -0.946197 0.292607 -0.9243 0.289403 -0.924193 0.289006 -0.946197 0.285603 -0.946105 0.286107 -0.924193 0.294804 -0.998306 0.294301 -0.962295 0.290501 -0.998306 0.299107 -0.998199 0.290196 -0.962295 0.298405 -0.962203 0.286107 -0.962295 0.286198 -0.998306 0.281895 -0.998306 0.282002 -0.962295 0.277897 -0.962295 0.277607 -0.998306 0.273198 -0.998306 0.273701 -0.962295 0.269596 -0.962203 0.268894 -0.998199 0.264607 -0.998093 0.265507 -0.962097 0.922393 -0.994995 0.9178 -0.997299 0.922103 -0.997299 0.917494 -0.994995 0.922393 -0.974899 0.927306 -0.974899 0.917494 -0.974899 0.927306 -0.994995 0.927001 -0.997299 0.912596 -0.994995 0.932204 -0.974899 0.922698 -0.997299 0.912596 -0.974899 0.917205 -0.997299 0.932204 -0.994995 0.912902 -0.997299 0.937102 -0.974899 0.927504 -0.997299 0.937102 -0.994995 0.931899 -0.997299 0.936797 -0.997299 0.941894 -0.974899 0.932403 -0.997299 0.941894 -0.994995 0.937301 -0.997299 0.946807 -0.974899 0.941695 -0.997299 0.946807 -0.994995 0.946593 -0.997299 0.951705 -0.974899 0.942199 -0.997299 0.951705 -0.994995 0.947097 -0.997299 0.951507 -0.997299 0.289006 -0.957794 0.290105 -0.961501 0.292103 -0.956497 0.285695 -0.958495 0.293904 -0.960006 0.286107 -0.962295 0.297307 -0.957702 0.282002 -0.962295 0.282307 -0.958495 0.294804 -0.954696 0.279103 -0.957794 0.277897 -0.961501 0.274098 -0.960006 0.276005 -0.956497 0.273198 -0.954696 0.270695 -0.957702 0.267796 -0.954803 0.270802 -0.9523 0.280003 -0.946303 0.279698 -0.9243 0.276707 -0.946303 0.283406 -0.946197 0.276402 -0.924407 0.282902 -0.9243 0.273198 -0.924407 0.273304 -0.946303 0.269993 -0.946395 0.269993 -0.924407 0.266804 -0.924407 0.266606 -0.946303 0.263294 -0.946303 0.2636 -0.924407 0.260304 -0.9243 0.259907 -0.946303 0.256596 -0.946197 0.257099 -0.9243 0.708904 -0.947906 0.710094 -0.950896 0.710903 -0.950103 0.710002 -0.947906 0.710094 -0.9449 0.7131 -0.952193 0.710903 -0.945693 0.716106 -0.950896 0.715297 -0.950103 0.7131 -0.944793 0.7131 -0.943694 0.716197 -0.9449 0.717403 -0.947906 0.716197 -0.947906 0.657801 -0.887098 0.657801 -0.877806 0.653696 -0.887098 0.657801 -0.893797 0.653696 -0.877806 0.653605 -0.893797 0.653696 -0.871107 0.657893 -0.871199 0.653696 -0.871107 0.657893 -0.871199 0.653696 -0.865599 0.657893 -0.865599 0.663798 -0.885405 0.657801 -0.877806 0.657801 -0.887098 0.664393 -0.877806 0.660395 -0.8934 0.659602 -0.871397 0.666896 -0.890303 0.665003 -0.870207 0.653605 -0.900999 0.657801 -0.893797 0.653605 -0.893797 0.657801 -0.900999 0.647196 -0.877806 0.653696 -0.877806 0.652003 -0.871397 0.6477 -0.885405 0.653696 -0.887098 0.646601 -0.870207 0.651194 -0.893294 0.644694 -0.890303 0.6271 -0.836698 0.626993 -0.845899 0.631098 -0.845899 0.631205 -0.836698 0.631205 -0.829999 0.626902 -0.852705 0.631205 -0.852705 0.6271 -0.829999 0.631205 -0.829999 0.631296 -0.824506 0.6271 -0.829999 0.627207 -0.824506 0.620996 -0.844205 0.626993 -0.845899 0.6271 -0.836698 0.624399 -0.852201 0.620493 -0.836606 0.617899 -0.849104 0.625406 -0.830198 0.620005 -0.828901 0.631098 -0.859907 0.626902 -0.852705 0.626902 -0.859907 0.631205 -0.852705 0.637705 -0.836698 0.633005 -0.830304 0.631205 -0.836698 0.638407 -0.829099 0.637095 -0.844297 0.631098 -0.845899 0.6336 -0.852201 0.640101 -0.849195 0.703807 -0.395697 0.718105 -0.395697 0.718105 -0.389395 0.718105 -0.402808 0.703807 -0.389395 0.703807 -0.402808 0.703807 -0.409995 0.718105 -0.409995 0.718105 -0.414099 0.703807 -0.414099 0.719905 -0.413703 0.729107 -0.402396 0.718105 -0.409995 0.718105 -0.402808 0.720394 -0.396094 0.725704 -0.392798 0.692805 -0.402396 0.701503 -0.396094 0.696193 -0.392798 0.703807 -0.402808 0.703807 -0.409995 0.702007 -0.413703 0.669093 -0.476402 0.692195 -0.476402 0.682597 -0.4663 0.691295 -0.488304 0.669093 -0.466499 0.669093 -0.4934 0.655604 -0.4663 0.646906 -0.488304 0.646006 -0.476402 0.646693 -0.492393 0.669093 -0.4934 0.646906 -0.488304 0.668894 -0.497505 0.669093 -0.4934 0.691493 -0.494194 0.691707 -0.490105 0.668894 -0.497505 0.6766 -0.740398 0.680201 -0.706401 0.672404 -0.713802 0.680705 -0.740398 0.672496 -0.739193 0.689906 -0.706401 0.689998 -0.740398 0.699199 -0.740307 0.699596 -0.706294 0.703304 -0.740307 0.707393 -0.713695 0.707393 -0.739101 0.836393 -0.540093 0.850004 -0.539895 0.836301 -0.533593 0.822797 -0.5402 0.850294 -0.533501 0.822293 -0.533806 0.856107 -0.539895 0.816693 -0.540307 0.856397 -0.533394 0.816205 -0.533806 0.273594 -0.841093 0.243 -0.840604 0.242695 -0.858396 0.279896 -0.859007 0.858305 -0.514595 0.856397 -0.533394 0.864195 -0.514595 0.862394 -0.533394 0.862394 -0.539803 0.856107 -0.539895 0.869001 -0.515496 0.899901 -0.532799 0.899901 -0.515496 0.862394 -0.533394 0.899901 -0.539803 0.862394 -0.539803 0.915801 -0.533303 0.899901 -0.532799 0.899901 -0.539803 0.915694 -0.515496 0.915801 -0.539803 0.899901 -0.515496 0.2309 -0.840406 0.230701 -0.858198 0.243 -0.840604 0.242695 -0.858396 0.279896 -0.865095 0.242695 -0.858396 0.233906 -0.866606 0.279896 -0.859007 0.279896 -0.879103 0.232593 -0.879194 0.233906 -0.891707 0.279896 -0.893095 0.242695 -0.899901 0.279896 -0.899199 0.953597 -0.5019 0.960204 -0.515206 0.962402 -0.510201 0.949294 -0.503807 0.991196 -0.515206 0.992996 -0.509606 0.869001 -0.515496 0.897704 -0.510399 0.867201 -0.509804 0.899901 -0.515496 0.906493 -0.502205 0.910796 -0.504005 0.944396 -0.515297 0.944396 -0.533104 0.960204 -0.532494 0.960204 -0.515206 0.960296 -0.539498 0.944503 -0.539498 0.242695 -0.899901 0.273594 -0.917205 0.279896 -0.899199 0.243 -0.917693 0.816205 -0.533806 0.808103 -0.515099 0.810193 -0.533898 0.813993 -0.515099 0.8103 -0.540307 0.816693 -0.540307 0.960204 -0.532494 0.997803 -0.533104 0.991196 -0.515206 0.960296 -0.539498 0.960204 -0.515206 0.997803 -0.539498 0.243 -0.917693 0.230701 -0.900099 0.231006 -0.917906 0.930098 -0.539696 0.915801 -0.533303 0.915801 -0.539803 0.930098 -0.533196 0.715206 -0.623697 0.705394 -0.623697 0.705394 -0.629801 0.715206 -0.629801 0.724895 -0.623697 0.695705 -0.629801 0.724895 -0.629801 0.695705 -0.623697 0.7346 -0.623697 0.7346 -0.629801 0.686 -0.629801 0.744396 -0.623697 0.686 -0.623697 0.744396 -0.629801 0.754101 -0.623804 0.754101 -0.629801 0.763897 -0.623804 0.763897 -0.629892 0.773602 -0.623804 0.773602 -0.629892 0.783307 -0.623804 0.783307 -0.629892 0.793103 -0.623804 0.793103 -0.629892 0.802792 -0.623804 0.802792 -0.629892 0.817304 -0.640208 0.847898 -0.660105 0.847898 -0.640208 0.817304 -0.660105 0.847898 -0.666606 0.817304 -0.666606 0.847898 -0.689601 0.817304 -0.689601 0.847898 -0.640208 0.817304 -0.635798 0.817304 -0.640208 0.847898 -0.635706 0.873793 -0.647105 0.847898 -0.640208 0.854505 -0.659495 0.851698 -0.637797 0.868803 -0.638804 0.847898 -0.660105 0.791394 -0.647105 0.813596 -0.637797 0.796399 -0.638804 0.817304 -0.640208 0.810803 -0.659403 0.817304 -0.660105 0.817304 -0.699199 0.847898 -0.689601 0.817304 -0.689601 0.847898 -0.699306 0.847898 -0.660105 0.817304 -0.666606 0.847898 -0.666606 0.817304 -0.660105 0.4822 -0.997299 0.481605 -0.961303 0.477897 -0.997406 0.486503 -0.997208 0.477501 -0.961395 0.485695 -0.961303 0.473304 -0.961395 0.473594 -0.997406 0.469306 -0.997406 0.4692 -0.961501 0.465095 -0.961501 0.465003 -0.997406 0.4607 -0.997406 0.461006 -0.961395 0.456901 -0.961395 0.456397 -0.997406 0.452003 -0.997299 0.452796 -0.961303 0.964797 -0.942596 0.960204 -0.945006 0.964508 -0.945006 0.959899 -0.942596 0.964797 -0.922606 0.959899 -0.922606 0.969696 -0.922606 0.955001 -0.942596 0.969696 -0.942596 0.955001 -0.922606 0.974594 -0.922606 0.969406 -0.945006 0.974594 -0.942596 0.965103 -0.945006 0.979507 -0.922606 0.970001 -0.945006 0.979507 -0.942596 0.974304 -0.945006 0.984405 -0.922606 0.979202 -0.945006 0.974899 -0.945006 0.984405 -0.942596 0.989303 -0.922606 0.979797 -0.945006 0.989303 -0.942596 0.994202 -0.922606 0.9841 -0.945006 0.988998 -0.945006 0.984695 -0.945006 0.994202 -0.942596 0.989593 -0.945006 0.993896 -0.945006 0.959594 -0.945006 0.955306 -0.945006 0.476204 -0.956893 0.477394 -0.960601 0.479301 -0.955596 0.472908 -0.957595 0.481193 -0.958999 0.473304 -0.961395 0.484596 -0.956695 0.482094 -0.953704 0.4692 -0.961501 0.469596 -0.957595 0.4663 -0.956893 0.465202 -0.960693 0.461402 -0.959106 0.463203 -0.955703 0.460395 -0.953796 0.458 -0.956802 0.4551 -0.953902 0.458106 -0.951507 0.426307 -0.946197 0.426001 -0.9243 0.422995 -0.946197 0.429694 -0.946105 0.422705 -0.9243 0.429206 -0.924193 0.419501 -0.9243 0.419593 -0.946303 0.416297 -0.946303 0.416297 -0.9243 0.413108 -0.9243 0.412894 -0.946303 0.409598 -0.946197 0.409796 -0.9243 0.406607 -0.924193 0.406195 -0.946197 0.402899 -0.946105 0.403403 -0.924193 0.748806 -0.9514 0.748699 -0.948394 0.747494 -0.948394 0.749599 -0.950607 0.751797 -0.952697 0.748806 -0.945403 0.751797 -0.951507 0.753994 -0.950607 0.749599 -0.946197 0.754803 -0.951507 0.751797 -0.945296 0.751797 -0.944198 0.755993 -0.948501 0.754803 -0.945403 0.754894 -0.948501 0.753994 -0.946303 0.580102 -0.953399 0.582101 -0.954696 0.584497 -0.948806 0.578698 -0.951507 0.584497 -0.9552 0.578103 -0.949203 0.586801 -0.954696 0.5888 -0.953506 0.590204 -0.951507 0.590799 -0.949203 0.556695 -0.997299 0.556207 -0.961303 0.552407 -0.997406 0.560998 -0.997208 0.552102 -0.961395 0.560296 -0.961303 0.547997 -0.961395 0.548104 -0.997406 0.543694 -0.997406 0.543893 -0.961395 0.539803 -0.961395 0.539406 -0.997299 0.535103 -0.997299 0.535607 -0.961303 0.531502 -0.961196 0.5308 -0.997208 0.526497 -0.997101 0.527398 -0.961196 0.879393 -0.942702 0.8748 -0.945006 0.879194 -0.945006 0.874495 -0.942702 0.879393 -0.922606 0.884306 -0.922606 0.874495 -0.922606 0.884306 -0.942702 0.869596 -0.942702 0.874296 -0.945006 0.889204 -0.922606 0.869596 -0.922606 0.889204 -0.942702 0.869902 -0.945006 0.894102 -0.922606 0.884596 -0.945006 0.894102 -0.942702 0.888899 -0.945006 0.899001 -0.922606 0.893797 -0.945006 0.899001 -0.942702 0.894408 -0.945006 0.889494 -0.945006 0.903899 -0.922606 0.898695 -0.945006 0.903899 -0.942702 0.903593 -0.945006 0.908797 -0.922606 0.899306 -0.945006 0.908797 -0.942702 0.904204 -0.945006 0.908507 -0.945006 0.884001 -0.945006 0.879698 -0.945006 0.550896 -0.956893 0.551995 -0.960601 0.553994 -0.955596 0.547601 -0.957504 0.555795 -0.958999 0.547997 -0.961395 0.559197 -0.956695 0.556802 -0.953704 0.543893 -0.961395 0.544305 -0.957504 0.540993 -0.956893 0.539803 -0.960601 0.536004 -0.958999 0.537896 -0.955596 0.535103 -0.953704 0.532601 -0.956695 0.529702 -0.953796 0.532799 -0.951293 0.484504 -0.9458 0.484092 -0.923903 0.481102 -0.9458 0.4878 -0.945693 0.480903 -0.923903 0.487297 -0.923796 0.477699 -0.923903 0.477806 -0.945907 0.474403 -0.945907 0.474403 -0.923903 0.471199 -0.923903 0.471107 -0.945907 0.467704 -0.9458 0.467994 -0.923903 0.464805 -0.923796 0.464393 -0.9458 0.461006 -0.945693 0.461494 -0.923796 0.789395 -0.955901 0.790707 -0.958907 0.791501 -0.958099 0.7906 -0.955901 0.791501 -0.953704 0.793698 -0.960204 0.793698 -0.958999 0.793698 -0.952804 0.790707 -0.952895 0.795895 -0.958099 0.796704 -0.958907 0.793698 -0.951705 0.797894 -0.955901 0.796704 -0.952895 0.795895 -0.953704 0.796796 -0.955901 0.541497 -0.953704 0.543496 -0.955001 0.545907 -0.949096 0.540093 -0.951797 0.545907 -0.955398 0.539605 -0.949493 0.548196 -0.955001 0.550195 -0.953704 0.551598 -0.951797 0.552193 -0.949493 0.519493 -0.997299 0.519005 -0.961303 0.515206 -0.997299 0.523796 -0.997208 0.5149 -0.961395 0.523201 -0.961196 0.510796 -0.961395 0.510903 -0.997406 0.5066 -0.997406 0.506706 -0.961395 0.502602 -0.961303 0.502297 -0.997299 0.497902 -0.997299 0.498497 -0.961303 0.494408 -0.961196 0.493599 -0.997208 0.489296 -0.997101 0.490303 -0.961105 0.922393 -0.942702 0.917693 -0.945006 0.922103 -0.945006 0.917494 -0.942702 0.922393 -0.922606 0.927199 -0.922606 0.917494 -0.922606 0.927199 -0.942702 0.927001 -0.945006 0.912596 -0.942702 0.932097 -0.922606 0.922606 -0.945006 0.912596 -0.922606 0.917205 -0.945006 0.932097 -0.942702 0.912902 -0.945006 0.936996 -0.922606 0.927504 -0.945006 0.936996 -0.942702 0.931899 -0.945006 0.936797 -0.945006 0.941894 -0.922606 0.932403 -0.945006 0.941894 -0.942702 0.937301 -0.945006 0.946807 -0.922606 0.941604 -0.945006 0.946807 -0.942702 0.946502 -0.945006 0.951705 -0.922606 0.942199 -0.945006 0.951705 -0.942702 0.947097 -0.945006 0.9514 -0.945006 0.513695 -0.956802 0.5149 -0.960601 0.516793 -0.955596 0.510399 -0.957504 0.518593 -0.958999 0.510796 -0.961395 0.522103 -0.956695 0.506706 -0.961395 0.507103 -0.957504 0.5196 -0.953704 0.503807 -0.956802 0.502693 -0.960601 0.498894 -0.958999 0.500694 -0.955505 0.497902 -0.953704 0.495506 -0.956695 0.492607 -0.953796 0.495598 -0.951293 0.455299 -0.945998 0.454994 -0.924102 0.452003 -0.946105 0.458701 -0.945907 0.451804 -0.924102 0.458198 -0.923995 0.448493 -0.924102 0.4486 -0.946105 0.445304 -0.946105 0.445304 -0.924102 0.4421 -0.924102 0.441993 -0.946105 0.438605 -0.945998 0.438895 -0.924102 0.435706 -0.924102 0.435294 -0.945998 0.431907 -0.945907 0.432395 -0.923995 0.696895 -0.941405 0.698207 -0.944396 0.699001 -0.943603 0.6981 -0.941405 0.699001 -0.9393 0.701198 -0.945693 0.701198 -0.938399 0.698207 -0.938399 0.701198 -0.944503 0.701198 -0.937194 0.704204 -0.938506 0.703395 -0.943694 0.703395 -0.9393 0.704295 -0.941497 0.704204 -0.944503 0.705394 -0.941497 0.429999 -0.953506 0.431998 -0.954803 0.434394 -0.949004 0.428595 -0.951598 0.434302 -0.955306 0.428 -0.949294 0.436606 -0.954894 0.438697 -0.953704 0.440101 -0.951797 0.440696 -0.949493 0.6486 -0.800305 0.6486 -0.791104 0.644495 -0.800305 0.6486 -0.807095 0.644495 -0.791104 0.644404 -0.807095 0.644495 -0.784405 0.6486 -0.784405 0.644495 -0.784405 0.6486 -0.784405 0.644495 -0.778897 0.6486 -0.778897 0.654597 -0.798596 0.6486 -0.791104 0.6486 -0.800305 0.655207 -0.790997 0.651102 -0.806607 0.650401 -0.784604 0.657603 -0.803494 0.655695 -0.783398 0.644404 -0.814206 0.6486 -0.807095 0.644404 -0.807095 0.6486 -0.814298 0.637903 -0.790997 0.644495 -0.791104 0.642802 -0.784604 0.638498 -0.798596 0.6374 -0.783398 0.644495 -0.800305 0.641993 -0.806607 0.635493 -0.803494 0.652598 -0.833906 0.652598 -0.843198 0.656703 -0.843198 0.656794 -0.833997 0.656794 -0.827298 0.652506 -0.849897 0.656703 -0.850004 0.652705 -0.827298 0.656794 -0.827298 0.656901 -0.821805 0.652705 -0.827298 0.652705 -0.821698 0.646601 -0.841505 0.652598 -0.843198 0.652598 -0.833906 0.650004 -0.849393 0.646097 -0.833799 0.643503 -0.846296 0.650996 -0.827497 0.645594 -0.8262 0.656703 -0.857099 0.652506 -0.849897 0.652506 -0.857099 0.656703 -0.850004 0.663294 -0.833997 0.658503 -0.827497 0.656794 -0.833997 0.663905 -0.826398 0.662699 -0.841596 0.656703 -0.843198 0.659098 -0.8495 0.665705 -0.846494 0.829496 -0.550805 0.843793 -0.550805 0.843793 -0.544503 0.843793 -0.557794 0.829496 -0.544503 0.829496 -0.557794 0.829496 -0.564996 0.843793 -0.564996 0.843793 -0.569207 0.829496 -0.569207 0.845594 -0.568795 0.854795 -0.557504 0.843793 -0.564996 0.843793 -0.557794 0.846098 -0.551095 0.851499 -0.547906 0.818494 -0.557504 0.827207 -0.551095 0.821897 -0.547906 0.829496 -0.557794 0.829496 -0.564996 0.827695 -0.568795 0.530907 -0.474098 0.553994 -0.474098 0.544396 -0.464103 0.553094 -0.486 0.530907 -0.464195 0.530907 -0.491096 0.517296 -0.464103 0.508598 -0.486 0.507805 -0.474098 0.5084 -0.490105 0.530907 -0.491096 0.508598 -0.486 0.530694 -0.495201 0.530907 -0.491096 0.553307 -0.491997 0.553399 -0.4878 0.530694 -0.495201 0.824598 -0.815106 0.828397 -0.781094 0.8206 -0.788403 0.828702 -0.815106 0.820493 -0.813901 0.838102 -0.781094 0.837903 -0.815106 0.847105 -0.815198 0.847807 -0.781201 0.851301 -0.815198 0.855497 -0.788602 0.855406 -0.813993 0.836805 -0.580102 0.850401 -0.579995 0.836698 -0.573693 0.823194 -0.580301 0.850706 -0.573495 0.822705 -0.5738 0.856504 -0.579904 0.817105 -0.580301 0.856794 -0.573495 0.816602 -0.573907 0.326894 -0.840406 0.2963 -0.839902 0.295995 -0.857801 0.333196 -0.858305 0.858701 -0.554696 0.856794 -0.573495 0.864607 -0.554604 0.862806 -0.573404 0.862806 -0.579904 0.856504 -0.579904 0.869398 -0.555596 0.900298 -0.572793 0.900298 -0.555596 0.862806 -0.573404 0.900298 -0.579904 0.862806 -0.579904 0.916106 -0.573404 0.900298 -0.572793 0.900298 -0.579904 0.916106 -0.555596 0.916197 -0.579797 0.900298 -0.555596 0.284306 -0.839796 0.284001 -0.857603 0.2963 -0.839902 0.295995 -0.857801 0.333196 -0.864393 0.295995 -0.857801 0.287205 -0.865995 0.333196 -0.858305 0.333196 -0.878492 0.285893 -0.878492 0.287205 -0.891005 0.333196 -0.8925 0.295995 -0.899199 0.333196 -0.898604 0.953994 -0.542 0.960601 -0.555306 0.962798 -0.550195 0.949706 -0.543801 0.991608 -0.555306 0.993393 -0.549599 0.869398 -0.555596 0.8981 -0.5505 0.867597 -0.549905 0.900298 -0.555596 0.906905 -0.542306 0.911192 -0.544106 0.944793 -0.555306 0.944793 -0.573205 0.960601 -0.572503 0.960601 -0.555306 0.960693 -0.579599 0.9449 -0.579599 0.295995 -0.899199 0.326894 -0.916503 0.333196 -0.898604 0.2963 -0.917006 0.816602 -0.573907 0.808499 -0.5552 0.810605 -0.573999 0.814404 -0.555093 0.810697 -0.580407 0.817105 -0.580301 0.960601 -0.572503 0.998199 -0.573098 0.991608 -0.555306 0.960693 -0.579599 0.960601 -0.555306 0.998199 -0.579599 0.284001 -0.899397 0.2963 -0.917006 0.295995 -0.899199 0.284306 -0.917205 0.930495 -0.579705 0.916106 -0.573404 0.916197 -0.579797 0.930495 -0.573297 0.944793 -0.573205 0.9449 -0.579599 0.7149 -0.604395 0.705196 -0.604395 0.705196 -0.610407 0.7149 -0.610498 0.695506 -0.610407 0.724697 -0.604395 0.695506 -0.604395 0.724697 -0.610498 0.685695 -0.610407 0.734401 -0.604395 0.685695 -0.604303 0.734401 -0.610498 0.676005 -0.610407 0.744106 -0.604395 0.676005 -0.604303 0.744106 -0.610498 0.6663 -0.610407 0.753902 -0.604395 0.6663 -0.604303 0.753902 -0.610498 0.763607 -0.604395 0.763607 -0.610498 0.773404 -0.604395 0.773297 -0.610498 0.783093 -0.604501 0.783093 -0.610498 0.792798 -0.604501 0.792798 -0.610605 0.802594 -0.604501 0.802594 -0.610605 0.908705 -0.691295 0.878096 -0.671397 0.878096 -0.691203 0.908705 -0.671397 0.878096 -0.664897 0.908705 -0.664897 0.878096 -0.641901 0.908705 -0.641901 0.878096 -0.691203 0.908705 -0.695705 0.908705 -0.691295 0.878096 -0.695796 0.852201 -0.684398 0.878096 -0.691203 0.871595 -0.672007 0.874296 -0.693706 0.857206 -0.692699 0.878096 -0.671397 0.9346 -0.684398 0.912505 -0.693599 0.929595 -0.692699 0.908705 -0.691295 0.915297 -0.672007 0.908705 -0.671397 0.908705 -0.632303 0.878096 -0.641901 0.908705 -0.641901 0.878096 -0.632197 0.878096 -0.671397 0.908705 -0.664897 0.878096 -0.664897 0.908705 -0.671397 0.707897 -0.997101 0.7075 -0.961196 0.703593 -0.997208 0.7122 -0.997101 0.703304 -0.961196 0.711604 -0.961105 0.699199 -0.961196 0.699306 -0.997208 0.695003 -0.997208 0.695094 -0.961196 0.691005 -0.961196 0.6907 -0.997208 0.686397 -0.997101 0.6869 -0.961105 0.682795 -0.961105 0.682094 -0.996994 0.677806 -0.996994 0.678706 -0.960998 0.964797 -0.891493 0.960204 -0.893797 0.964508 -0.893797 0.959899 -0.891493 0.964797 -0.871397 0.969696 -0.871397 0.959899 -0.871397 0.969696 -0.891493 0.969406 -0.893797 0.955001 -0.891493 0.974594 -0.871397 0.965103 -0.893797 0.955001 -0.871397 0.959594 -0.893797 0.974594 -0.891493 0.955306 -0.893797 0.979507 -0.871397 0.970001 -0.893797 0.979507 -0.891493 0.974304 -0.893797 0.979202 -0.893797 0.984405 -0.871397 0.974899 -0.893797 0.984405 -0.891493 0.979797 -0.893797 0.989303 -0.871397 0.9841 -0.893797 0.989303 -0.891493 0.988998 -0.893797 0.994202 -0.871397 0.984695 -0.893797 0.994202 -0.891493 0.989593 -0.893797 0.993896 -0.893797 0.702098 -0.956695 0.703304 -0.960403 0.705196 -0.955398 0.698894 -0.957305 0.707103 -0.958801 0.699199 -0.961196 0.710506 -0.956603 0.695094 -0.961196 0.695506 -0.957305 0.708003 -0.953506 0.692195 -0.956695 0.691096 -0.960403 0.687297 -0.958801 0.689097 -0.955398 0.686397 -0.953506 0.683894 -0.956497 0.680995 -0.953597 0.684001 -0.951202 0.601694 -0.945998 0.601404 -0.924102 0.598398 -0.946105 0.605097 -0.945998 0.598199 -0.924102 0.604593 -0.923995 0.594903 -0.924193 0.595102 -0.946105 0.591699 -0.946105 0.591699 -0.924193 0.588495 -0.924193 0.588403 -0.946105 0.585 -0.946105 0.585306 -0.924102 0.582101 -0.924102 0.581704 -0.945998 0.578302 -0.945907 0.578805 -0.923995 0.665202 -0.937194 0.666407 -0.9402 0.667201 -0.939406 0.6663 -0.937194 0.667308 -0.934997 0.669398 -0.941405 0.666407 -0.934203 0.669398 -0.934096 0.669398 -0.940307 0.669505 -0.932998 0.672496 -0.934203 0.671595 -0.939406 0.671595 -0.934997 0.673701 -0.937194 0.672404 -0.9402 0.672496 -0.937194 0.466896 -0.953307 0.468894 -0.954604 0.471305 -0.948806 0.465507 -0.9514 0.471199 -0.955093 0.465003 -0.949096 0.473503 -0.954696 0.475593 -0.953506 0.476997 -0.951598 0.477607 -0.949294 0.784405 -0.996902 0.783703 -0.960998 0.780102 -0.996994 0.7888 -0.996796 0.779599 -0.960998 0.787793 -0.960906 0.775402 -0.961105 0.775799 -0.997101 0.771496 -0.997101 0.771298 -0.961105 0.767193 -0.961105 0.767193 -0.997101 0.762905 -0.997101 0.763104 -0.961105 0.758999 -0.961105 0.758602 -0.997101 0.754299 -0.996994 0.754894 -0.960998 0.879301 -0.891493 0.874693 -0.893797 0.878996 -0.893797 0.874403 -0.891493 0.879301 -0.871397 0.874403 -0.871397 0.884199 -0.871397 0.869505 -0.891493 0.884199 -0.891493 0.869505 -0.871397 0.889097 -0.871397 0.883894 -0.893797 0.889097 -0.891493 0.879606 -0.893797 0.893996 -0.871397 0.884504 -0.893797 0.893996 -0.891493 0.888808 -0.893797 0.898894 -0.871397 0.893706 -0.893797 0.889403 -0.893797 0.898894 -0.891493 0.903807 -0.871397 0.894301 -0.893797 0.903807 -0.891493 0.908705 -0.871397 0.898604 -0.893797 0.903502 -0.893797 0.899199 -0.893797 0.908705 -0.891493 0.904097 -0.893797 0.9084 -0.893797 0.874098 -0.893797 0.869795 -0.893797 0.778302 -0.956497 0.779507 -0.960296 0.781399 -0.9552 0.775006 -0.957198 0.783307 -0.958602 0.775402 -0.961105 0.786694 -0.956298 0.7841 -0.953307 0.771298 -0.961105 0.771695 -0.957198 0.768399 -0.956603 0.7673 -0.960403 0.7635 -0.958801 0.765301 -0.955398 0.762493 -0.953506 0.760098 -0.956497 0.757107 -0.953597 0.760098 -0.951202 0.6598 -0.945907 0.659495 -0.923995 0.656504 -0.945998 0.663203 -0.9458 0.656306 -0.923995 0.662699 -0.923903 0.652995 -0.923995 0.653101 -0.945998 0.649805 -0.945998 0.649805 -0.923995 0.646601 -0.923995 0.646494 -0.945998 0.643107 -0.945998 0.643397 -0.923995 0.640208 -0.923995 0.639796 -0.945907 0.636393 -0.9458 0.636896 -0.923903 0.675807 -0.932006 0.677104 -0.934997 0.677897 -0.934203 0.676997 -0.932006 0.677897 -0.929793 0.680095 -0.936202 0.677104 -0.929 0.680095 -0.935103 0.682307 -0.934203 0.680095 -0.928893 0.683101 -0.934997 0.683207 -0.932006 0.680095 -0.927703 0.684306 -0.932006 0.683101 -0.929 0.682307 -0.929793 0.241703 -0.954101 0.243702 -0.955398 0.246098 -0.949493 0.240299 -0.952193 0.246098 -0.955795 0.239704 -0.949905 0.248402 -0.955398 0.250401 -0.954101 0.251804 -0.952193 0.252399 -0.949905 0.746197 -0.996994 0.745693 -0.960998 0.741894 -0.997101 0.7505 -0.996994 0.741604 -0.961105 0.749798 -0.960998 0.737499 -0.961105 0.737606 -0.997101 0.733196 -0.997101 0.733394 -0.961105 0.729305 -0.961105 0.728893 -0.997101 0.724605 -0.996994 0.725093 -0.960998 0.721004 -0.960906 0.720302 -0.996902 0.715999 -0.996796 0.716899 -0.960906 0.922301 -0.891402 0.917693 -0.893797 0.921996 -0.893797 0.917403 -0.891402 0.922301 -0.871397 0.927199 -0.871397 0.917403 -0.871397 0.927199 -0.891402 0.912505 -0.891402 0.917098 -0.893797 0.932097 -0.871397 0.912505 -0.871397 0.932097 -0.891402 0.912795 -0.893797 0.936996 -0.871397 0.927504 -0.893797 0.936996 -0.891402 0.931807 -0.893797 0.941894 -0.871397 0.936706 -0.893797 0.941894 -0.891402 0.937301 -0.893797 0.932403 -0.893797 0.946807 -0.871397 0.941604 -0.893797 0.946807 -0.891402 0.946502 -0.893797 0.951705 -0.871397 0.942199 -0.893797 0.951705 -0.891402 0.947097 -0.893797 0.9514 -0.893797 0.926894 -0.893797 0.922606 -0.893797 0.740398 -0.956603 0.741497 -0.960296 0.743496 -0.955306 0.737102 -0.957198 0.745296 -0.958694 0.737499 -0.961105 0.748699 -0.956405 0.746303 -0.953399 0.733394 -0.961105 0.733806 -0.957198 0.730495 -0.956603 0.729305 -0.960296 0.725505 -0.958694 0.727398 -0.955306 0.724605 -0.953399 0.722103 -0.956405 0.719203 -0.953506 0.722301 -0.951003 0.6309 -0.945907 0.630594 -0.923995 0.627604 -0.945907 0.634302 -0.9458 0.627405 -0.923995 0.633799 -0.923903 0.624094 -0.923995 0.624201 -0.945998 0.620905 -0.945998 0.620905 -0.923995 0.6177 -0.923995 0.617594 -0.945998 0.614206 -0.945907 0.614496 -0.923995 0.611307 -0.923903 0.610895 -0.945907 0.607507 -0.9458 0.607996 -0.923903 0.736095 -0.944305 0.736004 -0.941299 0.734905 -0.941299 0.736904 -0.943496 0.739101 -0.945602 0.736202 -0.938293 0.739101 -0.944396 0.739193 -0.938201 0.739193 -0.937102 0.736996 -0.939101 0.741299 -0.943496 0.742199 -0.938293 0.742107 -0.944396 0.741299 -0.939193 0.742199 -0.941405 0.743404 -0.941405 0.317205 -0.954406 0.319295 -0.955703 0.321599 -0.949798 0.315908 -0.952407 0.321599 -0.9561 0.315297 -0.950103 0.323903 -0.955703 0.325902 -0.954406 0.327306 -0.952499 0.327901 -0.950195 0.803601 -0.984405 0.803601 -0.975204 0.799496 -0.984405 0.803601 -0.991196 0.799496 -0.975204 0.799298 -0.991104 0.799496 -0.968505 0.803601 -0.968505 0.799496 -0.968505 0.803601 -0.968505 0.799496 -0.962997 0.803601 -0.962997 0.809598 -0.982696 0.803601 -0.975204 0.803601 -0.984405 0.810101 -0.975097 0.806104 -0.990707 0.812604 -0.987594 0.805295 -0.968704 0.810697 -0.967498 0.799298 -0.998306 0.803601 -0.991196 0.799298 -0.991104 0.803601 -0.998306 0.792905 -0.975097 0.799496 -0.975204 0.797696 -0.968704 0.7935 -0.982696 0.792294 -0.967498 0.799496 -0.984405 0.796902 -0.990707 0.790402 -0.987594 0.819394 -0.9523 0.819303 -0.961501 0.823499 -0.961593 0.823499 -0.9523 0.819303 -0.968307 0.823499 -0.968307 0.823606 -0.945602 0.819501 -0.945602 0.823606 -0.945602 0.823606 -0.940093 0.819501 -0.945602 0.819501 -0.940093 0.813397 -0.959792 0.819303 -0.961501 0.819394 -0.9523 0.8168 -0.967803 0.812894 -0.952193 0.8103 -0.964706 0.8177 -0.9458 0.812406 -0.944595 0.823499 -0.975494 0.819303 -0.968307 0.819196 -0.975494 0.823499 -0.968307 0.830106 -0.9523 0.825299 -0.945907 0.823499 -0.9523 0.830701 -0.944701 0.829496 -0.959899 0.823499 -0.961593 0.825895 -0.967803 0.832395 -0.964797 0.829801 -0.591699 0.844099 -0.591699 0.844099 -0.585504 0.844099 -0.598795 0.829801 -0.585504 0.829801 -0.598795 0.829801 -0.605997 0.844099 -0.605997 0.844099 -0.610193 0.829801 -0.610193 0.845899 -0.609796 0.8551 -0.598505 0.844099 -0.605997 0.844099 -0.598795 0.846403 -0.592096 0.851804 -0.588907 0.818799 -0.598505 0.827497 -0.592096 0.822202 -0.588907 0.829801 -0.598795 0.829801 -0.605997 0.828 -0.609796 0.659205 -0.441703 0.682307 -0.441703 0.672694 -0.431601 0.681407 -0.453605 0.659205 -0.4318 0.659205 -0.458701 0.645701 -0.431601 0.637003 -0.453605 0.636103 -0.441703 0.636805 -0.457694 0.659205 -0.458701 0.637003 -0.453605 0.659007 -0.462806 0.659205 -0.458701 0.681605 -0.459495 0.681804 -0.455405 0.659007 -0.462806 0.826001 -0.775692 0.829602 -0.741695 0.821805 -0.749096 0.830106 -0.775692 0.821805 -0.774502 0.839307 -0.741695 0.839307 -0.775692 0.848493 -0.775692 0.848997 -0.741695 0.852705 -0.775692 0.856794 -0.749096 0.856794 -0.774502 0.837003 -0.623102 0.850599 -0.622995 0.836896 -0.616693 0.823407 -0.623301 0.850996 -0.616495 0.822904 -0.6168 0.856703 -0.622904 0.857099 -0.616495 0.817304 -0.623301 0.8168 -0.616907 0.435706 -0.841703 0.405203 -0.841306 0.404898 -0.859098 0.441993 -0.859693 0.8589 -0.597696 0.857099 -0.616495 0.864897 -0.597604 0.863005 -0.616403 0.863096 -0.622904 0.856703 -0.622904 0.869596 -0.598596 0.900603 -0.615793 0.900603 -0.598596 0.863005 -0.616403 0.900603 -0.622904 0.863096 -0.622904 0.916396 -0.616403 0.900603 -0.615793 0.900603 -0.622904 0.916396 -0.598596 0.916396 -0.622797 0.900603 -0.598596 0.404898 -0.859098 0.441993 -0.865797 0.441993 -0.859693 0.396094 -0.867308 0.4421 -0.879805 0.394797 -0.879805 0.396094 -0.892302 0.4421 -0.893797 0.404898 -0.900496 0.4421 -0.899901 0.945098 -0.616205 0.9308 -0.622705 0.945098 -0.622599 0.930694 -0.616297 0.916396 -0.616403 0.916396 -0.622797 0.954208 -0.585 0.960906 -0.598306 0.962997 -0.593194 0.949996 -0.586801 0.991806 -0.598306 0.993606 -0.592599 0.869596 -0.598596 0.898405 -0.5935 0.867796 -0.592905 0.900603 -0.598596 0.907195 -0.585306 0.911406 -0.587106 0.392905 -0.900694 0.405203 -0.918395 0.404898 -0.900496 0.393194 -0.918593 0.404898 -0.900496 0.435798 -0.9178 0.4421 -0.899901 0.405203 -0.918395 0.8168 -0.616907 0.808698 -0.598199 0.810895 -0.616907 0.814694 -0.598093 0.810895 -0.623407 0.817304 -0.623301 0.960906 -0.615503 0.998398 -0.616098 0.991806 -0.598306 0.960906 -0.622599 0.960906 -0.598306 0.998398 -0.622599 0.960906 -0.622599 0.945098 -0.616205 0.945098 -0.622599 0.960906 -0.615503 0.945098 -0.598306 0.960906 -0.598306 0.405203 -0.841306 0.392798 -0.8589 0.404898 -0.859098 0.393103 -0.841093 0.714504 -0.585306 0.704799 -0.585306 0.704799 -0.591394 0.714504 -0.591394 0.724193 -0.585306 0.695003 -0.591394 0.724193 -0.591394 0.695003 -0.585306 0.685298 -0.591394 0.734005 -0.585306 0.685298 -0.585306 0.675593 -0.591394 0.734005 -0.591394 0.675593 -0.585306 0.743694 -0.585397 0.743694 -0.591394 0.665797 -0.591302 0.753399 -0.585397 0.665797 -0.585306 0.753399 -0.591501 0.763195 -0.585397 0.763195 -0.591501 0.7729 -0.585397 0.7729 -0.591501 0.782696 -0.585397 0.782605 -0.591501 0.792401 -0.585397 0.792401 -0.591501 0.802106 -0.585397 0.802106 -0.591501 0.785199 -0.695903 0.754604 -0.676097 0.754604 -0.695903 0.785199 -0.676097 0.754604 -0.669505 0.785199 -0.669505 0.754604 -0.646494 0.785199 -0.646601 0.754604 -0.695903 0.785199 -0.700298 0.785199 -0.695903 0.754604 -0.700404 0.728695 -0.689006 0.754604 -0.695903 0.748104 -0.676707 0.750805 -0.698299 0.7337 -0.697307 0.754604 -0.676097 0.811093 -0.689006 0.788998 -0.698299 0.806104 -0.697307 0.785199 -0.695903 0.791806 -0.676707 0.785199 -0.676097 0.785199 -0.636896 0.754604 -0.646494 0.785199 -0.646601 0.754604 -0.636896 0.754604 -0.676097 0.785199 -0.669505 0.754604 -0.669505 0.785199 -0.676097 0.594507 -0.997299 0.594003 -0.961303 0.590204 -0.997299 0.598795 -0.997208 0.589899 -0.961395 0.598093 -0.961196 0.585794 -0.961395 0.585901 -0.997406 0.581598 -0.997406 0.581704 -0.961395 0.577493 -0.961395 0.577295 -0.997406 0.573007 -0.997299 0.573404 -0.961303 0.569299 -0.961303 0.568597 -0.997208 0.564294 -0.997101 0.565194 -0.961196 0.964797 -0.917403 0.960204 -0.919707 0.964508 -0.919707 0.959899 -0.917403 0.964797 -0.897307 0.969696 -0.897307 0.959899 -0.897307 0.969696 -0.917403 0.955001 -0.917403 0.959594 -0.919707 0.974594 -0.897307 0.955001 -0.897307 0.974594 -0.917403 0.955306 -0.919707 0.979507 -0.897307 0.970001 -0.919707 0.979507 -0.917403 0.974304 -0.919707 0.984405 -0.897307 0.979202 -0.919707 0.984405 -0.917403 0.979797 -0.919707 0.974899 -0.919707 0.989303 -0.897307 0.9841 -0.919707 0.989303 -0.917403 0.988998 -0.919707 0.994202 -0.897307 0.984695 -0.919707 0.994202 -0.917403 0.989593 -0.919707 0.993896 -0.919707 0.969406 -0.919707 0.965103 -0.919707 0.588693 -0.956893 0.589807 -0.960601 0.591699 -0.955596 0.585397 -0.957504 0.593606 -0.958999 0.585794 -0.961395 0.596994 -0.956695 0.594507 -0.953704 0.581704 -0.961395 0.581994 -0.957504 0.578805 -0.956893 0.5776 -0.960601 0.5738 -0.958999 0.575708 -0.955596 0.5729 -0.953704 0.570397 -0.956695 0.567498 -0.953796 0.570504 -0.951293 0.513603 -0.9458 0.513207 -0.923903 0.510307 -0.945907 0.517006 -0.9458 0.510002 -0.923903 0.516503 -0.923796 0.506798 -0.923995 0.506905 -0.945907 0.503594 -0.945907 0.503594 -0.923995 0.500404 -0.923995 0.500206 -0.945907 0.496895 -0.945907 0.497093 -0.923903 0.493904 -0.923903 0.493507 -0.9458 0.490196 -0.9458 0.4907 -0.923796 0.684092 -0.941695 0.685298 -0.944701 0.686198 -0.943893 0.685298 -0.941695 0.686198 -0.939498 0.688304 -0.945998 0.688396 -0.944793 0.685405 -0.938704 0.688396 -0.938598 0.690501 -0.943893 0.691402 -0.944701 0.688396 -0.937499 0.691493 -0.941695 0.691402 -0.938704 0.690593 -0.939498 0.692607 -0.941695 0.391501 -0.953399 0.393606 -0.954696 0.395895 -0.948806 0.390204 -0.951507 0.395895 -0.9552 0.389593 -0.949203 0.398199 -0.954696 0.400198 -0.953506 0.401602 -0.951598 0.402304 -0.949294 0.6701 -0.997299 0.669596 -0.961303 0.665797 -0.997299 0.674403 -0.997208 0.665507 -0.961303 0.673701 -0.961196 0.661402 -0.961303 0.661494 -0.997299 0.657206 -0.997299 0.657298 -0.961303 0.653193 -0.961303 0.652903 -0.997299 0.648493 -0.997208 0.649104 -0.961303 0.644999 -0.961196 0.644205 -0.997208 0.639902 -0.997101 0.640894 -0.961105 0.879393 -0.917403 0.8748 -0.919707 0.879103 -0.919707 0.874495 -0.917403 0.879393 -0.897307 0.884306 -0.897307 0.874495 -0.897307 0.884306 -0.917403 0.884001 -0.919707 0.869596 -0.917403 0.889204 -0.897307 0.879698 -0.919707 0.869596 -0.897307 0.874205 -0.919707 0.889204 -0.917403 0.869902 -0.919707 0.894102 -0.897307 0.884596 -0.919707 0.894102 -0.917403 0.888899 -0.919707 0.893797 -0.919707 0.899001 -0.897307 0.889494 -0.919707 0.899001 -0.917403 0.894408 -0.919707 0.903899 -0.897307 0.898695 -0.919707 0.903899 -0.917403 0.903593 -0.919707 0.908797 -0.897307 0.899306 -0.919707 0.908797 -0.917403 0.904204 -0.919707 0.908507 -0.919707 0.664302 -0.956802 0.6654 -0.960494 0.667399 -0.955505 0.661006 -0.957504 0.6692 -0.958999 0.661402 -0.961303 0.672694 -0.956695 0.657298 -0.961303 0.657694 -0.957504 0.670207 -0.953704 0.654398 -0.956802 0.6533 -0.960494 0.6495 -0.958907 0.651301 -0.955505 0.648493 -0.953597 0.646097 -0.956603 0.643198 -0.953704 0.646204 -0.951293 0.572106 -0.945998 0.571694 -0.924102 0.568795 -0.946105 0.575402 -0.945998 0.568505 -0.924102 0.575006 -0.923995 0.565301 -0.924193 0.565393 -0.946105 0.562097 -0.946105 0.562097 -0.924193 0.558907 -0.924193 0.558694 -0.946105 0.555398 -0.946105 0.555596 -0.924102 0.552407 -0.924102 0.551995 -0.945998 0.548699 -0.945998 0.549203 -0.923995 0.673396 -0.950805 0.673304 -0.947799 0.672099 -0.947799 0.674205 -0.949996 0.676402 -0.951995 0.673396 -0.944793 0.676402 -0.950896 0.674205 -0.945602 0.676402 -0.944701 0.678599 -0.949996 0.676402 -0.943603 0.679393 -0.950805 0.6795 -0.947799 0.679393 -0.944793 0.680598 -0.947799 0.678599 -0.945602 0.354192 -0.953597 0.356207 -0.954803 0.358495 -0.948898 0.352804 -0.951598 0.358495 -0.955306 0.352193 -0.949294 0.360906 -0.954803 0.362905 -0.953506 0.364294 -0.951598 0.364904 -0.949294 0.632395 -0.997406 0.631998 -0.961395 0.628107 -0.997497 0.636698 -0.997299 0.627802 -0.961501 0.636103 -0.961395 0.623697 -0.961501 0.623804 -0.997497 0.619501 -0.997497 0.619593 -0.961501 0.615503 -0.961501 0.615198 -0.997406 0.610895 -0.997406 0.611399 -0.961395 0.607294 -0.961303 0.606607 -0.997299 0.602197 -0.997208 0.603204 -0.961196 0.922301 -0.917296 0.917693 -0.919707 0.921996 -0.919707 0.917403 -0.917296 0.922301 -0.897307 0.927199 -0.897307 0.917403 -0.897307 0.927199 -0.917296 0.912505 -0.917296 0.932097 -0.897307 0.926894 -0.919707 0.912505 -0.897307 0.932097 -0.917296 0.922606 -0.919707 0.936996 -0.897307 0.927504 -0.919707 0.936996 -0.917296 0.931807 -0.919707 0.936706 -0.919707 0.941894 -0.897307 0.932403 -0.919707 0.941894 -0.917296 0.937301 -0.919707 0.946807 -0.897307 0.941604 -0.919707 0.946807 -0.917296 0.946502 -0.919707 0.951705 -0.897307 0.942199 -0.919707 0.951705 -0.917296 0.947097 -0.919707 0.9514 -0.919707 0.917098 -0.919707 0.912795 -0.919707 0.626596 -0.957 0.627802 -0.960693 0.629694 -0.955703 0.623301 -0.957595 0.631601 -0.959106 0.623697 -0.961501 0.619593 -0.961501 0.635004 -0.956802 0.620005 -0.957595 0.632502 -0.953796 0.616693 -0.956893 0.615595 -0.960693 0.611795 -0.959106 0.613596 -0.955703 0.610895 -0.953796 0.608392 -0.956802 0.605493 -0.953902 0.608499 -0.9514 0.542794 -0.945998 0.542397 -0.923995 0.539406 -0.945998 0.546105 -0.945907 0.539193 -0.924102 0.545602 -0.923995 0.536004 -0.924102 0.536095 -0.946105 0.532692 -0.946105 0.532799 -0.924102 0.529503 -0.924102 0.529397 -0.946105 0.525994 -0.945998 0.526299 -0.924102 0.523095 -0.923995 0.522698 -0.945998 0.519402 -0.945907 0.519905 -0.923995 0.758602 -0.945693 0.758495 -0.942702 0.757305 -0.942702 0.759396 -0.9449 0.758602 -0.939696 0.759396 -0.940505 0.761593 -0.946899 0.761593 -0.939605 0.761593 -0.9458 0.761593 -0.938399 0.764599 -0.939696 0.763806 -0.9449 0.763806 -0.940505 0.764599 -0.945693 0.765805 -0.942702 0.764706 -0.942702 0.504601 -0.953399 0.5066 -0.954604 0.508904 -0.948699 0.503197 -0.9514 0.508904 -0.955093 0.502602 -0.949096 0.511193 -0.954696 0.513298 -0.953399 0.514702 -0.951507 0.515297 -0.949203 0.488807 -0.785702 0.488807 -0.776501 0.484703 -0.785702 0.488807 -0.792493 0.484703 -0.776501 0.484596 -0.792493 0.484703 -0.769802 0.488807 -0.769802 0.484703 -0.769802 0.488807 -0.769802 0.484703 -0.764294 0.488807 -0.764294 0.494804 -0.7841 0.488807 -0.776501 0.488807 -0.785702 0.495399 -0.776394 0.491295 -0.792004 0.497795 -0.788998 0.490593 -0.770001 0.495903 -0.768795 0.484596 -0.799695 0.488807 -0.792493 0.484596 -0.792493 0.488807 -0.799695 0.478202 -0.776394 0.484703 -0.776501 0.482994 -0.770001 0.478706 -0.7841 0.477607 -0.768795 0.484703 -0.785702 0.4822 -0.792004 0.4757 -0.788998 0.811307 -0.850004 0.8112 -0.859205 0.815305 -0.859205 0.815396 -0.850004 0.8112 -0.865995 0.815396 -0.865995 0.815503 -0.843305 0.811307 -0.843305 0.815503 -0.843305 0.815503 -0.837797 0.811307 -0.843305 0.811399 -0.837797 0.805203 -0.857496 0.8112 -0.859205 0.811307 -0.850004 0.808606 -0.865507 0.8047 -0.849897 0.802197 -0.862394 0.809598 -0.843503 0.804196 -0.842206 0.815305 -0.873198 0.8112 -0.865995 0.811093 -0.873106 0.815396 -0.865995 0.822003 -0.850004 0.817197 -0.843595 0.815396 -0.850004 0.822599 -0.842405 0.821302 -0.857603 0.815305 -0.859205 0.817807 -0.865507 0.824308 -0.862501 0.636896 -0.508797 0.651194 -0.508797 0.651194 -0.502495 0.651194 -0.515801 0.636896 -0.502495 0.636896 -0.515801 0.636896 -0.523003 0.651194 -0.523003 0.651194 -0.527199 0.636896 -0.527199 0.652995 -0.526802 0.662196 -0.515496 0.651194 -0.523003 0.651194 -0.515801 0.653498 -0.509102 0.658793 -0.505898 0.625895 -0.515496 0.634607 -0.509102 0.629206 -0.505898 0.636896 -0.515801 0.636896 -0.523003 0.635096 -0.526802 0.509896 -0.439506 0.532998 -0.439506 0.5234 -0.429496 0.532097 -0.451392 0.509896 -0.429603 0.509896 -0.456504 0.496406 -0.429496 0.487694 -0.451392 0.486793 -0.439506 0.487495 -0.455497 0.509896 -0.456504 0.487694 -0.451392 0.509697 -0.460594 0.509896 -0.456504 0.532296 -0.457404 0.532494 -0.453193 0.509697 -0.460594 0.825605 -0.736996 0.829297 -0.702998 0.821607 -0.710399 0.829801 -0.736996 0.8215 -0.735805 0.839094 -0.702998 0.839002 -0.736996 0.848203 -0.737102 0.848798 -0.703105 0.852293 -0.737102 0.856504 -0.710399 0.856504 -0.735897 0.644099 -0.540398 0.657694 -0.540307 0.644099 -0.534005 0.630503 -0.540597 0.658106 -0.533806 0.630106 -0.534096 0.663798 -0.5402 0.664195 -0.533806 0.624399 -0.540597 0.624002 -0.534203 0.381399 -0.841093 0.350896 -0.840696 0.350607 -0.858503 0.387793 -0.859007 0.665995 -0.515007 0.664195 -0.533806 0.672007 -0.5149 0.670207 -0.5337 0.670207 -0.5402 0.663798 -0.5402 0.676707 -0.515908 0.707698 -0.533104 0.707698 -0.515908 0.670207 -0.5337 0.707698 -0.5402 0.670207 -0.5402 0.723507 -0.5337 0.707698 -0.533104 0.707698 -0.5402 0.723507 -0.515908 0.723507 -0.540093 0.707698 -0.515908 0.350607 -0.858503 0.387793 -0.865202 0.387793 -0.859007 0.341802 -0.866697 0.387793 -0.879194 0.340505 -0.879194 0.341802 -0.891707 0.387793 -0.893202 0.350607 -0.899901 0.387793 -0.899306 0.752194 -0.533394 0.737896 -0.540002 0.752194 -0.539895 0.737804 -0.533593 0.723507 -0.5337 0.723507 -0.540093 0.761395 -0.502297 0.768002 -0.515602 0.770199 -0.510506 0.757107 -0.504097 0.798901 -0.515602 0.800702 -0.509896 0.676707 -0.515908 0.705501 -0.510796 0.674907 -0.510201 0.707698 -0.515908 0.714305 -0.502602 0.718593 -0.504402 0.338598 -0.900099 0.350896 -0.917693 0.350607 -0.899901 0.338903 -0.917906 0.350607 -0.899901 0.381506 -0.917205 0.387793 -0.899306 0.350896 -0.917693 0.624002 -0.534203 0.615793 -0.515496 0.618006 -0.534203 0.621805 -0.515404 0.618097 -0.540703 0.624399 -0.540597 0.768002 -0.532799 0.805493 -0.533394 0.798901 -0.515602 0.768002 -0.539895 0.768002 -0.515602 0.805493 -0.539895 0.768002 -0.539895 0.752194 -0.533394 0.752194 -0.539895 0.768002 -0.532799 0.752194 -0.515602 0.768002 -0.515602 0.350896 -0.840696 0.338598 -0.858305 0.350607 -0.858503 0.338796 -0.840497 0.714702 -0.595102 0.704997 -0.594995 0.704997 -0.601099 0.714702 -0.601099 0.724407 -0.595102 0.695201 -0.601099 0.724407 -0.601205 0.695201 -0.594995 0.685496 -0.601099 0.734203 -0.595102 0.685496 -0.594995 0.675807 -0.601099 0.734203 -0.601205 0.675807 -0.594995 0.743893 -0.595102 0.743893 -0.601205 0.665995 -0.601099 0.753597 -0.595102 0.665995 -0.594995 0.753597 -0.601205 0.763394 -0.595102 0.763394 -0.601205 0.773098 -0.595102 0.773098 -0.601205 0.782895 -0.595102 0.782803 -0.601205 0.792599 -0.595102 0.792599 -0.601205 0.802304 -0.595193 0.802304 -0.601205 0.204593 -0.194797 0.184802 -0.194598 0.204303 -0.216403 0.184604 -0.216098 0.184604 -0.216098 0.184802 -0.194598 0.172793 -0.215305 0.175006 -0.209094 0.216098 -0.215793 0.234897 -0.209506 0.213993 -0.209506 0.216098 -0.215793 0.204593 -0.194797 0.204303 -0.216403 0.213993 -0.209506 0.862394 -0.750301 0.862196 -0.760601 0.880095 -0.751202 0.880003 -0.760998 0.885496 -0.7505 0.885496 -0.761807 0.896193 -0.749706 0.896193 -0.762707 0.918395 -0.748898 0.918593 -0.763897 0.941695 -0.748699 0.941802 -0.764004 0.963607 -0.749203 0.963699 -0.763394 0.978103 -0.762402 0.978103 -0.750103 0.982605 -0.761501 0.982605 -0.751003 0.997696 -0.760998 0.997696 -0.7505 0.917006 -0.7308 0.896193 -0.748806 0.918395 -0.748898 0.888594 -0.732006 0.941802 -0.730007 0.885603 -0.747295 0.941695 -0.748699 0.874098 -0.734707 0.963607 -0.748806 0.966995 -0.733501 0.880201 -0.745998 0.978103 -0.748898 0.864897 -0.737301 0.986603 -0.736904 0.982605 -0.748806 0.994705 -0.739696 0.966903 -0.725795 0.940093 -0.700298 0.941802 -0.730007 0.965393 -0.701396 0.986007 -0.7205 0.985107 -0.704402 0.994003 -0.717205 0.993301 -0.706706 0.941802 -0.730007 0.940093 -0.700298 0.915999 -0.702205 0.917006 -0.7308 0.887404 -0.707698 0.888502 -0.730907 0.874098 -0.728298 0.873106 -0.711498 0.864897 -0.725307 0.887404 -0.707698 0.888502 -0.730907 0.863996 -0.715099 0.941894 -0.7823 0.967102 -0.778897 0.963699 -0.764004 0.941802 -0.764004 0.918593 -0.763897 0.978103 -0.763806 0.986694 -0.775601 0.9178 -0.781796 0.982696 -0.764004 0.896193 -0.764004 0.994797 -0.773007 0.888808 -0.779904 0.885496 -0.765606 0.874098 -0.777707 0.880095 -0.766995 0.864607 -0.775601 0.351095 -0.253803 0.336202 -0.240101 0.3467 -0.253697 0.335805 -0.234699 0.226001 -0.169604 0.226001 -0.191196 0.245808 -0.169604 0.245808 -0.191196 0.245808 -0.169604 0.257603 -0.190402 0.255406 -0.184207 0.216403 -0.184298 0.197696 -0.177905 0.195605 -0.1841 0.214298 -0.190494 0.226001 -0.191196 0.226001 -0.169604 0.214298 -0.190494 0.216403 -0.184298 0.880705 -0.816907 0.862806 -0.807507 0.863096 -0.8177 0.880598 -0.807095 0.886107 -0.817594 0.886107 -0.806195 0.896803 -0.818402 0.896895 -0.805402 0.919097 -0.819104 0.919203 -0.804105 0.942306 -0.819303 0.942397 -0.803998 0.964202 -0.818799 0.964294 -0.8047 0.978805 -0.8056 0.978698 -0.818006 0.9832 -0.806607 0.9832 -0.817105 0.998306 -0.807095 0.998306 -0.817594 0.896803 -0.819303 0.917693 -0.837293 0.919097 -0.819104 0.889204 -0.836103 0.886198 -0.820798 0.942397 -0.838102 0.874693 -0.833402 0.942306 -0.819303 0.880796 -0.822003 0.964202 -0.819303 0.865507 -0.830701 0.967605 -0.834607 0.978698 -0.819104 0.987198 -0.831098 0.9832 -0.819196 0.9953 -0.828305 0.964294 -0.804105 0.942596 -0.785702 0.942397 -0.803998 0.967697 -0.789105 0.978805 -0.804196 0.919203 -0.804105 0.987305 -0.792401 0.983307 -0.804105 0.918502 -0.786297 0.995499 -0.795102 0.896803 -0.804105 0.889403 -0.788098 0.886198 -0.802502 0.874693 -0.790295 0.880796 -0.801099 0.865202 -0.792401 0.940703 -0.867704 0.967498 -0.842206 0.942397 -0.838102 0.966094 -0.866697 0.986694 -0.847501 0.985702 -0.863706 0.994598 -0.850797 0.994003 -0.861295 0.874693 -0.839796 0.865599 -0.842695 0.873701 -0.856504 0.887999 -0.860304 0.889204 -0.837201 0.864698 -0.852995 0.942397 -0.838102 0.916701 -0.865797 0.940703 -0.867704 0.917693 -0.837293 0.887999 -0.860304 0.889204 -0.837201 0.446906 -0.563806 0.492195 -0.542306 0.447303 -0.542199 0.491096 -0.570901 0.410101 -0.5561 0.446998 -0.520607 0.522103 -0.558999 0.410101 -0.542199 0.491203 -0.513603 0.522194 -0.542306 0.410101 -0.528298 0.522103 -0.525597 0.385107 -0.542199 0.385107 -0.5514 0.389105 -0.542199 0.385107 -0.532998 0.388907 -0.553796 0.388907 -0.530602 0.410101 -0.542199 0.410101 -0.5561 0.410101 -0.528298 0.080293 -0.216999 0.105501 -0.221607 0.105501 -0.216999 0.080003 -0.231296 0.105501 -0.212406 0.054505 -0.216999 0.054093 -0.236805 0.080003 -0.202792 0.054093 -0.197299 0.410101 -0.5561 0.441993 -0.578897 0.446906 -0.563806 0.391897 -0.566705 0.493004 -0.587793 0.440894 -0.582193 0.441199 -0.582406 0.3879 -0.568795 0.491096 -0.570901 0.493294 -0.591608 0.391897 -0.517693 0.4421 -0.505501 0.440894 -0.502205 0.410101 -0.528298 0.388006 -0.515602 0.446998 -0.520607 0.493095 -0.496696 0.491203 -0.513603 0.441306 -0.502098 0.4934 -0.492897 0.522194 -0.542306 0.522103 -0.558999 0.545602 -0.542306 0.522103 -0.525597 0.545007 -0.562097 0.545007 -0.522499 0.551202 -0.542306 0.5514 -0.522103 0.5514 -0.562493 0.028503 -0.227207 0.054093 -0.236805 0.054505 -0.216999 0.028305 -0.216999 0.028503 -0.206897 0.054093 -0.197299 0.493996 -0.591501 0.543893 -0.575708 0.493004 -0.587793 0.547494 -0.581003 0.491096 -0.570901 0.523705 -0.564294 0.493095 -0.496696 0.543893 -0.508904 0.494102 -0.493004 0.491203 -0.513603 0.547601 -0.503594 0.523705 -0.520195 0.752804 -0.067093 0.801205 -0.079804 0.766201 -0.058304 0.794507 -0.092393 0.801205 -0.079804 0.845701 -0.093095 0.845899 -0.080399 0.794507 -0.092393 0.880201 -0.080994 0.883406 -0.093598 0.736507 -0.707698 0.718898 -0.7346 0.736507 -0.7346 0.718898 -0.707698 0.753994 -0.707698 0.753994 -0.7346 0.799893 -0.047196 0.801205 -0.079804 0.810407 -0.065507 0.776699 -0.046906 0.802106 -0.014694 0.845899 -0.080399 0.846403 -0.066193 0.811002 -0.029297 0.874296 -0.066804 0.880201 -0.080994 0.846906 -0.015304 0.899397 -0.066193 0.846998 -0.029602 0.884398 -0.048401 0.874907 -0.0298 0.899702 -0.048706 0.900008 -0.031097 0.881193 -0.015793 0.265995 -0.673106 0.238102 -0.683497 0.265995 -0.683406 0.237797 -0.673503 0.202197 -0.683604 0.202106 -0.674006 0.846998 -0.0027 0.795895 -0.001998 0.802106 -0.014694 0.846906 -0.015304 0.881193 -0.015793 0.884703 -0.003295 0.659098 -0.751003 0.660594 -0.762203 0.678492 -0.762203 0.684703 -0.759197 0.813794 -0.751003 0.7944 -0.762203 0.812299 -0.762203 0.788205 -0.759197 0.883406 -0.093598 0.902907 -0.0728 0.880201 -0.080994 0.908003 -0.082398 0.287007 -0.683406 0.265995 -0.673106 0.265995 -0.683406 0.2869 -0.672908 0.202106 -0.674006 0.181094 -0.683406 0.202197 -0.683604 0.181094 -0.673793 0.160006 -0.674098 0.160006 -0.683696 0.096101 -0.673594 0.075196 -0.683894 0.096192 -0.683894 0.075196 -0.673396 0.1243 -0.673793 0.160006 -0.683696 0.160006 -0.674098 0.124102 -0.683803 0.096101 -0.673594 0.096192 -0.683894 0.903593 -0.024597 0.884703 -0.003295 0.881193 -0.015793 0.908995 -0.015106 0.802106 -0.014694 0.753506 -0.026092 0.766598 -0.035202 0.795895 -0.001998 0.105592 -0.0607 0.098207 -0.040604 0.080094 -0.075806 0.121202 -0.029694 0.127504 -0.049805 0.068406 -0.058197 0.052002 -0.096101 0.036301 -0.082002 0.027801 -0.117601 0.006897 -0.1075 0.006897 -0.1075 0.026199 -0.120806 0.027801 -0.117601 0.005096 -0.110796 0.100999 -0.370596 0.075593 -0.3552 0.093293 -0.3906 0.116197 -0.401801 0.122698 -0.381796 0.063706 -0.372595 0.047898 -0.334493 0.031998 -0.348394 0.023895 -0.312703 0.002899 -0.322499 0.002899 -0.322499 0.022293 -0.309499 0.001098 -0.319203 0.023895 -0.312703 0.026199 -0.120806 0.050095 -0.130297 0.027801 -0.117601 0.0513 -0.127504 0.052002 -0.096101 0.0513 -0.127504 0.068604 -0.108797 0.027801 -0.117601 0.080094 -0.075806 0.091096 -0.092301 0.105592 -0.0607 0.112093 -0.079499 0.127504 -0.049805 0.131899 -0.070405 0.023895 -0.312703 0.047592 -0.303105 0.046402 -0.300298 0.022293 -0.309499 0.064606 -0.321996 0.047592 -0.303105 0.047898 -0.334493 0.075593 -0.3552 0.023895 -0.312703 0.0869 -0.338796 0.100999 -0.370596 0.107698 -0.351904 0.122698 -0.381796 0.127398 -0.361303 0.070405 -0.293202 0.047592 -0.303105 0.071 -0.296101 0.046402 -0.300298 0.0869 -0.338796 0.114702 -0.332204 0.098603 -0.320897 0.107698 -0.351904 0.084199 -0.309804 0.130694 -0.341497 0.127398 -0.361303 0.064606 -0.321996 0.071 -0.296101 0.047592 -0.303105 0.050095 -0.130297 0.074006 -0.137697 0.0513 -0.127504 0.074601 -0.134798 0.118807 -0.099305 0.091096 -0.092301 0.102602 -0.110307 0.112093 -0.079499 0.087998 -0.121294 0.068604 -0.108797 0.134905 -0.090196 0.131899 -0.070405 0.074601 -0.134798 0.0513 -0.127504 0.859907 -0.986893 0.826505 -0.989807 0.859403 -0.997803 0.827695 -0.983093 0.826001 -0.996597 0.834104 -0.965698 0.859998 -0.974899 0.859998 -0.965805 0.830701 -0.974304 0.859907 -0.986893 0.827695 -0.983093 0.859998 -0.9402 0.838193 -0.939895 0.838193 -0.941802 0.859907 -0.920897 0.859998 -0.941802 0.838193 -0.921004 0.783307 -0.911696 0.791608 -0.915602 0.790997 -0.911192 0.785199 -0.918196 0.793103 -0.920806 0.787305 -0.924697 0.797299 -0.925902 0.793301 -0.931899 0.803098 -0.9299 0.800793 -0.937194 0.808804 -0.931701 0.807401 -0.938704 0.813901 -0.938796 0.813703 -0.931899 0.1093 -0.026596 0.091096 -0.019592 0.097001 -0.033997 0.098893 -0.014892 0.083207 -0.039902 0.074204 -0.023697 0.077897 -0.042404 0.079194 -0.022903 0.087296 -0.037201 0.069901 -0.0242 0.083207 -0.021896 0.071595 -0.0457 0.064805 -0.024399 0.065598 -0.048294 0.060395 -0.024292 0.060196 -0.048905 0.055695 -0.048905 0.056305 -0.024292 0.052201 -0.0242 0.0513 -0.048706 0.046005 -0.047898 0.047806 -0.024002 0.039993 -0.044998 0.042694 -0.023605 0.033905 -0.041397 0.038407 -0.022903 0.028702 -0.038696 0.033402 -0.021896 0.024704 -0.035797 0.029495 -0.020706 0.838102 -0.909804 0.832303 -0.909804 0.832303 -0.918502 0.832303 -0.901198 0.838193 -0.921004 0.838102 -0.898604 0.823804 -0.930007 0.823499 -0.889799 0.826596 -0.935897 0.8262 -0.883803 0.824598 -0.882902 0.824994 -0.936904 0.813397 -0.888197 0.813397 -0.8813 0.813703 -0.931899 0.813901 -0.938796 0.859998 -0.959304 0.838193 -0.953094 0.836194 -0.959304 0.859998 -0.953094 0.859998 -0.965805 0.859998 -0.941802 0.834104 -0.965698 0.838193 -0.941802 0.750393 -0.912505 0.751797 -0.922805 0.754604 -0.917998 0.745602 -0.912795 0.756695 -0.911696 0.745693 -0.906706 0.746502 -0.926696 0.750896 -0.906798 0.740703 -0.912795 0.756893 -0.906294 0.745998 -0.900206 0.735805 -0.906706 0.751202 -0.900099 0.735805 -0.900298 0.735805 -0.927794 0.755993 -0.895598 0.735805 -0.888106 0.730907 -0.912795 0.740993 -0.927703 0.746593 -0.888106 0.725597 -0.900298 0.725902 -0.906706 0.730602 -0.927703 0.725002 -0.888106 0.725994 -0.912795 0.725093 -0.926696 0.7205 -0.900298 0.721202 -0.912505 0.715602 -0.895598 0.720699 -0.906798 0.719799 -0.922805 0.714702 -0.906294 0.7149 -0.911696 0.717006 -0.917998 0.8598 -0.844602 0.830503 -0.845197 0.833906 -0.853803 0.859693 -0.832593 0.8598 -0.853697 0.827497 -0.836393 0.838102 -0.879606 0.838102 -0.898604 0.859907 -0.898497 0.8598 -0.879301 0.838102 -0.877699 0.8598 -0.877699 0.793393 -0.900206 0.785702 -0.903304 0.792203 -0.905394 0.787396 -0.896605 0.797299 -0.894896 0.784207 -0.909895 0.792996 -0.889097 0.791806 -0.909895 0.803006 -0.8907 0.800305 -0.883497 0.808499 -0.888701 0.806897 -0.881697 0.813397 -0.8813 0.813397 -0.888197 0.859205 -0.821698 0.825696 -0.822904 0.826307 -0.829694 0.827497 -0.836393 0.859693 -0.832593 0.8598 -0.860197 0.835996 -0.860197 0.838102 -0.866407 0.8598 -0.853697 0.8598 -0.866407 0.833906 -0.853803 0.8598 -0.877699 0.838102 -0.877699 0.021698 -0.018005 0.024704 -0.035797 0.029495 -0.020706 0.015106 -0.032196 0.021698 -0.018005 0.003204 -0.024292 0.015106 -0.032196 0.013992 -0.012893 0.859907 -0.898497 0.838102 -0.909804 0.859907 -0.909697 0.838102 -0.898604 0.859907 -0.920897 0.838193 -0.921004 0.115602 -0.020798 0.111299 -0.003494 0.104997 -0.009201 0.121996 -0.014892 0.098893 -0.014892 0.1093 -0.026596 0.091096 -0.019592 0.087296 -0.037201 0.097001 -0.033997 0.083207 -0.021896 0.505699 -0.779599 0.511299 -0.784802 0.514107 -0.778195 0.520607 -0.778195 0.519493 -0.789502 0.529397 -0.778103 0.529595 -0.792493 0.550805 -0.778302 0.5299 -0.777096 0.551705 -0.796201 0.550698 -0.777203 0.597299 -0.779095 0.597299 -0.777401 0.550698 -0.761303 0.597299 -0.796201 0.597406 -0.761303 0.521904 -0.761303 0.597299 -0.816403 0.551705 -0.816297 0.554299 -0.833097 0.597299 -0.833295 0.532601 -0.833204 0.554498 -0.834607 0.529503 -0.820096 0.532906 -0.834699 0.597406 -0.835203 0.521096 -0.8318 0.536294 -0.837797 0.519295 -0.823194 0.554604 -0.837797 0.511101 -0.834607 0.510994 -0.827802 0.597299 -0.837797 0.505104 -0.8327 0.615503 -0.791608 0.613596 -0.821103 0.615305 -0.821698 0.613901 -0.792004 0.617899 -0.821805 0.597299 -0.816403 0.631601 -0.790707 0.597299 -0.796201 0.5093 -0.796399 0.518593 -0.816403 0.5187 -0.796307 0.509102 -0.816403 0.501503 -0.816403 0.529305 -0.816403 0.529198 -0.796307 0.551705 -0.816297 0.501595 -0.796201 0.551705 -0.796201 0.597299 -0.816403 0.597299 -0.796201 0.506203 -0.900099 0.514702 -0.901503 0.511894 -0.894896 0.521096 -0.901503 0.519997 -0.890196 0.5299 -0.901595 0.530098 -0.887205 0.551293 -0.901396 0.552193 -0.883497 0.530404 -0.902693 0.597894 -0.900603 0.597803 -0.883497 0.551293 -0.902495 0.597894 -0.902296 0.551202 -0.918395 0.597894 -0.918395 0.522393 -0.918395 0.597894 -0.846403 0.554803 -0.846601 0.597894 -0.863294 0.555001 -0.845106 0.597894 -0.844602 0.552193 -0.863401 0.5552 -0.841901 0.533501 -0.845106 0.533104 -0.846494 0.597894 -0.841901 0.536904 -0.841901 0.530007 -0.859602 0.521706 -0.847898 0.519799 -0.856596 0.511604 -0.845197 0.511604 -0.851896 0.505699 -0.846998 0.616098 -0.888106 0.615793 -0.858106 0.614099 -0.858595 0.618494 -0.857893 0.614496 -0.887694 0.632197 -0.889006 0.597894 -0.863294 0.597803 -0.883497 0.509606 -0.863294 0.509804 -0.883406 0.519203 -0.863294 0.502007 -0.863294 0.519203 -0.883406 0.502098 -0.883497 0.529793 -0.863294 0.529793 -0.883406 0.552193 -0.863401 0.552193 -0.883497 0.597894 -0.863294 0.597803 -0.883497 0.068299 -0.553002 0.0672 -0.517601 0.021103 -0.552804 0.090196 -0.552697 0.020401 -0.5178 0.095994 -0.517693 0.002395 -0.552407 0.102693 -0.522805 0.002197 -0.517906 0.001998 -0.483803 0.020294 -0.483696 0.001998 -0.465095 0.021103 -0.465095 0.063004 -0.483497 0.061997 -0.465095 0.002395 -0.557595 0.020904 -0.563699 0.020996 -0.557794 0.002197 -0.563699 0.067994 -0.557504 0.068696 -0.563607 0.094407 -0.5635 0.095704 -0.557305 0.068696 -0.563607 0.020798 -0.574105 0.068696 -0.573999 0.020904 -0.563699 0.094407 -0.5635 0.002105 -0.574105 0.0981 -0.573907 0.002197 -0.563699 0.948806 -0.344503 0.947494 -0.351705 0.969604 -0.361196 0.911696 -0.3364 0.984207 -0.360204 0.913497 -0.329198 0.974807 -0.365499 0.981796 -0.365499 0.894499 -0.328801 0.965393 -0.374594 0.894301 -0.320699 0.970794 -0.376501 0.937102 -0.389807 0.937407 -0.385595 0.888197 -0.371801 0.889799 -0.367605 0.027695 -0.382605 0.038193 -0.364096 0.022903 -0.354406 0.057099 -0.400793 0.009597 -0.371298 0.068101 -0.382498 0.080903 -0.391394 0.071198 -0.409598 0.932998 -0.380606 0.908293 -0.339193 0.889906 -0.363302 0.941894 -0.353506 0.955901 -0.370398 0.8934 -0.332998 0.959197 -0.360998 0.880903 -0.338292 0.879103 -0.359106 0.886198 -0.388098 0.877104 -0.379904 0.875807 -0.384298 0.890196 -0.376303 0.927108 -0.404303 0.933501 -0.392905 0.151293 -0.424796 0.162905 -0.411902 0.151797 -0.411902 0.1626 -0.432807 0.207706 -0.433494 0.207507 -0.412207 0.002395 -0.557595 0.021103 -0.552804 0.002395 -0.552407 0.020996 -0.557794 0.067994 -0.557504 0.068299 -0.553002 0.090196 -0.552697 0.095704 -0.557305 0.231601 -0.4112 0.207706 -0.433494 0.234302 -0.432502 0.207507 -0.412207 0.021103 -0.465095 0.061997 -0.465095 0.050797 -0.451896 0.022095 -0.452094 0.009903 -0.452094 0.001998 -0.465095 0.878492 -0.334096 0.894499 -0.328801 0.878294 -0.326802 0.894301 -0.320699 0.085999 -0.407996 0.080903 -0.391394 0.071198 -0.409598 0.092607 -0.396796 0.889799 -0.367605 0.875303 -0.362097 0.873701 -0.366705 0.888197 -0.371801 0.234302 -0.432502 0.241001 -0.409796 0.231601 -0.4112 0.246601 -0.430594 0.068101 -0.600504 0.020904 -0.600702 0.067002 -0.635798 0.089997 -0.600793 0.020202 -0.635706 0.095796 -0.635798 0.002197 -0.601099 0.102602 -0.630701 0.001998 -0.635599 0.001907 -0.669703 0.020202 -0.669795 0.001907 -0.688396 0.021103 -0.688396 0.062897 -0.669795 0.061997 -0.688304 0.020706 -0.5897 0.067795 -0.595895 0.068497 -0.589899 0.020798 -0.595697 0.002197 -0.595895 0.094193 -0.590005 0.001998 -0.589807 0.095506 -0.596201 0.001907 -0.5794 0.020706 -0.5897 0.020599 -0.5794 0.001998 -0.589807 0.068497 -0.589899 0.068497 -0.579507 0.094193 -0.590005 0.097901 -0.579599 0.7234 -0.344305 0.760494 -0.336202 0.758694 -0.329 0.724804 -0.351507 0.702602 -0.360998 0.777707 -0.328603 0.687999 -0.360098 0.777905 -0.320607 0.697398 -0.365301 0.706798 -0.374395 0.690394 -0.365301 0.701503 -0.376303 0.735195 -0.389593 0.734798 -0.385397 0.7841 -0.371603 0.782406 -0.367407 0.183001 -0.469993 0.167498 -0.449607 0.166293 -0.470207 0.183001 -0.4486 0.218097 -0.448295 0.217502 -0.469505 0.236194 -0.447898 0.238895 -0.4692 0.028198 -0.3888 0.037094 -0.420203 0.048294 -0.402106 0.014801 -0.405707 0.730205 -0.353094 0.739101 -0.380194 0.763897 -0.338903 0.716197 -0.370001 0.712901 -0.360601 0.782193 -0.362997 0.778897 -0.332799 0.791196 -0.338003 0.792996 -0.358907 0.782406 -0.367407 0.798505 -0.366506 0.796994 -0.361898 0.7841 -0.371603 0.782696 -0.388296 0.791806 -0.379995 0.778607 -0.376593 0.793103 -0.384405 0.741894 -0.404807 0.735393 -0.393301 0.020798 -0.382696 0.014801 -0.405707 0.028198 -0.3888 0.005294 -0.397604 0.086594 -0.424903 0.037094 -0.420203 0.076096 -0.443 0.048294 -0.402106 0.089906 -0.441901 0.096101 -0.430594 0.068101 -0.600504 0.089997 -0.600793 0.067795 -0.595895 0.020904 -0.600702 0.095506 -0.596201 0.020798 -0.595697 0.002197 -0.595895 0.002197 -0.601099 0.050797 -0.701396 0.021103 -0.688396 0.022095 -0.701396 0.061997 -0.688304 0.009796 -0.701396 0.001907 -0.688396 0.793896 -0.326604 0.777707 -0.328603 0.793698 -0.333898 0.777905 -0.320607 0.167498 -0.449607 0.154406 -0.461204 0.166293 -0.470207 0.154604 -0.448295 0.345998 -0.278096 0.327794 -0.278096 0.330098 -0.290898 0.3467 -0.295598 0.2009 -0.960403 0.203906 -0.986206 0.210193 -0.969207 0.381201 -0.201404 0.379797 -0.234806 0.401495 -0.2336 0.377493 -0.197803 0.3888 -0.253803 0.342596 -0.197894 0.351095 -0.253803 0.412406 -0.252995 0.335805 -0.234699 0.437507 -0.292805 0.408194 -0.295598 0.313298 -0.197894 0.435401 -0.294301 0.302907 -0.234501 0.284306 -0.198001 0.311696 -0.543893 0.348501 -0.529503 0.341207 -0.510704 0.298497 -0.527901 0.313405 -0.581003 0.313298 -0.614603 0.349493 -0.614694 0.349401 -0.580194 0.313497 -0.549905 0.349294 -0.536507 0.302907 -0.234501 0.272602 -0.2421 0.290806 -0.245304 0.307607 -0.240406 0.277501 -0.247593 0.314397 -0.257298 0.290806 -0.245304 0.297795 -0.260594 0.306798 -0.242893 0.3196 -0.300099 0.277501 -0.247593 0.304707 -0.301503 0.282994 -0.261097 0.294194 -0.302602 0.557702 -0.137407 0.568399 -0.112093 0.532204 -0.111192 0.514107 -0.140597 0.512993 -0.211093 0.484306 -0.191897 0.496193 -0.672404 0.482002 -0.689494 0.491402 -0.692607 0.481498 -0.672206 0.497902 -0.694896 0.568093 -0.110201 0.532204 -0.111192 0.568399 -0.112093 0.531395 -0.108705 0.307607 -0.240406 0.335805 -0.234699 0.302907 -0.234501 0.336202 -0.240101 0.285801 -0.585107 0.313405 -0.581003 0.288808 -0.581796 0.313298 -0.614603 0.286107 -0.615 0.313497 -0.549905 0.288594 -0.543999 0.309407 -0.545205 0.349294 -0.536507 0.353002 -0.531899 0.352804 -0.530205 0.372305 -0.524605 0.373205 -0.526101 0.334905 -0.245808 0.306798 -0.242893 0.314397 -0.257298 0.344198 -0.260304 0.512993 -0.211093 0.484306 -0.191897 0.485206 -0.195605 0.499794 -0.213199 0.502602 -0.044495 0.487495 -0.009506 0.499794 -0.044403 0.484092 -0.009796 0.527398 -0.107897 0.511894 -0.065903 0.508003 -0.065095 0.531395 -0.108705 0.313298 -0.197894 0.285298 -0.195102 0.284306 -0.198001 0.312596 -0.195193 0.378805 -0.195499 0.342596 -0.197894 0.377493 -0.197803 0.340795 -0.195407 0.313298 -0.197894 0.342596 -0.197894 0.340795 -0.195407 0.312596 -0.195193 0.265293 -0.165194 0.285298 -0.195102 0.267094 -0.164401 0.284001 -0.197894 0.407004 -0.296895 0.441306 -0.296193 0.435401 -0.294301 0.408194 -0.295598 0.484092 -0.004104 0.484092 -0.009506 0.487495 -0.009506 0.481697 -0.004898 0.527398 -0.107897 0.531106 -0.111101 0.531395 -0.108705 0.5252 -0.1093 0.299199 -0.164202 0.312596 -0.195193 0.320607 -0.163195 0.285298 -0.195102 0.299275 -0.144778 0.267094 -0.164401 0.340795 -0.195407 0.394324 -0.165515 0.289296 -0.136202 0.378805 -0.195499 0.349294 -0.536507 0.349401 -0.580194 0.373205 -0.585397 0.353002 -0.531899 0.349493 -0.614694 0.373205 -0.526101 0.376501 -0.588006 0.376196 -0.614893 0.313298 -0.614603 0.3467 -0.641306 0.349493 -0.614694 0.303502 -0.640101 0.508003 -0.065095 0.502602 -0.044495 0.499794 -0.044403 0.511894 -0.065903 0.250507 -0.214801 0.302907 -0.234501 0.284306 -0.198001 0.272602 -0.2421 0.349294 -0.536507 0.311696 -0.543893 0.313497 -0.549905 0.348501 -0.529503 0.246296 -0.261204 0.250507 -0.214801 0.232593 -0.245899 0.272602 -0.2421 0.267094 -0.164401 0.289296 -0.136202 0.287602 -0.136294 0.265095 -0.164004 0.517815 -0.003967 0.487495 -0.009506 0.520348 -0.009765 0.484092 -0.004104 0.520348 -0.009765 0.502602 -0.044495 0.530388 -0.045639 0.487495 -0.009506 0.530388 -0.045639 0.511894 -0.065903 0.53637 -0.066804 0.502602 -0.044495 0.511894 -0.065903 0.531395 -0.108705 0.543618 -0.092622 0.53637 -0.066804 0.568093 -0.110201 0.494804 -0.369497 0.474495 -0.401694 0.496193 -0.402808 0.498497 -0.365896 0.487205 -0.421897 0.533303 -0.366003 0.524895 -0.421805 0.4636 -0.421103 0.438499 -0.460807 0.5402 -0.402808 0.467903 -0.4636 0.562707 -0.366003 0.440696 -0.462303 0.573007 -0.402502 0.591608 -0.366094 0.5691 -0.410895 0.5411 -0.413703 0.561593 -0.425193 0.531807 -0.428306 0.386206 -0.605097 0.368902 -0.6477 0.402197 -0.618402 0.387594 -0.6551 0.4392 -0.620203 0.472908 -0.656397 0.472908 -0.620096 0.4383 -0.656199 0.408194 -0.620203 0.394705 -0.655894 0.603296 -0.410101 0.573007 -0.402502 0.585107 -0.413306 0.598398 -0.415595 0.568307 -0.408392 0.585107 -0.413306 0.561593 -0.425193 0.578103 -0.428504 0.5691 -0.410895 0.598398 -0.415595 0.556207 -0.467994 0.592905 -0.429099 0.571206 -0.469398 0.581598 -0.470497 0.6645 -0.138201 0.707897 -0.142504 0.690593 -0.112703 0.707301 -0.213001 0.654398 -0.112703 0.736507 -0.194598 0.682002 -0.689693 0.667796 -0.672602 0.672602 -0.692805 0.682597 -0.672404 0.666102 -0.695094 0.691402 -0.110201 0.654704 -0.110796 0.690593 -0.112703 0.654398 -0.112703 0.539696 -0.408194 0.524895 -0.421805 0.529198 -0.421698 0.5402 -0.402808 0.4392 -0.620203 0.443305 -0.592599 0.439994 -0.595499 0.472908 -0.620096 0.408194 -0.620203 0.473198 -0.592798 0.402197 -0.595407 0.403494 -0.616205 0.394705 -0.655894 0.388296 -0.659297 0.390005 -0.659495 0.382605 -0.678798 0.3841 -0.679698 0.472908 -0.683101 0.472908 -0.656397 0.446097 -0.683299 0.443503 -0.680095 0.4383 -0.656199 0.394705 -0.655894 0.390005 -0.659495 0.3841 -0.679698 0.712001 -0.067795 0.695399 -0.109499 0.715908 -0.067093 0.691402 -0.110201 0.562707 -0.366003 0.5906 -0.363195 0.563302 -0.363302 0.591608 -0.366094 0.498497 -0.365896 0.533303 -0.366003 0.4972 -0.363607 0.535103 -0.3635 0.533303 -0.366003 0.562707 -0.366003 0.535103 -0.3635 0.563302 -0.363302 0.608698 -0.332494 0.5906 -0.363195 0.610605 -0.333303 0.591806 -0.365896 0.440696 -0.462303 0.469093 -0.464805 0.467903 -0.4636 0.434806 -0.464195 0.741299 -0.006698 0.741207 -0.0121 0.743694 -0.007599 0.737804 -0.0121 0.695399 -0.109499 0.691402 -0.110201 0.691707 -0.112505 0.697597 -0.110903 0.576593 -0.332403 0.555306 -0.331304 0.563302 -0.363302 0.576593 -0.312978 0.5906 -0.363195 0.608698 -0.332494 0.535103 -0.3635 0.481682 -0.333715 0.576593 -0.312978 0.4972 -0.363607 0.586496 -0.304402 0.7355 -0.198199 0.707301 -0.213001 0.720394 -0.215396 0.736507 -0.194598 0.724605 -0.046692 0.741207 -0.012405 0.737804 -0.0121 0.721798 -0.046692 0.499397 -0.653605 0.472908 -0.620096 0.472908 -0.656397 0.498405 -0.610498 0.394705 -0.655894 0.402197 -0.618402 0.387594 -0.6551 0.408194 -0.620203 0.715908 -0.067093 0.724605 -0.046692 0.721798 -0.046692 0.712001 -0.067795 0.625406 -0.382895 0.573007 -0.402502 0.603296 -0.410101 0.591608 -0.366094 0.568307 -0.408392 0.5402 -0.402808 0.539696 -0.408194 0.573007 -0.402502 0.691402 -0.110201 0.712001 -0.067795 0.67985 -0.094956 0.654704 -0.110796 0.687678 -0.068131 0.693797 -0.047119 0.687678 -0.068131 0.712001 -0.067795 0.721798 -0.046692 0.704143 -0.011505 0.737804 -0.0121 0.741299 -0.006698 0.707683 -0.005767 0.737804 -0.0121 0.704143 -0.011505 0.629496 -0.429206 0.625406 -0.382895 0.603296 -0.410101 0.643198 -0.413901 0.610697 -0.332097 0.588205 -0.304402 0.608698 -0.332494 0.586496 -0.304402 0.786496 -0.4542 0.757595 -0.446494 0.757702 -0.455695 0.783307 -0.462699 0.748501 -0.457206 0.758694 -0.479103 0.757702 -0.455695 0.766598 -0.474693 0.791608 -0.480507 0.791196 -0.458305 0.783307 -0.462699 0.800504 -0.478599 0.763699 -0.483207 0.791608 -0.480507 0.766598 -0.474693 0.791608 -0.489601 0.760693 -0.458106 0.7823 -0.463905 0.783307 -0.462699 0.757702 -0.455695 0.788693 -0.478294 0.791608 -0.480507 0.766598 -0.474693 0.767498 -0.473396 0.760693 -0.458106 0.766598 -0.474693 0.767498 -0.473396 0.757702 -0.455695 0.719997 -0.438697 0.700801 -0.443305 0.723003 -0.445899 0.702495 -0.436606 0.6869 -0.4038 0.6804 -0.416999 0.687205 -0.416098 0.679896 -0.400305 0.691707 -0.432593 0.687205 -0.416098 0.6804 -0.416999 0.686 -0.437995 0.700801 -0.443305 0.691707 -0.432593 0.686 -0.437995 0.702495 -0.436606 0.603601 -0.132692 0.603494 -0.164401 0.611307 -0.132692 0.611307 -0.164401 0.611399 -0.130007 0.603601 -0.130007 0.603601 -0.132692 0.611307 -0.132692 0.590494 -0.164294 0.603601 -0.132692 0.601907 -0.130495 0.603494 -0.164401 0.603494 -0.173205 0.611307 -0.194995 0.611307 -0.173297 0.603403 -0.194995 0.603494 -0.164401 0.603494 -0.173205 0.611307 -0.164401 0.611307 -0.173297 0.590494 -0.164294 0.603494 -0.173205 0.603494 -0.164401 0.581796 -0.174502 0.581796 -0.174502 0.590494 -0.164294 0.581903 -0.162005 0.603403 -0.194995 0.603403 -0.247898 0.611307 -0.194995 0.611307 -0.247898 0.603403 -0.247898 0.591394 -0.198505 0.591394 -0.247898 0.603403 -0.194995 0.619104 -0.164401 0.619104 -0.132692 0.611307 -0.132692 0.611307 -0.164401 0.611307 -0.130007 0.619104 -0.132692 0.619104 -0.130007 0.611307 -0.132692 0.619104 -0.132692 0.632197 -0.164401 0.620798 -0.130495 0.619104 -0.164401 0.619196 -0.173297 0.611307 -0.194995 0.619104 -0.194995 0.611307 -0.173297 0.619104 -0.164401 0.611307 -0.164401 0.619196 -0.173297 0.611307 -0.173297 0.619196 -0.173297 0.632197 -0.164401 0.619104 -0.164401 0.640894 -0.174594 0.640894 -0.174594 0.640803 -0.162097 0.632197 -0.164401 0.619104 -0.247898 0.619104 -0.194995 0.611307 -0.194995 0.611307 -0.247898 0.631098 -0.198505 0.619104 -0.247898 0.631098 -0.247898 0.619104 -0.194995 0.887602 -0.461997 0.912993 -0.454398 0.884092 -0.453696 0.912795 -0.445106 0.912596 -0.477806 0.922194 -0.455604 0.912993 -0.454398 0.904601 -0.473594 0.879805 -0.480095 0.887602 -0.461997 0.879499 -0.457893 0.870802 -0.478492 0.879805 -0.480095 0.907698 -0.482002 0.904601 -0.473594 0.880003 -0.489204 0.910002 -0.456794 0.887602 -0.461997 0.888594 -0.463294 0.912993 -0.454398 0.882597 -0.477806 0.879805 -0.480095 0.904601 -0.473594 0.903593 -0.472297 0.910002 -0.456794 0.904601 -0.473594 0.912993 -0.454398 0.903593 -0.472297 0.962798 -0.439597 0.945098 -0.440406 0.963897 -0.446296 0.941604 -0.447303 0.980697 -0.407996 0.986206 -0.421698 0.988006 -0.405097 0.979507 -0.420295 0.9738 -0.436393 0.986206 -0.421698 0.979507 -0.420295 0.979004 -0.442206 0.963897 -0.446296 0.9738 -0.436393 0.962798 -0.439597 0.979004 -0.442206 0.248905 -0.606607 0.261494 -0.623499 0.251896 -0.602594 0.267597 -0.623499 0.251896 -0.602594 0.195499 -0.602594 0.248905 -0.606607 0.196597 -0.606897 0.259907 -0.667704 0.284199 -0.648005 0.246601 -0.647807 0.272496 -0.630396 0.194202 -0.648005 0.246601 -0.647807 0.246403 -0.616602 0.194095 -0.6168 0.278004 -0.510903 0.251896 -0.602594 0.278004 -0.602594 0.251896 -0.510903 0.251896 -0.602594 0.251896 -0.510903 0.195499 -0.602594 0.195499 -0.510903 0.198505 -0.665995 0.259907 -0.667704 0.246601 -0.647807 0.194202 -0.648005 0.141894 -0.648295 0.190097 -0.666102 0.128695 -0.668406 0.129503 -0.623407 0.139193 -0.602594 0.1234 -0.623499 0.142107 -0.606607 0.195499 -0.602594 0.142107 -0.606607 0.194507 -0.606897 0.139193 -0.602594 0.128695 -0.668406 0.141894 -0.648295 0.104204 -0.648798 0.115801 -0.631205 0.194202 -0.648005 0.141695 -0.617105 0.141894 -0.648295 0.194095 -0.6168 0.112993 -0.510903 0.112993 -0.602594 0.139193 -0.602594 0.139193 -0.510903 0.139193 -0.602594 0.195499 -0.602594 0.139193 -0.510903 0.195499 -0.510903 0.251896 -0.510903 0.201907 -0.484596 0.195499 -0.510903 0.267704 -0.489998 0.189197 -0.484596 0.139193 -0.510903 0.1234 -0.489998 0.222507 -0.984298 0.207599 -0.918196 0.214405 -0.991196 0.485496 -0.209903 0.459907 -0.166094 0.459007 -0.192203 0.450294 -0.421805 0.439902 -0.377707 0.441794 -0.428306 0.343999 -0.446097 0.343404 -0.394705 0.336095 -0.445899 0.344198 -0.456703 0.3355 -0.394705 0.297704 -0.476005 0.343099 -0.3738 0.297902 -0.496803 0.334905 -0.357 0.352102 -0.359503 0.250996 -0.457496 0.342199 -0.349996 0.352102 -0.371801 0.2589 -0.446494 0.313695 -0.340093 0.250996 -0.446906 0.313405 -0.322194 0.250706 -0.395407 0.258701 -0.395407 0.250706 -0.374594 0.258595 -0.357595 0.241505 -0.360403 0.241703 -0.372702 0.251194 -0.350805 0.279606 -0.340398 0.2795 -0.322499 0.718898 -0.770596 0.682002 -0.773999 0.698207 -0.790494 0.684703 -0.759197 0.687205 -0.790494 0.678492 -0.762203 0.718898 -0.813107 0.698207 -0.812299 0.698207 -0.817502 0.718898 -0.831693 0.711299 -0.838499 0.698207 -0.838499 0.832105 -0.326299 0.793896 -0.326604 0.824704 -0.333898 0.832303 -0.350896 0.793698 -0.333898 0.824903 -0.351003 0.832395 -0.356603 0.824994 -0.356695 0.796994 -0.361898 0.825193 -0.380102 0.798505 -0.366506 0.832593 -0.380407 0.022095 -0.701396 0.020904 -0.735195 0.050797 -0.701396 0.009796 -0.701396 0.009903 -0.735195 0.154604 -0.448295 0.128496 -0.448096 0.154406 -0.461204 0.127001 -0.460899 0.128496 -0.448096 0.112795 -0.455299 0.127001 -0.460899 0.118303 -0.444205 0.118303 -0.444205 0.096101 -0.430594 0.089906 -0.441901 0.112795 -0.455299 0.791196 -0.338003 0.818296 -0.349294 0.818402 -0.337896 0.792996 -0.358907 0.818204 -0.454704 0.817899 -0.468696 0.835706 -0.468605 0.814496 -0.454993 0.8047 -0.468696 0.835706 -0.454597 0.805005 -0.498802 0.8533 -0.454902 0.853498 -0.468803 0.856992 -0.4551 0.866697 -0.468894 0.736797 -0.467796 0.751598 -0.506096 0.748104 -0.472007 0.7075 -0.477897 0.713893 -0.494102 0.934493 -0.468498 0.923201 -0.472602 0.919493 -0.506706 0.705394 -0.450599 0.699397 -0.453101 0.957305 -0.494896 0.734493 -0.462303 0.972107 -0.454093 0.963806 -0.478904 0.966094 -0.451499 0.936996 -0.463004 0.820905 -0.388693 0.832807 -0.395193 0.833707 -0.391608 0.819593 -0.395102 0.729198 -0.433204 0.725093 -0.427604 0.723507 -0.431098 0.734096 -0.417105 0.731594 -0.416205 0.440894 -0.794003 0.434897 -0.798596 0.441398 -0.797894 0.752499 -0.880293 0.759197 -0.862303 0.749401 -0.879194 0.771801 -0.920394 0.778195 -0.909804 0.772396 -0.911299 0.770794 -0.931594 0.779995 -0.926696 0.772793 -0.905394 0.785595 -0.888899 0.772198 -0.891493 0.819593 -0.395102 0.831296 -0.4121 0.832807 -0.395193 0.814404 -0.411399 0.815793 -0.394903 0.735698 -0.882994 0.746807 -0.881193 0.735698 -0.881498 0.724605 -0.880903 0.749096 -0.879805 0.722393 -0.879499 0.752499 -0.880293 0.719005 -0.880003 0.7458 -0.420005 0.740902 -0.436103 0.760098 -0.425299 0.791806 -0.379995 0.815595 -0.375906 0.815396 -0.371695 0.793103 -0.384405 0.889601 -0.129702 0.834806 -0.159701 0.882994 -0.153903 0.899596 -0.143801 0.8851 -0.158099 0.834806 -0.185794 0.914504 -0.131395 0.940307 -0.086396 0.938201 -0.084702 0.912505 -0.131106 0.444099 -0.823499 0.495506 -0.823804 0.445502 -0.819501 0.427298 -0.819806 0.424002 -0.823407 0.495995 -0.818799 0.154498 -0.9608 0.158007 -0.958907 0.155703 -0.957595 0.155093 -0.965805 0.155093 -0.965805 0.158495 -0.986603 0.164706 -0.962798 0.158007 -0.958907 0.159503 -0.9552 0.906493 -0.154604 0.888106 -0.164904 0.895094 -0.180301 0.916106 -0.168399 0.835401 -0.1935 0.759197 -0.886702 0.763394 -0.8636 0.752499 -0.880293 0.441794 -0.428306 0.439902 -0.377707 0.431098 -0.376501 0.413397 -0.471199 0.422904 -0.3794 0.412894 -0.381003 0.416205 -0.473198 0.431098 -0.376501 0.757595 -0.925505 0.767102 -0.921096 0.762997 -0.918196 0.767193 -0.932403 0.748394 -0.933196 0.766995 -0.912001 0.764508 -0.912001 0.766995 -0.906004 0.764599 -0.905806 0.762493 -0.894697 0.764508 -0.892302 0.9346 -0.082505 0.912505 -0.131106 0.938201 -0.084702 0.908095 -0.128893 0.895003 -0.120302 0.921004 -0.074799 0.931502 -0.056305 0.889601 -0.129702 0.899596 -0.143801 0.944305 -0.065705 0.400397 -0.814404 0.343008 -0.818097 0.400107 -0.818601 0.344793 -0.814099 0.419394 -0.814603 0.419196 -0.809598 0.419593 -0.818906 0.400595 -0.810101 0.906493 -0.154604 0.916106 -0.168399 0.926696 -0.150301 0.916793 -0.136904 0.943496 -0.092103 0.419898 -0.823896 0.400107 -0.818601 0.399207 -0.823407 0.419593 -0.818906 0.343008 -0.818097 0.340307 -0.8215 0.581003 -0.213504 0.581292 -0.209201 0.579797 -0.209796 0.578897 -0.214298 0.581292 -0.209201 0.580896 -0.190906 0.579797 -0.209796 0.582895 -0.190707 0.5944 -0.181094 0.595193 -0.182193 0.428901 -0.815702 0.446601 -0.815702 0.4309 -0.8112 0.445502 -0.819501 0.427298 -0.819806 0.445701 -0.811505 0.495995 -0.818799 0.496895 -0.815503 0.187198 -0.947402 0.2009 -0.960403 0.199207 -0.947295 0.186603 -0.9626 0.203906 -0.986206 0.185901 -0.986404 0.345998 -0.278096 0.391806 -0.294102 0.388006 -0.277195 0.3467 -0.295598 0.345403 -0.265293 0.331807 -0.265293 0.385397 -0.265202 0.327794 -0.278096 0.586496 -0.304402 0.592798 -0.298299 0.591699 -0.297795 0.588205 -0.304402 0.734096 -0.417105 0.740902 -0.436103 0.7458 -0.420005 0.831296 -0.4121 0.813504 -0.439002 0.830701 -0.442206 0.814404 -0.411399 0.588495 -0.496895 0.602594 -0.497902 0.601694 -0.490196 0.582193 -0.489204 0.582193 -0.496406 0.589395 -0.489296 0.575906 -0.496803 0.582193 -0.540597 0.575006 -0.489204 0.561898 -0.497902 0.575799 -0.540597 0.562799 -0.490105 0.718898 -0.770596 0.718898 -0.813107 0.736507 -0.770596 0.736507 -0.813199 0.718898 -0.8318 0.753994 -0.813107 0.736507 -0.831907 0.753994 -0.8318 0.753994 -0.770596 0.586496 -0.304402 0.576593 -0.304601 0.576593 -0.312978 0.568704 -0.293797 0.555398 -0.305104 0.582895 -0.297597 0.576394 -0.297307 0.182895 -0.920104 0.176104 -0.9337 0.187701 -0.927703 0.181399 -0.941497 0.718898 -0.8318 0.736507 -0.841306 0.736507 -0.831907 0.719005 -0.841993 0.753994 -0.8318 0.753994 -0.841993 0.376394 -0.3131 0.392294 -0.325704 0.394095 -0.312795 0.375799 -0.330602 0.390402 -0.300206 0.330694 -0.329503 0.376806 -0.300298 0.334401 -0.312596 0.336797 -0.300603 0.037995 -0.931899 0.045105 -0.944793 0.049805 -0.937499 0.042603 -0.924102 0.774807 -0.817395 0.753994 -0.813107 0.753994 -0.831693 0.774807 -0.812299 0.7617 -0.838499 0.774807 -0.790494 0.753994 -0.770596 0.774807 -0.838499 0.790906 -0.773999 0.785702 -0.790494 0.788205 -0.759197 0.7944 -0.762203 0.044495 -0.951598 0.063096 -0.961105 0.063096 -0.951995 0.041306 -0.959701 0.041306 -0.959701 0.0233 -0.983307 0.041306 -0.983993 0.026993 -0.957702 0.037995 -0.931899 0.031494 -0.949706 0.045105 -0.944793 0.027206 -0.937194 0.026993 -0.957702 0.017502 -0.966094 0.0233 -0.983307 0.059296 -0.798703 0.085404 -0.802396 0.087998 -0.779706 0.847303 -0.351202 0.839902 -0.356802 0.847196 -0.356893 0.839902 -0.351003 0.875303 -0.362097 0.846998 -0.380194 0.847501 -0.334096 0.873701 -0.366705 0.839597 -0.380499 0.840208 -0.326406 0.878294 -0.326802 0.878492 -0.334096 0.085999 -0.407996 0.115007 -0.410193 0.092607 -0.396796 0.109804 -0.421897 0.115007 -0.410193 0.124697 -0.424506 0.125795 -0.4121 0.109804 -0.421897 0.151293 -0.424796 0.125795 -0.4121 0.124697 -0.424506 0.151797 -0.411902 0.880903 -0.338292 0.853803 -0.349401 0.879103 -0.359106 0.853803 -0.338003 0.806104 -0.408392 0.782696 -0.388296 0.754101 -0.411307 0.793103 -0.384405 0.760098 -0.425299 0.741894 -0.404807 0.742794 -0.407294 0.815793 -0.394903 0.805798 -0.436103 0.815595 -0.375906 0.849302 -0.395102 0.854704 -0.411399 0.853101 -0.394797 0.837797 -0.4121 0.836103 -0.3953 0.855695 -0.439002 0.837797 -0.4121 0.838605 -0.442206 0.854704 -0.411399 0.943999 -0.426993 0.934905 -0.416602 0.940002 -0.432593 0.937407 -0.415702 0.945602 -0.430503 0.923293 -0.419593 0.908995 -0.424994 0.928298 -0.435599 0.863401 -0.435996 0.914 -0.441093 0.908995 -0.424994 0.9149 -0.411002 0.862806 -0.408392 0.908995 -0.424994 0.886198 -0.388098 0.927108 -0.404303 0.863401 -0.435996 0.875807 -0.384298 0.926207 -0.406806 0.853101 -0.394797 0.853193 -0.375906 0.009903 -0.452094 0.020798 -0.418296 0.009796 -0.418296 0.022095 -0.452094 0.050797 -0.451896 0.847898 -0.388693 0.835096 -0.391699 0.836103 -0.3953 0.849302 -0.395102 0.934905 -0.416602 0.928298 -0.435599 0.940002 -0.432593 0.974899 -0.418006 0.945602 -0.430503 0.975708 -0.421698 0.943999 -0.426993 0.736507 -0.770596 0.753994 -0.7346 0.736507 -0.7346 0.753994 -0.770596 0.718898 -0.7346 0.718898 -0.770596 0.805798 -0.436103 0.760098 -0.425299 0.755306 -0.441398 0.643397 -0.915694 0.644602 -0.896193 0.6374 -0.911299 0.709697 -0.893004 0.706905 -0.891997 0.708904 -0.894408 0.711101 -0.888395 0.724605 -0.880903 0.7122 -0.886397 0.719005 -0.880003 0.764508 -0.892302 0.760296 -0.888701 0.7617 -0.893294 0.762493 -0.894697 0.746807 -0.881193 0.759197 -0.886702 0.752499 -0.880293 0.7122 -0.886397 0.708095 -0.863294 0.699001 -0.878996 0.053299 -0.794095 0.052796 -0.798001 0.059296 -0.798703 0.625299 -0.918395 0.6374 -0.911299 0.625299 -0.911299 0.613199 -0.911192 0.611704 -0.918593 0.755306 -0.131106 0.732097 -0.084092 0.7299 -0.085801 0.757305 -0.130694 0.274296 -0.831495 0.224308 -0.835798 0.2757 -0.835401 0.2925 -0.8318 0.295796 -0.835401 0.073395 -0.959503 0.072297 -0.956298 0.069993 -0.957504 0.072694 -0.964508 0.069993 -0.957504 0.063096 -0.961105 0.072694 -0.964508 0.068604 -0.953796 0.299306 -0.1364 0.307195 -0.125597 0.299397 -0.129107 0.289296 -0.136202 0.299275 -0.144778 0.292897 -0.129396 0.284092 -0.129702 0.643198 -0.413901 0.637903 -0.429999 0.650202 -0.417304 0.629496 -0.429206 0.713893 -0.925399 0.704494 -0.920806 0.704204 -0.932097 0.708705 -0.917998 0.723003 -0.933196 0.704799 -0.911696 0.707195 -0.911696 0.704707 -0.905806 0.707103 -0.905501 0.708904 -0.894408 0.706905 -0.891997 0.578897 -0.214298 0.5823 -0.269398 0.581003 -0.213504 0.581506 -0.270207 0.753796 -0.137194 0.744106 -0.150607 0.764294 -0.154803 0.754696 -0.168597 0.375204 -0.8309 0.317906 -0.826307 0.318196 -0.830594 0.373495 -0.826902 0.298894 -0.8262 0.299199 -0.821195 0.298604 -0.830503 0.317693 -0.822003 0.735698 -0.082002 0.749294 -0.074403 0.738994 -0.055802 0.774899 -0.120104 0.726101 -0.065095 0.7617 -0.128603 0.780194 -0.129503 0.770108 -0.143603 0.757305 -0.130694 0.732097 -0.084092 0.626398 -0.179202 0.631006 -0.179995 0.6271 -0.177295 0.630304 -0.181002 0.646494 -0.208301 0.645396 -0.211994 0.647501 -0.212695 0.644999 -0.207706 0.646494 -0.208301 0.644907 -0.189395 0.644999 -0.207706 0.642695 -0.189303 0.631006 -0.179995 0.630304 -0.181002 0.289006 -0.823102 0.273198 -0.827604 0.291005 -0.827695 0.274098 -0.823499 0.274296 -0.831495 0.223804 -0.830793 0.2925 -0.8318 0.222995 -0.827405 0.298299 -0.835492 0.318196 -0.830594 0.298604 -0.830503 0.319005 -0.835294 0.375204 -0.8309 0.377905 -0.834302 0.7122 -0.886397 0.698497 -0.880598 0.710704 -0.888106 0.401999 -0.473198 0.387106 -0.376394 0.398901 -0.474006 0.404807 -0.471107 0.3953 -0.3794 0.003799 -0.984298 0.018905 -0.918196 0.005493 -0.917998 0.815595 -0.375906 0.819593 -0.395102 0.819501 -0.374395 0.815793 -0.394903 0.5944 -0.181094 0.5991 -0.180407 0.598398 -0.1785 0.595193 -0.182193 0.877104 -0.379904 0.853193 -0.375906 0.875807 -0.384298 0.853407 -0.371695 0.706493 -0.888808 0.692699 -0.884398 0.703395 -0.893294 0.176104 -0.9337 0.158099 -0.938796 0.160403 -0.947601 0.289296 -0.136202 0.284092 -0.129702 0.282994 -0.130098 0.287602 -0.136294 0.835401 -0.1935 0.782696 -0.164996 0.775692 -0.180407 0.764294 -0.154803 0.232593 -0.245899 0.237903 -0.261997 0.246296 -0.261204 0.225696 -0.249302 0.694194 -0.418799 0.723507 -0.431098 0.725093 -0.427604 0.693401 -0.422507 0.367895 -0.421805 0.378302 -0.377707 0.361196 -0.375708 0.701305 -0.922103 0.695903 -0.910994 0.692607 -0.927703 0.701396 -0.933394 0.701595 -0.907103 0.690303 -0.889601 0.759197 -0.886702 0.7729 -0.880995 0.772396 -0.879393 0.853193 -0.375906 0.849302 -0.395102 0.853101 -0.394797 0.849393 -0.374395 0.398901 -0.474006 0.387106 -0.376394 0.376394 -0.428306 0.378302 -0.377707 0.645396 -0.211994 0.645396 -0.267903 0.647501 -0.212695 0.646204 -0.268696 0.719005 -0.880003 0.712398 -0.861997 0.708095 -0.863294 0.591699 -0.297795 0.784604 -0.1579 0.834806 -0.159701 0.786694 -0.153704 0.834806 -0.185794 0.780194 -0.129503 0.770108 -0.143603 0.283696 -0.398199 0.313405 -0.398199 0.283803 -0.393896 0.313802 -0.393194 0.318395 -0.392599 0.318196 -0.388006 0.313802 -0.393194 0.313695 -0.387503 0.283803 -0.393896 0.313802 -0.393194 0.313695 -0.387503 0.283803 -0.387304 0.283803 -0.393896 0.278904 -0.398093 0.283696 -0.398199 0.278904 -0.394202 0.313405 -0.398199 0.283696 -0.398199 0.283894 -0.403006 0.313405 -0.402899 0.313298 -0.382193 0.283803 -0.382406 0.313695 -0.387503 0.283803 -0.387304 0.293904 -0.418906 0.287999 -0.425696 0.294804 -0.428306 0.287098 -0.415793 0.297093 -0.413306 0.286397 -0.434195 0.285695 -0.405707 0.302998 -0.409506 0.295506 -0.4374 0.279698 -0.434195 0.276905 -0.424704 0.276905 -0.435294 0.279698 -0.424994 0.279896 -0.441199 0.282597 -0.439307 0.2795 -0.415793 0.285298 -0.445701 0.2766 -0.414694 0.2878 -0.443595 0.287098 -0.415793 0.285695 -0.405707 0.282597 -0.406699 0.284001 -0.416007 0.2851 -0.425895 0.287999 -0.425696 0.286397 -0.434195 0.283497 -0.435004 0.270405 -0.427802 0.276905 -0.435294 0.276905 -0.424704 0.2701 -0.4383 0.267597 -0.418601 0.279896 -0.441199 0.2766 -0.414694 0.267796 -0.4477 0.285298 -0.445701 0.283299 -0.363897 0.312993 -0.359503 0.283299 -0.359503 0.313405 -0.364508 0.317998 -0.365103 0.313298 -0.370199 0.317906 -0.369604 0.313405 -0.364508 0.283406 -0.370504 0.313298 -0.370199 0.283299 -0.363897 0.313405 -0.364508 0.278599 -0.363699 0.283299 -0.363897 0.283299 -0.359503 0.278492 -0.359792 0.312993 -0.354803 0.283406 -0.354696 0.312993 -0.359503 0.283299 -0.359503 0.313298 -0.370199 0.283406 -0.375402 0.312901 -0.375402 0.283406 -0.370504 0.302693 -0.442802 0.309407 -0.439506 0.303395 -0.432898 0.312795 -0.444999 0.301595 -0.452995 0.310002 -0.430106 0.318807 -0.448707 0.301503 -0.424506 0.310506 -0.420996 0.324102 -0.420905 0.321202 -0.420096 0.322103 -0.430594 0.323598 -0.413901 0.324895 -0.430106 0.326497 -0.415503 0.325307 -0.439307 0.328496 -0.408896 0.322499 -0.440696 0.331197 -0.410697 0.298497 -0.452094 0.302693 -0.442802 0.299596 -0.442695 0.301595 -0.452995 0.300496 -0.4327 0.303395 -0.432898 0.301503 -0.424506 0.298497 -0.423697 0.314199 -0.4177 0.321202 -0.420096 0.323598 -0.413901 0.315404 -0.428107 0.310994 -0.408606 0.322103 -0.430594 0.313298 -0.4374 0.328496 -0.408896 0.322499 -0.440696 0.00859 -0.006988 0.00859 -0.004226 0.005828 -0.006988 0.005828 -0.004226 0.889204 -0.714305 0.860899 -0.731304 0.890303 -0.737301 0.912993 -0.726696 0.909194 -0.670604 0.912993 -0.726696 0.935195 -0.686107 0.889204 -0.714305 0.854093 -0.762097 0.890303 -0.737301 0.860899 -0.731304 0.894606 -0.743801 0.892699 -0.780896 0.853605 -0.779904 0.852796 -0.816297 0.801907 -0.777295 0.8009 -0.813703 0.897398 -0.817395 0.802304 -0.759197 0.852506 -0.827604 0.883406 -0.827802 0.779706 -0.769802 0.784894 -0.825696 0.780194 -0.758206 0.7776 -0.814893 0.777096 -0.822599 0.785306 -0.845808 0.852506 -0.827604 0.784894 -0.825696 0.8533 -0.846098 0.786099 -0.925795 0.883406 -0.827802 0.854093 -0.9252 0.919707 -0.891203 0.918395 -0.9243 0.884993 -0.990295 0.918395 -0.9243 0.854093 -0.9252 0.938293 -0.991104 0.797894 -0.990097 0.786099 -0.925795 0.764004 -0.989593 0.762905 -0.931304 0.909194 -0.670604 0.941604 -0.617502 0.864607 -0.581994 0.935195 -0.686107 0.838804 -0.638193 0.956603 -0.681193 0.988998 -0.639399 0.235904 -0.592706 0.252201 -0.602106 0.238697 -0.583993 0.258701 -0.592905 0.244205 -0.504494 0.212604 -0.520195 0.220493 -0.528496 0.235096 -0.495399 0.286793 -0.536706 0.244602 -0.495003 0.2804 -0.5579 0.287007 -0.495003 0.250507 -0.453101 0.306004 -0.492607 0.2851 -0.454993 0.5664 -0.957198 0.600397 -0.932494 0.595605 -0.932097 0.558907 -0.959899 0.594293 -0.911696 0.600397 -0.932494 0.599405 -0.914702 0.595605 -0.932097 0.618494 -0.912596 0.600397 -0.932494 0.620005 -0.932494 0.599405 -0.914702 0.470405 -0.597208 0.479805 -0.585 0.471107 -0.584604 0.463996 -0.594003 0.461204 -0.602304 0.450507 -0.6038 0.453407 -0.608103 0.458503 -0.597894 0.293996 -0.564294 0.294804 -0.629602 0.307195 -0.620295 0.3066 -0.573404 0.383505 -0.628702 0.307195 -0.620295 0.294804 -0.629602 0.383093 -0.618906 0.376394 -0.563806 0.293996 -0.564294 0.3066 -0.573404 0.374594 -0.5738 0.434806 -0.626902 0.454093 -0.607507 0.447105 -0.607095 0.430503 -0.619699 0.430503 -0.619699 0.383093 -0.618906 0.383505 -0.628702 0.434806 -0.626902 0.374594 -0.5738 0.4121 -0.566003 0.376394 -0.563806 0.417502 -0.575402 0.424094 -0.569207 0.4121 -0.566003 0.417502 -0.575402 0.418708 -0.562799 0.447105 -0.607095 0.454093 -0.607507 0.450507 -0.6038 0.454093 -0.607507 0.453407 -0.608103 0.450507 -0.6038 0.464607 -0.553307 0.471107 -0.584604 0.479805 -0.585 0.459007 -0.559396 0.453696 -0.550698 0.459007 -0.559396 0.464607 -0.553307 0.451408 -0.558602 0.458503 -0.597894 0.461204 -0.602304 0.463996 -0.594003 0.470405 -0.597208 0.424094 -0.569207 0.453696 -0.550698 0.418708 -0.562799 0.451408 -0.558602 0.451408 -0.558602 0.463996 -0.594003 0.471107 -0.584604 0.459007 -0.559396 0.450507 -0.6038 0.417502 -0.575402 0.447105 -0.607095 0.424094 -0.569207 0.424094 -0.569207 0.450507 -0.6038 0.458503 -0.597894 0.451408 -0.558602 0.458503 -0.597894 0.463996 -0.594003 0.451408 -0.558602 0.447105 -0.607095 0.416602 -0.5991 0.430503 -0.619699 0.417502 -0.575402 0.416602 -0.5991 0.373495 -0.600107 0.383093 -0.618906 0.430503 -0.619699 0.453407 -0.516197 0.413397 -0.516503 0.412604 -0.541894 0.455802 -0.540307 0.307195 -0.620295 0.383093 -0.618906 0.348699 -0.6 0.373495 -0.600107 0.374594 -0.5738 0.348699 -0.6 0.373495 -0.600107 0.3066 -0.573404 0.307195 -0.620295 0.348699 -0.6 0.3066 -0.573404 0.521202 -0.444907 0.532296 -0.438605 0.511894 -0.435905 0.533104 -0.443595 0.810697 -0.561502 0.765103 -0.564095 0.777707 -0.573007 0.783993 -0.556298 0.620996 -0.569497 0.745998 -0.557794 0.623407 -0.561105 0.786099 -0.552605 0.828397 -0.570108 0.629801 -0.555901 0.811597 -0.559701 0.737697 -0.5299 0.829099 -0.566094 0.622705 -0.530602 0.771801 -0.528801 0.532403 -0.468803 0.551598 -0.543603 0.560494 -0.536599 0.543008 -0.468803 0.533104 -0.443595 0.613397 -0.547402 0.616907 -0.540597 0.521202 -0.444907 0.573495 -0.526696 0.622705 -0.530602 0.614893 -0.507805 0.568307 -0.499306 0.732692 -0.504005 0.737697 -0.5299 0.757595 -0.497902 0.771801 -0.528801 0.536294 -0.627298 0.465507 -0.732692 0.479698 -0.733898 0.527398 -0.614206 0.542306 -0.618204 0.538094 -0.608301 0.605402 -0.605905 0.603998 -0.619699 0.645396 -0.620706 0.645197 -0.604501 0.691707 -0.621897 0.695796 -0.602502 0.448997 -0.808194 0.462394 -0.795499 0.447807 -0.805203 0.464607 -0.797696 0.695796 -0.602502 0.7364 -0.605295 0.748898 -0.591806 0.691707 -0.621897 0.629801 -0.555901 0.616907 -0.540597 0.623407 -0.561105 0.622705 -0.530602 0.613397 -0.547402 0.620996 -0.569497 0.547005 -0.341695 0.532204 -0.374899 0.538094 -0.373404 0.520195 -0.331594 0.553704 -0.347906 0.502403 -0.375494 0.543008 -0.468803 0.568307 -0.499306 0.558099 -0.453193 0.560494 -0.536599 0.533104 -0.443595 0.563607 -0.455802 0.573495 -0.526696 0.294194 -0.356405 0.297093 -0.402899 0.308705 -0.395407 0.264805 -0.352804 0.259495 -0.303395 0.308095 -0.435905 0.217502 -0.391806 0.2757 -0.297093 0.324804 -0.440101 0.228595 -0.441199 0.058701 -0.267201 0.085496 -0.248203 0.045304 -0.254307 0.085801 -0.264103 0.047501 -0.268101 0.1906 -0.2813 0.027603 -0.256397 0.203006 -0.265797 0.205097 -0.283696 0.213306 -0.268894 0.0439 -0.268101 0.027603 -0.256397 0.026092 -0.258793 0.047501 -0.268101 0.061005 -0.314504 0.058701 -0.267201 0.047501 -0.268101 0.071595 -0.312596 0.054306 -0.308705 0.085801 -0.264103 0.090104 -0.310903 0.0439 -0.268101 0.091599 -0.361196 0.090104 -0.310903 0.078294 -0.357794 0.199893 -0.328496 0.217502 -0.391806 0.072297 -0.318105 0.221607 -0.330602 0.066895 -0.354406 0.062394 -0.323903 0.447807 -0.805203 0.462394 -0.795499 0.453498 -0.782193 0.467308 -0.776501 0.465507 -0.732692 0.479698 -0.733898 0.221607 -0.330602 0.205097 -0.283696 0.199893 -0.328496 0.1906 -0.2813 0.090104 -0.310903 0.085801 -0.264103 0.078294 -0.357794 0.076798 -0.401801 0.091599 -0.361196 0.062302 -0.397406 0.066895 -0.354406 0.089295 -0.4056 0.217502 -0.391806 0.228595 -0.441199 0.066895 -0.354406 0.006195 -0.381796 0.062302 -0.397406 0.010193 -0.336995 0.089295 -0.4056 0.178805 -0.503395 0.228595 -0.441199 0.070298 -0.458503 0.076798 -0.401801 0.025604 -0.441398 0.062302 -0.397406 0.890394 -0.252094 0.890394 -0.285496 0.924193 -0.285206 0.924102 -0.252003 0.955596 -0.251896 0.955901 -0.285206 0.923201 -0.298405 0.890394 -0.285496 0.890394 -0.298299 0.924193 -0.285206 0.955993 -0.2981 0.955901 -0.285206 0.948608 -0.241093 0.922698 -0.213199 0.923705 -0.241901 0.982193 -0.213306 0.894102 -0.242603 0.982803 -0.150805 0.863096 -0.213199 0.922393 -0.150607 0.9841 -0.063492 0.863203 -0.150607 0.923201 -0.018799 0.865202 -0.065598 0.923201 -0.018799 0.994705 -0.057297 0.9234 -0.0027 0.9841 -0.063492 0.865202 -0.065598 0.923201 -0.018799 0.852201 -0.057206 0.9234 -0.0027 0.865202 -0.065598 0.851301 -0.150607 0.863203 -0.150607 0.852201 -0.057206 0.863096 -0.213199 0.851804 -0.219699 0.894102 -0.242603 0.851804 -0.219699 0.890394 -0.252094 0.863096 -0.213199 0.923705 -0.241901 0.894102 -0.242603 0.924102 -0.252003 0.948608 -0.241093 0.890394 -0.252094 0.955596 -0.251896 0.982193 -0.213306 0.955596 -0.251896 0.9944 -0.219898 0.948608 -0.241093 0.982193 -0.213306 0.994995 -0.150896 0.982803 -0.150805 0.9944 -0.219898 0.9841 -0.063492 0.994705 -0.057297 0.345296 -0.992798 0.395407 -0.991897 0.365896 -0.984894 0.344198 -0.988907 0.395407 -0.991897 0.551904 -0.9944 0.545296 -0.985 0.365896 -0.984894 0.437598 -0.737499 0.432593 -0.786801 0.454398 -0.7355 0.410605 -0.784497 0.365896 -0.984894 0.545296 -0.985 0.391104 -0.968597 0.547799 -0.967102 0.409598 -0.942504 0.552499 -0.947494 0.509407 -0.596506 0.478904 -0.656703 0.4934 -0.656397 0.521904 -0.598398 0.519493 -0.589395 0.475303 -0.692103 0.653193 -0.586603 0.460807 -0.692302 0.454398 -0.7355 0.652399 -0.594507 0.437598 -0.737499 0.661204 -0.588296 0.661295 -0.595193 0.728099 -0.582605 0.661204 -0.588296 0.730007 -0.585199 0.653696 -0.585 0.719799 -0.591501 0.661204 -0.588296 0.661295 -0.595193 0.730007 -0.585199 0.656504 -0.867903 0.650706 -0.866194 0.619898 -0.897398 0.584802 -0.850095 0.582193 -0.881605 0.601007 -0.851408 0.569406 -0.883406 0.598093 -0.829908 0.611505 -0.8318 0.633097 -0.901701 0.671794 -0.867796 0.656504 -0.867903 0.663996 -0.885603 0.619898 -0.897398 0.282795 -0.957504 0.308904 -0.922103 0.288808 -0.922499 0.295995 -0.968002 0.3738 -0.4542 0.443793 -0.484901 0.460807 -0.452903 0.375998 -0.486107 0.340002 -0.487297 0.507607 -0.486397 0.339803 -0.455299 0.514107 -0.451698 0.340002 -0.487297 0.368795 -0.553903 0.375006 -0.515007 0.319295 -0.510002 0.375998 -0.486107 0.867308 -0.544594 0.870207 -0.568002 0.879301 -0.549996 0.8748 -0.542901 0.880003 -0.563897 0.880003 -0.563897 0.897307 -0.564294 0.899397 -0.551507 0.879301 -0.549996 0.880003 -0.563897 0.878004 -0.574395 0.897307 -0.564294 0.937407 -0.606897 0.981201 -0.567498 0.972107 -0.620706 0.538201 -0.054001 0.515908 -0.041702 0.5149 -0.059906 0.538399 -0.042099 0.471504 -0.057694 0.463905 -0.040497 0.514 -0.096803 0.471 -0.097398 0.405295 -0.046997 0.399802 -0.061905 0.4177 -0.059494 0.417502 -0.043305 0.707103 -0.947997 0.716503 -0.937301 0.704906 -0.939101 0.719295 -0.948806 0.712596 -0.921706 0.644602 -0.992294 0.684306 -0.994705 0.680003 -0.983795 0.6495 -0.981094 0.695293 -0.992004 0.7196 -0.964401 0.707393 -0.959899 0.689296 -0.980606 0.689296 -0.980606 0.680003 -0.983795 0.684306 -0.994705 0.695293 -0.992004 0.707393 -0.959899 0.719295 -0.948806 0.707103 -0.947997 0.7196 -0.964401 0.3579 -0.049195 0.352407 -0.044098 0.347402 -0.053803 0.355398 -0.064194 0.390494 -0.0486 0.355398 -0.064194 0.399802 -0.061905 0.3579 -0.049195 0.695094 -0.937301 0.680797 -0.933394 0.681193 -0.942107 0.710506 -0.921096 0.667308 -0.947494 0.300298 -0.056397 0.319402 -0.028397 0.297704 -0.0448 0.329107 -0.029602 0.305501 -0.063904 0.347402 -0.053803 0.305501 -0.063904 0.355398 -0.064194 0.347402 -0.053803 0.308705 -0.073304 0.428595 -0.007599 0.417502 -0.043305 0.434806 -0.013199 0.405295 -0.046997 0.355398 -0.064194 0.307698 -0.087998 0.357397 -0.092301 0.308705 -0.073304 0.355398 -0.064194 0.399893 -0.091004 0.399802 -0.061905 0.357397 -0.092301 0.773297 -0.316899 0.738598 -0.357107 0.768902 -0.356695 0.816205 -0.355993 0.815702 -0.316197 0.879896 -0.317601 0.880507 -0.354894 0.828794 -0.300298 0.813397 -0.298299 0.852995 -0.276402 0.839399 -0.274693 0.8804 -0.250004 0.837995 -0.253407 0.826001 -0.261799 0.448295 -0.875593 0.559304 -0.918898 0.569406 -0.883406 0.428 -0.909697 0.479393 -0.823102 0.552499 -0.947494 0.584802 -0.850095 0.409598 -0.942504 0.598093 -0.829908 0.656504 -0.867903 0.678294 -0.837903 0.666697 -0.840604 0.650706 -0.866194 0.643595 -0.780194 0.604303 -0.814404 0.655406 -0.785 0.607004 -0.797696 0.650706 -0.866194 0.637995 -0.865202 0.6168 -0.894194 0.329107 -0.925994 0.312901 -0.911192 0.308904 -0.922103 0.329503 -0.914305 0.343099 -0.975296 0.386603 -0.926101 0.295995 -0.968002 0.353506 -0.966003 0.381598 -0.944503 0.3944 -0.946197 0.601007 -0.851408 0.582193 -0.881605 0.637995 -0.865202 0.650202 -0.844205 0.611505 -0.8318 0.615503 -0.893095 0.372107 -0.834302 0.426001 -0.848798 0.428901 -0.836606 0.416403 -0.867704 0.366796 -0.821698 0.402197 -0.894697 0.329503 -0.890303 0.343206 -0.889998 0.386603 -0.926101 0.329503 -0.914305 0.312901 -0.911192 0.388098 -0.516197 0.413397 -0.493904 0.388098 -0.493507 0.413397 -0.516503 0.520806 -0.493507 0.477699 -0.493904 0.477699 -0.516503 0.520806 -0.516197 0.477699 -0.516503 0.477699 -0.493904 0.453407 -0.516197 0.453407 -0.493507 0.609598 -0.140002 0.653101 -0.061905 0.612207 -0.030502 0.653498 -0.140398 0.571496 -0.061997 0.609796 -0.179095 0.571893 -0.140398 0.653605 -0.179294 0.572 -0.1794 0.803006 -0.284001 0.770199 -0.296895 0.803006 -0.296803 0.770199 -0.284092 0.737408 -0.296101 0.737606 -0.283299 0.770199 -0.284092 0.747402 -0.260594 0.737606 -0.283299 0.769696 -0.260899 0.792004 -0.260899 0.803006 -0.284001 0.745007 -0.241993 0.695903 -0.216907 0.733196 -0.250004 0.735805 -0.187106 0.610101 -0.1962 0.610803 -0.227695 0.627298 -0.227695 0.594797 -0.227695 0.633799 -0.1962 0.596002 -0.240497 0.6121 -0.240604 0.628107 -0.240696 0.587198 -0.196399 0.697704 -0.147799 0.732601 -0.063996 0.702403 -0.054703 0.728893 -0.142 0.727794 -0.180804 0.695903 -0.216907 0.695903 -0.216907 0.735805 -0.187106 0.727794 -0.180804 0.610101 -0.1962 0.633799 -0.1962 0.609796 -0.179095 0.587198 -0.196399 0.653605 -0.179294 0.572 -0.1794 0.6869 -0.061799 0.653498 -0.140398 0.687297 -0.140307 0.653101 -0.061905 0.653605 -0.179294 0.687404 -0.179202 0.550896 -0.035202 0.612207 -0.030502 0.591501 -0.003799 0.571496 -0.061997 0.571893 -0.140398 0.537697 -0.062104 0.538094 -0.140597 0.571496 -0.061997 0.572 -0.1794 0.538201 -0.179599 0.673701 -0.035004 0.612207 -0.030502 0.653101 -0.061905 0.6327 -0.003601 0.242298 -0.073899 0.241993 -0.141802 0.261799 -0.131197 0.261601 -0.073304 0.242298 -0.073899 0.261402 -0.030594 0.242206 -0.023605 0.261601 -0.073304 0.222095 -0.131304 0.242298 -0.073899 0.222507 -0.073502 0.241993 -0.141802 0.223102 -0.030792 0.222507 -0.073502 0.242298 -0.073899 0.242206 -0.023605 0.792004 -0.260899 0.807202 -0.250797 0.793194 -0.242405 0.803006 -0.284001 0.737606 -0.283299 0.747402 -0.260594 0.733196 -0.250004 0.745007 -0.241993 0.596002 -0.240497 0.590295 -0.274998 0.612299 -0.274907 0.6121 -0.240604 0.628107 -0.240696 0.634501 -0.2748 0.538201 -0.179599 0.556497 -0.196002 0.572 -0.1794 0.536706 -0.189807 0.793194 -0.242405 0.845304 -0.218997 0.805707 -0.188006 0.807202 -0.250797 0.805707 -0.188006 0.845304 -0.218997 0.814893 -0.181994 0.556207 -0.208606 0.590799 -0.228794 0.575296 -0.200504 0.582696 -0.257496 0.596002 -0.240497 0.590295 -0.274998 0.668193 -0.208103 0.6327 -0.228504 0.641306 -0.257298 0.647395 -0.2 0.687404 -0.179202 0.6692 -0.200305 0.689097 -0.190204 0.653605 -0.179294 0.774197 -0.003204 0.813901 -0.0654 0.844205 -0.057206 0.773693 -0.034302 0.628107 -0.240696 0.641306 -0.257298 0.6327 -0.228504 0.634501 -0.2748 0.732601 -0.063996 0.773693 -0.034302 0.774197 -0.003204 0.702403 -0.054703 0.813901 -0.0654 0.815106 -0.143206 0.845701 -0.150195 0.844205 -0.057206 0.814893 -0.181994 0.845304 -0.218997 0.261799 -0.131197 0.286595 -0.084397 0.261601 -0.073304 0.2869 -0.150195 0.261601 -0.073304 0.286107 -0.033096 0.261402 -0.030594 0.286595 -0.084397 0.261402 -0.030594 0.242496 -0.005004 0.242206 -0.023605 0.278096 -0.013305 0.223102 -0.030792 0.242206 -0.023605 0.242496 -0.005004 0.205203 -0.013702 0.222507 -0.073502 0.223102 -0.030792 0.198596 -0.033096 0.197803 -0.084397 0.222095 -0.131304 0.222507 -0.073502 0.197803 -0.084397 0.197101 -0.150103 0.222095 -0.131304 0.205997 -0.159396 0.241993 -0.141802 0.241794 -0.176196 0.277897 -0.159304 0.241993 -0.141802 0.241794 -0.176196 0.261799 -0.131197 0.827802 -0.409293 0.845808 -0.416907 0.848493 -0.409003 0.828 -0.417197 0.810101 -0.417395 0.807202 -0.409598 0.879499 -0.452506 0.889494 -0.461402 0.887404 -0.450095 0.8813 -0.462196 0.873304 -0.435599 0.889403 -0.473304 0.880293 -0.430594 0.881193 -0.472496 0.878492 -0.428199 0.883604 -0.489006 0.871794 -0.433494 0.848493 -0.409003 0.876204 -0.486107 0.845808 -0.416907 0.866102 -0.502403 0.8719 -0.507897 0.853697 -0.517006 0.8719 -0.507897 0.866102 -0.502403 0.850401 -0.510307 0.834699 -0.518196 0.835599 -0.526207 0.777401 -0.453803 0.767697 -0.463096 0.775906 -0.4636 0.769406 -0.451698 0.783093 -0.436698 0.7682 -0.474998 0.775998 -0.431998 0.776394 -0.474006 0.774594 -0.490501 0.777707 -0.429603 0.781903 -0.487404 0.792599 -0.503304 0.784604 -0.434699 0.786999 -0.508995 0.807202 -0.409598 0.810101 -0.417395 0.996796 -0.873503 0.996902 -0.855894 0.978103 -0.855894 0.977996 -0.873503 0.996597 -0.891096 0.977798 -0.891096 0.977996 -0.805493 0.996704 -0.795697 0.977905 -0.795697 0.996796 -0.805493 0.978103 -0.823194 0.996597 -0.785595 0.996902 -0.823194 0.977798 -0.785595 0.977707 -0.771298 0.996201 -0.752499 0.977401 -0.752499 0.996399 -0.771298 0.977798 -0.785595 0.996597 -0.785595 0.977401 -0.752499 0.996094 -0.735195 0.977295 -0.735195 0.996201 -0.752499 0.995895 -0.717906 0.977203 -0.717906 0.978195 -0.825696 0.996902 -0.823194 0.978103 -0.823194 0.996902 -0.825696 0.996201 -0.923903 0.977493 -0.923796 0.996094 -0.941604 0.977295 -0.941497 0.996002 -0.951293 0.977203 -0.951293 0.995895 -0.961395 0.977203 -0.961395 0.996307 -0.921294 0.996597 -0.891096 0.977798 -0.891096 0.977493 -0.921294 0.977203 -0.994507 0.995895 -0.975708 0.977096 -0.975708 0.995895 -0.994507 0.977203 -0.961395 0.995895 -0.961395 0.996902 -0.855894 0.996902 -0.825696 0.978195 -0.825696 0.978103 -0.855894 0.996307 -0.921294 0.977493 -0.921294 0.996201 -0.923903 0.977493 -0.923796 0.795605 -0.732006 0.811307 -0.741497 0.811505 -0.732204 0.791302 -0.741299 0.774105 -0.727901 0.7738 -0.711192 0.763897 -0.715007 0.781903 -0.721401 0.763897 -0.715007 0.771298 -0.702205 0.760693 -0.7037 0.7738 -0.711192 0.774395 -0.675196 0.764599 -0.669596 0.773297 -0.677195 0.763195 -0.672206 0.792004 -0.647898 0.796094 -0.658 0.812406 -0.648203 0.812299 -0.658198 0.773297 -0.677195 0.760204 -0.692393 0.770901 -0.693294 0.763195 -0.672206 0.792004 -0.647898 0.774395 -0.675196 0.796094 -0.658 0.764599 -0.669596 0.770901 -0.693294 0.760693 -0.7037 0.771298 -0.702205 0.760204 -0.692393 0.795605 -0.732006 0.774105 -0.727901 0.791302 -0.741299 0.781903 -0.721401 0.827298 -0.732403 0.811505 -0.732204 0.811307 -0.741497 0.831296 -0.741695 0.848798 -0.728695 0.859403 -0.716106 0.8495 -0.712001 0.841199 -0.721996 0.852293 -0.703105 0.859403 -0.716106 0.862806 -0.704799 0.8495 -0.712001 0.850797 -0.678096 0.859693 -0.670695 0.849699 -0.676097 0.861006 -0.673304 0.812406 -0.648203 0.828397 -0.658396 0.8327 -0.648402 0.812299 -0.658198 0.8636 -0.693599 0.850797 -0.678096 0.852903 -0.694194 0.861006 -0.673304 0.849699 -0.676097 0.8327 -0.648402 0.828397 -0.658396 0.859693 -0.670695 0.852903 -0.694194 0.862806 -0.704799 0.8636 -0.693599 0.852293 -0.703105 0.848798 -0.728695 0.827298 -0.732403 0.831296 -0.741695 0.841199 -0.721996 0.938293 -0.949203 0.9729 -0.933394 0.938201 -0.933394 0.973007 -0.949203 0.973205 -0.712795 0.938598 -0.725902 0.973297 -0.725902 0.938506 -0.712901 0.973297 -0.725902 0.938704 -0.735195 0.973404 -0.735195 0.938598 -0.725902 0.973602 -0.760403 0.938903 -0.762707 0.973602 -0.762707 0.938903 -0.760403 0.973602 -0.790402 0.938903 -0.790402 0.973404 -0.8065 0.938796 -0.8065 0.938903 -0.760403 0.973495 -0.744198 0.938796 -0.744198 0.973602 -0.760403 0.973602 -0.762707 0.938903 -0.762707 0.973602 -0.790402 0.938903 -0.790402 0.973404 -0.735195 0.938796 -0.744198 0.973495 -0.744198 0.938704 -0.735195 0.938506 -0.712901 0.973007 -0.695598 0.938293 -0.695598 0.973205 -0.712795 0.937697 -0.917494 0.938201 -0.933394 0.9729 -0.933394 0.972305 -0.917494 0.937606 -0.887205 0.972305 -0.900206 0.972305 -0.887205 0.937606 -0.900206 0.937697 -0.877897 0.972305 -0.887205 0.972396 -0.877897 0.937606 -0.887205 0.937896 -0.850401 0.972595 -0.852705 0.972595 -0.850401 0.937896 -0.852705 0.973404 -0.8065 0.938201 -0.822705 0.9729 -0.822705 0.938796 -0.8065 0.937896 -0.852705 0.972396 -0.868894 0.972595 -0.852705 0.937804 -0.868894 0.9729 -0.822705 0.938201 -0.822705 0.972595 -0.850401 0.937896 -0.850401 0.937804 -0.868894 0.972396 -0.877897 0.972396 -0.868894 0.937697 -0.877897 0.937697 -0.917494 0.972305 -0.900206 0.937606 -0.900206 0.972305 -0.917494 0.828794 -0.505104 0.813397 -0.500099 0.8112 -0.504997 0.828794 -0.500206 0.844297 -0.500298 0.792798 -0.483207 0.7879 -0.485893 0.846296 -0.505196 0.791806 -0.4813 0.786694 -0.483696 0.865003 -0.483696 0.784405 -0.466194 0.869902 -0.486397 0.7897 -0.465797 0.866102 -0.481697 0.785 -0.456504 0.871107 -0.484199 0.790295 -0.457298 0.873594 -0.466697 0.788006 -0.446799 0.868406 -0.4663 0.792905 -0.448707 0.796994 -0.435798 0.873198 -0.456992 0.800793 -0.439094 0.867903 -0.457801 0.870405 -0.447303 0.814099 -0.429099 0.865507 -0.449195 0.8121 -0.424506 0.829297 -0.424598 0.861494 -0.436301 0.829297 -0.429206 0.844495 -0.429297 0.857603 -0.439506 0.846601 -0.424796 0.768902 -0.356695 0.738598 -0.357107 0.756802 -0.376104 0.816205 -0.355993 0.709407 -0.376303 0.751705 -0.392096 0.815503 -0.394202 0.880507 -0.354894 0.883299 -0.392493 0.340002 -0.487297 0.339803 -0.455299 0.319295 -0.510002 0.972107 -0.620706 0.996506 -0.592004 0.981201 -0.567498 0.510307 -0.325597 0.482002 -0.377203 0.502403 -0.375494 0.520195 -0.331594 0.704906 -0.939101 0.710506 -0.921096 0.695094 -0.937301 0.712596 -0.921706 0.310903 -0.496696 0.286793 -0.536706 0.293706 -0.546593 0.306004 -0.492607 0.603601 -0.983398 0.640604 -0.987396 0.617502 -0.974304 0.600397 -0.932494 0.5664 -0.957198 0.643702 -0.977203 0.620005 -0.932494 0.566003 -0.982101 0.883406 -0.827802 0.906203 -0.833097 0.900603 -0.824094 0.919707 -0.891203 0.9178 -0.850797 0.263203 -0.608499 0.2804 -0.5579 0.258701 -0.592905 0.257801 -0.605997 0.238697 -0.583993 0.211398 -0.521904 0.230106 -0.588205 0.220493 -0.528496 0.238697 -0.583993 0.2804 -0.5579 0.566003 -0.982101 0.558907 -0.959899 0.558694 -0.985199 0.5664 -0.957198 0.651606 -0.932494 0.620005 -0.932494 0.656001 -0.953506 0.618494 -0.912596 0.252201 -0.602106 0.256199 -0.610697 0.257801 -0.605997 0.258701 -0.592905 0.256199 -0.610803 0.263203 -0.608499 0.257801 -0.605997 0.265995 -0.615595 0.285496 -0.560296 0.263203 -0.608499 0.266606 -0.616693 0.2804 -0.5579 0.2804 -0.5579 0.293706 -0.546593 0.286793 -0.536706 0.285496 -0.560296 0.2851 -0.454993 0.262898 -0.428199 0.250507 -0.453101 0.292805 -0.433097 0.426001 -0.848798 0.444099 -0.850797 0.433799 -0.838804 0.454795 -0.835904 0.417807 -0.091706 0.4177 -0.059494 0.399802 -0.061905 0.399893 -0.091004 0.696406 -0.659098 0.650904 -0.768902 0.661006 -0.778195 0.710506 -0.657298 0.655406 -0.785 0.643595 -0.780194 0.402197 -0.894697 0.386603 -0.926101 0.407904 -0.9308 0.423194 -0.896605 0.416403 -0.867704 0.435798 -0.869505 0.426001 -0.848798 0.444099 -0.850797 0.897307 -0.564294 0.981201 -0.567498 0.979294 -0.553506 0.899397 -0.551507 0.307698 -0.087998 0.304997 -0.102693 0.357397 -0.092301 0.650202 -0.844205 0.650706 -0.866194 0.666697 -0.840604 0.637995 -0.865202 0.659602 -0.708202 0.668894 -0.653498 0.648798 -0.675593 0.636896 -0.705303 0.413397 -0.493904 0.453407 -0.516197 0.453407 -0.493507 0.413397 -0.516503 0.454795 -0.835904 0.453803 -0.824201 0.433799 -0.838804 0.298405 -0.462394 0.324804 -0.440101 0.308095 -0.435905 0.309606 -0.486793 0.022903 -0.263005 0.033798 -0.290105 0.0439 -0.268101 0.054306 -0.308705 0.066895 -0.354406 0.062394 -0.323903 0.043198 -0.300206 0.024399 -0.283894 0.022903 -0.263005 0.008697 -0.251606 0.033798 -0.290105 0.558099 -0.453193 0.532296 -0.438605 0.533104 -0.443595 0.454994 -0.057297 0.456703 -0.095506 0.471504 -0.057694 0.471 -0.097398 0.450202 -0.039505 0.454994 -0.057297 0.463905 -0.040497 0.454704 -0.014404 0.471504 -0.057694 0.466606 -0.010895 0.434806 -0.013199 0.454704 -0.014404 0.432303 -0.005401 0.463493 -0.0056 0.450202 -0.039505 0.454704 -0.014404 0.434806 -0.013199 0.417502 -0.043305 0.454994 -0.057297 0.4177 -0.059494 0.417807 -0.091706 0.454994 -0.057297 0.4177 -0.059494 0.456703 -0.095506 0.541604 -0.805295 0.597299 -0.770306 0.584894 -0.762295 0.551293 -0.815503 0.625895 -0.742596 0.613199 -0.734401 0.636896 -0.705303 0.659602 -0.708202 0.826001 -0.261799 0.813397 -0.298299 0.839399 -0.274693 0.828794 -0.300298 0.201694 -0.514595 0.228595 -0.441199 0.178805 -0.503395 0.731701 -0.346197 0.758999 -0.320394 0.728893 -0.317403 0.715801 -0.336904 0.114397 -0.028107 0.1664 -0.027801 0.114595 -0.010193 0.165805 -0.064301 0.166903 -0.009597 0.189105 -0.021301 0.113603 -0.062897 0.106096 -0.0224 0.113405 -0.073594 0.189105 -0.009597 0.069794 -0.028305 0.181201 -0.077393 0.069703 -0.041397 0.189197 -0.066895 0.083695 -0.071 0.069398 -0.062501 0.189197 -0.074692 0.170596 -0.177203 0.110597 -0.092393 0.100404 -0.1673 0.179004 -0.097505 0.039704 -0.123293 0.113405 -0.073594 0.035202 -0.167803 0.181201 -0.077393 0.073594 -0.082002 0.083695 -0.071 0.598596 -0.405707 0.590707 -0.409506 0.596506 -0.413397 0.603494 -0.4112 0.641703 -0.271107 0.704097 -0.349493 0.703502 -0.271 0.6421 -0.355993 0.705196 -0.386603 0.696803 -0.398398 0.642603 -0.409201 0.648493 -0.495201 0.693294 -0.491096 0.657603 -0.485893 0.690394 -0.480003 0.183902 -0.243595 0.170596 -0.177203 0.150195 -0.239506 0.192798 -0.185702 0.100404 -0.1673 0.063599 -0.228305 0.035202 -0.167803 0.010498 -0.222293 0.047303 -0.085297 0.073594 -0.082002 0.061707 -0.072007 0.039704 -0.123293 0.069398 -0.062501 0.083695 -0.071 0.018707 -0.016296 0.009903 -0.036194 0.024002 -0.037995 0.007507 -0.018494 0.409506 -0.667994 0.416907 -0.678492 0.417502 -0.664103 0.4271 -0.676005 0.395193 -0.656306 0.408392 -0.656596 0.395895 -0.646693 0.403906 -0.663294 0.221805 -0.648005 0.208896 -0.705196 0.221393 -0.695903 0.207797 -0.639902 0.296101 -0.638102 0.221805 -0.648005 0.296803 -0.648203 0.207797 -0.639902 0.287907 -0.694408 0.221393 -0.695903 0.291005 -0.704799 0.208896 -0.705196 0.3729 -0.664698 0.349401 -0.641306 0.363699 -0.663905 0.345602 -0.649302 0.296803 -0.648203 0.349401 -0.641306 0.296101 -0.638102 0.345602 -0.649302 0.329595 -0.692195 0.287907 -0.694408 0.326406 -0.702098 0.291005 -0.704799 0.326406 -0.702098 0.337499 -0.697704 0.329595 -0.692195 0.334401 -0.705806 0.364294 -0.665797 0.3729 -0.664698 0.363699 -0.663905 0.373602 -0.666896 0.4056 -0.711101 0.416007 -0.679103 0.398703 -0.704204 0.426398 -0.680903 0.398703 -0.704204 0.394705 -0.714 0.4056 -0.711101 0.390494 -0.705898 0.417502 -0.664103 0.408392 -0.656596 0.409506 -0.667994 0.403906 -0.663294 0.390295 -0.703395 0.357397 -0.692302 0.391699 -0.712398 0.364096 -0.687694 0.416007 -0.679103 0.390295 -0.703395 0.398703 -0.704204 0.409506 -0.667994 0.364294 -0.665797 0.329595 -0.692195 0.337499 -0.697704 0.363699 -0.663905 0.364096 -0.687694 0.403906 -0.663294 0.395193 -0.656306 0.390295 -0.703395 0.403906 -0.663294 0.390295 -0.703395 0.409506 -0.667994 0.329305 -0.669001 0.363699 -0.663905 0.345602 -0.649302 0.329595 -0.692195 0.287007 -0.667796 0.329305 -0.669001 0.296803 -0.648203 0.345602 -0.649302 0.768093 -0.125597 0.742702 -0.166506 0.768002 -0.165606 0.743893 -0.1234 0.296803 -0.648203 0.221805 -0.648005 0.262699 -0.667796 0.287007 -0.667796 0.262699 -0.667796 0.287907 -0.694408 0.287007 -0.667796 0.221393 -0.695903 0.221805 -0.648005 0.221393 -0.695903 0.262699 -0.667796 0.591302 -0.319097 0.602899 -0.322103 0.6094 -0.310994 0.591104 -0.324102 0.6916 -0.640894 0.736706 -0.644205 0.703502 -0.628504 0.710399 -0.648295 0.754604 -0.635493 0.738994 -0.645899 0.672694 -0.646296 0.546899 -0.630198 0.755398 -0.639399 0.550103 -0.642405 0.503594 -0.418799 0.497307 -0.435096 0.5066 -0.425803 0.491203 -0.430701 0.497902 -0.446906 0.498695 -0.408392 0.558007 -0.289601 0.591302 -0.319097 0.560693 -0.280507 0.6094 -0.310994 0.933303 -0.511498 0.962798 -0.530098 0.954803 -0.518395 0.928603 -0.503395 0.560601 -0.416403 0.590997 -0.349294 0.580407 -0.349004 0.569299 -0.423697 0.591104 -0.324102 0.5066 -0.425803 0.603006 -0.325795 0.503594 -0.418799 0.547906 -0.405997 0.498695 -0.408392 0.506905 -0.385702 0.553994 -0.378698 0.388602 -0.382101 0.383093 -0.406607 0.363806 -0.375998 0.348898 -0.406607 0.978302 -0.455604 0.990906 -0.329107 0.976806 -0.336706 0.991394 -0.462196 0.976104 -0.325505 0.984604 -0.320607 0.976593 -0.540093 0.981292 -0.514794 0.968093 -0.526207 0.971099 -0.510399 0.991394 -0.462196 0.978302 -0.455604 0.709407 -0.682795 0.7084 -0.731502 0.728099 -0.687099 0.693401 -0.725505 0.691493 -0.768399 0.6795 -0.764508 0.658396 -0.822293 0.664103 -0.830304 0.6916 -0.640894 0.550103 -0.642405 0.672694 -0.646296 0.556497 -0.647105 0.965499 -0.528801 0.9738 -0.542306 0.976593 -0.540093 0.968093 -0.526207 0.958007 -0.514595 0.952605 -0.495293 0.955901 -0.516793 0.954696 -0.491905 0.565698 -0.332906 0.541604 -0.312398 0.560006 -0.334401 0.558007 -0.289601 0.591302 -0.319097 0.538903 -0.320897 0.241505 -0.269703 0.244205 -0.309102 0.254795 -0.276997 0.228107 -0.313405 0.251896 -0.229694 0.278294 -0.226307 0.268498 -0.170398 0.332799 -0.255604 0.288396 -0.176394 0.320607 -0.301305 0.956207 -0.329198 0.976806 -0.336706 0.976593 -0.325505 0.956893 -0.3411 0.961807 -0.453895 0.978302 -0.455604 0.956695 -0.480095 0.964004 -0.502403 0.954696 -0.491905 0.958007 -0.514595 0.383093 -0.406607 0.491203 -0.430701 0.498695 -0.408392 0.374197 -0.433204 0.333806 -0.427695 0.348898 -0.406607 0.336095 -0.431907 0.956695 -0.480095 0.907393 -0.473198 0.954696 -0.491905 0.910201 -0.461906 0.961807 -0.453895 0.912596 -0.480507 0.9131 -0.443793 0.952605 -0.495293 0.456901 -0.186496 0.452293 -0.235798 0.465797 -0.233402 0.345403 -0.195102 0.474998 -0.191699 0.332799 -0.255604 0.480003 -0.231205 0.323903 -0.1944 0.485801 -0.197208 0.728099 -0.687099 0.738994 -0.645899 0.709407 -0.682795 0.755398 -0.639399 0.580407 -0.349004 0.565698 -0.332906 0.553994 -0.378698 0.591104 -0.324102 0.560601 -0.416403 0.560204 -0.335302 0.547906 -0.405997 0.956893 -0.3411 0.9131 -0.443793 0.961807 -0.453895 0.909697 -0.331395 0.956207 -0.329198 0.909102 -0.309804 0.320607 -0.301305 0.450294 -0.275395 0.332799 -0.255604 0.452293 -0.235798 0.463401 -0.273701 0.465797 -0.233402 0.478401 -0.271794 0.480003 -0.231205 0.450294 -0.275395 0.349996 -0.363302 0.462898 -0.331197 0.320607 -0.301305 0.463203 -0.273304 0.508995 -0.319203 0.478096 -0.271199 0.336797 -0.993103 0.288502 -0.986603 0.286595 -0.992294 0.337499 -0.989105 0.286595 -0.992294 0.138796 -0.984207 0.1299 -0.992004 0.288502 -0.986603 0.732601 -0.782605 0.721599 -0.836393 0.737804 -0.840406 0.768704 -0.815503 0.138796 -0.984207 0.288502 -0.986603 0.274907 -0.971695 0.136706 -0.968002 0.273304 -0.945006 0.132204 -0.948302 0.726604 -0.993805 0.737697 -0.928206 0.724804 -0.925902 0.736706 -0.993194 0.737102 -0.888197 0.723095 -0.885206 0.737804 -0.840406 0.721599 -0.836393 0.094804 -0.765103 0.163195 -0.772396 0.157504 -0.760906 0.089097 -0.777493 0.114199 -0.709102 0.173602 -0.709499 0.144594 -0.706996 0.067093 -0.767895 0.165698 -0.705699 0.079102 -0.710903 0.063294 -0.784405 0.063294 -0.784405 0.056199 -0.763699 0.051697 -0.783703 0.067093 -0.767895 0.016693 -0.730999 0.079102 -0.710903 0.029404 -0.725307 0.004501 -0.777096 0.060303 -0.708095 0.063904 -0.695705 0.192294 -0.645106 0.146395 -0.679896 0.199695 -0.679606 0.134997 -0.648203 0.059403 -0.680797 0.060807 -0.648798 0.024795 -0.6486 0.025406 -0.680507 0.068497 -0.476005 0.049698 -0.461906 0.048294 -0.474998 0.058503 -0.482902 0.044403 -0.467506 0.058503 -0.482902 0.040604 -0.493599 0.051606 -0.498497 0.048294 -0.474998 0.058503 -0.482902 0.051606 -0.498497 0.070496 -0.484596 0.072999 -0.553796 0.018295 -0.573404 0.071793 -0.5906 0.300298 -0.125093 0.322805 -0.114504 0.300893 -0.113497 0.322393 -0.132494 0.367193 -0.132296 0.374105 -0.116594 0.364706 -0.171603 0.3205 -0.168902 0.086793 -0.915801 0.089601 -0.900496 0.078904 -0.905699 0.092301 -0.9131 0.016601 -0.9355 0.019104 -0.952605 0.026703 -0.943404 0.006805 -0.947707 0.526299 -0.126604 0.485603 -0.123095 0.520302 -0.136995 0.488899 -0.135698 0.006805 -0.947707 0.018493 -0.980102 0.019104 -0.952605 0.006301 -0.984405 0.012497 -0.993805 0.018493 -0.980102 0.006301 -0.984405 0.023102 -0.988693 0.478096 -0.143099 0.488899 -0.135698 0.478202 -0.127398 0.485603 -0.123095 0.441901 -0.139193 0.478202 -0.127398 0.4448 -0.124407 0.478096 -0.143099 0.102296 -0.918502 0.106294 -0.932692 0.113695 -0.926299 0.106004 -0.894896 0.109697 -0.947204 0.106004 -0.894896 0.092301 -0.9131 0.102296 -0.918502 0.104097 -0.893599 0.030106 -0.947997 0.018493 -0.980102 0.025192 -0.987198 0.019104 -0.952605 0.036102 -0.947707 0.055802 -0.9879 0.036102 -0.947707 0.068604 -0.986007 0.047104 -0.944793 0.055802 -0.9879 0.403098 -0.136294 0.374105 -0.116594 0.367193 -0.132296 0.403906 -0.111894 0.068604 -0.986007 0.057999 -0.934997 0.047104 -0.944793 0.092393 -0.972 0.478096 -0.143099 0.440696 -0.168307 0.475898 -0.170596 0.441901 -0.139193 0.178897 -0.549599 0.1841 -0.5906 0.214496 -0.590494 0.143008 -0.590707 0.143603 -0.549706 0.072999 -0.553796 0.071793 -0.5906 0.145403 -0.511406 0.114794 -0.488502 0.070496 -0.484596 0.737102 -0.888197 0.752194 -0.931304 0.751995 -0.891402 0.737697 -0.928206 0.756802 -0.854994 0.752804 -0.992493 0.737804 -0.840406 0.736706 -0.993194 0.125704 -0.919707 0.257206 -0.911894 0.237293 -0.877501 0.132204 -0.948302 0.115999 -0.884001 0.273304 -0.945006 0.206699 -0.824598 0.100999 -0.850507 0.0878 -0.830304 0.006195 -0.834897 0.028107 -0.865095 0.019806 -0.8392 0.035095 -0.865095 0.701396 -0.849805 0.700008 -0.900694 0.711406 -0.888594 0.692607 -0.845808 0.073701 -0.827497 0.084901 -0.851698 0.0878 -0.830304 0.100999 -0.850507 0.103105 -0.882094 0.115999 -0.884001 0.036102 -0.843198 0.084901 -0.851698 0.073701 -0.827497 0.047806 -0.8645 0.103105 -0.882094 0.069596 -0.892897 0.024795 -0.6486 0.046097 -0.612299 0.023804 -0.617807 0.059006 -0.616907 0.060807 -0.648798 0.035095 -0.865095 0.047806 -0.8645 0.036102 -0.843198 0.019806 -0.8392 0.689006 -0.841001 0.693706 -0.8336 0.688106 -0.836896 0.692607 -0.845808 0.684794 -0.838102 0.730007 -0.709499 0.724697 -0.708003 0.736095 -0.711299 0.733303 -0.701396 0.768093 -0.125597 0.786694 -0.165393 0.786801 -0.125505 0.768002 -0.165606 0.768505 -0.190906 0.791196 -0.190707 0.786694 -0.165393 0.768002 -0.165606 0.767605 -0.058106 0.767498 -0.101305 0.790295 -0.057999 0.790204 -0.101198 0.767498 -0.101305 0.786801 -0.125505 0.790204 -0.101198 0.768093 -0.125597 0.1841 -0.5906 0.196506 -0.609995 0.214496 -0.590494 0.201907 -0.626001 0.144198 -0.629206 0.244205 -0.6094 0.143008 -0.590707 0.071793 -0.5906 0.069596 -0.628397 0.024795 -0.6486 0.003494 -0.626398 0.025406 -0.680507 0.071793 -0.5906 0.018295 -0.573404 0.035202 -0.600793 0.228107 -0.313405 0.250797 -0.334005 0.244205 -0.309102 0.241703 -0.358694 0.089601 -0.900496 0.092301 -0.9131 0.104097 -0.893599 0.645899 -0.418708 0.696803 -0.398398 0.642603 -0.409201 0.700206 -0.4056 0.596307 -0.448295 0.593301 -0.472007 0.604501 -0.469001 0.584405 -0.454002 0.061799 -0.043503 0.058396 -0.065201 0.069398 -0.062501 0.069703 -0.041397 0.009903 -0.036194 0.026504 -0.063904 0.024002 -0.037995 0.044998 -0.069794 0.748394 -0.455405 0.735103 -0.431006 0.729305 -0.455894 0.754696 -0.434104 0.596307 -0.448295 0.583795 -0.446097 0.584405 -0.454002 0.573007 -0.452399 0.632395 -0.4215 0.585595 -0.4318 0.599496 -0.439399 0.606104 -0.460594 0.586892 -0.438804 0.657603 -0.485893 0.604501 -0.469001 0.648493 -0.495201 0.593301 -0.472007 0.657801 -0.480903 0.645899 -0.418708 0.632395 -0.4215 0.685802 -0.463004 0.606104 -0.460594 0.703197 -0.423407 0.685802 -0.463004 0.699901 -0.455405 0.645899 -0.418708 0.729305 -0.455894 0.700206 -0.4056 0.735103 -0.431006 0.629404 -0.416297 0.571893 -0.430793 0.585595 -0.4318 0.632395 -0.4215 0.583795 -0.446097 0.567407 -0.439795 0.573007 -0.452399 0.581094 -0.439506 0.642603 -0.409201 0.629404 -0.416297 0.632395 -0.4215 0.645899 -0.418708 0.187594 -0.688701 0.174197 -0.708293 0.196201 -0.697093 0.171099 -0.688304 0.165698 -0.705699 0.174197 -0.708293 0.187594 -0.688701 0.403098 -0.136294 0.367193 -0.132296 0.402701 -0.170199 0.364706 -0.171603 0.008896 -0.793393 0.051697 -0.783703 0.004501 -0.777096 0.043305 -0.801999 0.079102 -0.710903 0.114199 -0.709102 0.083299 -0.689494 0.120806 -0.689204 0.144594 -0.706996 0.150698 -0.688502 0.165698 -0.705699 0.171099 -0.688304 0.012802 -0.8663 0.022797 -0.884993 0.054596 -0.899504 0.028107 -0.865095 0.067505 -0.894408 0.057999 -0.934997 0.092393 -0.972 0.067902 -0.923903 0.006698 -0.566094 0.051606 -0.498497 0.040604 -0.493599 0.018295 -0.573404 0.035095 -0.865095 0.067505 -0.894408 0.047806 -0.8645 0.689006 -0.841001 0.693706 -0.9131 0.700008 -0.900694 0.692607 -0.845808 0.028107 -0.865095 0.067505 -0.894408 0.035095 -0.865095 0.250797 -0.334005 0.241703 -0.358694 0.244495 -0.358495 0.255604 -0.334493 0.928603 -0.503395 0.954803 -0.518395 0.952605 -0.495293 0.912596 -0.480507 0.480003 -0.231205 0.538506 -0.225696 0.512993 -0.221302 0.535805 -0.269902 0.480003 -0.231205 0.478401 -0.271794 0.538506 -0.225696 0.565698 -0.332906 0.591104 -0.324102 0.591302 -0.319097 0.736095 -0.711299 0.693706 -0.8336 0.747402 -0.723003 0.7075 -0.836698 0.692607 -0.845808 0.701396 -0.849805 0.690898 -0.911604 0.689006 -0.841001 0.684794 -0.838102 0.693706 -0.9131 0.774502 -0.834806 0.737804 -0.840406 0.756802 -0.854994 0.768704 -0.815503 0.758999 -0.320394 0.730999 -0.304906 0.728893 -0.317403 0.761807 -0.305699 0.024002 -0.037995 0.024506 -0.020599 0.018707 -0.016296 0.027893 -0.032806 0.068497 -0.028397 0.050705 -0.013794 0.061799 -0.043503 0.069703 -0.041397 0.024002 -0.013305 0.067002 -0.022003 0.595102 -0.372595 0.590707 -0.409506 0.601694 -0.384207 0.598596 -0.405707 0.598596 -0.405707 0.625498 -0.405997 0.601694 -0.384207 0.6271 -0.382605 0.629801 -0.370199 0.601694 -0.384207 0.6271 -0.382605 0.596506 -0.372 0.433906 -0.126299 0.403906 -0.111894 0.403098 -0.136294 0.441901 -0.139193 0.403098 -0.136294 0.440696 -0.168307 0.441901 -0.139193 0.402701 -0.170199 0.325994 -0.371206 0.349996 -0.363302 0.320607 -0.301305 0.068802 -0.021805 0.018707 -0.016296 0.004394 -0.011306 0.007507 -0.018494 0.018707 -0.009506 0.731197 -0.498802 0.706004 -0.483803 0.693294 -0.491096 0.706004 -0.483803 0.690394 -0.480003 0.693294 -0.491096 0.920501 -0.634806 0.941405 -0.685496 0.617197 -0.954208 0.619196 -0.955398 0.692699 -0.953597 0.694697 -0.954894 0.705303 -0.581506 0.721096 -0.581399 0.792905 -0.614099 0.792905 -0.620203 0.802701 -0.614099 0.802701 -0.620203 0.722896 -0.700603 0.801999 -0.948699 0.769406 -0.952407 0.771496 -0.953704 0.7738 -0.947799 0.768002 -0.9505 0.7738 -0.954101 0.767407 -0.948196 0.776104 -0.953704 0.778103 -0.952407 0.779507 -0.9505 0.780102 -0.948196 0.305501 -0.9243 0.311894 -0.924193 0.299001 -0.9243 0.803296 -0.960204 0.803204 -0.957198 0.802106 -0.957198 0.804105 -0.959396 0.806302 -0.961501 0.803296 -0.954208 0.806302 -0.960296 0.804105 -0.955093 0.806302 -0.953002 0.808499 -0.959503 0.809293 -0.960296 0.806302 -0.954208 0.810605 -0.957305 0.809293 -0.954299 0.8094 -0.957305 0.808499 -0.955093 0.731197 -0.953201 0.733196 -0.954498 0.735607 -0.948608 0.729793 -0.951293 0.735607 -0.954894 0.729198 -0.948898 0.737896 -0.954498 0.739895 -0.953201 0.741299 -0.951293 0.741894 -0.949004 0.7131 -0.951003 0.715297 -0.945693 0.279805 -0.953796 0.281804 -0.955093 0.284199 -0.949203 0.278401 -0.951904 0.284092 -0.955596 0.277806 -0.949599 0.286503 -0.955093 0.288502 -0.953902 0.289906 -0.951904 0.290501 -0.949599 0.242695 -0.899901 0.944396 -0.533104 0.944503 -0.539498 0.676204 -0.629694 0.676204 -0.623697 0.666499 -0.629694 0.666499 -0.623606 0.232807 -0.203296 0.245808 -0.191196 0.436805 -0.146304 0.440894 -0.137194 0.436606 -0.137407 0.435096 -0.1579 0.441993 -0.152407 0.142 -0.916503 0.137606 -0.948394 0.151705 -0.943297 0.155093 -0.9178 0.145602 -0.890806 0.158602 -0.892103 0.181292 -0.849607 0.153994 -0.8309 0.181201 -0.891997 0.198093 -0.848997 0.222507 -0.897993 0.198398 -0.904494 0.216403 -0.818799 0.221103 -0.918105 0.457099 -0.375708 0.446906 -0.354299 0.460395 -0.356802 0.449104 -0.343603 0.464195 -0.346105 0.444007 -0.336507 0.668803 -0.068406 0.67985 -0.094956 0.687678 -0.068131 0.654704 -0.110796 0.6168 -0.085496 0.620706 -0.068406 0.616999 -0.110796 0.625101 -0.048004 0.675593 -0.047394 0.687678 -0.068131 0.633204 -0.010803 0.693797 -0.047119 0.687297 -0.0112 0.693797 -0.047119 0.704143 -0.011505 0.431998 -0.776104 0.426001 -0.728206 0.406195 -0.779706 0.434897 -0.798596 0.4 -0.731304 0.408804 -0.802304 0.421897 -0.695003 0.378897 -0.689097 0.388296 -0.7823 0.381994 -0.733593 0.391104 -0.804898 0.533501 -0.845106 0.508995 -0.841703 0.511604 -0.845197 0.536904 -0.841901 0.817197 -0.507897 0.753506 -0.491096 0.835492 -0.510704 0.754192 -0.486107 0.854002 -0.508003 0.866102 -0.499001 0.917693 -0.4916 0.917098 -0.486702 0.350393 -0.810101 0.388296 -0.7823 0.347402 -0.776104 0.391104 -0.804898 0.381994 -0.733593 0.344396 -0.741497 0.342504 -0.693401 0.378897 -0.689097 0.431998 -0.776104 0.4383 -0.775402 0.432303 -0.727504 0.426001 -0.728206 0.428794 -0.6981 0.421897 -0.695003 0.247105 -0.778103 0.247105 -0.8112 0.265995 -0.8112 0.228107 -0.8112 0.266697 -0.778103 0.227497 -0.778103 0.333394 -0.8112 0.1608 -0.8112 0.227695 -0.739406 0.266499 -0.739406 0.162005 -0.778195 0.247105 -0.738994 0.331197 -0.740703 0.162997 -0.740703 0.247105 -0.693599 0.332204 -0.778195 0.267704 -0.693507 0.226505 -0.693507 0.342504 -0.693401 0.151598 -0.693401 0.639002 -0.148302 0.654398 -0.112703 0.617197 -0.114199 0.6645 -0.138201 0.681605 -0.228199 0.707301 -0.213001 0.263905 -0.293706 0.257496 -0.278996 0.252995 -0.279103 0.2748 -0.2963 0.755306 -0.441398 0.652399 -0.747906 0.628397 -0.748104 0.628199 -0.7523 0.652003 -0.743297 0.652796 -0.752102 0.558404 -0.752407 0.628595 -0.743404 0.560204 -0.748501 0.579904 -0.731304 0.578393 -0.735302 0.599893 -0.731304 0.581506 -0.727108 0.652293 -0.735393 0.600305 -0.727108 0.653101 -0.731197 0.623194 -0.362493 0.638605 -0.311193 0.6365 -0.310597 0.625193 -0.3635 0.143893 -0.986007 0.147707 -0.983505 0.1458 -0.9823 0.1449 -0.990097 0.141604 -0.997894 0.835492 -0.213107 0.145602 -0.890806 0.113298 -0.865095 0.113298 -0.8916 0.153994 -0.8309 0.142 -0.916503 0.080994 -0.890806 0.113298 -0.916106 0.137606 -0.948394 0.084596 -0.916503 0.072602 -0.8309 0.022995 -0.275303 0.031998 -0.262592 0.003295 -0.262898 0.654704 -0.110796 0.616999 -0.110796 0.654398 -0.112703 0.617197 -0.114199 0.657099 -0.712993 0.656703 -0.717693 0.662593 -0.719493 0.5673 -0.246204 0.488106 -0.267796 0.570703 -0.266499 0.487205 -0.245899 0.447807 -0.267994 0.442695 -0.265904 0.475105 -0.234104 0.425895 -0.232395 0.416495 -0.213703 0.451896 -0.223896 0.468406 -0.228702 0.435096 -0.201999 0.408804 -0.197696 0.441093 -0.186099 0.578393 -0.735302 0.651804 -0.739605 0.652293 -0.735393 0.574701 -0.739406 0.957504 -0.105806 0.9299 -0.152697 0.652796 -0.752102 0.629694 -0.757305 0.653193 -0.757595 0.628199 -0.7523 0.558404 -0.752407 0.555596 -0.755901 0.638407 -0.307103 0.644404 -0.289006 0.636896 -0.306401 0.646906 -0.288197 0.637507 -0.266194 0.635096 -0.267399 0.636194 -0.262806 0.635096 -0.267399 0.637507 -0.266194 0.638697 -0.262501 0.636896 -0.306401 0.6365 -0.310597 0.638407 -0.307103 0.638605 -0.311193 0.866194 -0.245899 0.931304 -0.207706 0.903395 -0.193805 0.837095 -0.229496 0.924498 -0.182498 0.864393 -0.252094 0.837095 -0.267903 0.930098 -0.190799 0.579095 -0.723095 0.583398 -0.717205 0.580606 -0.716899 0.652293 -0.7234 0.577401 -0.720104 0.654704 -0.717403 0.656199 -0.7187 0.263203 -0.299199 0.252796 -0.293202 0.253407 -0.301198 0.263905 -0.293706 0.2692 -0.3028 0.2748 -0.2963 0.164706 -0.962798 0.158495 -0.986603 0.625101 -0.048004 0.633204 -0.010803 0.631205 -0.010696 0.622995 -0.047303 0.620706 -0.068406 0.618402 -0.067704 0.618402 -0.067704 0.6168 -0.085496 0.620706 -0.068406 0.614404 -0.085206 0.633204 -0.010803 0.636194 -0.004501 0.631601 -0.009597 0.633799 -0.004592 0.616999 -0.110796 0.614404 -0.085206 0.613993 -0.111894 0.6168 -0.085496 0.729198 -0.433204 0.640497 -0.669306 0.626902 -0.6916 0.644999 -0.672694 0.628 -0.669993 0.628794 -0.643503 0.643595 -0.6925 0.582101 -0.564706 0.588495 -0.540703 0.575494 -0.565103 0.582101 -0.584894 0.558999 -0.553994 0.5888 -0.565103 0.575006 -0.584298 0.558495 -0.540795 0.589303 -0.584405 0.560296 -0.605493 0.605295 -0.553994 0.582101 -0.607401 0.6038 -0.6056 0.605798 -0.540902 0.582101 -0.644205 0.595407 -0.669902 0.5953 -0.644007 0.581994 -0.669902 0.582101 -0.644205 0.568704 -0.669902 0.568795 -0.644099 0.583001 -0.713603 0.580697 -0.716396 0.583398 -0.717205 0.583398 -0.717205 0.654597 -0.713893 0.583001 -0.713603 0.654704 -0.717403 0.654597 -0.713893 0.582101 -0.712505 0.583001 -0.713603 0.656504 -0.712001 0.690806 -0.005294 0.636194 -0.004501 0.687297 -0.0112 0.704143 -0.011505 0.707683 -0.005767 0.633204 -0.010803 0.707301 -0.213001 0.689403 -0.2327 0.720394 -0.215396 0.681605 -0.228199 0.5953 -0.644007 0.582101 -0.622599 0.582101 -0.644205 0.595407 -0.622293 0.860807 -0.273503 0.875105 -0.279393 0.915694 -0.240894 0.833997 -0.313405 0.915999 -0.223697 0.833997 -0.293095 0.807294 -0.273396 0.792996 -0.279194 0.857603 -0.272297 0.810498 -0.272206 0.752605 -0.240604 0.7523 -0.223407 0.555306 -0.331304 0.473899 -0.3187 0.481682 -0.333715 0.554604 -0.274205 0.487602 -0.277806 0.568505 -0.273594 0.448203 -0.270405 0.488197 -0.270298 0.573404 -0.269993 0.626902 -0.6916 0.628 -0.669993 0.595407 -0.669902 0.5953 -0.691402 0.581994 -0.691402 0.581994 -0.669902 0.568704 -0.669902 0.568704 -0.691402 0.537102 -0.691493 0.536095 -0.669902 0.266896 -0.134203 0.257893 -0.124605 0.257099 -0.132006 0.267506 -0.139605 0.272908 -0.130602 0.256397 -0.140002 0.278492 -0.137102 0.026398 -0.154894 0.035202 -0.167697 0.037598 -0.161196 0.729702 -0.276493 0.731502 -0.329 0.766003 -0.320806 0.675105 -0.295506 0.890105 -0.308995 0.924407 -0.267201 0.875105 -0.279393 0.915694 -0.240894 0.063096 -0.961105 0.068604 -0.985199 0.520394 -0.692393 0.537102 -0.691493 0.519097 -0.672602 0.523598 -0.6692 0.536095 -0.669902 0.535302 -0.643397 0.521706 -0.611002 0.531701 -0.607904 0.068192 -0.728298 0.094193 -0.731395 0.062195 -0.776196 0.072297 -0.695003 0.105898 -0.782406 0.115297 -0.689097 0.112093 -0.733593 0.103105 -0.805005 0.914 -0.441093 0.863005 -0.453498 0.105898 -0.782406 0.143801 -0.810101 0.146807 -0.776104 0.103105 -0.805005 0.112093 -0.733593 0.149706 -0.741497 0.151598 -0.693401 0.115297 -0.689097 0.923293 -0.419593 0.582895 -0.147997 0.568399 -0.112093 0.557702 -0.137407 0.605493 -0.114595 0.538293 -0.226902 0.512993 -0.211093 0.143801 -0.810101 0.162005 -0.778195 0.146807 -0.776104 0.1608 -0.8112 0.162997 -0.740703 0.149706 -0.741497 0.151598 -0.693401 0.643595 -0.6925 0.666102 -0.695094 0.644999 -0.672694 0.667796 -0.672602 0.806302 -0.453498 0.924407 -0.267201 0.901793 -0.321096 0.938399 -0.276997 0.890105 -0.308995 0.519097 -0.672602 0.497902 -0.694896 0.520394 -0.692393 0.496193 -0.672404 0.459495 -0.045304 0.440894 -0.0336 0.424094 -0.055603 0.467308 -0.029297 0.450095 -0.063996 0.435004 -0.0177 0.4009 -0.065796 0.433295 -0.097596 0.407599 -0.060303 0.3888 -0.077607 0.401495 -0.061005 0.428199 -0.099794 0.387793 -0.099504 0.308507 -0.077897 0.305104 -0.098298 0.267506 -0.139605 0.260899 -0.154299 0.278492 -0.137102 0.328603 -0.014694 0.319097 -0.017898 0.334203 -0.020492 0.340307 -0.014099 0.343404 -0.019394 0.062195 -0.776196 0.068192 -0.728298 0.061799 -0.727504 0.055893 -0.775494 0.0654 -0.6981 0.072297 -0.695003 0.749798 -0.1823 0.703304 -0.121202 0.744198 -0.1906 0.709499 -0.115099 0.482002 -0.751904 0.457694 -0.747494 0.457404 -0.751797 0.481697 -0.747707 0.551705 -0.752407 0.458106 -0.743008 0.549996 -0.748394 0.481498 -0.743008 0.457404 -0.751797 0.4804 -0.756893 0.482002 -0.751904 0.456901 -0.757305 0.551705 -0.752407 0.554604 -0.755901 0.223804 -0.830793 0.658 -0.211505 0.660395 -0.265003 0.660197 -0.211002 0.658198 -0.265003 0.083207 -0.985 0.081406 -0.981201 0.079499 -0.982406 0.082093 -0.988998 0.068604 -0.985199 0.085099 -0.996902 0.196597 -0.046204 0.208194 -0.040405 0.195697 -0.044403 0.388296 -0.109499 0.3205 -0.136904 0.402106 -0.1505 0.321294 -0.106004 0.427802 -0.102205 0.320607 -0.163195 0.387701 -0.102007 0.394324 -0.165515 0.307393 -0.105394 0.302403 -0.101701 0.582101 -0.712505 0.579904 -0.715404 0.583001 -0.713603 0.575906 -0.713298 0.488594 -0.714397 0.560296 -0.717601 0.560693 -0.714 0.488502 -0.717906 0.562997 -0.716793 0.743008 -0.207599 0.749798 -0.1823 0.744198 -0.1906 0.770901 -0.193698 0.807996 -0.245899 0.837095 -0.229496 0.809796 -0.252094 0.837095 -0.267903 0.488594 -0.714397 0.561593 -0.712795 0.487205 -0.712795 0.560693 -0.714 0.487205 -0.718105 0.488594 -0.714397 0.486793 -0.713405 0.488502 -0.717906 0.491402 -0.723507 0.564599 -0.7234 0.560296 -0.717601 0.488502 -0.717906 0.487495 -0.718807 0.563104 -0.717296 0.5664 -0.7205 0.726894 -0.0925 0.712901 -0.106294 0.740795 -0.153094 0.640497 -0.669306 0.632502 -0.608103 0.628794 -0.643503 0.488106 -0.267796 0.448203 -0.270405 0.488197 -0.270298 0.447807 -0.267994 0.570703 -0.266499 0.573404 -0.269993 0.494301 -0.739696 0.571496 -0.739498 0.567697 -0.735393 0.493904 -0.7355 0.564599 -0.727199 0.546304 -0.731395 0.566201 -0.731395 0.5458 -0.727199 0.567697 -0.735393 0.493904 -0.7355 0.493004 -0.731304 0.649302 -0.308598 0.663294 -0.289204 0.661097 -0.287907 0.647196 -0.306905 0.659205 -0.268894 0.657603 -0.269306 0.028503 -0.848997 0.004104 -0.897993 0.045395 -0.891905 0.010193 -0.818708 0.028198 -0.904494 0.045395 -0.849607 0.080994 -0.890806 0.067994 -0.892103 0.072602 -0.8309 0.071503 -0.9178 0.084596 -0.916503 0.530404 -0.231205 0.512993 -0.211093 0.499794 -0.213199 0.538293 -0.226902 0.5084 -0.837995 0.532906 -0.834699 0.511101 -0.834607 0.536294 -0.837797 0.568795 -0.644099 0.582101 -0.622599 0.568795 -0.622202 0.582101 -0.644205 0.628794 -0.643503 0.595407 -0.622293 0.5953 -0.644007 0.6038 -0.6056 0.792996 -0.279194 0.752605 -0.240604 0.743694 -0.266804 0.777905 -0.308705 0.9364 -0.329503 0.938399 -0.276997 0.901793 -0.321096 0.992905 -0.2963 0.632105 -0.379599 0.649607 -0.312505 0.631296 -0.3785 0.647303 -0.311696 0.964996 -0.115404 0.924498 -0.182498 0.971206 -0.121599 0.930098 -0.190799 0.181399 -0.941497 0.592096 -0.010895 0.599298 -0.048203 0.594003 -0.010803 0.601404 -0.047501 0.603204 -0.068696 0.605493 -0.068101 0.605493 -0.068101 0.606607 -0.085893 0.609003 -0.085603 0.603204 -0.068696 0.593606 -0.009704 0.589197 -0.004394 0.592096 -0.010895 0.591608 -0.004592 0.609003 -0.085603 0.605798 -0.111192 0.608804 -0.112306 0.606607 -0.085893 0.835492 -0.2177 0.896696 -0.183795 0.835492 -0.213107 0.774105 -0.183993 0.895094 -0.180301 0.754696 -0.168597 0.743694 -0.266804 0.766003 -0.320806 0.777905 -0.308705 0.729702 -0.276493 0.605798 -0.111192 0.568093 -0.110201 0.568399 -0.112093 0.605493 -0.114595 0.592096 -0.010895 0.548806 -0.046402 0.599298 -0.048203 0.538003 -0.009903 0.555093 -0.067505 0.530388 -0.045639 0.53637 -0.066804 0.603204 -0.068696 0.520348 -0.009765 0.530388 -0.045639 0.606607 -0.085893 0.568093 -0.110201 0.543618 -0.092622 0.53637 -0.066804 0.605798 -0.111192 0.467308 -0.029297 0.436301 -0.001998 0.435004 -0.0177 0.476295 -0.004592 0.649607 -0.312505 0.649302 -0.308598 0.647303 -0.311696 0.647196 -0.306905 0.354101 -0.346105 0.3691 -0.343496 0.374304 -0.3364 0.357794 -0.356802 0.371298 -0.354299 0.376394 -0.428306 0.595407 -0.622293 0.582101 -0.607401 0.582101 -0.622599 0.520348 -0.009765 0.538003 -0.009903 0.534707 -0.003906 0.517815 -0.003967 0.589197 -0.004394 0.592096 -0.010895 0.598398 -0.415595 0.592905 -0.429099 0.603693 -0.418998 0.600305 -0.429496 0.331197 -0.740703 0.332204 -0.778195 0.347402 -0.776104 0.344396 -0.741497 0.342504 -0.693401 0.350393 -0.810101 0.333394 -0.8112 0.656703 -0.717693 0.654597 -0.713893 0.654704 -0.717403 0.657099 -0.712993 0.638697 -0.262501 0.635706 -0.194003 0.636194 -0.262806 0.636805 -0.193195 0.387793 -0.099504 0.427802 -0.102205 0.428199 -0.099794 0.387701 -0.102007 0.305104 -0.098298 0.302403 -0.101701 0.282994 -0.261097 0.272206 -0.250904 0.275502 -0.261494 0.277501 -0.247593 0.595407 -0.669902 0.628 -0.669993 0.5953 -0.644007 0.628794 -0.643503 0.439704 -0.170504 0.408804 -0.197696 0.441093 -0.186099 0.399695 -0.173007 0.561593 -0.712795 0.563897 -0.715801 0.567895 -0.713603 0.560693 -0.714 0.658198 -0.265003 0.659205 -0.268894 0.660395 -0.265003 0.657603 -0.269306 0.568704 -0.669902 0.568795 -0.644099 0.536095 -0.669902 0.535302 -0.643397 0.568795 -0.622202 0.582101 -0.622599 0.582101 -0.607401 0.535302 -0.643397 0.568795 -0.622202 0.560296 -0.605493 0.568795 -0.644099 0.520394 -0.692393 0.566201 -0.703593 0.537102 -0.691493 0.643595 -0.6925 0.626902 -0.6916 0.597696 -0.703593 0.640497 -0.669306 0.642405 -0.611093 0.632502 -0.608103 0.204807 -0.228595 0.196307 -0.225193 0.196307 -0.228595 0.2056 -0.225193 0.187793 -0.228595 0.186999 -0.225193 0.187793 -0.228595 0.184405 -0.244205 0.196201 -0.244205 0.204807 -0.228595 0.208103 -0.244297 0.220203 -0.233799 0.212497 -0.248493 0.223102 -0.235706 0.208103 -0.244297 0.169406 -0.235492 0.179904 -0.248402 0.172305 -0.2336 0.797299 -0.312398 0.8103 -0.312093 0.797696 -0.306004 0.810498 -0.307698 0.793805 -0.305806 0.793393 -0.3122 0.797299 -0.312398 0.797696 -0.306004 0.8103 -0.312093 0.797299 -0.312398 0.798505 -0.318105 0.811597 -0.315297 0.8103 -0.312093 0.813596 -0.312901 0.810498 -0.307698 0.813993 -0.307301 0.810498 -0.307698 0.799496 -0.300404 0.797696 -0.306004 0.812207 -0.304707 0.797696 -0.306004 0.799496 -0.300404 0.794598 -0.303594 0.7953 -0.299001 0.794003 -0.314504 0.798505 -0.318105 0.797299 -0.312398 0.794202 -0.319097 0.793805 -0.305806 0.7888 -0.312505 0.793393 -0.3122 0.789303 -0.304906 0.674296 -0.400595 0.674495 -0.398795 0.671901 -0.399603 0.671397 -0.401099 0.674296 -0.401907 0.672297 -0.398093 0.673701 -0.403494 0.669902 -0.4009 0.669993 -0.3991 0.671199 -0.403296 0.668193 -0.398993 0.670207 -0.397498 0.673304 -0.404501 0.668193 -0.401007 0.668406 -0.397208 0.671397 -0.404395 0.668299 -0.403403 0.664805 -0.396994 0.669902 -0.403403 0.665003 -0.403601 0.664805 -0.3991 0.670298 -0.404898 0.665293 -0.405798 0.664805 -0.401297 0.668803 -0.405295 0.655802 -0.406607 0.654902 -0.399603 0.655695 -0.404303 0.6551 -0.401907 0.655207 -0.397208 0.655207 -0.394797 0.664897 -0.394797 0.668605 -0.3953 0.670604 -0.395895 0.672694 -0.396506 0.675303 -0.397208 0.675502 -0.418906 0.673106 -0.419806 0.675807 -0.4206 0.672694 -0.418296 0.675502 -0.417594 0.673594 -0.421393 0.674998 -0.416007 0.671305 -0.420401 0.674006 -0.422995 0.672496 -0.416205 0.671199 -0.418494 0.671901 -0.423606 0.674495 -0.415 0.671199 -0.416007 0.671504 -0.422004 0.672694 -0.415 0.669596 -0.416098 0.669596 -0.422293 0.669505 -0.418402 0.669795 -0.424094 0.669505 -0.420493 0.6663 -0.4159 0.666102 -0.422507 0.666102 -0.420295 0.666102 -0.418097 0.666102 -0.424704 0.656199 -0.419898 0.656992 -0.415198 0.656504 -0.424704 0.656397 -0.417502 0.657099 -0.412894 0.656397 -0.422293 0.666606 -0.413703 0.6701 -0.414206 0.671504 -0.414603 0.6766 -0.422202 0.859098 -0.311803 0.872007 -0.312795 0.872007 -0.306401 0.859098 -0.307393 0.875898 -0.306401 0.872007 -0.312795 0.875807 -0.312795 0.872007 -0.306401 0.857496 -0.3149 0.870405 -0.318502 0.859098 -0.311803 0.872007 -0.312795 0.859098 -0.311803 0.859098 -0.307393 0.855604 -0.312306 0.855695 -0.306706 0.870497 -0.300694 0.859098 -0.307393 0.872007 -0.306401 0.857603 -0.304204 0.872007 -0.306401 0.875196 -0.304204 0.870497 -0.300694 0.874693 -0.299596 0.870405 -0.318502 0.875105 -0.315099 0.872007 -0.312795 0.874693 -0.3196 0.875898 -0.306401 0.8804 -0.313405 0.8804 -0.305806 0.875807 -0.312795 0.652094 -0.360098 0.653407 -0.366201 0.654307 -0.358999 0.651102 -0.367895 0.652094 -0.360098 0.646601 -0.362295 0.651102 -0.367895 0.645899 -0.352102 0.653407 -0.366201 0.659297 -0.361105 0.654307 -0.358999 0.662196 -0.352605 0.650996 -0.349996 0.654307 -0.358999 0.654093 -0.348806 0.652094 -0.360098 0.673198 -0.360296 0.674907 -0.366201 0.675395 -0.358999 0.672801 -0.3673 0.673198 -0.360296 0.667796 -0.362707 0.672801 -0.3673 0.666606 -0.352605 0.674907 -0.366201 0.680507 -0.360693 0.675395 -0.358999 0.682902 -0.352102 0.671504 -0.350301 0.675395 -0.358999 0.674495 -0.348806 0.673198 -0.360296 0.660807 -0.381201 0.659098 -0.387106 0.661204 -0.388205 0.658701 -0.379904 0.666194 -0.383597 0.660807 -0.381201 0.661204 -0.388205 0.667506 -0.373495 0.653498 -0.381598 0.659098 -0.387106 0.658701 -0.379904 0.651194 -0.373007 0.662593 -0.371206 0.658701 -0.379904 0.660807 -0.381201 0.659602 -0.369696 0.682994 -0.381994 0.680903 -0.387793 0.682994 -0.389807 0.680903 -0.380499 0.688197 -0.384695 0.682994 -0.381994 0.682994 -0.389807 0.689998 -0.374701 0.6757 -0.381994 0.680903 -0.387793 0.680903 -0.380499 0.673793 -0.373297 0.685298 -0.372107 0.680903 -0.380499 0.682994 -0.381994 0.682307 -0.370504 0.472801 -0.078995 0.460395 -0.0569 0.454902 -0.071702 0.5028 -0.076997 0.448997 -0.085297 0.507103 -0.090501 0.497002 -0.058594 0.468101 -0.092698 0.506905 -0.091401 0.467903 -0.041199 0.442298 -0.095002 0.491203 -0.116106 0.488502 -0.037995 0.460304 -0.111498 0.478202 -0.136095 0.473396 -0.028793 0.446693 -0.136507 0.480293 -0.017898 0.478492 -0.0168 0.439399 -0.096696 0.468803 -0.1514 0.447196 -0.155306 0.459907 -0.166094 0.447898 -0.168597 0.147997 -0.967407 0.143893 -0.967895 0.1449 -0.973404 0.223301 -0.996704 0.763394 -0.8636 0.130907 -0.968795 0.132692 -0.9738 0.135195 -0.968795 0.128496 -0.974594 0.424002 -0.353002 0.408301 -0.353002 0.421393 -0.354406 0.408301 -0.338994 0.425895 -0.338994 0.408301 -0.354406 0.392599 -0.353002 0.390707 -0.338903 0.395102 -0.354406 0.421393 -0.354406 0.4271 -0.360906 0.424308 -0.353796 0.423194 -0.365805 0.637995 -0.897505 0.643198 -0.893294 0.639994 -0.8934 0.625299 -0.8934 0.625299 -0.897505 0.612604 -0.897505 0.610605 -0.8934 0.607507 -0.893202 0.772396 -0.879393 0.780499 -0.873793 0.776394 -0.862898 0.763394 -0.8636 0.760998 -0.860899 0.776394 -0.862898 0.778302 -0.860594 0.763394 -0.8636 0.767193 -0.858198 0.759197 -0.862394 0.756695 -0.860502 0.778698 -0.836698 0.7561 -0.861708 0.784894 -0.838499 0.742306 -0.856596 0.742 -0.857496 0.791897 -0.815 0.788998 -0.813306 0.799405 -0.789593 0.252796 -0.293202 0.229206 -0.293004 0.227893 -0.278996 0.2533 -0.269398 0.201495 -0.292897 0.227405 -0.2692 0.201602 -0.279103 0.201602 -0.268193 0.170199 -0.279393 0.174197 -0.267094 0.171801 -0.265904 0.165499 -0.292607 0.161196 -0.268101 0.130495 -0.280797 0.131899 -0.268498 0.166003 -0.258701 0.129503 -0.292607 0.110201 -0.269001 0.157504 -0.255299 0.089997 -0.281697 0.133196 -0.254795 0.159701 -0.238193 0.089692 -0.292897 0.154894 -0.239704 0.070405 -0.293202 0.783001 -0.873106 0.776394 -0.862898 0.780499 -0.873793 0.779004 -0.861494 0.213504 -0.346502 0.1832 -0.381292 0.220005 -0.359197 0.177493 -0.363302 0.240894 -0.332097 0.1346 -0.382498 0.246296 -0.3402 0.236194 -0.321294 0.208698 -0.331899 0.135698 -0.403494 0.233906 -0.314305 0.1738 -0.345693 0.133806 -0.361395 0.205798 -0.322499 0.2542 -0.308598 0.170306 -0.332799 0.132494 -0.341497 0.255497 -0.314305 0.2692 -0.3028 0.269505 -0.311193 0.256992 -0.321096 0.270893 -0.321401 0.783093 -0.874098 0.780499 -0.873793 0.781292 -0.876005 0.113298 -0.948394 0.089005 -0.948394 0.772396 -0.879393 0.130694 -0.225696 0.154894 -0.239704 0.151095 -0.223194 0.132006 -0.241703 0.105592 -0.231403 0.157 -0.221897 0.109697 -0.243595 0.133196 -0.254795 0.159701 -0.238193 0.110597 -0.255695 0.078492 -0.2383 0.110201 -0.269001 0.081101 -0.247395 0.047806 -0.245304 0.081895 -0.257206 0.051697 -0.253193 0.029694 -0.256901 0.080094 -0.267994 0.024704 -0.253193 0.053696 -0.2598 0.034302 -0.2692 0.054505 -0.268193 0.051606 -0.278706 0.046295 -0.286503 0.074906 -0.281697 0.089997 -0.281697 0.070405 -0.293202 0.419303 -0.474098 0.419303 -0.474098 0.784894 -0.838499 0.778302 -0.860594 0.7944 -0.841306 0.791897 -0.815 0.788006 -0.868101 0.800595 -0.816205 0.799405 -0.789593 0.807706 -0.791302 0.165499 -0.292607 0.2038 -0.311406 0.201495 -0.292897 0.1673 -0.319799 0.129503 -0.292607 0.229206 -0.293004 0.205798 -0.322499 0.132296 -0.329198 0.231006 -0.304799 0.170306 -0.332799 0.233906 -0.314305 0.118593 -0.3205 0.2542 -0.308598 0.132494 -0.341497 0.130404 -0.330007 0.114702 -0.332204 0.130694 -0.341497 0.132403 -0.341802 0.132403 -0.329396 0.122698 -0.381796 0.1178 -0.402197 0.1243 -0.382193 0.116197 -0.401801 0.127398 -0.361303 0.129198 -0.361593 0.132403 -0.341802 0.130694 -0.341497 0.089692 -0.292897 0.084199 -0.309804 0.071 -0.296101 0.098603 -0.320897 0.070405 -0.293202 0.795407 -0.8804 0.793301 -0.881895 0.793606 -0.883207 0.785595 -0.888899 0.783505 -0.883604 0.772198 -0.891493 0.769406 -0.886702 0.686595 -0.838102 0.679698 -0.814603 0.677195 -0.840894 0.693202 -0.860197 0.671 -0.815793 0.683604 -0.867704 0.672099 -0.789197 0.663905 -0.790997 0.122606 -0.111101 0.118807 -0.099305 0.102602 -0.110307 0.134401 -0.101701 0.087998 -0.121294 0.136294 -0.102495 0.134905 -0.090196 0.093293 -0.138293 0.133104 -0.139101 0.136599 -0.089906 0.074601 -0.134798 0.171206 -0.112398 0.136507 -0.102296 0.074006 -0.137697 0.174304 -0.099504 0.1691 -0.139498 0.136706 -0.090196 0.209705 -0.110094 0.207599 -0.121202 0.237705 -0.1187 0.205097 -0.139696 0.234806 -0.1281 0.232807 -0.139895 0.084092 -0.183597 0.050797 -0.185306 0.081406 -0.192798 0.054795 -0.177493 0.112703 -0.1879 0.084992 -0.173907 0.032806 -0.173404 0.108293 -0.2 0.113695 -0.175708 0.027801 -0.177096 0.113497 -0.162493 0.056794 -0.170794 0.0065 -0.167102 0.083405 -0.162997 0.0934 -0.149493 0.057801 -0.162493 0.049805 -0.143999 0.0784 -0.149294 0.0551 -0.151904 0.074006 -0.137697 0.6374 -0.911299 0.625299 -0.897505 0.625299 -0.911299 0.637995 -0.897505 0.613199 -0.911192 0.612604 -0.897505 0.095704 -0.952499 0.091401 -0.968795 0.095704 -0.968795 0.089005 -0.948394 0.113298 -0.948394 0.113298 -0.952499 0.130907 -0.952499 0.137606 -0.948394 0.135195 -0.968795 0.130907 -0.968795 0.393301 -0.365698 0.395102 -0.354406 0.389395 -0.3608 0.392294 -0.353796 0.710597 -0.860594 0.704402 -0.857893 0.693202 -0.860197 0.695094 -0.862501 0.692897 -0.836301 0.708095 -0.863294 0.686595 -0.838102 0.712398 -0.861997 0.679698 -0.814603 0.714794 -0.860197 0.715404 -0.861295 0.682597 -0.812894 0.729198 -0.856199 0.672099 -0.789197 0.729503 -0.857099 0.389395 -0.3608 0.392294 -0.353796 0.379294 -0.348104 0.637995 -0.897505 0.690105 -0.875593 0.699001 -0.878996 0.690898 -0.873304 0.698497 -0.880598 0.719005 -0.880003 0.134905 -0.190097 0.133394 -0.205997 0.157794 -0.192294 0.153796 -0.208804 0.136294 -0.177005 0.159594 -0.210193 0.1626 -0.193896 0.256397 -0.140002 0.256504 -0.154192 0.232807 -0.139895 0.231296 -0.153903 0.256596 -0.163806 0.205097 -0.139696 0.230701 -0.163699 0.205005 -0.153506 0.173602 -0.152895 0.204898 -0.164401 0.1691 -0.139498 0.177493 -0.165194 0.133898 -0.150896 0.175006 -0.1664 0.133104 -0.139101 0.164508 -0.164004 0.169207 -0.173495 0.0934 -0.149493 0.160601 -0.176699 0.093293 -0.138293 0.113497 -0.162493 0.135103 -0.163195 0.1626 -0.193896 0.074006 -0.137697 0.136294 -0.177005 0.157794 -0.192294 0.291798 -0.035004 0.293507 -0.066102 0.314702 -0.0551 0.272297 -0.041001 0.317906 -0.023605 0.267506 -0.079606 0.276997 -0.015503 0.258198 -0.044403 0.3308 -0.046997 0.336706 -0.025894 0.266606 -0.021301 0.266499 -0.079697 0.252598 -0.025894 0.346303 -0.039505 0.349798 -0.027695 0.278904 -0.012695 0.2374 -0.029999 0.638895 -0.918593 0.2159 -0.056397 0.220996 -0.036102 0.235599 -0.066697 0.253407 -0.074097 0.260899 -0.1122 0.273396 -0.122194 0.2748 -0.112001 0.259403 -0.118898 0.250507 -0.092896 0.272908 -0.130602 0.244999 -0.100999 0.257893 -0.124605 0.224399 -0.073594 0.2177 -0.086305 0.240208 -0.111696 0.187793 -0.051102 0.212802 -0.100801 0.237705 -0.1187 0.181994 -0.069001 0.209705 -0.110094 0.177996 -0.086594 0.1393 -0.049301 0.174304 -0.099504 0.138201 -0.070298 0.140703 -0.028305 0.136706 -0.090196 0.699001 -0.878996 0.405402 -0.381003 0.0981 -0.974594 0.095704 -0.968795 0.093904 -0.9738 0.091401 -0.968795 0.011902 -0.991196 0.003006 -0.996597 0.074906 -0.943297 0.089005 -0.948394 0.078599 -0.967407 0.082703 -0.967895 0.081696 -0.973404 0.690303 -0.889601 0.683207 -0.881895 0.682795 -0.883207 0.681193 -0.880201 0.129107 -0.049393 0.131899 -0.070405 0.1337 -0.070099 0.127504 -0.049805 0.136599 -0.089906 0.134905 -0.090196 0.122805 -0.029297 0.121202 -0.029694 0.6038 -0.6056 0.701503 -0.912993 0.703395 -0.893294 0.690898 -0.873304 0.695094 -0.862501 0.688502 -0.872602 0.692607 -0.861097 0.781292 -0.876005 0.772396 -0.879393 0.7729 -0.880995 0.780499 -0.873793 0.688396 -0.873701 0.690105 -0.875593 0.690898 -0.873304 0.708095 -0.863294 0.695094 -0.862501 0.699001 -0.878996 0.690898 -0.873304 0.760693 -0.888502 0.4271 -0.360906 0.437293 -0.348196 0.424308 -0.353796 0.721996 -0.878904 0.395102 -0.354406 0.393301 -0.365698 0.408301 -0.365896 0.408301 -0.354406 0.421393 -0.354406 0.423194 -0.365805 0.613199 -0.911192 0.612604 -0.897505 0.606104 -0.896193 0.607202 -0.915694 0.346303 -0.039505 0.387594 -0.069092 0.372396 -0.041001 0.349798 -0.027695 0.560296 -0.605493 0.196201 -0.244205 0.196201 -0.256001 0.202701 -0.256001 0.1897 -0.256001 0.208103 -0.244297 0.184405 -0.244205 0.202701 -0.256001 0.212497 -0.248493 0.208103 -0.244297 0.205005 -0.258595 0.202701 -0.256001 0.196201 -0.256001 0.196201 -0.259403 0.203494 -0.259403 0.1897 -0.256001 0.188907 -0.259403 0.196307 -0.228595 0.184405 -0.244205 0.179904 -0.248402 0.1897 -0.256001 0.184405 -0.244205 0.187396 -0.258595 0.440208 -0.161395 0.447898 -0.168597 0.319707 -0.013595</float_array>
          <technique_common>
            <accessor source="#GeometrySource2-array" count="8692" stride="2">
              <param name="S" type="float"/>
              <param name="T" type="float"/>
            </accessor>
          </technique_common>
        </source>
        <vertices id="Geometry-vertices">
          <input semantic="POSITION" source="#GeometrySource"/>
          <input semantic="NORMAL" source="#GeometrySource1"/>
          <input semantic="TEXCOORD" source="#GeometrySource2"/>
        </vertices>
        <triangles material="VisualMaterial0" count="6516">
          <input semantic="VERTEX" source="#Geometry-vertices" offset="0"/>
          <p>0 1 2 1 0 3 4 5 6 5 7 6 8 9 10 9 8 11 12 13 14 12 15 13 15 12 16 14 13 17 18 19 20 20 21 22 23 24 25 26 27 28 27 26 29 30 31 32 33 31 30 34 32 31 31 33 35 36 32 34 32 36 37 36 38 37 39 38 36 40 38 39 38 40 41 40 42 41 42 40 43 44 42 43 42 44 45 44 46 45 46 44 47 48 49 50 49 48 51 52 51 48 51 52 53 48 54 52 53 55 51 54 48 56 57 55 53 56 58 54 48 59 56 58 56 60 59 48 61 60 62 58 63 60 56 62 60 64 63 65 60 62 64 66 60 67 64 68 66 64 67 60 69 66 68 70 68 64 71 72 70 68 70 72 73 71 74 68 68 75 72 75 68 76 73 72 77 77 72 78 77 78 79 55 80 51 80 55 81 82 83 84 85 83 82 83 86 84 83 85 87 88 84 86 84 88 89 90 87 85 85 91 90 92 90 91 90 92 93 92 94 93 94 92 95 96 94 95 94 96 97 97 96 98 98 96 99 100 101 102 103 101 100 104 102 101 101 103 105 106 102 104 102 106 107 106 108 107 109 108 106 110 108 109 108 110 111 110 112 111 112 110 113 114 112 113 112 114 115 114 116 115 116 114 117 118 119 120 119 118 121 122 121 118 123 120 119 121 122 124 125 124 122 123 119 126 122 127 125 126 128 123 128 126 129 127 130 125 131 128 129 130 127 132 130 133 131 133 130 132 128 131 133 134 135 136 137 134 136 135 138 136 139 137 136 138 140 136 140 141 136 141 142 136 142 143 136 144 145 146 147 145 144 148 146 145 145 147 149 150 146 148 146 150 151 150 152 151 153 152 150 154 152 153 152 154 155 154 156 155 156 154 157 158 156 157 156 158 159 158 160 159 160 158 161 162 163 164 163 162 165 166 165 162 162 167 166 165 166 168 167 162 169 168 170 165 170 171 165 169 172 167 173 170 168 174 172 169 171 170 175 174 176 172 177 174 169 176 174 178 177 179 174 176 178 180 174 181 178 182 180 178 182 178 183 181 174 184 180 182 185 183 186 182 187 185 182 182 188 187 185 187 189 188 182 190 189 187 191 191 187 192 191 192 193 162 194 169 194 162 195 196 197 198 199 197 196 197 200 198 197 199 201 202 198 200 198 202 203 204 201 199 199 205 204 206 204 205 204 206 207 206 208 207 208 206 209 210 208 209 208 210 211 211 210 212 212 210 213 214 215 216 217 215 214 218 216 215 215 217 219 220 216 218 216 220 221 220 222 221 223 222 220 224 222 223 222 224 225 224 226 225 226 224 227 228 226 227 226 228 229 228 230 229 230 228 231 232 233 234 235 236 232 237 234 233 237 233 238 239 240 235 235 241 239 242 238 243 244 239 241 245 242 243 239 244 246 244 247 246 243 247 245 244 245 247 248 249 250 251 252 250 252 253 250 253 254 250 254 255 250 256 257 258 259 257 256 260 258 257 257 259 261 262 258 260 258 262 263 262 264 263 265 264 262 266 264 265 264 266 267 266 268 267 268 266 269 270 268 269 268 270 271 270 272 271 272 270 273 274 275 276 275 274 277 278 277 274 274 279 278 277 278 280 279 274 281 274 282 281 280 283 277 281 284 279 282 274 285 286 283 280 283 287 277 284 281 288 287 283 289 288 290 284 291 288 281 290 288 292 291 293 288 288 294 292 290 292 295 294 288 296 297 295 292 297 292 298 295 297 299 298 300 297 301 299 297 297 302 301 299 301 303 302 297 304 303 301 305 305 301 306 305 306 307 308 309 310 311 309 308 309 312 310 309 311 313 314 310 312 315 313 311 311 316 315 310 314 317 318 315 316 315 318 319 318 320 319 320 318 321 322 320 321 320 322 323 323 322 324 324 322 325 326 327 328 329 327 326 330 328 327 327 329 331 332 328 330 328 332 333 332 334 333 335 334 332 336 334 335 334 336 337 336 338 337 338 336 339 340 338 339 338 340 341 340 342 341 342 340 343 344 345 346 344 346 347 348 344 347 349 346 345 348 347 350 351 352 349 353 348 350 349 354 351 348 353 355 356 355 353 354 357 351 357 356 358 353 358 356 356 357 359 357 354 359 360 361 362 363 364 362 364 365 362 365 366 362 366 367 362 368 369 370 370 371 368 370 369 372 371 370 373 369 374 372 374 369 375 376 377 378 377 379 378 380 381 382 381 380 383 384 380 382 383 385 381 380 384 386 385 383 387 388 389 390 389 388 391 392 393 394 395 393 392 395 396 393 392 394 397 395 398 396 398 395 399 400 401 402 402 403 400 400 403 404 405 402 401 402 405 406 400 404 407 408 409 410 410 409 411 412 413 414 415 413 412 412 414 416 412 417 415 416 414 418 416 418 419 420 421 422 421 420 423 424 425 426 425 424 427 426 428 424 428 426 429 430 428 429 428 430 431 432 433 434 432 435 433 432 434 436 435 432 437 438 435 437 438 439 435 439 438 440 441 440 438 442 443 444 444 443 445 443 446 445 446 443 447 448 449 450 449 448 451 452 451 448 452 448 453 454 455 456 454 457 455 454 456 458 457 454 459 460 454 458 454 461 459 461 454 462 462 454 460 463 464 465 464 463 466 467 468 469 468 467 470 471 472 473 471 474 472 473 475 471 476 474 477 478 476 477 476 478 479 480 479 478 479 480 481 481 480 482 483 484 485 485 486 483 487 485 484 485 488 486 489 487 484 488 490 486 487 489 491 490 488 492 493 494 495 495 496 493 497 498 499 499 498 500 500 498 501 498 502 501 503 504 505 504 503 506 506 507 504 507 506 508 509 510 511 512 510 509 513 514 515 515 514 516 517 518 519 518 517 520 521 519 522 523 521 522 521 523 524 525 524 523 524 525 526 527 528 529 530 528 527 531 529 528 532 529 531 533 534 535 533 536 534 536 537 534 536 538 537 539 540 541 542 539 541 540 543 541 543 540 544 545 546 547 546 545 548 549 550 551 550 549 552 551 553 549 549 553 554 555 556 557 558 556 555 557 559 555 556 558 560 561 562 563 562 561 564 565 566 567 568 569 565 568 565 570 571 572 573 571 573 574 575 571 574 572 576 573 575 574 577 572 578 576 579 575 577 579 577 580 578 581 576 582 579 580 578 583 581 583 584 581 582 580 585 583 586 584 587 582 585 587 585 588 586 589 584 590 587 588 586 591 589 590 588 592 593 590 592 593 592 594 595 593 594 595 594 596 597 598 599 598 597 600 601 602 603 602 604 603 605 606 607 606 605 608 609 610 611 612 613 614 615 616 617 616 615 618 615 619 618 618 619 620 621 622 623 624 625 626 625 624 627 628 629 630 631 629 628 632 630 629 629 631 633 634 630 632 630 634 635 634 636 635 637 636 634 638 636 637 636 638 639 638 640 639 640 638 641 642 640 641 640 642 643 643 642 644 644 642 645 646 647 648 647 646 649 650 649 646 649 650 651 646 652 650 651 653 649 652 646 654 655 653 651 654 656 652 646 657 654 656 654 658 657 646 659 658 660 656 661 658 654 660 658 662 661 663 658 660 662 664 658 665 662 666 664 662 665 658 667 664 666 668 666 662 669 670 668 666 668 670 671 669 672 666 666 673 670 673 666 674 671 670 675 675 670 676 675 676 677 653 678 649 678 653 679 680 681 682 683 681 680 681 684 682 681 683 685 686 682 684 682 686 687 688 685 683 683 689 688 690 688 689 688 690 691 690 692 691 692 690 693 694 692 693 692 694 695 695 694 696 696 694 697 698 699 700 701 699 698 702 700 699 699 701 703 704 700 702 700 704 705 704 706 705 707 706 704 708 706 707 706 708 709 708 710 709 710 708 711 712 710 711 710 712 713 712 714 713 714 712 715 716 717 718 719 720 716 721 718 717 721 717 722 719 723 724 725 722 726 723 727 724 725 728 729 729 727 730 731 732 733 734 732 731 735 733 732 732 734 736 737 733 735 733 737 738 737 739 738 740 739 737 741 739 740 739 741 742 741 743 742 743 741 744 745 743 744 743 745 746 745 747 746 747 745 748 749 750 751 750 749 752 753 752 749 749 754 753 752 753 755 754 749 756 755 757 752 757 758 752 756 759 754 760 757 755 759 756 761 758 757 762 761 763 759 764 761 756 763 761 765 764 766 761 763 765 767 761 768 765 769 767 765 769 765 770 768 761 771 767 769 772 770 773 769 774 772 769 769 775 774 772 774 776 775 769 777 776 774 778 778 774 779 778 779 780 749 781 756 781 749 782 783 784 785 786 784 783 784 787 785 784 786 788 789 785 787 785 789 790 791 788 786 786 792 791 793 791 792 791 793 794 793 795 794 795 793 796 797 795 796 795 797 798 798 797 799 799 797 800 801 802 803 804 802 801 803 805 806 807 808 809 810 808 811 810 812 813 813 812 814 814 812 815 816 817 818 819 817 816 820 818 817 817 819 821 822 818 820 818 822 823 822 824 823 825 824 822 826 824 825 824 826 827 826 828 827 828 826 829 830 828 829 828 830 831 830 832 831 832 830 833 834 835 836 835 834 837 838 837 834 834 839 838 837 838 840 839 834 841 834 842 841 840 843 837 841 844 839 842 834 845 846 843 840 843 847 837 844 841 848 847 843 849 848 850 844 851 848 841 850 848 852 851 853 848 848 854 852 850 852 855 854 848 856 857 855 852 857 852 858 855 857 859 858 860 857 861 859 857 857 862 861 859 861 863 862 857 864 863 861 865 865 861 866 865 866 867 868 869 870 871 869 868 869 872 870 869 871 873 874 870 872 875 873 871 871 876 875 870 874 877 878 875 876 875 878 879 878 880 879 880 878 881 882 880 881 880 882 883 883 882 884 884 882 885 886 887 888 889 887 886 890 888 887 887 889 891 892 888 890 888 892 893 892 894 893 895 894 892 896 894 895 894 896 897 896 898 897 898 896 899 900 898 899 898 900 901 901 900 902 902 900 903 904 905 906 904 906 907 908 904 907 909 906 905 908 907 910 909 911 912 908 913 914 915 914 913 916 912 911 915 917 916 918 919 920 920 921 918 920 919 922 921 920 923 919 924 922 924 919 925 926 927 928 927 929 928 930 931 932 931 930 933 934 930 932 933 935 931 930 934 936 935 933 937 938 939 940 939 938 941 942 943 944 945 943 942 945 946 943 942 944 947 945 948 946 948 945 949 950 951 952 952 953 950 950 953 954 955 952 951 952 955 956 950 954 957 958 959 960 960 959 961 962 963 964 965 963 962 962 964 966 962 967 965 966 964 968 966 968 969 970 971 972 971 970 973 974 975 976 975 974 977 976 978 974 978 976 979 980 978 979 978 980 981 982 983 984 982 985 983 982 984 986 985 982 987 988 985 987 988 989 985 989 988 990 991 990 988 992 993 994 994 993 995 993 996 995 996 993 997 998 999 1000 999 998 1001 1002 1001 998 1002 998 1003 1004 1005 1006 1004 1007 1005 1004 1006 1008 1007 1004 1009 1010 1004 1008 1004 1011 1009 1011 1004 1012 1012 1004 1010 1013 1014 1015 1014 1013 1016 1017 1018 1019 1018 1017 1020 1021 1022 1023 1021 1024 1022 1023 1025 1021 1022 1024 1026 1026 1024 1027 1028 1026 1027 1026 1028 1029 1030 1029 1028 1031 1030 1032 1033 1034 1035 1035 1036 1033 1037 1035 1034 1035 1038 1036 1039 1037 1034 1038 1040 1036 1037 1039 1041 1040 1038 1042 1043 1044 1045 1045 1046 1043 1047 1048 1049 1049 1048 1050 1050 1048 1051 1048 1052 1051 1053 1054 1055 1054 1053 1056 1056 1057 1054 1057 1056 1058 1059 1060 1061 1062 1060 1059 1059 1061 1063 1064 1060 1062 1065 1066 1067 1067 1066 1068 1069 1070 1071 1070 1069 1072 1071 1073 1069 1073 1071 1074 1073 1075 1076 1077 1076 1075 1076 1077 1078 1079 1080 1081 1082 1080 1079 1083 1081 1080 1084 1081 1083 1085 1086 1087 1085 1088 1086 1088 1089 1086 1088 1090 1089 1091 1092 1093 1094 1091 1093 1095 1092 1096 1097 1098 1099 1098 1097 1100 1101 1102 1103 1102 1101 1104 1103 1105 1101 1101 1105 1106 1107 1108 1109 1110 1108 1107 1109 1111 1107 1108 1110 1112 1113 1114 1115 1116 1117 1118 1117 1116 1119 1120 1121 1122 1120 1122 1123 1124 1120 1123 1121 1125 1122 1124 1123 1126 1121 1127 1125 1128 1124 1126 1128 1126 1129 1127 1130 1125 1131 1128 1129 1127 1132 1130 1131 1129 1133 1134 1131 1133 1134 1133 1135 1136 1134 1135 1136 1135 1137 1138 1136 1137 1138 1137 1139 1140 1138 1139 1140 1139 1141 1142 1140 1141 1142 1141 1143 1144 1142 1143 1144 1143 1145 1146 1147 1148 1147 1146 1149 1150 1151 1152 1151 1153 1152 1154 1155 1156 1155 1154 1157 1158 1159 1160 1158 1161 1159 1161 1158 1162 1160 1159 1163 1164 1165 1166 1165 1164 1167 1164 1168 1167 1167 1168 1169 1170 1171 1172 1171 1170 1173 1174 1175 1176 1174 1177 1175 1178 1179 1180 1181 1179 1178 1182 1180 1179 1179 1181 1183 1184 1180 1182 1180 1184 1185 1184 1186 1185 1187 1186 1184 1188 1186 1187 1186 1188 1189 1188 1190 1189 1190 1188 1191 1192 1190 1191 1190 1192 1193 1193 1192 1194 1194 1192 1195 1196 1197 1198 1197 1196 1199 1200 1199 1196 1199 1200 1201 1196 1202 1200 1201 1203 1199 1202 1196 1204 1205 1203 1201 1204 1206 1202 1196 1207 1204 1206 1204 1208 1207 1196 1209 1208 1210 1206 1211 1208 1204 1212 1210 1208 1211 1213 1208 1210 1212 1214 1208 1215 1212 1215 1208 1216 1217 1214 1212 1214 1217 1218 1217 1212 1219 1220 1218 1217 1218 1220 1221 1219 1222 1217 1217 1223 1220 1223 1217 1224 1221 1220 1225 1225 1220 1226 1225 1226 1227 1203 1228 1199 1228 1203 1229 1230 1231 1232 1233 1231 1230 1231 1234 1232 1231 1233 1235 1236 1232 1234 1232 1236 1237 1238 1235 1233 1233 1239 1238 1240 1238 1239 1238 1240 1241 1240 1242 1241 1242 1240 1243 1244 1242 1243 1242 1244 1245 1245 1244 1246 1246 1244 1247 1248 1249 1250 1251 1249 1248 1252 1250 1249 1249 1251 1253 1254 1250 1252 1250 1254 1255 1254 1256 1255 1257 1256 1254 1258 1256 1257 1256 1258 1259 1258 1260 1259 1260 1258 1261 1262 1260 1261 1260 1262 1263 1262 1264 1263 1264 1262 1265 1266 1267 1268 1267 1266 1269 1270 1269 1266 1271 1268 1267 1269 1270 1272 1273 1272 1270 1271 1267 1274 1270 1275 1273 1276 1271 1274 1271 1276 1277 1278 1273 1275 1279 1277 1276 1273 1278 1280 1278 1279 1281 1278 1281 1280 1276 1281 1279 1282 1283 1284 1285 1282 1284 1283 1286 1284 1287 1285 1284 1286 1288 1284 1288 1289 1284 1289 1290 1284 1290 1291 1284 1292 1293 1294 1295 1293 1292 1296 1294 1293 1293 1295 1297 1298 1294 1296 1294 1298 1299 1298 1300 1299 1301 1300 1298 1302 1300 1301 1300 1302 1303 1302 1304 1303 1304 1302 1305 1306 1304 1305 1304 1306 1307 1307 1306 1308 1308 1306 1309 1310 1311 1312 1311 1310 1313 1314 1313 1310 1310 1315 1314 1313 1314 1316 1315 1310 1317 1316 1318 1313 1318 1319 1313 1317 1320 1315 1321 1318 1316 1322 1320 1317 1319 1318 1323 1322 1324 1320 1325 1322 1317 1326 1324 1322 1325 1327 1322 1324 1326 1328 1322 1329 1326 1330 1328 1326 1330 1326 1331 1329 1322 1332 1328 1330 1333 1331 1334 1330 1335 1333 1330 1330 1336 1335 1333 1335 1337 1336 1330 1338 1337 1335 1339 1339 1335 1340 1339 1340 1341 1310 1342 1317 1342 1310 1343 1344 1345 1346 1347 1345 1344 1345 1348 1346 1345 1347 1349 1350 1346 1348 1346 1350 1351 1352 1349 1347 1347 1353 1352 1354 1352 1353 1352 1354 1355 1354 1356 1355 1356 1354 1357 1358 1356 1357 1356 1358 1359 1358 1360 1359 1360 1358 1361 1362 1363 1364 1365 1363 1362 1366 1364 1363 1363 1365 1367 1368 1364 1366 1364 1368 1369 1368 1370 1369 1371 1370 1368 1372 1370 1371 1370 1372 1373 1372 1374 1373 1374 1372 1375 1376 1374 1375 1374 1376 1377 1377 1376 1378 1378 1376 1379 1380 1381 1382 1380 1382 1383 1384 1380 1383 1385 1382 1381 1382 1385 1386 1387 1388 1384 1380 1384 1388 1389 1386 1385 1385 1390 1389 1388 1387 1391 1392 1389 1390 1393 1391 1387 1392 1393 1394 1387 1394 1393 1392 1394 1395 1389 1392 1395 1396 1397 1398 1399 1396 1398 1397 1400 1398 1401 1399 1398 1400 1402 1398 1402 1403 1398 1403 1404 1398 1404 1405 1398 1406 1407 1408 1409 1407 1406 1410 1408 1407 1407 1409 1411 1412 1408 1410 1408 1412 1413 1412 1414 1413 1415 1414 1412 1416 1414 1415 1414 1416 1417 1416 1418 1417 1418 1416 1419 1420 1418 1419 1418 1420 1421 1421 1420 1422 1422 1420 1423 1424 1425 1426 1425 1424 1427 1428 1427 1424 1424 1429 1428 1427 1428 1430 1429 1424 1431 1424 1432 1431 1430 1433 1427 1431 1434 1429 1432 1424 1435 1436 1433 1430 1433 1437 1427 1434 1431 1438 1437 1433 1439 1438 1440 1434 1441 1438 1431 1442 1440 1438 1441 1443 1438 1438 1444 1442 1440 1442 1445 1444 1438 1446 1447 1445 1442 1447 1442 1448 1445 1447 1449 1448 1450 1447 1451 1449 1447 1447 1452 1451 1449 1451 1453 1452 1447 1454 1453 1451 1455 1455 1451 1456 1455 1456 1457 1458 1459 1460 1461 1459 1458 1459 1462 1460 1459 1461 1463 1464 1460 1462 1465 1463 1461 1461 1466 1465 1460 1464 1467 1468 1465 1466 1465 1468 1469 1468 1470 1469 1470 1468 1471 1472 1470 1471 1470 1472 1473 1473 1472 1474 1474 1472 1475 1476 1477 1478 1479 1477 1476 1480 1478 1477 1477 1479 1481 1482 1478 1480 1478 1482 1483 1482 1484 1483 1485 1484 1482 1486 1484 1485 1484 1486 1487 1486 1488 1487 1488 1486 1489 1490 1488 1489 1488 1490 1491 1491 1490 1492 1492 1490 1493 1494 1495 1496 1494 1496 1497 1498 1494 1497 1499 1496 1495 1500 1501 1498 1494 1498 1501 1496 1499 1502 1501 1500 1503 1504 1503 1500 1505 1502 1499 1500 1506 1504 1507 1504 1506 1508 1507 1505 1499 1508 1505 1507 1508 1509 1504 1507 1509 1510 1511 1512 1513 1510 1512 1511 1514 1512 1515 1513 1512 1514 1516 1512 1516 1517 1512 1517 1518 1512 1518 1519 1512 1520 1521 1522 1522 1523 1520 1522 1521 1524 1523 1522 1525 1521 1526 1524 1526 1521 1527 1528 1529 1530 1529 1531 1530 1532 1533 1534 1533 1532 1535 1536 1532 1534 1535 1537 1533 1532 1536 1538 1537 1535 1539 1540 1541 1542 1541 1540 1543 1544 1545 1546 1547 1545 1544 1544 1546 1548 1547 1549 1545 1547 1550 1549 1550 1547 1551 1552 1553 1554 1554 1555 1552 1552 1555 1556 1557 1554 1553 1554 1557 1558 1552 1556 1559 1560 1561 1562 1562 1561 1563 1564 1565 1566 1567 1565 1564 1564 1566 1568 1564 1569 1567 1568 1566 1570 1568 1570 1571 1572 1573 1574 1573 1572 1575 1576 1577 1578 1577 1576 1579 1578 1580 1576 1580 1578 1581 1582 1580 1581 1580 1582 1583 1584 1585 1586 1584 1587 1585 1584 1586 1588 1587 1584 1589 1590 1587 1589 1590 1591 1587 1591 1590 1592 1593 1592 1590 1594 1595 1596 1596 1595 1597 1595 1598 1597 1598 1595 1599 1600 1601 1602 1601 1600 1603 1604 1603 1600 1604 1600 1605 1606 1607 1608 1606 1609 1607 1606 1608 1610 1609 1606 1611 1612 1606 1610 1606 1613 1611 1613 1606 1614 1614 1606 1612 1615 1616 1617 1616 1615 1618 1619 1620 1621 1620 1619 1622 1623 1624 1625 1623 1626 1624 1625 1627 1623 1624 1626 1628 1628 1626 1629 1630 1628 1629 1628 1630 1631 1632 1631 1630 1631 1632 1633 1633 1632 1634 1635 1636 1637 1637 1638 1635 1639 1637 1636 1637 1640 1638 1641 1639 1636 1640 1642 1638 1639 1641 1643 1642 1640 1644 1645 1646 1647 1647 1648 1645 1649 1650 1651 1651 1650 1652 1652 1650 1653 1650 1654 1653 1655 1656 1657 1656 1655 1658 1658 1659 1656 1659 1658 1660 1661 1662 1663 1664 1662 1661 1661 1663 1665 1666 1662 1664 1667 1668 1669 1669 1668 1670 1671 1672 1673 1672 1671 1674 1673 1675 1671 1675 1673 1676 1677 1675 1676 1675 1677 1678 1679 1678 1677 1678 1679 1680 1681 1682 1683 1684 1682 1681 1685 1683 1682 1686 1683 1685 1687 1688 1689 1687 1690 1688 1690 1691 1688 1690 1692 1691 1693 1694 1695 1696 1693 1695 1694 1697 1695 1697 1694 1698 1699 1700 1701 1700 1699 1702 1703 1704 1705 1704 1703 1706 1705 1707 1703 1703 1707 1708 1709 1710 1711 1712 1710 1709 1711 1713 1709 1710 1712 1714 1715 1716 1717 1716 1715 1718 1719 1720 1721 1720 1719 1722 1723 1722 1719 1723 1719 1724 1725 1726 1727 1725 1727 1728 1726 1729 1727 1730 1725 1728 1726 1731 1729 1730 1728 1732 1731 1733 1729 1734 1730 1732 1731 1735 1733 1734 1732 1736 1735 1737 1733 1738 1734 1736 1735 1739 1737 1738 1736 1740 1739 1741 1737 1742 1738 1740 1739 1743 1741 1742 1740 1744 1745 1742 1744 1745 1744 1746 1747 1745 1746 1747 1746 1748 1749 1747 1748 1749 1748 1750 1751 1749 1750 1751 1750 1752 1753 1751 1752 1753 1752 1754 1755 1756 1757 1756 1755 1758 1759 1760 1761 1760 1762 1761 1763 1764 1765 1764 1763 1766 1767 1768 1769 1767 1770 1768 1770 1767 1771 1769 1768 1772 1773 1774 1775 1774 1773 1776 1773 1777 1776 1776 1777 1778 1779 1780 1781 1780 1779 1782 1783 1784 1785 1783 1786 1784 1787 1788 1789 1790 1788 1787 1791 1789 1788 1788 1790 1792 1793 1789 1791 1789 1793 1794 1793 1795 1794 1796 1795 1793 1797 1795 1796 1795 1797 1798 1797 1799 1798 1799 1797 1800 1801 1799 1800 1799 1801 1802 1801 1803 1802 1803 1801 1804 1805 1806 1807 1806 1805 1808 1809 1808 1805 1805 1810 1809 1808 1809 1811 1810 1805 1812 1805 1813 1812 1811 1814 1808 1812 1815 1810 1813 1805 1816 1817 1814 1811 1814 1818 1808 1819 1815 1812 1818 1814 1820 1819 1821 1815 1822 1819 1812 1823 1821 1819 1822 1824 1819 1819 1825 1823 1821 1823 1826 1825 1819 1827 1828 1826 1823 1828 1823 1829 1826 1828 1830 1829 1831 1828 1832 1830 1828 1828 1833 1832 1830 1832 1834 1833 1828 1835 1834 1832 1836 1836 1832 1837 1836 1837 1838 1839 1840 1841 1842 1840 1839 1840 1843 1841 1840 1842 1844 1845 1841 1843 1846 1844 1842 1842 1847 1846 1841 1845 1848 1849 1846 1847 1846 1849 1850 1849 1851 1850 1851 1849 1852 1853 1851 1852 1851 1853 1854 1853 1855 1854 1855 1853 1856 1857 1858 1859 1860 1858 1857 1861 1859 1858 1858 1860 1862 1863 1859 1861 1859 1863 1864 1863 1865 1864 1866 1865 1863 1867 1865 1866 1865 1867 1868 1867 1869 1868 1869 1867 1870 1871 1869 1870 1869 1871 1872 1872 1871 1873 1873 1871 1874 1875 1876 1877 1875 1877 1878 1879 1875 1878 1880 1877 1876 1875 1879 1881 1882 1881 1879 1877 1880 1883 1881 1882 1884 1885 1884 1882 1886 1883 1880 1882 1887 1885 1888 1885 1887 1880 1889 1886 1888 1887 1890 1889 1890 1886 1890 1889 1888 1891 1892 1893 1894 1891 1893 1892 1895 1893 1896 1894 1893 1895 1897 1893 1897 1898 1893 1898 1899 1893 1899 1900 1893 1901 1902 1903 1904 1902 1901 1905 1903 1902 1902 1904 1906 1907 1903 1905 1903 1907 1908 1907 1909 1908 1910 1909 1907 1911 1909 1910 1909 1911 1912 1911 1913 1912 1913 1911 1914 1915 1913 1914 1913 1915 1916 1916 1915 1917 1917 1915 1918 1919 1920 1921 1920 1919 1922 1923 1922 1919 1922 1923 1924 1919 1925 1923 1924 1926 1922 1925 1919 1927 1928 1926 1924 1927 1929 1925 1919 1930 1927 1931 1929 1927 1930 1919 1932 1931 1933 1929 1934 1931 1927 1935 1933 1931 1934 1936 1931 1933 1935 1937 1931 1938 1935 1938 1931 1939 1940 1937 1935 1937 1940 1941 1940 1935 1942 1943 1941 1940 1941 1943 1944 1942 1945 1940 1940 1946 1943 1946 1940 1947 1944 1943 1948 1948 1943 1949 1948 1949 1950 1926 1951 1922 1951 1926 1952 1953 1954 1955 1956 1954 1953 1954 1957 1955 1954 1956 1958 1959 1955 1957 1955 1959 1960 1961 1958 1956 1956 1962 1961 1963 1961 1962 1961 1963 1964 1963 1965 1964 1965 1963 1966 1967 1965 1966 1965 1967 1968 1968 1967 1969 1969 1967 1970 1971 1972 1973 1974 1972 1971 1975 1973 1972 1972 1974 1976 1977 1973 1975 1973 1977 1978 1977 1979 1978 1980 1979 1977 1981 1979 1980 1979 1981 1982 1981 1983 1982 1983 1981 1984 1985 1983 1984 1983 1985 1986 1986 1985 1987 1987 1985 1988 1989 1990 1991 1989 1991 1992 1993 1989 1992 1994 1991 1990 1989 1993 1995 1991 1994 1996 1997 1996 1994 1998 1995 1993 1994 1999 1997 1999 2000 1997 1995 1998 2001 2000 1999 2002 2003 2000 2002 2003 2001 1998 1998 2004 2003 2000 2003 2004 2005 2006 2007 2008 2005 2007 2006 2009 2007 2010 2008 2007 2009 2011 2007 2011 2012 2007 2012 2013 2007 2013 2014 2007 2015 2016 2017 2018 2016 2015 2019 2017 2016 2016 2018 2020 2021 2017 2019 2017 2021 2022 2021 2023 2022 2024 2023 2021 2025 2023 2024 2023 2025 2026 2025 2027 2026 2027 2025 2028 2029 2027 2028 2027 2029 2030 2030 2029 2031 2031 2029 2032 2033 2034 2035 2034 2033 2036 2037 2036 2033 2033 2038 2037 2036 2037 2039 2038 2033 2040 2039 2041 2036 2041 2042 2036 2040 2043 2038 2044 2041 2039 2045 2043 2040 2042 2041 2046 2045 2047 2043 2048 2045 2040 2049 2047 2045 2048 2050 2045 2047 2049 2051 2045 2052 2049 2053 2051 2049 2053 2049 2054 2052 2045 2055 2051 2053 2056 2054 2057 2053 2058 2056 2053 2053 2059 2058 2056 2058 2060 2059 2053 2061 2060 2058 2062 2062 2058 2063 2062 2063 2064 2033 2065 2040 2065 2033 2066 2067 2068 2069 2070 2068 2067 2068 2071 2069 2068 2070 2072 2073 2069 2071 2069 2073 2074 2075 2072 2070 2070 2076 2075 2077 2075 2076 2075 2077 2078 2077 2079 2078 2079 2077 2080 2081 2079 2080 2079 2081 2082 2082 2081 2083 2083 2081 2084 2085 2086 2087 2088 2086 2085 2089 2087 2086 2086 2088 2090 2091 2087 2089 2087 2091 2092 2091 2093 2092 2094 2093 2091 2095 2093 2094 2093 2095 2096 2095 2097 2096 2097 2095 2098 2099 2097 2098 2097 2099 2100 2099 2101 2100 2101 2099 2102 2103 2104 2105 2104 2103 2106 2107 2106 2103 2108 2105 2104 2106 2107 2109 2108 2110 2111 2110 2108 2112 2108 2104 2112 2113 2109 2107 2114 2111 2110 2107 2115 2113 2110 2116 2114 2115 2117 2113 2117 2114 2116 2117 2115 2118 2114 2117 2118 2119 2120 2121 2122 2119 2121 2120 2123 2121 2124 2122 2121 2123 2125 2121 2125 2126 2121 2126 2127 2121 2127 2128 2121 2129 2130 2131 2131 2132 2129 2131 2130 2133 2132 2131 2134 2130 2135 2133 2135 2130 2136 2137 2138 2139 2138 2140 2139 2141 2142 2143 2142 2141 2144 2145 2141 2143 2141 2145 2146 2144 2147 2142 2147 2144 2148 2149 2150 2151 2150 2149 2152 2153 2154 2155 2156 2154 2153 2153 2155 2157 2156 2158 2154 2156 2159 2158 2159 2156 2160 2161 2162 2163 2163 2164 2161 2165 2163 2162 2163 2165 2166 2161 2164 2167 2161 2167 2168 2169 2170 2171 2171 2170 2172 2173 2174 2175 2176 2174 2173 2173 2175 2177 2173 2178 2176 2177 2175 2179 2177 2179 2180 2181 2182 2183 2182 2181 2184 2185 2186 2187 2186 2185 2188 2187 2189 2185 2189 2187 2190 2191 2189 2190 2189 2191 2192 2193 2194 2195 2193 2196 2194 2193 2195 2197 2196 2193 2198 2199 2196 2198 2199 2200 2196 2200 2199 2201 2202 2201 2199 2203 2204 2205 2205 2204 2206 2204 2207 2206 2207 2204 2208 2209 2210 2211 2210 2209 2212 2213 2212 2209 2213 2209 2214 2215 2216 2217 2215 2218 2216 2215 2217 2219 2218 2215 2220 2221 2215 2219 2215 2222 2220 2222 2215 2223 2223 2215 2221 2224 2225 2226 2225 2224 2227 2228 2229 2230 2229 2228 2231 2232 2233 2234 2232 2235 2233 2234 2236 2232 2233 2235 2237 2237 2235 2238 2239 2237 2238 2237 2239 2240 2241 2240 2239 2240 2241 2242 2242 2241 2243 2244 2245 2246 2246 2247 2244 2248 2246 2245 2246 2249 2247 2250 2248 2245 2248 2250 2251 2249 2252 2247 2252 2249 2253 2254 2255 2256 2256 2257 2254 2258 2259 2260 2260 2259 2261 2261 2259 2262 2259 2263 2262 2264 2265 2266 2265 2264 2267 2267 2268 2265 2268 2267 2269 2270 2271 2272 2273 2271 2270 2270 2272 2274 2275 2271 2273 2276 2277 2278 2277 2276 2279 2279 2280 2277 2280 2279 2281 2282 2280 2281 2280 2282 2283 2284 2283 2282 2283 2284 2285 2286 2287 2288 2286 2289 2287 2290 2287 2289 2287 2290 2291 2292 2293 2294 2295 2293 2292 2296 2294 2293 2297 2294 2296 2298 2299 2300 2298 2301 2299 2301 2302 2299 2301 2303 2302 2304 2305 2306 2305 2304 2307 2308 2309 2310 2309 2308 2311 2312 2313 2314 2313 2312 2315 2314 2316 2312 2312 2316 2317 2318 2319 2320 2321 2319 2318 2320 2322 2318 2319 2321 2323 2324 2325 2326 2325 2324 2327 2328 2325 2327 2329 2328 2327 2330 2331 2332 2333 2331 2330 2334 2335 2336 2334 2336 2337 2338 2334 2337 2335 2339 2336 2338 2337 2340 2335 2341 2339 2341 2342 2339 2343 2338 2340 2341 2344 2342 2344 2345 2342 2343 2340 2346 2344 2347 2345 2348 2343 2346 2348 2346 2349 2347 2350 2345 2351 2348 2349 2347 2352 2350 2351 2349 2353 2354 2351 2353 2354 2353 2355 2356 2354 2355 2356 2355 2357 2358 2356 2357 2358 2357 2359 2360 2358 2359 2360 2359 2361 2362 2360 2361 2362 2361 2363 2364 2365 2366 2365 2364 2367 2368 2369 2370 2369 2371 2370 2372 2373 2374 2373 2372 2375 2376 2377 2378 2376 2379 2377 2379 2376 2380 2378 2377 2381 2382 2383 2384 2383 2382 2385 2382 2386 2385 2385 2386 2387 2388 2389 2390 2389 2388 2391 2392 2393 2394 2393 2392 2395 2396 2397 2398 2399 2397 2396 2400 2398 2397 2397 2399 2401 2402 2398 2400 2398 2402 2403 2402 2404 2403 2405 2404 2402 2406 2404 2405 2404 2406 2407 2406 2408 2407 2408 2406 2409 2410 2408 2409 2408 2410 2411 2411 2410 2412 2412 2410 2413 2414 2415 2416 2415 2414 2417 2418 2417 2414 2414 2419 2418 2417 2418 2420 2419 2414 2421 2420 2422 2417 2422 2423 2417 2421 2424 2419 2425 2422 2420 2426 2424 2421 2423 2422 2427 2426 2428 2424 2429 2426 2421 2430 2428 2426 2429 2431 2426 2428 2430 2432 2426 2433 2430 2434 2432 2430 2434 2430 2435 2433 2426 2436 2432 2434 2437 2435 2438 2434 2439 2437 2434 2434 2440 2439 2437 2439 2441 2440 2434 2442 2441 2439 2443 2443 2439 2444 2443 2444 2445 2414 2446 2421 2446 2414 2447 2448 2449 2450 2451 2449 2448 2449 2452 2450 2449 2451 2453 2454 2450 2452 2450 2454 2455 2456 2453 2451 2451 2457 2456 2458 2456 2457 2456 2458 2459 2458 2460 2459 2460 2458 2461 2462 2460 2461 2460 2462 2463 2463 2462 2464 2464 2462 2465 2466 2467 2468 2469 2467 2466 2470 2468 2467 2467 2469 2471 2472 2468 2470 2468 2472 2473 2472 2474 2473 2475 2474 2472 2476 2474 2475 2474 2476 2477 2476 2478 2477 2478 2476 2479 2480 2478 2479 2478 2480 2481 2481 2480 2482 2482 2480 2483 2484 2485 2486 2484 2486 2487 2488 2484 2487 2489 2486 2485 2486 2489 2490 2484 2488 2491 2492 2491 2488 2493 2490 2489 2489 2494 2493 2491 2492 2495 2494 2496 2493 2497 2495 2492 2496 2497 2498 2492 2498 2497 2496 2494 2499 2497 2496 2499 2500 2501 2502 2503 2500 2502 2501 2504 2502 2505 2503 2502 2504 2506 2502 2506 2507 2502 2507 2508 2502 2508 2509 2502 2510 2511 2512 2513 2511 2510 2514 2512 2511 2511 2513 2515 2516 2512 2514 2512 2516 2517 2516 2518 2517 2519 2518 2516 2520 2518 2519 2518 2520 2521 2520 2522 2521 2522 2520 2523 2524 2522 2523 2522 2524 2525 2525 2524 2526 2526 2524 2527 2528 2529 2530 2529 2528 2531 2532 2531 2528 2528 2533 2532 2531 2532 2534 2533 2528 2535 2528 2536 2535 2534 2537 2531 2535 2538 2533 2536 2528 2539 2540 2537 2534 2537 2541 2531 2542 2538 2535 2541 2537 2543 2542 2544 2538 2545 2542 2535 2546 2544 2542 2545 2547 2542 2542 2548 2546 2544 2546 2549 2548 2542 2550 2551 2549 2546 2551 2546 2552 2549 2551 2553 2552 2554 2551 2555 2553 2551 2551 2556 2555 2553 2555 2557 2556 2551 2558 2557 2555 2559 2559 2555 2560 2559 2560 2561 2562 2563 2564 2565 2563 2562 2563 2566 2564 2563 2565 2567 2568 2564 2566 2569 2567 2565 2565 2570 2569 2564 2568 2571 2572 2569 2570 2569 2572 2573 2572 2574 2573 2574 2572 2575 2576 2574 2575 2574 2576 2577 2577 2576 2578 2578 2576 2579 2580 2581 2582 2583 2581 2580 2584 2582 2581 2581 2583 2585 2586 2582 2584 2582 2586 2587 2586 2588 2587 2589 2588 2586 2590 2588 2589 2588 2590 2591 2590 2592 2591 2592 2590 2593 2594 2592 2593 2592 2594 2595 2595 2594 2596 2596 2594 2597 2598 2599 2600 2599 2598 2601 2602 2601 2598 2603 2600 2599 2601 2602 2604 2603 2599 2605 2606 2603 2605 2607 2604 2602 2603 2606 2608 2602 2609 2607 2609 2610 2607 2611 2608 2606 2611 2610 2612 2610 2609 2612 2606 2613 2611 2610 2611 2613 2614 2615 2616 2617 2614 2616 2615 2618 2616 2619 2617 2616 2618 2620 2616 2620 2621 2616 2621 2622 2616 2622 2623 2616 2624 2625 2626 2627 2625 2624 2628 2626 2625 2625 2627 2629 2630 2626 2628 2626 2630 2631 2630 2632 2631 2633 2632 2630 2634 2632 2633 2632 2634 2635 2634 2636 2635 2636 2634 2637 2638 2636 2637 2636 2638 2639 2638 2640 2639 2640 2638 2641 2642 2643 2644 2643 2642 2645 2646 2645 2642 2642 2647 2646 2645 2646 2648 2647 2642 2649 2648 2650 2645 2649 2651 2647 2642 2652 2649 2653 2650 2648 2654 2651 2649 2652 2642 2655 2654 2656 2651 2657 2654 2649 2658 2656 2654 2657 2659 2654 2654 2660 2658 2656 2658 2661 2660 2654 2662 2663 2661 2658 2663 2658 2664 2661 2663 2665 2664 2666 2663 2667 2665 2663 2663 2668 2667 2665 2667 2669 2668 2663 2670 2669 2667 2671 2671 2667 2672 2671 2672 2673 2650 2674 2645 2674 2650 2675 2676 2677 2678 2679 2677 2676 2677 2680 2678 2677 2679 2681 2682 2681 2679 2683 2678 2680 2679 2684 2682 2678 2683 2685 2686 2682 2684 2682 2686 2687 2686 2688 2687 2688 2686 2689 2690 2688 2689 2688 2690 2691 2691 2690 2692 2692 2690 2693 2694 2695 2696 2697 2695 2694 2698 2696 2695 2695 2697 2699 2700 2696 2698 2696 2700 2701 2700 2702 2701 2703 2702 2700 2704 2702 2703 2702 2704 2705 2704 2706 2705 2706 2704 2707 2708 2706 2707 2706 2708 2709 2709 2708 2710 2710 2708 2711 2712 2713 2714 2713 2712 2715 2716 2714 2713 2716 2713 2717 2718 2715 2712 2719 2716 2717 2715 2718 2720 2716 2719 2721 2722 2721 2719 2723 2720 2718 2719 2724 2722 2718 2725 2723 2726 2723 2725 2726 2722 2724 2723 2726 2727 2726 2724 2727 2728 2729 2730 2731 2728 2730 2729 2732 2730 2733 2731 2730 2732 2734 2730 2734 2735 2730 2735 2736 2730 2736 2737 2730 2738 2739 2740 2740 2741 2738 2740 2739 2742 2741 2740 2743 2739 2744 2742 2744 2739 2745 2746 2747 2748 2747 2749 2748 2750 2751 2752 2751 2750 2753 2754 2750 2752 2750 2754 2755 2753 2756 2751 2756 2753 2757 2758 2759 2760 2759 2758 2761 2762 2763 2764 2765 2763 2762 2762 2764 2766 2765 2767 2763 2765 2768 2767 2768 2765 2769 2770 2771 2772 2772 2773 2770 2774 2772 2771 2772 2774 2775 2770 2773 2776 2770 2776 2777 2778 2779 2780 2780 2779 2781 2782 2783 2784 2785 2783 2782 2782 2784 2786 2782 2787 2785 2786 2784 2788 2786 2788 2789 2790 2791 2792 2791 2790 2793 2794 2795 2796 2795 2794 2797 2796 2798 2794 2798 2796 2799 2800 2798 2799 2798 2800 2801 2802 2803 2804 2802 2805 2803 2802 2804 2806 2805 2802 2807 2808 2805 2807 2805 2808 2809 2809 2808 2810 2811 2810 2808 2812 2813 2814 2814 2813 2815 2813 2816 2815 2816 2813 2817 2818 2819 2820 2819 2818 2821 2822 2821 2818 2822 2818 2823 2824 2825 2826 2824 2827 2825 2824 2826 2828 2827 2824 2829 2830 2824 2828 2824 2831 2829 2831 2824 2832 2832 2824 2830 2833 2834 2835 2834 2833 2836 2837 2838 2839 2838 2837 2840 2841 2842 2843 2841 2844 2842 2843 2845 2841 2842 2844 2846 2846 2844 2847 2848 2846 2847 2846 2848 2849 2850 2849 2848 2849 2850 2851 2851 2850 2852 2853 2854 2855 2855 2856 2853 2857 2855 2854 2855 2858 2856 2859 2857 2854 2857 2859 2860 2858 2861 2856 2861 2858 2862 2863 2864 2865 2865 2866 2863 2867 2868 2869 2869 2868 2870 2870 2868 2871 2868 2872 2871 2873 2874 2875 2874 2873 2876 2876 2877 2874 2877 2876 2878 2879 2880 2881 2882 2880 2879 2879 2881 2883 2880 2882 2884 2885 2886 2887 2886 2885 2888 2888 2889 2886 2889 2888 2890 2891 2889 2890 2889 2891 2892 2893 2892 2891 2892 2893 2894 2895 2896 2897 2895 2898 2896 2899 2896 2898 2896 2899 2900 2901 2902 2903 2904 2902 2901 2905 2903 2902 2906 2903 2905 2907 2908 2909 2907 2910 2908 2910 2911 2908 2910 2912 2911 2913 2914 2915 2914 2913 2916 2917 2918 2919 2918 2917 2920 2921 2922 2923 2922 2921 2924 2923 2925 2921 2921 2925 2926 2927 2928 2929 2930 2928 2927 2929 2931 2927 2928 2930 2932 2933 2934 2935 2934 2933 2936 2937 2934 2936 2938 2937 2936 2939 2940 2941 2942 2940 2939 2943 2944 2945 2943 2945 2946 2947 2943 2946 2944 2948 2945 2947 2946 2949 2944 2950 2948 2950 2951 2948 2952 2947 2949 2950 2953 2951 2953 2954 2951 2952 2949 2955 2953 2956 2954 2957 2952 2955 2957 2955 2958 2956 2959 2954 2960 2957 2958 2956 2961 2959 2960 2958 2962 2963 2960 2962 2963 2962 2964 2965 2963 2964 2965 2964 2966 2967 2965 2966 2967 2966 2968 2969 2967 2968 2969 2968 2970 2971 2969 2970 2971 2970 2972 2973 2974 2975 2974 2976 2975 2977 2978 2979 2978 2980 2979 2981 2982 2983 2984 2985 2986 2987 2985 2984 2988 2989 2990 2989 2991 2990 2991 2992 2990 2992 2991 2993 2993 2994 2992 2994 2993 2995 2995 2996 2994 2996 2995 2997 2996 2997 2998 2997 2999 2998 2999 3000 2998 3000 2999 3001 3002 3000 3001 3000 3002 3003 3004 3003 3002 3003 3004 3005 3004 3006 3005 3005 3006 3007 3008 3009 3010 3009 3008 3011 3010 3012 3008 3009 3011 3013 3014 3012 3010 3013 3011 3015 3016 3012 3014 3012 3016 3017 3013 3015 3018 3019 3017 3016 3018 3015 3020 3017 3019 3021 3021 3019 3022 3021 3022 3023 3024 3025 3026 3024 3027 3025 3028 3027 3024 3027 3028 3029 3030 3029 3028 3029 3030 3031 3032 3033 3034 3032 3034 3035 3035 3034 3036 3035 3036 3037 3038 3039 3040 3041 3039 3038 3042 3041 3038 3039 3043 3040 3044 3045 3046 3046 3047 3044 3047 3048 3044 3046 3045 3049 3049 3045 3050 3048 3051 3044 3049 3050 3052 3048 3053 3051 3052 3050 3054 3053 3055 3051 3055 3053 3056 3056 3057 3055 3057 3056 3058 3058 3059 3057 3060 3061 3062 3061 3060 3063 3064 3065 3066 3066 3065 3067 3068 3069 3070 3071 3072 3073 3071 3073 3074 3075 3076 3077 3076 3078 3077 3079 3080 3081 3080 3079 3082 3083 3082 3079 3082 3083 3084 3084 3083 3085 3084 3085 3086 3086 3085 3087 3086 3087 3088 3087 3089 3088 3088 3089 3090 3091 3090 3089 3090 3091 3092 3091 3093 3092 3093 3091 3094 3094 3095 3093 3095 3094 3096 3095 3096 3097 3096 3098 3097 3099 3100 3101 3100 3099 3102 3102 3099 3103 3101 3100 3104 3103 3105 3102 3106 3101 3104 3105 3103 3107 3108 3106 3104 3107 3109 3105 3104 3110 3108 3111 3108 3110 3110 3112 3111 3111 3112 3113 3114 3113 3112 3115 3116 3117 3116 3115 3118 3115 3119 3118 3117 3116 3120 3119 3121 3118 3121 3119 3122 3120 3116 3123 3122 3124 3121 3120 3123 3125 3125 3123 3126 3125 3126 3127 3127 3126 3128 3127 3128 3129 3129 3128 3130 3131 3132 3133 3132 3131 3134 3134 3135 3132 3135 3134 3136 3136 3137 3135 3137 3136 3138 3139 3140 3141 3142 3139 3141 3139 3142 3143 3141 3140 3144 3145 3146 3147 3146 3145 3148 3148 3149 3146 3149 3148 3150 3151 3152 3153 3152 3151 3154 3153 3155 3151 3153 3152 3156 3154 3157 3152 3155 3153 3158 3152 3159 3156 3152 3157 3160 3153 3156 3161 3158 3153 3161 3152 3160 3162 3159 3152 3162 3163 3164 3165 3165 3166 3163 3167 3165 3164 3166 3165 3168 3165 3169 3168 3165 3167 3169 3167 3170 3169 3168 3169 3171 3172 3173 3174 3175 3173 3172 3172 3174 3176 3177 3175 3172 3175 3177 3178 3179 3177 3172 3176 3179 3172 3177 3179 3180 3181 3182 3183 3182 3181 3184 3185 3183 3182 3182 3184 3186 3185 3182 3187 3188 3186 3184 3183 3185 3189 3185 3187 3190 3191 3192 3193 3192 3191 3194 3191 3193 3195 3194 3196 3192 3196 3197 3192 3197 3196 3198 3197 3199 3192 3199 3197 3200 3201 3202 3203 3201 3203 3204 3202 3205 3203 3204 3203 3206 3203 3205 3207 3207 3206 3203 3206 3207 3208 3209 3207 3205 3210 3211 3212 3212 3213 3210 3213 3212 3214 3214 3212 3215 3216 3217 3218 3217 3216 3219 3217 3220 3218 3220 3217 3221 3222 3223 3224 3223 3222 3225 3226 3224 3223 3225 3227 3223 3228 3229 3230 3229 3228 3231 3232 3233 3234 3233 3232 3235 3236 3234 3233 3233 3237 3236 3238 3239 3240 3239 3238 3241 3238 3240 3242 3242 3240 3243 3244 3245 3246 3245 3244 3247 3244 3248 3247 3245 3249 3246 3246 3249 3250 3248 3244 3251 3252 3250 3249 3249 3253 3252 3251 3254 3248 3255 3252 3253 3254 3251 3256 3252 3255 3257 3258 3254 3256 3255 3259 3257 3260 3257 3259 3260 3258 3257 3261 3254 3258 3258 3260 3261 3262 3263 3264 3262 3265 3263 3265 3266 3263 3266 3265 3267 3268 3269 3270 3270 3271 3268 3272 3268 3271 3268 3272 3273 3274 3275 3276 3277 3274 3276 3278 3279 3280 3279 3278 3281 3282 3283 3284 3283 3282 3285 3286 3287 3288 3287 3286 3289 3290 3291 3292 3290 3293 3291 3294 3291 3293 3291 3294 3295 3296 3297 3298 3297 3296 3299 3300 3301 3302 3301 3300 3303 3304 3303 3300 3303 3304 3305 3306 3307 3308 3307 3306 3309 3310 3311 3312 3311 3310 3313 3314 3315 3316 3314 3317 3315 3314 3318 3317 3316 3315 3319 3319 3320 3316 3320 3319 3321 3321 3322 3320 3322 3321 3323 3324 3325 3326 3325 3324 3327 3328 3329 3330 3331 3328 3330 3328 3331 3332 3329 3333 3330 3329 3334 3333 3334 3335 3333 3334 3336 3335 3336 3337 3335 3338 3339 3340 3339 3338 3341 3342 3343 3344 3344 3343 3345 3346 3347 3348 3347 3346 3349 3348 3350 3346 3350 3348 3351 3351 3352 3350 3353 3352 3351 3353 3354 3352 3354 3353 3355 3356 3357 3358 3356 3358 3359 3360 3361 3362 3362 3363 3360 3361 3364 3362 3365 3360 3363 3365 3363 3366 3367 3365 3366 3368 3367 3366 3367 3368 3369 3370 3371 3372 3371 3370 3373 3374 3375 3376 3375 3374 3377 3376 3378 3374 3375 3377 3379 3379 3377 3380 3378 3381 3374 3381 3378 3382 3382 3383 3381 3384 3385 3386 3386 3385 3387 3388 3389 3390 3389 3388 3391 3389 3392 3390 3392 3389 3393 3388 3394 3391 3394 3395 3391 3393 3396 3392 3396 3393 3397 3398 3399 3400 3399 3398 3401 3400 3399 3402 3403 3404 3405 3404 3403 3406 3404 3406 3407 3407 3406 3408 3409 3410 3411 3412 3410 3409 3409 3411 3413 3410 3412 3414 3415 3416 3417 3416 3415 3418 3416 3418 3419 3418 3420 3419 3420 3421 3419 3421 3420 3422 3422 3423 3421 3424 3423 3422 3424 3425 3423 3425 3424 3426 3427 3425 3426 3425 3427 3428 3429 3430 3431 3430 3429 3432 3433 3434 3435 3433 3436 3434 3437 3436 3433 3435 3434 3438 3437 3439 3436 3435 3438 3440 3440 3438 3441 3441 3442 3440 3442 3441 3443 3443 3444 3442 3443 3445 3444 3445 3443 3446 3447 3445 3446 3445 3447 3448 3448 3447 3449 3449 3447 3450 3449 3450 3451 3451 3450 3452 3451 3452 3453 3454 3453 3452 3453 3454 3455 3456 3455 3454 3455 3456 3457 3458 3457 3456 3459 3460 3461 3459 3462 3460 3463 3459 3461 3464 3462 3459 3465 3463 3461 3464 3466 3462 3463 3465 3467 3466 3464 3468 3469 3466 3468 3470 3467 3465 3471 3466 3469 3469 3472 3471 3473 3470 3465 3470 3473 3474 3475 3476 3477 3476 3475 3478 3477 3479 3475 3480 3476 3478 3479 3477 3481 3480 3482 3476 3483 3484 3485 3486 3484 3483 3487 3483 3485 3483 3488 3486 3484 3486 3489 3488 3483 3490 3487 3490 3483 3488 3491 3486 3491 3489 3486 3490 3487 3492 3493 3488 3490 3491 3488 3494 3495 3493 3490 3492 3495 3490 3496 3488 3493 3488 3496 3494 3494 3497 3491 3492 3498 3495 3493 3499 3496 3497 3494 3500 3489 3491 3501 3491 3497 3501 3495 3502 3493 3499 3493 3502 3502 3495 3498 3499 3503 3496 3504 3500 3494 3496 3503 3504 3496 3504 3494 3497 3500 3505 3506 3503 3499 3500 3504 3507 3507 3508 3500 3500 3508 3505 3506 3509 3503 3504 3510 3507 3509 3506 3511 3503 3512 3504 3504 3512 3510 3503 3509 3512 3507 3513 3508 3513 3507 3510 3509 3514 3512 3509 3511 3514 3512 3515 3510 3515 3512 3514 3513 3510 3516 3515 3516 3510 3517 3518 3519 3520 3518 3517 3519 3521 3517 3520 3522 3518 3523 3524 3525 3523 3525 3526 3523 3526 3527 3528 3527 3526 3529 3530 3531 3530 3529 3532 3533 3532 3529 3534 3531 3530 3532 3533 3535 3531 3534 3536 3535 3533 3537 3538 3535 3537 3539 3538 3537 3538 3539 3540 3539 3541 3540 3541 3539 3542 3543 3544 3545 3543 3545 3546 3543 3546 3547 3548 3549 3550 3549 3548 3551 3550 3552 3548 3551 3553 3549 3552 3550 3554 3555 3554 3550 3556 3557 3558 3556 3559 3557 3560 3561 3562 3561 3560 3563 3564 3565 3566 3565 3564 3567 3565 3568 3566 3569 3568 3565 3570 3571 3572 3571 3570 3573 3574 3570 3572 3570 3574 3575 3576 3577 3578 3577 3576 3579 3580 3581 3582 3581 3583 3582 3584 3583 3581 3584 3585 3583 3586 3585 3584 3586 3587 3585 3585 3587 3588 3586 3589 3587 3588 3587 3590 3589 3591 3587 3587 3592 3590 3592 3587 3591 3590 3593 3588 3589 3594 3591 3590 3595 3593 3590 3592 3595 3588 3593 3596 3597 3598 3599 3597 3599 3600 3598 3601 3599 3600 3599 3602 3601 3598 3603 3599 3604 3602 3599 3601 3604 3600 3602 3605 3606 3604 3601 3603 3606 3601 3607 3602 3604 3606 3603 3608 3609 3605 3602 3602 3607 3609 3604 3606 3610 3606 3611 3610 3611 3606 3608 3605 3609 3612 3611 3613 3610 3614 3615 3616 3615 3614 3617 3614 3616 3618 3619 3615 3617 3614 3618 3620 3619 3617 3621 3622 3623 3624 3622 3625 3623 3625 3622 3626 3627 3624 3623 3624 3627 3628 3629 3628 3627 3630 3626 3622 3628 3629 3631 3632 3631 3629 3631 3632 3633 3634 3635 3636 3636 3635 3637 3638 3636 3637 3638 3637 3639 3640 3638 3639 3641 3640 3639 3640 3641 3642 3641 3639 3643 3641 3644 3642 3645 3642 3644 3641 3643 3646 3647 3641 3646 3641 3647 3644 3646 3643 3648 3648 3649 3646 3647 3646 3649 3643 3650 3648 3651 3652 3653 3652 3651 3654 3655 3654 3651 3656 3653 3652 3655 3657 3654 3654 3658 3652 3659 3652 3658 3656 3652 3659 3657 3655 3660 3661 3654 3657 3654 3661 3658 3662 3656 3659 3663 3662 3659 3658 3663 3659 3662 3663 3664 3663 3658 3665 3666 3663 3665 3663 3666 3664 3666 3665 3667 3668 3669 3670 3669 3668 3671 3670 3672 3668 3673 3671 3668 3674 3672 3670 3675 3672 3674 3676 3677 3678 3677 3676 3679 3680 3678 3677 3677 3679 3681 3680 3682 3678 3682 3680 3683 3683 3684 3682 3684 3683 3685 3685 3686 3684 3686 3685 3687 3688 3689 3690 3691 3689 3688 3689 3692 3690 3691 3693 3689 3690 3692 3694 3693 3691 3695 3692 3696 3694 3692 3697 3696 3697 3692 3698 3698 3699 3697 3699 3698 3700 3701 3700 3698 3700 3701 3702 3703 3704 3705 3706 3704 3703 3704 3707 3705 3707 3704 3708 3709 3707 3708 3707 3709 3710 3711 3712 3713 3712 3711 3714 3715 3711 3713 3714 3716 3712 3715 3713 3717 3716 3714 3718 3719 3720 3721 3719 3722 3720 3723 3719 3721 3722 3719 3724 3725 3723 3721 3723 3725 3726 3724 3727 3722 3728 3725 3721 3727 3724 3729 3725 3728 3730 3731 3730 3728 3731 3728 3732 3733 3731 3732 3732 3734 3733 3735 3736 3737 3735 3738 3736 3739 3735 3737 3738 3740 3736 3738 3741 3740 3741 3738 3742 3743 3744 3745 3744 3743 3746 3746 3743 3747 3748 3745 3744 3749 3746 3747 3750 3745 3748 3745 3750 3751 3752 3753 3754 3753 3752 3755 3756 3755 3752 3755 3756 3757 3758 3759 3760 3759 3758 3761 3762 3759 3761 3759 3762 3763 3764 3765 3766 3765 3764 3767 3767 3768 3765 3769 3765 3768 3770 3769 3768 3770 3768 3771 3772 3773 3774 3773 3772 3775 3776 3777 3778 3776 3778 3779 3779 3780 3776 3781 3776 3780 3782 3783 3784 3785 3784 3783 3786 3787 3788 3787 3786 3789 3790 3791 3792 3792 3793 3790 3794 3795 3796 3795 3794 3797 3798 3799 3800 3800 3801 3798 3800 3799 3802 3801 3800 3803 3799 3804 3802 3803 3805 3801 3802 3804 3806 3807 3802 3806 3802 3807 3808 3809 3808 3807 3808 3809 3810 3810 3811 3808 3811 3810 3812 3813 3814 3815 3816 3814 3813 3817 3816 3813 3818 3815 3814 3813 3819 3817 3814 3820 3818 3821 3822 3823 3822 3821 3824 3825 3823 3822 3823 3825 3826 3825 3827 3826 3828 3826 3827 3829 3830 3831 3830 3829 3832 3829 3833 3832 3834 3831 3830 3829 3835 3833 3831 3834 3836 3833 3835 3837 3837 3838 3833 3837 3835 3839 3838 3837 3840 3840 3841 3838 3842 3838 3841 3841 3843 3842 3842 3843 3844 3845 3846 3847 3846 3845 3848 3845 3849 3848 3850 3849 3845 3850 3851 3849 3852 3851 3850 3853 3854 3855 3854 3853 3856 3857 3858 3859 3857 3860 3858 3860 3857 3861 3858 3862 3859 3863 3859 3862 3862 3864 3863 3864 3862 3865 3866 3867 3868 3869 3867 3866 3870 3871 3872 3871 3870 3873 3872 3874 3870 3874 3872 3875 3876 3877 3878 3877 3876 3879 3880 3881 3882 3881 3880 3883 3884 3880 3882 3880 3884 3885 3886 3887 3888 3888 3889 3886 3890 3888 3887 3889 3888 3891 3892 3889 3891 3889 3892 3893 3894 3895 3896 3897 3895 3894 3896 3895 3898 3895 3899 3898 3900 3901 3902 3900 3903 3901 3904 3905 3906 3905 3904 3907 3908 3909 3910 3908 3910 3911 3912 3913 3914 3915 3916 3917 3918 3916 3915 3916 3919 3917 3916 3918 3920 3921 3919 3916 3917 3919 3922 3916 3923 3921 3923 3916 3920 3922 3919 3924 3924 3919 3925 3926 3923 3920 3924 3925 3927 3928 3923 3926 3929 3928 3926 3930 3931 3932 3930 3932 3933 3934 3935 3936 3934 3936 3937 3934 3937 3938 3938 3937 3939 3940 3941 3942 3940 3942 3943 3942 3941 3944 3945 3946 3947 3946 3945 3948 3947 3949 3945 3950 3947 3946 3949 3947 3951 3947 3950 3952 3947 3953 3951 3953 3947 3952 3954 3955 3956 3954 3956 3957 3958 3954 3957 3958 3957 3959 3960 3961 3962 3961 3960 3963 3964 3960 3962 3965 3966 3967 3965 3968 3966 3969 3970 3971 3970 3969 3972 3973 3974 3975 3976 3974 3973 3976 3973 3977 3975 3974 3978 3979 3975 3978 3979 3978 3980 3981 3982 3983 3982 3984 3983 3984 3982 3985 3986 3987 3988 3988 3989 3986 3990 3991 3992 3992 3993 3990 3994 3995 3996 3997 3996 3995 3998 3999 4000 3999 3998 4001 4002 4003 4004 4003 4002 4005 4006 4007 4008 4006 4009 4007 4010 4011 4012 4010 4012 4013 4014 4015 4016 4014 4017 4015 4018 4019 4020 4018 4020 4021 4022 4023 4024 4023 4022 4025 4026 4027 4028 4029 4027 4026 4030 4031 4032 4030 4033 4031 4030 4032 4034 4033 4030 4035 4034 4035 4030 4036 4032 4031 4036 4037 4032 4035 4034 4038 4037 4036 4039 4040 4041 4042 4042 4043 4040 4042 4041 4044 4045 4043 4042 4044 4046 4042 4047 4046 4044 4048 4049 4050 4049 4048 4051 4052 4053 4054 4053 4052 4055 4056 4057 4058 4057 4056 4059 4060 4061 4062 4061 4060 4063 4064 4065 4066 4065 4064 4067 4068 4069 4070 4068 4070 4071 4072 4073 4074 4073 4072 4075 4076 4077 4078 4077 4076 4079 4080 4081 4082 4081 4080 4083 4084 4085 4086 4084 4086 4087 4085 4088 4086 4089 4090 4091 4091 4092 4089 4091 4090 4093 4092 4091 4094 4095 4091 4093 4090 4096 4093 4096 4097 4093 4098 4094 4091 4098 4091 4095 4093 4097 4099 4100 4094 4098 4099 4097 4101 4102 4100 4098 4103 4100 4102 4104 4105 4106 4106 4105 4107 4108 4109 4110 4111 4110 4109 4112 4113 4114 4113 4112 4115 4112 4116 4115 4116 4117 4115 4118 4119 4120 4118 4120 4121 4119 4122 4120 4123 4124 4125 4124 4123 4126 4125 4127 4123 4128 4125 4124 4127 4125 4129 4125 4128 4130 4131 4125 4130 4125 4131 4129 4132 4133 4134 4135 4133 4132 4132 4134 4136 4135 4137 4133 4138 4139 4140 4138 4141 4139 4139 4142 4140 4143 4144 4145 4146 4145 4144 4147 4148 4149 4148 4147 4150 4151 4152 4153 4154 4152 4151 4153 4155 4151 4154 4156 4152 4157 4155 4153 4155 4157 4158 4159 4160 4161 4162 4161 4160 4161 4162 4163 4164 4165 4166 4165 4167 4166 4167 4165 4168 4169 4167 4168 4170 4167 4169 4171 4167 4170 4172 4173 4174 4173 4172 4175 4176 4177 4178 4177 4176 4179 4180 4181 4182 4182 4181 4183 4184 4185 4186 4186 4185 4187 4188 4189 4190 4189 4191 4190 4192 4193 4194 4195 4193 4192 4196 4197 4198 4197 4196 4199 4200 4201 4202 4202 4203 4200 4204 4205 4206 4204 4207 4205 4208 4204 4206 4204 4208 4209 4205 4210 4206 4211 4210 4205 4209 4212 4204 4210 4211 4213 4212 4209 4214 4215 4216 4217 4218 4216 4215 4219 4220 4221 4219 4221 4222 4223 4224 4225 4224 4223 4226 4227 4228 4229 4228 4227 4230 4231 4232 4233 4233 4234 4231 4235 4236 4237 4236 4235 4238 4239 4240 4241 4240 4239 4242 4243 4244 4245 4245 4246 4243 4245 4244 4247 4248 4249 4250 4251 4248 4250 4252 4248 4251 4253 4252 4251 4254 4255 4256 4256 4255 4257 4258 4259 4260 4259 4258 4261 4262 4263 4264 4265 4264 4263 4266 4267 4268 4266 4268 4269 4270 4271 4272 4272 4271 4273 4274 4275 4276 4275 4274 4277 4278 4279 4280 4279 4278 4281 4282 4283 4284 4284 4285 4282 4286 4284 4283 4284 4286 4287 4288 4287 4286 4288 4286 4289 4290 4291 4292 4291 4290 4293 4294 4295 4296 4295 4294 4297 4298 4299 4300 4299 4298 4301 4302 4303 4304 4304 4305 4302 4306 4307 4308 4307 4306 4309 4310 4311 4312 4312 4311 4313 4314 4315 4316 4314 4316 4317 4318 4319 4320 4319 4318 4321 4322 4323 4324 4323 4322 4325 4326 4327 4328 4328 4327 4329 4330 4331 4332 4331 4330 4333 4334 4335 4336 4337 4338 4339 4339 4338 4340 4341 4342 4343 4342 4341 4344 4345 4346 4347 4347 4348 4345 4349 4350 4351 4350 4349 4352 4353 4354 4355 4354 4353 4356 4357 4358 4359 4358 4357 4360 4361 4362 4363 4362 4364 4363 4365 4366 4367 4366 4365 4368 4369 4370 4371 4372 4373 4374 4374 4375 4372 4376 4377 4378 4377 4376 4379 4380 4381 4382 4383 4382 4381 4384 4385 4386 4386 4387 4384 4388 4389 4390 4390 4391 4388 4392 4393 4394 4393 4392 4395 4396 4397 4398 4399 4397 4396 4397 4400 4398 4400 4397 4401 4401 4402 4400 4400 4402 4403 4404 4405 4406 4405 4404 4407 4408 4409 4410 4411 4410 4409 4412 4413 4414 4413 4412 4415 4416 4417 4418 4417 4416 4419 4420 4421 4422 4421 4420 4423 4424 4425 4426 4427 4426 4425 4428 4429 4430 4431 4430 4429 4432 4433 4434 4433 4435 4434 4436 4437 4438 4436 4438 4439 4440 4441 4442 4441 4440 4443 4444 4445 4446 4446 4445 4447 4448 4449 4450 4448 4450 4451 4452 4453 4451 4453 4452 4454 4455 4456 4457 4456 4455 4458 4459 4460 4461 4459 4462 4460 4463 4464 4465 4465 4464 4466 4467 4468 4469 4468 4467 4470 4471 4472 4473 4471 4473 4474 4475 4476 4477 4476 4478 4477 4479 4480 4481 4480 4479 4482 4483 4484 4481 4484 4483 4485 4486 4487 4488 4489 4490 4491 4492 4493 4494 4495 4496 4497 4497 4498 4495 4497 4496 4499 4500 4498 4497 4496 4501 4499 4498 4500 4502 4503 4499 4501 4504 4503 4501 4500 4505 4502 4503 4504 4506 4501 4507 4504 4505 4500 4508 4506 4509 4503 4508 4510 4505 4509 4506 4511 4512 4510 4508 4508 4513 4512 4513 4514 4512 4513 4515 4514 4516 4514 4515 4514 4516 4517 4515 4518 4516 4518 4515 4519 4520 4518 4519 4521 4522 4523 4524 4522 4521 4522 4525 4523 4522 4524 4526 4527 4521 4523 4527 4523 4528 4529 4527 4528 4527 4529 4530 4530 4529 4531 4529 4532 4531 4533 4534 4535 4535 4536 4533 4537 4535 4534 4536 4535 4538 4538 4539 4536 4539 4538 4540 4541 4540 4538 4540 4542 4539 4543 4540 4541 4539 4542 4544 4545 4546 4547 4548 4546 4545 4546 4548 4549 4550 4551 4552 4553 4552 4551 4554 4555 4556 4555 4554 4557 4558 4559 4560 4558 4560 4561 4562 4563 4564 4563 4562 4565 4566 4567 4568 4569 4570 4567 4571 4566 4568 4570 4572 4567 4571 4568 4573 4573 4568 4574 4573 4574 4575 4575 4574 4576 4577 4578 4579 4577 4580 4581 4582 4583 4584 4577 4585 4586 4582 4584 4587 4585 4577 4588 4589 4582 4590 4591 4582 4589 4582 4591 4592 4593 4594 4595 4594 4593 4596 4597 4598 4599 4597 4600 4598 4601 4598 4600 4602 4603 4604 4605 4606 4607 4608 4609 4610 4608 4611 4612 4613 4614 4615 4616 4617 4618 4616 4619 4617 4619 4616 4620 4621 4622 4623 4623 4624 4621 4625 4623 4622 4624 4623 4626 4627 4625 4622 4628 4624 4626 4629 4630 4631 4632 4633 4634 4633 4632 4635 4636 4637 4638 4636 4638 4639 4638 4637 4640 4637 4641 4640 4642 4643 4644 4644 4645 4642 4646 4647 4648 4648 4649 4646 4650 4646 4649 4647 4651 4648 4652 4653 4654 4655 4653 4652 4656 4657 4658 4659 4656 4658 4660 4659 4658 4661 4662 4663 4661 4663 4664 4665 4663 4662 4666 4667 4668 4669 4670 4671 4672 4673 4674 4675 4676 4673 4677 4678 4679 4678 4677 4680 4677 4681 4680 4682 4679 4678 4679 4682 4683 4684 4683 4682 4685 4683 4684 4684 4686 4685 4686 4684 4687 4688 4689 4690 4689 4688 4691 4688 4692 4691 4692 4688 4693 4688 4694 4693 4692 4695 4691 4695 4696 4691 4688 4697 4694 4698 4699 4700 4699 4698 4701 4702 4698 4700 4703 4698 4702 4702 4700 4704 4703 4705 4698 4706 4707 4708 4709 4706 4708 4710 4709 4708 4711 4712 4713 4712 4711 4714 4712 4715 4713 4716 4713 4715 4717 4718 4719 4719 4720 4717 4721 4722 4723 4722 4721 4724 4725 4722 4724 4725 4724 4726 4727 4728 4729 4728 4727 4730 4731 4730 4727 4729 4728 4732 4733 4728 4730 4728 4733 4734 4735 4736 4737 4736 4735 4738 4736 4738 4739 4738 4740 4739 4741 4742 4743 4742 4741 4744 4743 4745 4741 4741 4745 4746 4745 4743 4747 4746 4748 4741 4749 4750 4751 4750 4749 4752 4753 4754 4755 4756 4757 4758 4757 4756 4759 4760 4761 4762 4760 4763 4764 4763 4760 4765 4760 4762 4765 4766 4764 4763 4766 4767 4764 4766 4763 4768 4769 4770 4766 4766 4771 4769 4771 4766 4768 4772 4773 4774 4774 4773 4775 4775 4773 4776 4774 4775 4777 4775 4776 4778 4775 4779 4777 4779 4775 4778 4777 4780 4774 4781 4782 4783 4782 4784 4785 4786 4782 4781 4782 4786 4787 4788 4789 4790 4790 4789 4791 4792 4793 4794 4793 4792 4795 4793 4796 4794 4796 4793 4797 4798 4799 4800 4798 4801 4799 4802 4798 4800 4798 4803 4801 4804 4798 4802 4798 4805 4803 4804 4805 4798 4805 4804 4806 4807 4808 4809 4809 4810 4807 4811 4812 4813 4812 4811 4814 4815 4811 4813 4816 4812 4814 4816 4817 4812 4811 4815 4818 4817 4816 4819 4819 4816 4820 4819 4821 4817 4821 4819 4822 4823 4824 4825 4826 4824 4823 4827 4828 4829 4830 4828 4827 4831 4832 4833 4832 4831 4834 4835 4836 4837 4838 4839 4840 4841 4842 4843 4841 4844 4842 4845 4841 4843 4842 4846 4843 4847 4844 4841 4845 4843 4848 4846 4842 4849 4844 4847 4850 4851 4850 4847 4851 4847 4852 4853 4854 4855 4853 4856 4854 4857 4858 4859 4857 4860 4858 4861 4862 4863 4862 4861 4864 4865 4866 4867 4865 4868 4866 4869 4870 4871 4870 4869 4872 4869 4871 4873 4870 4874 4871 4874 4875 4871 4876 4872 4869 4869 4873 4877 4872 4876 4878 4879 4880 4881 4880 4879 4882 4879 4883 4882 4884 4885 4886 4885 4884 4887 4888 4889 4890 4889 4888 4891 4890 4892 4888 4893 4894 4895 4896 4897 4898 4899 4900 4901 4900 4899 4902 4902 4899 4903 4901 4900 4904 4900 4902 4905 4903 4899 4906 4905 4907 4900 4907 4905 4908 4909 4910 4911 4910 4909 4912 4912 4913 4910 4914 4915 4916 4916 4917 4914 4918 4919 4920 4921 4922 4923 4922 4921 4924 4925 4926 4927 4926 4925 4928 4925 4927 4929 4929 4930 4925 4931 4932 4933 4934 4935 4936 4937 4938 4939 4940 4938 4937 4940 4937 4941 4941 4942 4940 4942 4941 4943 4944 4945 4946 4947 4944 4946 4945 4948 4946 4949 4948 4945 4948 4949 4950 4951 4952 4953 4954 4955 4956 4957 4958 4959 4957 4960 4961 4962 4963 4964 4965 4963 4962 4966 4967 4968 4969 4966 4968 4968 4970 4969 4971 4972 4973 4973 4974 4971 4975 4976 4977 4978 4976 4975 4979 4980 4981 4982 4983 4979 4984 4979 4981 4979 4984 4982 4982 4984 4985 4986 4987 4988 4986 4989 4987 4990 4991 4992 4991 4990 4993 4990 4992 4994 4995 4991 4993 4995 4993 4996 4996 4997 4995 4997 4996 4998 4999 4997 4998 4997 4999 5000 5001 5002 5003 5002 5001 5004 5005 5006 5007 5007 5006 5008 5009 5010 5011 5010 5009 5012 5010 5013 5011 5013 5010 5014 5015 5011 5013 5016 5014 5010 5017 5018 5019 5017 5020 5018 5017 5019 5021 5020 5017 5022 5020 5022 5023 5023 5022 5024 5017 5025 5022 5025 5017 5026 5027 5028 5029 5028 5027 5030 5031 5032 5033 5034 5032 5031 5035 5036 5037 5038 5037 5036 5036 5039 5038 5040 5038 5039 5041 5042 5043 5042 5041 5044 5043 5042 5045 5046 5045 5042 5043 5045 5047 5042 5048 5046 5049 5050 5051 5050 5049 5052 5052 5053 5050 5052 5054 5053 5055 5056 5057 5058 5059 5060 5061 5062 5058 5063 5064 5065 5066 5067 5068 5067 5066 5069 5070 5071 5072 5071 5070 5073 5074 5075 5076 5075 5074 5077 5078 5079 5080 5081 5082 5083 5084 5085 5086 5084 5086 5087 5088 5089 5090 5091 5090 5089 5092 5093 5094 5095 5093 5092 5096 5097 5098 5097 5096 5099 5100 5101 5102 5103 5104 5105 5103 5105 5106 5107 5108 5104 5109 5110 5111 5112 5113 5114 5115 5113 5112 5116 5117 5118 5118 5117 5119 5120 5121 5122 5123 5122 5121 5124 5125 5126 4781 5127 4786 5128 5129 5130 5128 5131 5129 5129 5132 5130 5133 5130 5132 5134 5135 5136 5136 5135 5137 5138 5139 5140 5140 5139 5141 5142 5143 5144 5142 5144 5145 5146 5147 5148 5147 5146 5149 5150 5151 5152 5150 5152 5153 5154 5155 5156 5156 5155 5157 5158 5159 5160 5158 5161 5159 5162 5161 5158 5163 5160 5159 5162 5164 5161 5162 5165 5164 5160 5163 5166 5167 5168 5169 5168 5167 5170 5171 5167 5169 5167 5171 5172 5173 5168 5170 5174 5172 5171 5175 5168 5173 5172 5174 5176 5177 5178 5179 5179 5180 5177 5177 5180 5181 5182 5177 5181 5183 5182 5181 5181 5184 5183 5185 5186 5187 5185 5188 5186 5189 5185 5187 5188 5190 5186 5189 5187 5191 5192 5190 5188 5193 5190 5192 5194 5195 5196 5195 5194 5197 5198 5199 5200 5199 5198 5201 5202 5203 5204 5205 5204 5203 5206 5207 5208 5208 5209 5206 5210 5211 5212 5213 5212 5211 5214 5215 5216 5215 5214 5217 5218 5219 5220 5221 5219 5218 5221 5218 5222 5219 5223 5220 5222 5224 5221 5223 5225 5220 5226 5225 5223 5227 5228 5229 5227 5230 5228 5231 5227 5229 5230 5227 5232 5229 5233 5231 5232 5234 5230 5233 5229 5235 5234 5232 5236 5237 5238 5239 5238 5237 5240 5241 5239 5238 5238 5242 5241 5243 5241 5242 5244 5241 5243 5245 5246 5247 5248 5246 5245 5247 5249 5245 5248 5250 5246 5248 5251 5250 5252 5249 5247 5251 5253 5250 5254 5255 5256 5256 5255 5257 5258 5259 5260 5258 5260 5261 5262 5263 5264 5263 5262 5265 5266 5267 5268 5267 5266 5269 5266 5270 5269 5270 5266 5271 5271 5272 5270 5266 5273 5271 5271 5274 5272 5273 5274 5271 5270 5272 5275 5266 5276 5273 5274 5277 5272 5272 5278 5275 5278 5272 5277 5276 5279 5273 5277 5274 5280 5276 5281 5279 5274 5282 5280 5280 5282 5283 5284 5285 5286 5285 5284 5287 5288 5287 5284 5285 5287 5289 5287 5288 5290 5291 5287 5290 5287 5291 5289 5290 5292 5291 5293 5294 5295 5294 5293 5296 5297 5293 5295 5297 5295 5298 5298 5299 5297 5299 5298 5300 5301 5302 5303 5304 5302 5301 5301 5303 5305 5302 5304 5306 5306 5307 5302 5308 5309 5310 5311 5310 5309 5312 5313 5314 5313 5312 5315 5314 5316 5312 5317 5315 5312 5316 5314 5318 5312 5319 5317 5316 5319 5312 5319 5320 5317 5320 5315 5317 5321 5319 5316 5320 5319 5322 5323 5324 5325 5325 5326 5323 5327 5328 5329 5328 5327 5330 5331 5332 5333 5332 5331 5334 5335 5336 5337 5335 5337 5338 5339 5340 5341 5340 5339 5342 5343 5344 5345 5343 5345 5346 5347 5348 5349 5348 5347 5350 5351 5352 5353 5351 5353 5354 5355 5356 5357 5355 5357 5358 5359 5360 5361 5361 5362 5359 5363 5364 5365 5363 5366 5364 5367 5368 5369 5368 5367 5370 5371 5372 5373 5374 5375 5376 5377 5378 5379 5378 5377 5380 5381 5382 5383 5382 5381 5384 5385 5386 5387 5386 5388 5387 5389 5390 5391 5390 5389 5392 5393 5394 5395 5393 5395 5396 5397 5398 5399 5398 5397 5400 5401 5402 5403 5401 5403 5404 5405 5406 5407 5408 5409 5410 5409 5408 5411 5412 5413 5414 5414 5415 5412 5416 5417 5418 5418 5419 5416 5420 5421 5422 5422 5421 5423 5424 5425 5426 5425 5424 5427 5428 5429 5430 5431 5432 5433 5432 5431 5434 5435 5436 5437 5436 5435 5438 5439 5437 5436 5438 5440 5436 5439 5436 5441 5441 5436 5440 5442 5440 5438 5435 5442 5438 5437 5443 5435 5441 5440 5444 5443 5445 5435 5445 5442 5435 5442 5446 5440 5446 5444 5440 5445 5443 5447 5444 5446 5448 5442 5449 5446 5450 5451 5452 5452 5453 5450 5454 5450 5453 5455 5452 5451 5452 5455 5456 5450 5454 5457 5456 5458 5452 5458 5456 5459 5458 5459 5460 5460 5461 5458 5459 5462 5460 5462 5459 5463 5464 5462 5463 5463 5465 5464 5466 5467 5468 5467 5466 5469 5470 5469 5466 5469 5470 5471 5472 5471 5470 5470 5473 5472 5474 5472 5473 5472 5474 5475 5476 5475 5474 5475 5476 5477 5478 5479 5480 5479 5478 5481 5482 5483 5484 5483 5482 5485 5486 5487 5488 5486 5489 5487 5488 5487 5490 5490 5491 5488 5492 5493 5494 5495 5493 5492 5492 5494 5496 5495 5497 5493 5498 5499 5500 5501 5499 5498 5500 5502 5498 5499 5503 5500 5499 5501 5504 5505 5506 5507 5506 5505 5508 5505 5509 5508 5510 5507 5506 5511 5506 5508 5509 5505 5512 5507 5510 5513 5514 5506 5511 5515 5516 5517 5516 5515 5518 5517 5519 5515 5520 5516 5518 5517 5521 5519 5516 5520 5522 5523 5522 5520 5522 5523 5524 5525 5526 5527 5526 5525 5528 5529 5530 5531 5530 5529 5532 5529 5531 5533 5532 5534 5530 5534 5532 5535 5536 5533 5531 5537 5538 5539 5540 5538 5537 5537 5541 5540 5539 5538 5542 5540 5541 5543 5539 5542 5544 5544 5542 5545 5546 5547 5548 5548 5547 5549 5550 5548 5549 5550 5549 5551 5552 5553 5554 5555 5554 5553 5555 5556 5554 5556 5555 5557 5558 5559 5560 5558 5561 5559 5562 5561 5558 5560 5559 5563 5564 5560 5563 5564 5563 5565 5566 5567 5568 5567 5566 5569 5570 5571 5572 5571 5570 5573 5574 5573 5570 5573 5574 5575 5574 5576 5575 5577 5578 5579 5580 5577 5579 5579 5581 5580 5581 5579 5582 5583 5584 5585 5584 5583 5586 5587 5586 5583 5586 5587 5588 5589 5590 5591 5592 5590 5589 5590 5593 5591 5594 5590 5592 5590 5595 5593 5596 5595 5590 5590 5594 5596 5597 5596 5594 5596 5598 5595 5597 5599 5596 5596 5599 5600 5596 5600 5598 5601 5602 5603 5602 5601 5604 5605 5606 5607 5608 5607 5606 5609 5610 5611 5612 5610 5609 5613 5611 5610 5610 5614 5613 5615 5616 5617 5616 5615 5618 5619 5620 5621 5622 5619 5621 5623 5621 5620 5621 5624 5622 5625 5626 5627 5626 5625 5628 5629 5630 5631 5630 5629 5632 5630 5633 5631 5633 5630 5634 5635 5636 5637 5637 5638 5635 5639 5640 5641 5641 5642 5639 5643 5644 5645 5644 5643 5646 5647 5648 5649 5649 5648 5650 5649 5650 5651 5652 5651 5650 5653 5654 5655 5655 5656 5653 5657 5653 5656 5658 5655 5654 5659 5657 5656 5654 5660 5658 5661 5658 5660 5659 5656 5662 5661 5660 5663 5662 5664 5659 5664 5662 5665 5666 5667 5668 5667 5666 5669 5670 5671 5672 5673 5671 5670 5674 5675 5676 5677 5678 5679 5678 5677 5680 5681 5677 5679 5679 5682 5681 5683 5684 5685 5684 5683 5686 5685 5687 5683 5688 5689 5690 5689 5688 5691 5692 5693 5694 5693 5692 5695 5695 5692 5696 5697 5694 5693 5692 5698 5696 5694 5697 5699 5700 5701 5702 5701 5700 5703 5702 5704 5700 5705 5706 5707 5705 5707 5708 5709 5707 5706 5710 5711 5712 5712 5713 5710 5714 5715 5716 5715 5717 5716 5716 5717 5718 5717 5719 5718 5720 5721 5722 5721 5720 5723 5721 5724 5722 5724 5721 5725 5724 5726 5722 5726 5724 5727 5728 5729 5730 5731 5728 5730 5732 5733 5734 5733 5732 5735 5733 5736 5734 5737 5738 5739 5737 5739 5740 5741 5742 5743 5741 5743 5744 5745 5746 5747 5747 5748 5745 5749 5750 5751 5750 5749 5752 5753 5754 5755 5756 5753 5755 5757 5758 5759 5757 5760 5758 5761 5762 5763 5762 5761 5764 5762 5765 5763 5766 5767 5768 5767 5766 5769 5769 5766 5770 5769 5770 5771 5772 5773 5774 5773 5772 5775 5776 5777 5778 5776 5779 5777 5780 5781 5782 5781 5780 5783 5784 5785 5786 5785 5784 5787 5788 5789 5790 5788 5790 5791 5788 5791 5792 5792 5791 5793 5791 5794 5793 5792 5793 5795 5792 5795 5796 5797 5795 5793 5795 5797 5798 5797 5793 5799 5800 5797 5799 5797 5800 5798 5800 5801 5798 5802 5803 5804 5803 5802 5805 5804 5806 5802 5805 5807 5803 5806 5804 5808 5807 5805 5809 5806 5808 5810 5811 5812 5813 5811 5813 5814 5815 5816 5817 5816 5815 5818 5819 5820 5821 5822 5823 5824 5822 5825 5823 5824 5826 5822 5822 5827 5825 5828 5826 5824 5826 5829 5822 5829 5830 5822 5827 5822 5830 5830 5831 5827 5832 5833 5834 5835 5832 5834 5835 5836 5832 5834 5833 5837 5838 5839 5840 5841 5839 5838 5840 5842 5838 5838 5843 5841 5844 5838 5842 5845 5838 5844 5843 5838 5845 5843 5845 5846 5847 5846 5845 5844 5847 5845 5848 5847 5844 5849 5850 5851 5850 5849 5852 5853 5854 5855 5853 5855 5856 5857 5858 5859 5858 5860 5859 5861 5862 5863 5862 5861 5864 5861 5863 5865 5866 5864 5861 5867 5866 5861 5861 5865 5867 5864 5866 5868 5866 5867 5869 5870 5871 5872 5871 5870 5873 5873 5874 5871 5874 5873 5875 5876 5877 5878 5877 5876 5879 5876 5880 5879 5876 5881 5880 5882 5883 5884 5883 5882 5885 5886 5887 5888 5887 5886 5889 5888 5890 5886 5891 5887 5889 5891 5892 5887 5892 5888 5887 5888 5892 5893 5889 5886 5894 5895 5896 5897 5896 5895 5898 5895 5899 5898 5895 5900 5899 5901 5902 5903 5904 5905 5906 5904 5906 5907 5905 5908 5906 5907 5906 5909 5910 5911 5912 5911 5910 5913 5914 5912 5911 5912 5914 5915 5916 5917 5918 5917 5916 5919 5920 5921 5922 5921 5920 5923 5922 5924 5920 5924 5922 5925 5926 5927 5928 5929 5927 5926 5930 5931 5932 5932 5933 5930 5934 5935 5936 5935 5934 5937 5938 5939 5940 5939 5938 5941 5942 5943 5944 5944 5945 5942 5946 5947 5948 5946 5949 5947 5950 5951 5952 5952 5951 5953 5954 5955 5956 5956 5957 5954 5956 5958 5957 5959 5958 5956 5960 5961 5962 5961 5960 5963 5964 5965 5966 5965 5964 5967 5968 5969 5970 5971 5972 5973 5972 5971 5974 5974 5975 5972 5976 5975 5974 5977 5978 5979 5978 5977 5980 5981 5982 5983 5982 5981 5984 5985 5986 5987 5986 5985 5988 5989 5990 5991 5989 5992 5990 5993 5994 5995 5995 5996 5993 5997 5998 5999 5999 6000 5997 6001 5999 5998 5999 6001 6002 6003 6004 6005 6004 6003 6006 6007 6008 6009 6008 6007 6010 6011 6012 6013 6012 6011 6014 6015 6016 6017 6017 6018 6015 6019 6020 6021 6021 6022 6019 6023 6024 6025 6025 6026 6023 6027 6028 6029 6028 6030 6029 6031 6032 6033 6032 6031 6034 6035 6036 6037 6036 6035 6038 6035 6039 6038 6039 6035 6040 6041 6042 6043 6042 6041 6044 6043 6045 6041 6044 6046 6042 6045 6043 6047 6046 6044 6048 6049 6045 6047 6050 6046 6048 6045 6049 6051 6052 6051 6049 6050 6048 6053 6051 6052 6054 6055 6050 6053 6050 6055 6056 6057 6058 6059 6059 6060 6057 6061 6057 6060 6057 6061 6062 6063 6064 6065 6064 6063 6066 6067 6066 6063 6068 6065 6064 6066 6067 6069 6065 6068 6070 6071 6070 6068 6072 6069 6067 6070 6071 6073 6071 6074 6073 6075 6072 6067 6074 6071 6076 6075 6077 6072 6077 6075 6078 6079 6080 6081 6079 6081 6082 6083 6079 6082 6083 6082 6084 6085 6086 6087 6086 6085 6088 6089 6088 6085 6090 6087 6086 6088 6089 6091 6087 6090 6092 6093 6094 6095 6094 6093 6096 6097 6096 6093 6096 6097 6098 6099 6100 6101 6100 6099 6102 6103 6101 6100 6101 6103 6104 6105 6106 6107 6106 6105 6108 6109 6110 6111 6110 6112 6111 6111 6112 6113 6114 6113 6112 6113 6114 6115 6116 6115 6114 6117 6118 6119 6117 6119 6120 6121 6122 6123 6122 6121 6124 6125 6123 6122 6126 6125 6122 6127 6128 6129 6127 6129 6130 6131 6132 6133 6134 6133 6132 6135 6136 6137 6136 6135 6138 6139 6140 6141 6140 6139 6142 6143 6144 6145 6144 6143 6146 6147 6148 6149 6148 6150 6149 6151 6152 6153 6153 6152 6154 6155 6156 6157 6156 6155 6158 6159 6160 6161 6160 6159 6162 6163 6164 6165 6164 6163 6166 6167 6168 6169 6168 6167 6170 6171 6172 6173 6173 6174 6171 6175 6176 6177 6175 6177 6178 6179 6180 6181 6180 6179 6182 6183 6184 6185 6184 6183 6186 6187 6188 6189 6188 6187 6190 6191 6192 6193 6192 6191 6194 6195 6196 6197 6196 6195 6198 6199 6200 6201 6200 6199 6202 6203 6204 6205 6204 6203 6206 6207 6208 6209 6208 6207 6210 6211 6212 6213 6212 6211 6214 6215 6216 6217 6216 6215 6218 6219 6220 6221 6220 6219 6222 6223 6224 6225 6225 6224 6226 6227 6228 6229 6228 6227 6230 6231 6232 6233 6233 6232 6234 6235 6236 6237 6236 6235 6238 6239 6240 6241 6240 6239 6242 6243 6244 6245 6243 6245 6246 6247 6248 6249 6248 6247 6250 6251 6252 6253 6252 6251 6254 6255 6256 6257 6256 6255 6258 6259 6260 6261 6260 6259 6262 6263 6264 6265 6264 6263 6266 6267 6268 6269 6269 6268 6270 6271 6272 6273 6272 6271 6274 6275 6276 6277 6276 6275 6278 6279 6280 6281 6280 6279 6282 6279 6283 6282 6284 6281 6280 6281 6284 6285 6283 6279 6286 6287 6285 6284 6285 6287 6288 6286 6289 6283 6287 6290 6288 6289 6286 6291 6290 6287 6292 6289 6291 6293 6292 6294 6290 6293 6291 6295 6294 6292 6296 6297 6293 6295 6296 6298 6294 6293 6297 6299 6298 6296 6300 6301 6298 6300 6302 6299 6297 6301 6300 6303 6299 6302 6304 6305 6304 6302 6306 6301 6303 6304 6305 6307 6301 6306 6308 6309 6308 6306 6310 6307 6305 6306 6311 6309 6312 6309 6311 6307 6310 6313 6310 6312 6313 6312 6310 6314 6309 6312 6314 6315 6316 6317 6317 6318 6315 6316 6319 6317 6318 6317 6320 6320 6321 6318 6321 6322 6318 6322 6321 6323 6324 6325 6326 6327 6328 6329 6330 6331 6332 6332 6333 6330 6334 6335 6336 6335 6334 6337 6338 6339 6340 6339 6338 6341 6342 6343 6344 6345 6342 6344 6346 6342 6345 6344 6343 6347 6345 6344 6348 6349 6342 6346 6350 6351 6352 6351 6350 6353 6353 6354 6351 6355 6356 6357 6355 6357 6358 6359 6357 6356 6360 6361 6362 6363 6362 6361 6363 6364 6362 6365 6366 6367 6366 6365 6368 6369 6370 6371 6369 6372 6370 6373 6374 6375 6373 6375 6376 6377 6378 6379 6377 6380 6378 6381 6382 6383 6382 6381 6384 6385 6386 6387 6386 6385 6388 6389 6390 6391 6392 6390 6389 6393 6394 6395 6395 6394 6396 6397 6398 6399 6399 6400 6397 6401 6402 6403 6403 6404 6401 6402 6405 6403 6405 6402 6406 6407 6408 6409 6409 6410 6407 6410 6411 6407 6411 6410 6412 6411 6412 6413 6412 6414 6413 6415 6416 6417 6415 6417 6418 6419 6420 6421 6422 6423 6424 6423 6422 6425 6426 6427 6428 6428 6429 6426 6430 6431 6432 6431 6430 6433 6434 6435 6436 6437 6438 6439 6438 6437 6440 6441 6442 6443 6444 6443 6442 6445 6446 6447 6448 6449 6450 6449 6448 6451 6452 6453 6454 6455 6456 6457 6457 6456 6458 6459 6460 6461 6461 6462 6459 6460 6463 6461 6462 6461 6464 6465 6466 6467 6466 6468 6467 6469 6470 6471 6471 6472 6469 6472 6473 6469 6473 6472 6474 6475 6476 6477 6476 6475 6478 6479 6480 6481 6480 6479 6482 6483 6481 6480 6481 6483 6484 6483 6485 6484 6483 6486 6485 6487 6488 6489 6489 6488 6490 6491 6492 6493 6494 6495 6496 6494 6496 6497 6498 6499 6500 6499 6498 6501 6502 6500 6499 6499 6503 6502 6498 6504 6501 6505 6498 6500 6506 6501 6504 6507 6502 6503 6508 6504 6498 6508 6498 6505 6501 6506 6509 6504 6508 6510 6511 6501 6509 6504 6512 6506 6513 6504 6510 6512 6504 6513 6511 6509 6514 6515 6516 6517 6516 6515 6518 6516 6519 6517 6518 6520 6516 6517 6519 6521 6520 6518 6522 6516 6523 6519 6516 6524 6523 6516 6520 6524 6525 6526 6527 6528 6525 6527 6529 6530 6531 6530 6529 6532 6532 6533 6530 6533 6532 6534 6534 6532 6535 6536 6537 6538 6538 6537 6539 6540 6541 6542 6541 6540 6543 6542 6541 6544 6542 6544 6545 6546 6545 6544 6545 6546 6547 6548 6549 6550 6549 6548 6551 6549 6552 6550 6549 6553 6552 6554 6555 6556 6555 6554 6557 6558 6559 6560 6561 6560 6559 6562 6563 6564 6563 6562 6565 6566 6567 6568 6569 6567 6566 6570 6571 6572 6571 6570 6573 6574 6575 6576 6577 6576 6575 6578 6579 6580 6579 6581 6580 6582 6583 6584 6583 6582 6585 6586 6587 6588 6588 6587 6589 6590 6591 6592 6591 6590 6593 6594 6595 6596 6595 6594 6597 6598 6599 6600 6599 6598 6601 6602 6603 6604 6603 6602 6605 6606 6607 6608 6607 6609 6608 6610 6611 6612 6611 6610 6613 6614 6615 6616 6617 6615 6614 6618 6619 6620 6619 6618 6621 6622 6623 6624 6623 6622 6625 6626 6627 6628 6629 6630 6631 6632 6630 6629 6633 6634 6635 6636 6635 6634 6637 6638 6639 6638 6637 6640 6641 6642 6643 6641 6643 6644 6645 6646 6647 6646 6645 6648 6649 6650 6651 6652 6653 6654 6653 6652 6655 6656 6657 6658 6657 6656 6659 6660 6658 6657 6660 6657 6661 6662 6659 6656 6658 6663 6656 6661 6664 6660 6656 6663 6665 6666 6667 6668 6667 6666 6669 6670 6668 6667 6671 6669 6666 6672 6673 6674 6675 6674 6673 6676 6677 6678 6678 6679 6676 6680 6681 6682 6683 6681 6680 6681 6684 6682 6680 6685 6683 6684 6681 6686 6685 6680 6687 6688 6687 6680 6687 6688 6689 6688 6690 6689 6690 6688 6691 6692 6689 6690 6689 6692 6693 6694 6693 6692 6693 6694 6695 6696 6697 6698 6699 6697 6696 6697 6700 6698 6700 6697 6701 6702 6703 6704 6703 6705 6704 6703 6706 6705 6707 6705 6706 6708 6709 6710 6709 6708 6711 6711 6712 6709 6712 6711 6713 6714 6712 6713 6712 6714 6715 6716 6717 6718 6718 6717 6719 6720 6721 6722 6720 6722 6723 6724 6725 6726 6725 6724 6727 6728 6729 6730 6729 6728 6731 6732 6731 6728 6733 6730 6729 6734 6735 6736 6735 6734 6737 6736 6738 6734 6738 6736 6739 6739 6740 6738 6739 6736 6741 6740 6739 6742 6741 6736 6743 6744 6745 6746 6745 6744 6747 6748 6745 6747 6745 6748 6749 6749 6748 6750 6751 6749 6750 6751 6750 6752 6752 6753 6751 6754 6755 6756 6755 6754 6757 6754 6758 6757 6758 6754 6759 6757 6758 6760 6761 6762 6763 6762 6761 6764 6765 6764 6761 6763 6762 6766 6764 6765 6767 6763 6766 6768 6769 6770 6771 6772 6770 6769 6769 6771 6773 6774 6770 6772 6773 6771 6775 6772 6776 6774 6773 6775 6777 6778 6779 6780 6779 6778 6781 6782 6783 6784 6783 6782 6785 6786 6782 6784 6784 6783 6787 6786 6784 6788 6789 6790 6791 6790 6789 6792 6793 6792 6789 6792 6793 6794 6795 6796 6797 6798 6797 6796 6798 6796 6799 6799 6800 6798 6800 6799 6801 6801 6802 6800 6803 6804 6805 6804 6803 6806 6805 6807 6803 6807 6805 6808 6807 6808 6809 6810 6811 6812 6811 6810 6813 6814 6815 6816 6815 6814 6817 6818 6819 6820 6821 6818 6820 6822 6823 6824 6824 6825 6822 6826 6825 6824 6826 6827 6825 6828 6829 6830 6829 6828 6831 6832 6830 6829 6830 6832 6833 6832 6834 6833 6835 6833 6834 6836 6837 6838 6837 6836 6839 6840 6836 6838 6837 6841 6838 6838 6842 6840 6839 6836 6843 6838 6841 6844 6842 6838 6844 6845 6836 6840 6845 6843 6836 6846 6839 6843 6847 6848 6849 6848 6847 6850 6848 6851 6849 6852 6848 6850 6851 6848 6853 6854 6849 6851 6848 6852 6855 6853 6848 6855 6855 6852 6856 6857 6858 6859 6858 6857 6860 6860 6861 6858 6861 6860 6862 6862 6863 6861 6861 6863 6864 6865 6866 6867 6868 6865 6867 6867 6866 6869 6870 6871 6872 6871 6870 6873 6874 6875 6876 6877 6876 6875 6875 6878 6877 6877 6878 6879 6880 6881 6882 6881 6880 6883 6883 6884 6881 6885 6881 6884 6884 6883 6886 6883 6887 6886 6888 6889 6890 6889 6888 6891 6892 6893 6894 6893 6892 6895 6896 6897 6898 6899 6898 6897 6900 6901 6902 6901 6900 6903 6904 6905 6906 6905 6904 6907 6908 6909 6910 6910 6909 6911 6912 6913 6914 6913 6912 6915 6916 6917 6918 6918 6919 6916 6918 6917 6920 6921 6922 6923 6922 6921 6924 6925 6926 6927 6926 6925 6928 6927 6929 6925 6927 6930 6929 6931 6932 6933 6932 6931 6934 6935 6936 6937 6936 6935 6938 6939 6940 6941 6940 6939 6942 6943 6944 6945 6944 6943 6946 6947 6948 6949 6947 6950 6948 6950 6947 6951 6951 6952 6950 6950 6952 6953 6952 6951 6954 6952 6954 6955 6952 6955 6956 6957 6958 6959 6958 6957 6960 6961 6957 6959 6960 6962 6958 6957 6961 6963 6962 6960 6964 6965 6966 6967 6968 6966 6965 6967 6969 6965 6966 6968 6970 6969 6967 6971 6971 6972 6969 6971 6973 6972 6974 6975 6976 6977 6976 6975 6978 6979 6980 6979 6978 6981 6982 6983 6984 6984 6983 6985 6986 6985 6983 6985 6986 6987 6988 6989 6990 6989 6988 6991 6989 6991 6992 6991 6993 6992 6994 6995 6996 6995 6994 6997 6997 6994 6998 6999 7000 7001 7002 6999 7001 7003 7004 7005 7006 7004 7003 7003 7005 7007 7008 7005 7004 7009 7007 7005 7009 7005 7008 7008 7004 7010 7010 7011 7008 7011 7009 7008 7012 7013 7014 7013 7012 7015 7016 7017 7018 7016 7018 7019 7020 7021 7022 7023 7022 7021 7024 7025 7026 7025 7024 7027 7028 7029 7030 7028 7031 7029 7028 7032 7031 7029 7033 7030 7032 7028 7034 7035 7032 7034 7032 7035 7036 7037 7038 7039 7040 7041 7042 7043 7044 7045 7044 7043 7046 7047 7048 7049 7050 7051 7052 7051 7050 7053 7054 7055 7056 7055 7054 7057 7058 7059 7060 7060 7061 7058 7062 7063 7064 7065 7064 7063 7066 7067 7068 7067 7066 7069 7070 7071 7072 7073 7072 7071 7074 7075 7076 7077 7074 7076 7075 7078 7076 7079 7080 7081 7082 7081 7080 7083 7084 7085 7084 7083 7086 7087 7083 7085 7088 7089 7090 7091 7089 7088 7088 7090 7092 7093 7091 7088 7094 7088 7092 7095 7096 7097 7098 7095 7097 7099 7100 7101 7100 7099 7102 7103 7104 7105 7103 7105 7106 7107 7108 7109 7110 7111 7112 7112 7113 7110 7114 7115 7116 7115 7117 7116 7118 7119 7120 7119 7118 7121 7122 7123 7124 7124 7123 7125 7123 7126 7125 7126 7127 7125 7126 7128 7127 7127 7128 7129 7130 7131 7132 7130 7132 7133 7134 7133 7132 7135 7136 7137 7138 7139 7140 7139 7138 7141 7142 7143 7144 7145 7146 7147 7145 7147 7148 7149 7150 7151 7152 7153 7154 7154 7155 7152 7156 7157 7158 7158 7159 7156 7160 7161 7162 7163 7164 7165 7164 7163 7166 7167 7168 7169 7170 7171 7172 7172 7171 7173 7174 7173 7171 7173 7174 7175 7176 7177 7178 7177 7176 7179 7180 7181 7182 7183 7181 7180 7184 7185 7186 7184 7187 7185 7188 7189 7190 7189 7188 7191 7191 7192 7189 7193 7189 7192 7194 7191 7188 7192 7191 7195 7195 7191 7194 7196 7189 7193 7193 7192 7197 7198 7199 7200 7200 7199 7201 7202 7203 7204 7203 7205 7204 7206 7207 7208 7207 7206 7209 7210 7211 7212 7210 7212 7213 7214 7215 7216 7215 7214 7217 7218 7219 7220 6505 7221 6508 7222 7223 7224 7223 7222 7225 7226 7227 7228 7229 7230 7231 19 18 7232 19 21 20 24 23 7233 233 232 236 236 235 240 238 242 237 7234 7235 250 249 7234 250 7235 251 250 346 349 352 7236 7237 362 361 7236 362 7237 363 362 472 474 476 511 510 7238 511 7238 7239 519 521 517 566 565 569 7240 595 596 7240 596 7241 7242 7240 7241 7242 7241 7243 610 613 612 610 609 613 622 621 7244 717 716 720 720 719 7245 724 7245 719 722 725 721 728 725 726 727 723 730 727 729 728 7246 7247 7248 7249 7246 7248 7247 7250 7248 7251 7249 7248 7250 7252 7248 7252 7253 7248 7253 7254 7248 7254 7255 7248 7256 803 802 802 804 7257 805 803 7256 805 807 806 7258 807 805 808 807 7258 808 810 809 812 810 811 7259 7260 7261 7260 7259 7262 7263 7262 7259 7264 7261 7260 7262 7263 7265 7264 7260 7266 7266 7267 7264 7268 7265 7263 7263 7269 7268 7267 7266 7270 7271 7268 7269 7272 7267 7270 7268 7271 7273 7270 7274 7272 7271 7272 7274 7271 7274 7273 7275 7276 7277 7278 7275 7277 7276 7279 7277 7280 7278 7277 7279 7281 7277 7281 7282 7277 7282 7283 7277 7283 7284 7277 906 909 7285 912 7285 909 913 908 910 913 7286 915 917 915 7286 912 916 917 7287 7288 7289 7290 7287 7289 7288 7291 7289 7292 7290 7289 7291 7293 7289 7293 7294 7289 7294 7295 7289 7295 7296 7289 1029 1030 1031 1075 1073 1074 1092 1095 1093 1114 1113 7297 7298 1119 1116 7298 1116 7299 1132 7300 1130 1132 7301 7300 7301 7302 7300 7301 7303 7302 7304 2983 2982 3069 3068 7305 7306 7307 7308 7309 7310 7306 7311 7312 7313 7311 7313 7314 7315 7311 7314 7315 7314 7316 7315 7316 7317 7318 7315 7317 7319 7320 7317 7320 7319 7321 7322 7321 7319 7321 7323 7320 7321 7322 4487 7321 4487 7324 4493 4492 7325 7326 4493 7325 7326 7325 7327 7327 7328 7326 7329 7330 7328 7331 7332 7333 7332 7331 7334 7331 7335 7334 7331 7336 7335 7335 7337 7334 7336 7331 7338 7339 7338 7331 7339 7331 7340 7339 7341 7338 7342 7339 7340 7341 7339 7343 7343 7339 7344 7344 7345 7343 7346 7347 7348 7348 7349 7346 7350 7348 7347 7349 7348 7351 7347 7352 7350 7352 7353 7350 7351 7348 7354 7350 7354 7348 7353 7355 7350 7354 7350 7355 7351 7354 7356 7357 7358 7359 7358 7357 7360 4567 4566 4569 4567 7361 4568 4567 4572 7361 4572 7362 7361 4568 7361 7363 7362 4572 7364 4568 7365 4574 7365 4568 7363 4579 7362 7364 4574 7365 7366 4574 7366 4576 4579 4578 7362 7367 7366 7365 7366 7367 7368 4581 4578 4577 7367 4583 7368 4586 4580 4577 4584 4583 7367 4590 4582 4587 7369 7370 7371 7369 7372 7370 7373 7371 7370 7371 7373 7374 7374 7373 7375 7373 7376 7375 7377 4603 4602 7377 4602 7378 7379 7377 7378 7377 7379 7380 7381 7380 7379 7382 7380 7381 7383 7384 7385 7384 7383 7386 7385 7387 7383 7386 7383 7388 7389 7387 7385 7388 7390 7386 7391 7388 7383 7387 7392 7383 7390 7388 7393 7383 7392 7394 7383 7394 7391 7387 7395 7392 7393 7388 7396 7388 7391 7396 7397 7391 7394 7392 7397 7394 7387 7389 7398 7398 7395 7387 7395 7399 7392 7397 7392 7399 7400 7396 7391 7391 7397 7400 7399 7395 7401 7396 7400 7402 7403 7404 7405 7404 7403 7406 7407 7406 7403 7408 7406 7407 7409 7410 7411 7409 7412 7410 4630 7413 4631 7414 7415 7416 7415 7414 7417 7416 7418 7414 7415 7419 7416 7417 7420 7415 7419 7415 7421 7422 7423 7424 7424 7425 7422 7423 7426 7424 7425 7424 7427 7424 7426 7428 7429 7430 7431 7430 7429 7432 7433 7434 7435 7434 7433 7436 7434 7436 4657 4657 4656 7434 7436 7437 4657 7438 4663 4665 7439 7440 7441 7440 7439 7442 7443 7439 7441 7440 7444 7441 7445 7443 7441 7445 7446 7443 7447 7441 7444 7445 7441 7447 7444 7440 7448 7449 7450 7451 7452 7453 7454 7455 7454 7453 7456 7457 7458 7459 7460 7461 7460 7459 7462 7462 7463 7460 7463 7462 7464 7464 7462 7465 7465 7466 7464 7465 7467 7466 7467 7465 7468 7468 7465 7469 7467 7468 7470 7470 7471 7467 7471 7470 7472 7473 7474 7475 7476 7474 7473 4708 7477 4710 7477 4708 7478 7479 7480 7481 7479 7482 7480 7482 7483 7480 7484 7480 7483 7485 7486 7487 7485 7488 7486 7489 7486 7488 7490 7486 7489 7491 7492 7493 7491 7493 7494 7495 7496 7497 7498 7497 7496 7499 7500 7501 7501 7502 7499 7503 7501 7500 7502 7504 7499 7504 7502 7505 7503 7500 7506 7507 7508 7509 7507 7510 7508 7507 7509 7511 7512 7508 7510 7512 7510 7513 7514 7515 7516 7517 7514 7518 7519 7517 7518 7520 4740 4738 4740 7520 7521 7522 7523 7524 7524 7525 7522 7525 7526 7522 7526 7525 7527 7528 7529 7530 7529 7528 7531 7532 7533 7534 7534 7533 7535 7536 7537 7538 7537 7536 7539 4754 4753 7540 7541 7542 7543 7542 7541 7544 7541 7545 7544 7546 7543 7542 7547 7548 4767 7547 4770 7549 7549 7550 7547 7549 4770 7551 7550 7552 7547 7551 7553 7549 7550 7549 7553 7551 4770 7554 7555 7552 7550 7551 7556 7553 7552 7557 7548 7555 7557 7552 7553 7556 7558 7559 7557 7555 7555 7558 7559 7557 7560 7548 7561 7562 7563 7562 7561 7564 7564 7565 7566 7566 7565 7567 7568 7569 7570 7571 7572 7573 7572 7571 7574 7575 7576 7577 7576 7575 7578 7579 7580 7581 7582 7579 7581 7583 7579 7582 7584 7581 7580 7585 7586 7587 7586 7585 7588 7589 7590 7591 7590 7589 7592 7593 7594 7595 7596 7594 7593 7597 7593 7595 7596 7593 7598 7599 7596 7598 7596 7599 7600 7601 7598 7593 7599 7598 7602 7599 7603 7600 7603 7599 7604 4785 4783 4782 4783 4785 7605 7605 4785 7606 7607 7605 7606 4784 7608 4785 4784 4782 4787 7609 4785 7608 4785 7609 7606 7608 4784 7610 7609 7611 7606 7609 7608 7612 7612 7611 7609 7610 7613 7608 7613 7612 7608 7614 7615 7616 7617 7614 7616 7616 7618 7617 7618 7616 7619 7620 7618 7619 7618 7620 7621 7621 7620 7622 7622 7620 7623 7624 7625 7626 7627 7628 7624 7624 7629 7627 7630 7628 7627 7631 7632 7633 7634 7635 7636 7635 7634 7637 7638 7639 7640 7641 7640 7639 7642 4827 4829 4829 7643 7642 7644 7645 7646 7645 7647 7646 7647 7645 7648 7647 7648 7649 7650 7647 7649 7650 7649 7651 7652 4840 7653 7652 7654 4840 7652 7653 7655 7656 7653 4840 7654 4838 4840 7655 7653 7657 7657 7653 7658 7653 7656 7658 4839 7656 4840 7656 4839 7659 4895 4894 7660 4897 4896 7661 7662 7663 7664 7663 7662 7665 7664 7666 7662 7666 7664 7667 7667 7668 7666 7666 7668 7669 4919 4918 7670 7671 7672 7673 7672 7671 7674 7673 7675 7671 7675 7673 7676 7677 7678 7679 7678 7677 7680 7681 7679 7678 7679 7681 7682 7682 7681 7683 7684 7685 7686 7685 7687 7686 4933 7688 4931 7689 7690 7691 7690 7689 7692 7693 7694 7695 7694 7693 7696 7697 7698 7699 7700 7698 7697 7699 7701 7697 7698 7700 7702 7701 7699 7703 7703 7704 7701 7703 7699 7705 7704 7703 7706 7703 7705 7707 7706 7708 7704 7708 7706 7709 7710 7709 7706 7709 7710 7711 7712 7713 7714 7715 7716 7717 7718 7717 7719 7718 7715 7717 7720 7721 7722 7722 7723 7720 7723 4954 7720 7724 7722 7721 7721 7725 7724 7720 4954 4956 7726 7727 7728 7726 7729 7727 7730 7731 7732 7731 7730 7733 7734 7733 7730 7733 7735 7731 7733 7734 7736 7737 7735 7733 7738 7739 7740 7741 7739 7738 7739 7742 7740 7739 7743 7742 4967 4966 7744 7745 7746 7747 7746 7745 7748 7749 7750 7751 7751 7752 7749 7751 7753 7752 7751 4977 7753 7752 7753 7754 4977 4976 7753 7755 7756 7757 7758 7759 7760 7759 7758 7761 7758 7760 7762 7763 7760 7759 7761 4980 7759 7764 7761 7758 7764 7758 7762 7763 7765 7760 4980 4979 7759 4983 7759 4979 7763 7759 4983 4980 7761 7766 7766 7761 7767 7764 7767 7761 7768 7769 7770 7769 7768 7771 7772 7773 7774 7773 7772 7775 7774 7773 7776 7777 7778 7779 7778 7777 7780 7777 7781 7780 7782 7780 7781 7783 7782 7781 7782 7783 7784 7785 7786 7787 7786 7785 7788 7789 7790 7791 7790 7789 7792 7793 7794 7795 7793 7795 7796 7796 7797 7793 7794 7798 7795 7794 7799 7798 5006 7800 7801 7800 5006 5005 5006 7801 7802 7803 7804 7805 7806 7807 7808 7807 7806 7809 7808 7810 7806 7810 7808 7811 7812 7813 7814 7814 7815 7812 7816 7817 7818 7817 7816 7819 7818 7817 7820 7821 7820 7817 7817 7822 7821 7823 7824 7825 7823 7825 7826 7827 7825 7824 7828 7825 7827 7829 7830 7831 7832 7830 7829 7833 7831 7830 7830 5064 7833 7831 7834 7829 7835 7834 7836 7837 7834 7835 7835 7838 7839 7840 7841 7842 7841 7840 7843 7844 7845 7846 7845 7844 7847 7848 7849 7850 7849 7848 7851 7852 7853 7854 7853 7852 7855 7856 7857 7858 7856 7858 7859 7860 7861 7862 7861 7860 7863 7864 7865 7866 7867 7866 7865 7868 7869 7870 7871 7870 7869 5083 7872 5081 7873 7874 7875 7875 7874 7876 7877 7876 7874 7876 7877 7878 7879 7880 7881 7880 7879 7882 7883 7884 7885 7884 7883 7886 7887 7888 7889 7888 7887 7890 7891 7892 7893 7894 7891 7893 7895 7893 7892 7894 7893 5090 5090 7893 5088 7896 5090 5091 7897 7898 7899 7898 7897 7900 7901 7902 7903 7901 7903 7904 7905 7906 7907 7905 7908 7906 7907 7906 7909 7908 7910 7906 7906 7911 7909 7907 7909 7912 7913 7910 7908 7914 7911 7906 7909 7915 7912 7909 7916 7915 7909 7917 7916 7917 7909 7918 7915 7916 7919 7920 7921 7922 7921 7920 7923 7924 7925 7926 7927 7926 7925 7928 7929 7930 7931 7929 7928 7931 5102 7932 5101 7932 5102 5101 5100 7933 7934 7935 7936 7937 7938 7939 7937 7939 7940 7941 7939 7938 7938 7942 7941 7943 7944 7945 7944 7946 7945 7947 7948 7949 7947 7949 7950 7950 7951 7947 7948 7952 7949 7952 7948 7953 7954 7955 7956 7955 7954 7957 7958 7959 7960 7959 7958 7961 7962 7963 7964 7963 7962 7965 7966 7965 7962 7965 7966 7967 7968 7969 7970 7969 7968 7971 7972 7973 7974 7973 7975 7974 7976 7977 7978 7977 7976 7979 7980 7981 7982 7981 7980 7983 7984 7985 7986 7985 7984 7987 7988 7989 7990 7990 7989 7991 7992 7993 7994 7995 7996 7997 7996 7995 7998 7999 8000 8001 8002 8003 8004 8005 8006 8007 8008 8009 8010 8009 8008 8011 8009 8012 8010 8012 8009 8013 8014 8015 8016 8017 8016 8018 8019 8020 8021 8019 8022 8020 8023 8024 8025 8026 8027 8028 8028 8027 8029 8030 8031 8032 8030 8032 8033 8034 8035 8036 8034 8036 8037 8038 8039 8040 8040 8039 8041 8042 8043 8044 8043 8042 8045 8046 8047 8048 8048 8047 8049 8050 8051 8052 8051 8050 8053 8054 8055 8056 8055 8054 8057 8058 8059 8060 8058 8060 8061 8061 8062 8058 8060 8059 8063 8061 8064 8062 8065 8061 8060 8066 8065 8060 8060 8063 8066 8064 8061 8067 8065 8067 8061 8068 8065 8066 8066 8063 8069 8067 8070 8064 8065 8068 8071 8072 8066 8069 8066 8072 8068 8070 8067 8073 8065 8071 8074 8075 8068 8072 8067 8065 8076 8076 8073 8067 8065 8074 8076 8071 8077 8074 8078 8071 8068 8068 8075 8078 8073 8076 8079 8077 8080 8074 8071 8081 8077 8071 8078 8081 8080 8082 8074 8082 8076 8074 8079 8076 8082 8083 8080 8077 8084 8081 8078 8077 8085 8083 8081 8085 8077 8081 8086 8085 8081 8084 8086 8087 8078 8075 8078 8087 8084 8075 8088 8087 8088 8075 8089 8090 8075 8072 8075 8090 8089 8063 8091 8069 8091 8072 8069 8072 8091 8090 8059 8092 8063 8091 8063 8092 8092 8059 8093 8094 8095 8096 8094 8097 8095 8097 8094 8098 8095 8099 8096 8100 8097 8098 8095 8101 8099 8102 8096 8099 8097 8100 8103 8101 8095 8104 8104 8095 8097 8103 8104 8097 8099 8105 8102 8106 8103 8100 8104 8103 8107 8101 8108 8099 8105 8099 8108 8109 8107 8103 8103 8106 8109 8110 8104 8107 8101 8111 8108 8108 8111 8105 8104 8110 8112 8111 8113 8105 8114 8104 8112 8104 8114 8101 8111 8101 8114 8115 8112 8110 8114 8116 8111 8111 8116 8113 8112 8117 8114 8116 8114 8117 8112 8115 8118 8117 8112 8118 8119 8113 8116 8118 8120 8117 8121 8118 8115 8116 8122 8119 8120 8118 8123 8118 8121 8123 8115 8124 8121 8125 8117 8120 8117 8125 8116 8122 8116 8125 8115 8110 8126 8124 8115 8126 8126 8110 8127 8127 8110 8107 8107 8109 8128 8128 8127 8107 8096 8102 8129 8130 8131 8132 8132 8133 8130 8134 8135 8136 8135 8134 8137 8138 8139 8140 8141 8140 8139 8142 8143 8144 8143 8145 8144 8146 8147 8148 8147 8146 8149 8150 8151 8152 8151 8153 8152 8154 8155 8156 8155 8154 8157 8158 8159 8160 8159 8158 8161 8162 8163 8164 8163 8162 8165 8166 8167 8168 8167 8166 8169 8170 8171 8172 8172 8171 8173 8174 8175 8176 8175 8174 8177 8178 8179 8180 8179 8178 8181 8182 8183 8184 8183 8182 8185 8186 8187 8188 8188 8187 8189 8190 8191 8192 8191 8190 8193 8194 8195 8196 8195 8194 8197 8198 8199 8200 8199 8198 8201 8202 8203 8204 8204 8205 8202 8206 8207 8208 8207 8206 8209 8210 8211 8212 8211 8210 8213 8214 8215 8216 8215 8214 8217 8218 8219 8220 8220 8221 8218 8222 8223 8224 8223 8222 8225 8226 8227 8228 8227 8226 8229 8230 8226 8228 8226 8231 8229 8227 8229 8232 8226 8230 8233 8226 8234 8231 8234 8226 8233 8227 8232 8235 8236 8233 8230 8237 8234 8233 8235 8232 8238 8239 8237 8233 8233 8236 8239 8239 8240 8237 8235 8238 8241 8236 8242 8239 8240 8239 8242 8238 8243 8241 8241 8243 8244 8245 7308 7307 8246 8242 8247 8248 8247 8249 8250 7312 8251 7312 8250 7313 8250 8251 8252 7316 7319 7317 4488 8253 4486 7328 7327 7329 4606 4605 8254 4609 4608 4612 4609 4613 4610 4614 4613 4609 8255 8256 8257 8258 8256 8255 8259 8260 8261 8260 8259 8262 8259 8263 8262 8261 8260 8264 8260 8262 8265 8265 8262 8266 8267 8264 8260 8260 8265 8267 8268 8269 8270 8268 8271 8269 8272 8273 8274 8275 8272 8274 8272 8275 8276 8277 8276 8275 8275 8278 8277 8277 8278 8279 8280 8281 8282 8283 8280 8282 8284 8285 8286 8285 8284 8287 8284 8286 8288 8284 8289 8287 8290 8289 8284 8291 8288 8286 8289 8290 8292 8286 8293 8291 8294 8292 8290 8292 8294 8295 8296 8291 8293 8291 8296 8297 8296 8298 8297 8299 7409 7411 8300 8299 7411 7411 8301 8300 7411 7410 8302 8302 8301 7411 8301 8303 8300 8301 8302 8304 8305 8301 8304 8303 8301 8305 8304 8306 8305 8307 8303 8305 8307 8305 8308 8308 8305 8306 8309 8307 8308 8303 8307 8310 8307 8309 8311 8312 8307 8311 8307 8312 8310 8312 8311 8313 8311 8309 8314 8315 8310 8312 8312 8313 8316 8313 8311 8317 8314 8317 8311 8318 8312 8316 8312 8318 8315 8316 8313 8319 8313 8317 8319 8320 8317 8314 8321 8315 8318 8317 8320 8322 8317 8322 8319 8323 8321 8318 8324 8325 8326 8325 8324 8327 8328 8329 8330 8329 8328 8331 8330 8332 8328 8331 8333 8329 8332 8330 8334 8335 8328 8332 8328 8335 8336 8336 8331 8328 8337 8329 8333 8338 8336 8335 8331 8336 8339 8333 8331 8340 8339 8340 8331 8341 8339 8336 8336 8338 8341 8335 8342 8338 8343 8340 8339 8339 8341 8343 8340 8343 8344 8342 8335 8345 8332 8345 8335 8345 8346 8342 8346 8345 8347 8348 8332 8334 8348 8347 8345 8345 8332 8348 8347 8348 8349 8334 8349 8348 8350 8351 8352 7446 7445 8353 8354 7445 7447 8354 8353 7445 4667 4666 8355 8356 8357 8358 8357 8356 8359 8356 8360 8359 8357 8361 8358 8362 8359 8360 8357 8359 8363 8361 8357 8364 8365 8363 8359 8365 8359 8362 8366 8362 8360 8367 8363 8365 8368 8365 8362 8362 8366 8368 8366 8369 8368 8370 8367 8365 8365 8368 8370 8371 8368 8369 8371 8370 8368 8372 8371 8369 8367 8370 8373 7450 8371 8372 8369 8374 8372 8371 7450 8375 8375 8373 8370 8370 8371 8375 8374 7451 8372 7450 8372 7451 8376 8375 7450 8375 8376 8377 8373 8375 8377 7450 7449 8376 8378 8377 8376 8379 8376 7449 8376 8379 8378 8380 8377 8378 8377 8380 8373 8381 8367 8373 8380 8381 8373 8382 8378 8379 8380 8382 8381 8378 8382 8380 4671 8383 4669 4673 4672 4675 4676 4675 8384 8385 8386 8387 8388 8385 8387 8389 8387 8386 8388 8387 8390 8391 8388 8390 8391 8390 8392 8393 8394 8395 8394 8393 8396 8397 8396 8393 8394 8398 8395 8396 8399 8394 8396 8397 8400 8398 8394 8401 8399 8396 8402 8400 8402 8396 8403 8394 8399 8394 8403 8401 8404 8400 8397 8405 8401 8403 8406 8402 8400 8400 8404 8407 8401 8405 7516 8407 8404 8408 8401 7515 8398 7515 8401 7516 8405 7514 7516 8408 8409 8407 8405 7518 7514 8410 8407 8409 7515 7514 7517 8407 8410 8411 8412 8413 8414 8413 8412 8415 8414 8416 8412 8416 8414 8417 8417 8418 8416 8419 8416 8418 8420 8404 8397 8404 8420 8421 8420 8422 8421 8404 8421 8423 8404 8423 8408 8422 8420 8424 7558 7550 7553 7558 7555 7550 8425 8426 8427 8428 8427 8426 8428 8426 8429 8429 8430 8428 8429 8431 8430 8432 8433 8434 8435 8432 8434 8436 8434 8433 8435 8434 8437 8433 8438 8436 8439 8436 8438 8440 8441 8442 8443 8441 8440 8444 8440 8442 8440 8445 8443 8441 8443 8446 8447 8440 8444 8440 8447 8448 8445 8440 8448 8443 8449 8446 8450 8447 8444 8445 8448 8451 8449 8443 8452 8447 8450 8453 8445 8451 8454 8448 8455 8451 8454 8456 8445 8457 8454 8451 8458 8451 8455 8451 8458 8457 8459 8457 8458 8455 8460 8458 8458 8461 8459 7625 8459 8461 8462 8458 8460 8458 8462 8461 8461 7626 7625 8461 7629 7626 7629 8461 8462 7629 7624 7626 7628 7625 7624 8463 8464 8465 8463 8466 8464 8465 8467 8463 8468 8466 8463 8466 8469 8464 8467 8465 8470 8463 8471 8468 8471 8463 8467 8466 7632 8469 8472 8464 8469 8473 8468 8471 8466 8468 8474 7632 8466 8474 8472 8469 8475 7632 8475 8469 8476 8474 8468 8468 8473 8476 8474 7633 7632 7632 7631 8475 8476 8473 8477 7633 8474 8478 8474 8476 8478 7633 8479 7631 8480 8476 8477 8480 8478 8476 8479 7633 8481 8478 8480 8481 8481 7633 8478 8481 8482 8479 8482 8481 8480 8480 8477 8482 8483 8484 8485 8484 8483 8486 8484 8487 8485 8487 8484 8488 8489 8490 8491 8490 8489 8492 8493 8492 8489 8489 8494 8493 8494 8495 8493 8496 8493 8495 8495 8497 8496 8497 8495 8498 8499 8500 8501 8501 8500 8502 8503 8504 8505 8506 8503 8505 8504 8507 8505 8503 8506 8508 8505 8507 8509 8503 8508 8510 8511 8509 8507 8512 8503 8510 8510 8513 8512 8507 8514 8511 8513 8515 8512 8511 8514 8516 8515 8513 8517 8518 8519 8520 4936 4935 8521 8522 8523 8524 8523 8522 8525 4952 4951 8526 8470 8527 8467 8527 8470 8528 8527 8471 8467 8528 8529 8527 8529 8528 8530 8471 8527 8531 8529 8531 8527 8473 8471 8531 8532 8529 8530 8529 8532 8533 8534 8535 7712 8536 8535 8534 8535 7713 7712 8537 8535 8536 8535 8538 7713 8537 8538 8535 8539 8537 8536 8538 8537 8540 8541 8540 8537 8541 8537 8539 8539 8542 8541 8543 8540 8541 8542 8539 8544 8545 8543 8541 8541 8542 8545 8546 8542 8544 8542 8547 8545 8544 8548 8546 8542 8546 8549 8547 8542 8549 8547 8549 8550 8548 8551 8546 8549 8552 8550 8548 8553 8551 8554 8546 8551 8549 8546 8555 8555 8552 8549 8546 8554 8555 8552 8556 8550 8557 8551 8553 8552 8555 8558 8554 8558 8555 8552 8558 8559 8556 8552 8559 8560 8561 8562 8560 8563 8561 8562 8564 8560 8561 8563 8565 8566 8563 8560 8566 8560 8564 8565 8563 8567 8568 8569 8564 8563 8566 8570 8570 8567 8563 8565 8567 8571 8567 8570 8572 8573 8574 8569 8566 7716 8575 8567 8572 8576 4958 4957 8577 4960 4957 4959 8578 7756 7755 8578 8579 7756 8580 8576 8579 8580 8579 8578 8567 8581 8571 8576 8581 8567 8581 8576 8580 8582 8583 8584 8583 8582 8585 8584 8586 8582 8585 8587 8583 8588 8585 8582 8582 8586 8588 8587 8585 8589 8590 8588 8586 8588 8590 8591 8591 8592 8588 8585 8588 8592 8592 8589 8585 8593 8591 8590 8592 8591 8594 8594 8595 8592 8589 8592 8595 8596 8594 8591 8591 8593 8596 8595 8594 8597 8598 8597 8594 8594 8596 8598 8599 8596 8593 8597 8598 8600 8601 8598 8596 8601 8600 8598 8601 8596 8599 8599 8593 8602 8600 8601 8603 5056 5055 8604 5059 5058 5062 5062 5061 8605 8606 8607 8608 8607 8609 8608 7836 7834 7831 8610 5063 8611 7838 7835 7836 7838 8612 7839 8613 7839 8612 8613 8612 8614 8615 8613 8614 8614 8616 8615 8617 5080 5079 8617 5079 8618 8617 8618 8619 8620 8619 8618 8621 8622 8623 8622 8621 8624 8622 8625 8623 8625 8622 8626 8627 8624 8621 8624 8627 8628 7929 7931 7932 7935 7934 8629 5104 5103 8630 5104 8630 5107 5108 5107 8631 8632 8633 8634 8635 8634 8633 8636 8637 8638 8637 8636 8639 8640 8641 8642 8643 8644 8645 8645 8644 8646 5110 5109 8647 8648 8649 8650 5125 5124 8651 8652 8653 8654 8655 8652 8654 8655 8654 8656 8656 8654 8657 8658 8659 8660 8660 8661 8658 8662 8663 8664 8662 8664 8665 7994 8666 7992 8667 8668 8669 8668 8667 8670 8669 8671 8667 8670 8667 8672 8673 8674 8675 8674 8673 8676 8677 8678 8679 8677 8679 8680 8678 8681 8679 8682 8679 8681 8016 8683 8014 8016 8017 8683 8684 8025 8024 8685 8686 8687 8686 8685 8688 8242 8236 7307 7310 8242 7307 7307 8236 8245 7310 7307 7306 8247 8242 7310 8242 8246 8240 7310 8249 8247 8247 8248 8246 7310 8689 8249 7310 7309 8689 4487 4486 7324 8690 4491 4490 7548 4760 4767 7548 4761 4760 4767 4760 4764 4770 7547 4767 4767 4766 4770 7548 7547 7552 4770 4769 7554 7560 4761 7548 8564 8562 8568 8569 8568 8573 7716 8566 8564 8564 7717 7716 8564 8569 7717 7717 8569 8574 8691 8575 7716 7717 8574 7719 7716 7715 8691 5064 7830 5065 5064 5063 8610</p>
        </triangles>
      </mesh>
    </geometry>
  </library_geometries>
  <library_controllers>
    <controller id="Controller">
      <skin source="#Geometry">
        <bind_shape_matrix>1 0 0 0 0 1 0 0 0 0 1 0 0 0 0 1</bind_shape_matrix>
        <source id="Controller-joints">
          <Name_array id="Controller-joints-array" count="30">Bone_000 Bone_001 Bone_002 Bone_003 Bone_004 Bone_005 Bone_006 Bone_007 Bone_008 Bone_009 Bone_010 Bone_011 Bone_012 Bone_013 Bone_014 Bone_015 Bone_016 Bone_017 Bone_018 Bone_019 Bone_020 Bone_021 Bone_022 Bone_023 Bone_024 Bone_025 Bone_026 Bone_027 Bone_028 scryveship_ScryveShip_Armature</Name_array>
          <technique_common>
            <accessor source="#Controller-joints-array" count="30" stride="1">
              <param name="JOINT" type="Name"/>
            </accessor>
          </technique_common>
        </source>
        <source id="Controller-bind_poses">
          <float_array id="Controller-bind_poses-array" count="480">0.01 0 0 0 0 0 -0.01 0 0 0.01 0 0 0 0 0 1 -0.01 0 0 0 0 0.008717 0.004898 0 0 0.004898 -0.008717 0 0 0 0 1 -0.01 0 0 0 0 0.00405 0.009142 -0.692187 0 0.009142 -0.00405 -0.517284 0 0 0 1 0.01 0 0 0 0 0.009374 -0.00348 -0.93513 0 0.00348 0.009374 -2.18748 0 0 0 1 0.01 0 0 0.000000 0 0.006318 -0.007751 0.132786 0 0.007751 0.006318 -2.45937 0 0 0 1 0.01 0 0 0 0 0.002209 -0.009752 1.09783 0 0.009752 0.002209 -2.20074 0 0 0 1 0.01 0 0 0 0 0.002209 -0.009752 0.36827 0 0.009752 0.002209 -2.20074 0 0 0 1 -0.009217 0 -0.003878 0.164165 -0.003343 0.005067 0.007946 -2.33346 0.001965 0.00862 -0.00467 -0.451726 0 0 0 1 -0.005721 -0.002311 0.007868 -2.04513 0.006367 0.004794 0.006038 -1.25312 -0.005168 0.008465 -0.001271 -1.09456 0 0 0 1 0.009996 0 -0.000255 0.99458 -0.000138 0.008408 -0.005411 0.05848 0.000215 0.005413 0.008405 -2.42251 0 0 0 1 -0.008382 0 0.005453 -2.00057 0.005422 -0.001063 0.008334 -1.64345 0.00058 0.009943 0.000891 -1.19286 0 0 0 1 -0.004772 0 -0.008787 0.371992 -0.008785 -0.00024 0.004771 -1.82251 -0.000211 0.009997 0.000114 -0.757985 0 0 0 1 0.01 0 0 1.10236 0 0.002178 -0.009759 0.608354 0 0.009759 0.002178 -1.42518 0 0 0 1 0.01 0 0 1.10236 0 0.002178 -0.009759 -0.118917 0 0.009759 0.002178 -1.42518 0 0 0 1 0.009217 0 -0.003878 0.164165 0.003343 0.005067 0.007946 -2.33346 0.001965 -0.00862 0.00467 0.451726 0 0 0 1 0.005681 -0.002295 0.007902 -2.05059 -0.006423 0.004765 0.006002 -1.23681 -0.005144 -0.008486 0.001233 1.10289 0 0 0 1 -0.009996 0 -0.000255 0.99458 0.000138 0.008408 -0.005411 0.058481 0.000215 -0.005413 -0.008405 2.42251 0 0 0 1 -0.008345 0 -0.005508 2.00953 -0.005477 -0.001059 0.008298 -1.63252 -0.000583 0.009943 0.000883 -1.19088 0 0 0 1 0.01 0 0 -1.10236 0 0.002143 -0.009767 0.613467 0 0.009767 0.002143 -1.42299 0 0 0 1 0.01 0 0 -1.10236 0 0.002143 -0.009767 -0.105407 0 0.009767 0.002143 -1.42299 0 0 0 1 0.004772 0 -0.008787 0.371992 0.008785 -0.00024 0.004771 -1.82251 -0.000211 -0.009997 -0.000114 0.757984 0 0 0 1 0.01 0 0 0 0 0.000708 -0.009974 -0.936197 0 0.009974 0.000708 -0.477632 0 0 0 1 0.01 0 0 -0.85312 0 0.002202 -0.009754 -1.74458 0 0.009754 0.002202 -0.348839 0 0 0 1 0.01 0 0 -0.85312 0 0.002202 -0.009754 -2.47268 0 0.009754 0.002202 -0.348839 0 0 0 1 0.01 0 0 0.853119 0 0.002202 -0.009754 -1.74458 0 0.009754 0.002202 -0.348839 0 0 0 1 0.01 0 0 0.853119 0 0.002202 -0.009754 -2.47268 0 0.009754 0.002202 -0.348839 0 0 0 1 0.01 0 0 0 0 -0.000662 -0.009978 -1.39075 0 0.009978 -0.000662 -0.411879 0 0 0 1 0.01 0 0 0 0 -0.000662 -0.009978 -1.49931 0 0.009978 -0.000662 -0.411879 0 0 0 1 0.01 0 0 0 0 0 -0.01 0 0 0.01 0 0 0 0 0 1 0.01 0 0 0 0 0 -0.01 0 0 0.01 0 0 0 0 0 1</float_array>
          <technique_common>
            <accessor source="#Controller-bind_poses-array" count="30" stride="16">
              <param name="TRANSFORM" type="float4x4"/>
            </accessor>
          </technique_common>
        </source>
        <source id="Controller-weights">
          <float_array id="Controller-weights-array" count="3706">1 0.992055 0.007945 0.992055 0.007945 0.993922 0.006078 0.996308 0.003691 0.996327 0.003672 0.996252 0.003747 0.996252 0.003747 0.996027 0.003972 0.996043 0.003956 0.996041 0.003959 0.99602 0.00398 0.99602 0.00398 0.995821 0.004179 0.990178 0.009821 0.994331 0.005668 0.99702 0.002979 0.99702 0.002979 0.994331 0.005668 0.990178 0.009821 0.993453 0.006547 0.997208 0.002791 0.993191 0.006809 0.992055 0.007945 0.992055 0.007945 0.993937 0.006063 0.992055 0.007945 0.996166 0.003833 0.996216 0.003783 0.996162 0.003838 0.996329 0.003671 0.996196 0.003803 0.996309 0.00369 0.996254 0.003746 0.995938 0.004061 0.995932 0.004068 0.995933 0.004066 0.995937 0.004062 0.995941 0.004058 0.995941 0.004058 0.995995 0.004004 0.995979 0.004021 0.995981 0.004019 0.996046 0.003954 0.995998 0.004002 0.996044 0.003956 0.990097 0.009903 0.996989 0.00301 0.994284 0.005715 0.990097 0.009903 0.996989 0.00301 0.993163 0.006837 0.990011 0.009989 0.991175 0.008825 0.99 0.009999 0.990336 0.009663 0.990589 0.009411 0.990589 0.009411 0.990336 0.009663 0.115796 0.581202 0.174996 0.128006 0.143001 0.7748 0.082198 0.035117 0.318401 0.646481 0.389943 0.610057 0.001231 0.998769 0.001477 0.998523 0.001234 0.998766 0.001209 0.998791 0.002468 0.997532 0.001094 0.998905 0.001724 0.998275 0.002566 0.997433 0.001022 0.998977 0.002303 0.997696 0.00105 0.998949 0.00236 0.99764 0.001571 0.998428 0.00105 0.998949 0.050075 0.898848 0.051075 0.090525 0.86128 0.048194 0.143001 0.7748 0.082198 0.060893 0.893397 0.045709 0.001094 0.998905 0.004209 0.995791 0.001153 0.998846 0.001541 0.998459 0.001098 0.998901 0.055787 0.887333 0.05688 0.389943 0.610057 0.012099 0.309848 0.678053 0.022367 0.274041 0.703591 0.035117 0.318401 0.646481 0.012099 0.309848 0.678053 0.001098 0.998901 0.001099 0.9989 0.001607 0.998392 0.001094 0.998905 0.001234 0.998766 0.121726 0.535173 0.192624 0.150477 0.121501 0.53854 0.190195 0.149764 0.001061 0.998939 0.001188 0.998812 0.001989 0.998011 0.001325 0.998675 0.001797 0.998202 0.001571 0.998428 0.003191 0.996808 0.001195 0.998805 0.001022 0.998977 0.001257 0.998743 0.001022 0.998977 0.001321 0.998679 0.050075 0.898848 0.051075 0.040887 0.931999 0.027113 0.055788 0.88733 0.056881 0.05684 0.898198 0.044961 0.040887 0.931999 0.027113 0.040629 0.933327 0.026043 0.040887 0.931998 0.027114 0.001092 0.998908 0.001092 0.998908 0.001325 0.998675 0.001092 0.998908 0.001394 0.998606 0.00123 0.99877 0.001228 0.998771 0.001183 0.998816 0.056783 0.8993 0.043917 0.012264 0.310228 0.677508 0.022579 0.274531 0.70289 0.115754 0.581352 0.174933 0.127961 0.125114 0.548992 0.177178 0.148717 0.056783 0.8993 0.043917 0.001153 0.998846 0.001598 0.998402 0.390018 0.609982 0.023814 0.350215 0.612919 0.01305 0.090514 0.861297 0.048188 0.14297 0.774849 0.082181 0.06089 0.893403 0.045706 0.056784 0.899298 0.043918 0.05684 0.898199 0.044961 0.012264 0.310228 0.677508 0.390018 0.609982 0.050077 0.898846 0.051077 0.055788 0.88733 0.056881 0.993922 0.006078 0.992055 0.007945 0.996308 0.003691 0.996327 0.003672 0.996041 0.003959 0.996043 0.003956 0.990178 0.009821 0.991276 0.008723 0.990047 0.009952 0.997208 0.002791 0.993453 0.006547 0.993937 0.006063 0.996288 0.003711 0.996166 0.003833 0.996216 0.003783 0.996027 0.003973 0.996162 0.003838 0.996288 0.003711 0.996196 0.003803 0.996329 0.003671 0.996309 0.00369 0.996254 0.003746 0.996196 0.003803 0.995934 0.004065 0.995941 0.004058 0.995931 0.004068 0.995938 0.004061 0.995941 0.004058 0.995934 0.004065 0.995945 0.004055 0.995941 0.004058 0.995932 0.004068 0.995947 0.004052 0.995939 0.004061 0.995931 0.004068 0.995947 0.004052 0.995941 0.004058 0.995939 0.004061 0.995937 0.004062 0.995933 0.004066 0.995944 0.004055 0.995941 0.004059 0.995941 0.004058 0.995945 0.004055 0.995798 0.004202 0.995939 0.004061 0.995947 0.004052 0.995939 0.004061 0.995947 0.004052 0.995944 0.004055 0.995941 0.004059 0.995939 0.004061 0.996024 0.003975 0.996023 0.003977 0.995979 0.004021 0.995995 0.004004 0.995819 0.004181 0.995981 0.004019 0.996024 0.003975 0.995998 0.004002 0.996046 0.003954 0.996044 0.003956 0.996023 0.003977 0.995998 0.004002 0.994284 0.005715 0.990097 0.009903 0.993511 0.006488 0.997311 0.002689 0.99 0.009999 0.456125 0.543875 0.115406 0.596388 0.168157 0.120049 0.115796 0.581202 0.174996 0.128006 0.37315 0.62685 0.041514 0.460367 0.463022 0.035096 0.508933 0.491067 0.104655 0.710194 0.185151 0.103752 0.689783 0.206465 0.044772 0.543847 0.41138 0.365963 0.634037 0.020581 0.426004 0.553415 0.273531 0.726469 0.208491 0.791509 0.37315 0.62685 0.252471 0.747529 0.410839 0.589161 0.456125 0.543875 0.258644 0.741356 0.125158 0.548831 0.177241 0.14877 0.023864 0.350237 0.612844 0.013054 0.407496 0.592504 0.411715 0.588285 0.021475 0.448318 0.530207 0.37315 0.62685 0.020581 0.426004 0.553415 0.027032 0.972968 0.021494 0.978505 0.018542 0.981458 0.029582 0.970417 0.040663 0.959337 0.039445 0.960555 0.037955 0.962044 0.02624 0.97376 0.017543 0.982456 0.018542 0.981458 0.015853 0.984147 0.013179 0.98682 0.010412 0.989588 0.013179 0.98682 0.008223 0.991776 0.002166 0.997834 0.003972 0.996028 0.003506 0.996494 0.00105 0.998949 0.007295 0.992704 0.001724 0.998275 0.006019 0.99398 0.015637 0.984363 0.004786 0.995214 0.009268 0.990732 0.002566 0.997433 0.001786 0.998214 0.004209 0.995791 0.002687 0.997313 0.001607 0.998392 0.003301 0.996699 0.00323 0.99677 0.00389 0.996109 0.001321 0.998679 0.003222 0.996778 0.001195 0.998805 0.003077 0.996923 0.001257 0.998743 0.002468 0.997532 0.004786 0.995214 0.006285 0.993714 0.002566 0.997433 0.009268 0.990732 0.013234 0.986765 0.026924 0.973075 0.015637 0.984363 0.002166 0.997834 0.001524 0.998475 0.002523 0.997476 0.003972 0.996028 0.003346 0.996654 0.006019 0.99398 0.00957 0.99043 0.00389 0.996109 0.003301 0.996699 0.003222 0.996778 0.009037 0.990963 0.008811 0.991188 0.00323 0.99677 0.003077 0.996923 0.018918 0.981081 0.019441 0.980558 0.007259 0.992741 0.020496 0.979503 0.015417 0.984582 0.014581 0.985419 0.040693 0.959307 0.007634 0.992366 0.039214 0.960786 0.038051 0.961949 0.026924 0.973075 0.025151 0.974849 0.073178 0.926822 0.041745 0.958254 0.052356 0.947644 0.052566 0.947434 0.0801 0.9199 0.052739 0.947261 0.409339 0.590661 0.407496 0.592504 0.024387 0.467634 0.507978 0.389943 0.610057 0.001321 0.998679 0.003921 0.996078 0.005462 0.994537 0.013234 0.986766 0.00204 0.99796 0.007025 0.992975 0.01807 0.981929 0.002625 0.997375 0.007405 0.992594 0.003921 0.996078 0.007025 0.992975 0.003164 0.996836 0.00204 0.99796 0.004819 0.995181 0.001786 0.998214 0.003151 0.996849 0.003151 0.996849 0.002049 0.997951 0.003164 0.996836 0.002923 0.997077 0.004819 0.995181 0.002923 0.997077 0.003151 0.996849 0.006207 0.993793 0.008829 0.991171 0.001536 0.998464 0.365963 0.634037 0.178903 0.821097 0.349482 0.650518 0.208491 0.791509 0.508933 0.491067 0.365111 0.634889 0.499843 0.500157 0.104655 0.710194 0.185151 0.508691 0.491309 0.205287 0.794713 0.011183 0.988816 0.010585 0.981582 0.007832 0.010094 0.989905 0.029582 0.970417 0.037955 0.962044 0.041745 0.958254 0.052356 0.947644 0.044878 0.955122 0.058167 0.941832 0.078179 0.92182 0.008829 0.991171 0.009342 0.990658 0.004209 0.995791 0.018852 0.981147 0.012677 0.987323 0.024716 0.975284 0.044878 0.955122 0.040014 0.959985 0.073747 0.926253 0.122482 0.877518 0.078179 0.92182 0.143967 0.856033 0.068815 0.931185 0.121154 0.878846 0.007025 0.992975 0.006207 0.993793 0.004819 0.995181 0.013567 0.986432 0.002923 0.997077 0.002049 0.997951 0.007025 0.992975 0.026881 0.973119 0.013567 0.986432 0.013234 0.986766 0.01807 0.981929 0.043246 0.956754 0.001099 0.9989 0.00204 0.99796 0.001786 0.998214 0.001098 0.998901 0.001541 0.998459 0.002625 0.997375 0.005462 0.994537 0.002625 0.997375 0.001541 0.998459 0.003021 0.996979 0.001786 0.998214 0.003164 0.996836 0.001099 0.9989 0.002049 0.997951 0.053114 0.946885 0.044878 0.955122 0.026881 0.973119 0.043246 0.956754 0.013567 0.986432 0.079196 0.920804 0.091834 0.908165 0.018852 0.981147 0.119924 0.880076 0.072605 0.927394 0.065898 0.934102 0.078179 0.92182 0.079196 0.920804 0.061645 0.938355 0.058167 0.941832 0.405105 0.594895 0.033562 0.491318 0.47512 0.036921 0.49371 0.469369 0.409339 0.590661 0.012099 0.309848 0.678053 0.389943 0.610057 0.001153 0.998846 0.004209 0.995791 0.02624 0.97376 0.015853 0.984147 0.024716 0.975284 0.040014 0.959985 0.039445 0.960555 0.073747 0.926253 0.073747 0.926253 0.040663 0.959337 0.039445 0.960555 0.068815 0.931185 0.015853 0.984147 0.007755 0.992244 0.024716 0.975284 0.012677 0.987323 0.037955 0.962044 0.068815 0.931185 0.052356 0.947644 0.040663 0.959337 0.0801 0.9199 0.044738 0.955261 0.044122 0.955877 0.07911 0.920889 0.129022 0.870978 0.026924 0.973075 0.432132 0.567868 0.121525 0.538449 0.190233 0.149793 0.429119 0.570881 0.339267 0.660733 0.411181 0.588819 0.428955 0.571045 0.339705 0.660295 0.125114 0.548992 0.177178 0.148717 0.339479 0.660521 0.25915 0.74085 0.410839 0.589161 0.256216 0.706595 0.037189 0.258644 0.741356 0.125158 0.548831 0.177241 0.14877 0.122194 0.877806 0.075928 0.924071 0.123845 0.876155 0.074997 0.925003 0.122194 0.877806 0.07472 0.925279 0.123454 0.876546 0.057305 0.942695 0.065898 0.934102 0.072605 0.927394 0.072605 0.927394 0.051208 0.948791 0.057305 0.942695 0.061645 0.938355 0.051208 0.948791 0.053114 0.946885 0.057305 0.942695 0.044878 0.955122 0.004668 0.995332 0.007755 0.992244 0.010412 0.989588 0.008223 0.991776 0.004455 0.995545 0.015853 0.984147 0.052739 0.947261 0.044122 0.955877 0.035039 0.96496 0.0801 0.9199 0.123845 0.876155 0.182455 0.817545 0.122194 0.877806 0.18396 0.81604 0.119924 0.880076 0.208491 0.791509 0.122482 0.877518 0.178903 0.821097 0.078179 0.92182 0.091834 0.908165 0.119054 0.880946 0.205287 0.794713 0.079196 0.920804 0.079493 0.920507 0.107866 0.892134 0.076484 0.923515 0.002608 0.997392 0.004668 0.995332 0.004455 0.995545 0.002314 0.997685 0.004416 0.995584 0.001726 0.998274 0.007755 0.992244 0.005373 0.994626 0.002687 0.997313 0.044738 0.955261 0.07911 0.920889 0.075928 0.924071 0.039214 0.960786 0.040693 0.959307 0.074997 0.925003 0.07472 0.925279 0.038051 0.961949 0.042159 0.957841 0.075629 0.924371 0.405149 0.594851 0.040586 0.490462 0.468952 0.03787 0.496119 0.46601 0.409412 0.590588 0.012264 0.310228 0.677508 0.034748 0.49431 0.470941 0.390018 0.609982 0.011183 0.988816 0.010585 0.981582 0.007832 0.011454 0.980052 0.008492 0.131594 0.868406 0.25915 0.74085 0.255372 0.744628 0.128486 0.871514 0.273531 0.726469 0.143967 0.856033 0.208491 0.791509 0.122482 0.877518 0.001325 0.998675 0.004788 0.995212 0.025151 0.974849 0.042159 0.957841 0.03983 0.96017 0.070081 0.929918 0.075629 0.924371 0.128486 0.871514 0.073574 0.926426 0.131594 0.868406 0.003593 0.996407 0.006648 0.993351 0.001956 0.998044 0.005457 0.994542 0.0044 0.995599 0.014297 0.985703 0.008509 0.99149 0.00236 0.99764 0.001257 0.998743 0.001195 0.998805 0.0044 0.995599 0.002303 0.997696 0.00587 0.994129 0.00236 0.99764 0.008509 0.99149 0.012347 0.987652 0.025151 0.974849 0.014297 0.985703 0.073574 0.926426 0.042582 0.957418 0.051467 0.948532 0.05449 0.945509 0.070081 0.929918 0.048062 0.951938 0.002303 0.997696 0.007259 0.992741 0.00587 0.994129 0.003077 0.996923 0.014581 0.985419 0.012347 0.987652 0.025151 0.974849 0.026924 0.973075 0.015637 0.984363 0.044122 0.955877 0.035039 0.96496 0.001234 0.998766 0.143967 0.856033 0.252471 0.747529 0.121154 0.878846 0.273531 0.726469 0.03983 0.96017 0.014297 0.985703 0.025151 0.974849 0.031727 0.968273 0.079591 0.920408 0.144413 0.855587 0.107866 0.892134 0.074111 0.925888 0.044065 0.955935 0.131594 0.868406 0.050176 0.949823 0.027644 0.972356 0.076484 0.923515 0.021154 0.978846 0.059464 0.940535 0.014328 0.985672 0.0106 0.989399 0.009973 0.990027 0.004788 0.995212 0.409412 0.590588 0.407619 0.592381 0.390018 0.609982 0.456428 0.543572 0.115378 0.596487 0.168117 0.120019 0.041486 0.46048 0.462946 0.035088 0.37373 0.62627 0.411952 0.588048 0.001956 0.998044 0.003593 0.996407 0.002268 0.997731 0.001369 0.998631 0.003011 0.996989 0.005457 0.994542 0.014848 0.985152 0.009973 0.990027 0.021154 0.978846 0.006943 0.993056 0.013837 0.986163 0.004204 0.995796 0.007588 0.992411 0.005668 0.994332 0.01807 0.981929 0.002191 0.997809 0.007405 0.992594 0.00275 0.997249 0.007588 0.992411 0.028625 0.971375 0.013837 0.986163 0.014848 0.985152 0.01807 0.981929 0.043246 0.956754 0.003516 0.996484 0.002293 0.997706 0.003305 0.996694 0.003465 0.996535 0.005334 0.994666 0.003516 0.996484 0.003305 0.996694 0.006943 0.993056 0.004788 0.995212 0.009973 0.990027 0.010463 0.989537 0.012324 0.978467 0.009208 0.010094 0.989905 0.005061 0.994938 0.002295 0.997704 0.005297 0.994703 0.002688 0.997312 0.008794 0.991206 0.002981 0.997019 0.006153 0.993846 0.005026 0.994973 0.002019 0.99798 0.003107 0.996892 0.053114 0.946885 0.065898 0.934102 0.057305 0.942695 0.079196 0.920804 0.053426 0.946573 0.072881 0.927119 0.058416 0.941583 0.062123 0.937876 0.06642 0.933579 0.050176 0.949823 0.014848 0.985152 0.021154 0.978846 0.028625 0.971375 0.054742 0.945257 0.043246 0.956754 0.079493 0.920507 0.091834 0.908165 0.053426 0.946573 0.054742 0.945257 0.050176 0.949823 0.058416 0.941583 0.059464 0.940535 0.053426 0.946573 0.050176 0.949823 0.062123 0.937876 0.076484 0.923515 0.119054 0.880946 0.072881 0.927119 0.062123 0.937876 0.059464 0.940535 0.06642 0.933579 0.079493 0.920507 0.001092 0.998908 0.003305 0.996694 0.002293 0.997706 0.0801 0.9199 0.121154 0.878846 0.129022 0.870978 0.009342 0.990658 0.007755 0.992244 0.005373 0.994626 0.012677 0.987323 0.004209 0.995791 0.002687 0.997313 0.006943 0.993056 0.014848 0.985152 0.007588 0.992411 0.005334 0.994666 0.002191 0.997809 0.003465 0.996535 0.004204 0.995796 0.001959 0.99804 0.007588 0.992411 0.005334 0.994666 0.003516 0.996484 0.001598 0.998402 0.001183 0.998816 0.002191 0.997809 0.00275 0.997249 0.001228 0.998771 0.001959 0.99804 0.255372 0.744628 0.411181 0.588819 0.37373 0.62627 0.25915 0.74085 0.456428 0.543572 0.273676 0.726324 0.365111 0.634889 0.020605 0.426054 0.553341 0.205287 0.794713 0.044787 0.543802 0.411411 0.508691 0.491309 0.03983 0.96017 0.048062 0.951938 0.031727 0.968273 0.070081 0.929918 0.004788 0.995212 0.002059 0.997941 0.003107 0.996892 0.001797 0.998202 0.123454 0.876546 0.182455 0.817545 0.184013 0.815987 0.122194 0.877806 0.129022 0.870978 0.18396 0.81604 0.123845 0.876155 0.258644 0.741356 0.205287 0.794713 0.107866 0.892134 0.144413 0.855587 0.273676 0.726324 0.258644 0.741356 0.121154 0.878846 0.252471 0.747529 0.129022 0.870978 0.003342 0.996657 0.003101 0.996898 0.007405 0.992594 0.005668 0.994332 0.006207 0.993793 0.013567 0.986432 0.008829 0.991171 0.018852 0.981147 0.017693 0.982306 0.028848 0.971151 0.027644 0.972356 0.044065 0.955935 0.042756 0.957243 0.079591 0.920408 0.079591 0.920408 0.043791 0.956209 0.074111 0.925888 0.042756 0.957243 0.027644 0.972356 0.008794 0.991206 0.017693 0.982306 0.014328 0.985672 0.074111 0.925888 0.040143 0.959857 0.05449 0.945509 0.043791 0.956209 0.003342 0.996657 0.003021 0.996979 0.001536 0.998464 0.003101 0.996898 0.001541 0.998459 0.001183 0.998816 0.144413 0.855587 0.255372 0.744628 0.273676 0.726324 0.131594 0.868406 0.040143 0.959857 0.031143 0.968856 0.042582 0.957418 0.05449 0.945509 0.017693 0.982306 0.019234 0.980766 0.028848 0.971151 0.011592 0.988407 0.029166 0.970833 0.014439 0.985561 0.020033 0.979967 0.042756 0.957243 0.009138 0.990862 0.014439 0.985561 0.043791 0.956209 0.031143 0.968856 0.022906 0.977094 0.020033 0.979967 0.040143 0.959857 0.074111 0.925888 0.073574 0.926426 0.131594 0.868406 0.05449 0.945509 0.003101 0.996898 0.001598 0.998402 0.005668 0.994332 0.00275 0.997249 0.37373 0.62627 0.021627 0.448864 0.529509 0.020605 0.426054 0.553341 0.411952 0.588048 0.407619 0.592381 0.18396 0.81604 0.256216 0.706595 0.037189 0.182455 0.817545 0.009138 0.990862 0.011592 0.988407 0.005297 0.994703 0.005026 0.994973 0.008794 0.991206 0.017693 0.982306 0.003884 0.996115 0.006019 0.99398 0.003049 0.996951 0.003346 0.996654 0.015417 0.984582 0.007634 0.992366 0.006285 0.993714 0.013234 0.986765 0.026924 0.973075 0.002468 0.997532 0.00323 0.99677 0.058167 0.941832 0.051208 0.948791 0.061645 0.938355 0.044878 0.955122 0.003021 0.996979 0.007405 0.992594 0.005462 0.994537 0.003342 0.996657 0.0106 0.989399 0.008794 0.991206 0.014328 0.985672 0.006153 0.993846 0.004788 0.995212 0.003107 0.996892 0.005457 0.994542 0.002735 0.997264 0.003011 0.996989 0.003498 0.996501 0.075928 0.924071 0.07911 0.920889 0.123845 0.876155 0.129022 0.870978 0.073178 0.926822 0.068815 0.931185 0.121154 0.878846 0.052356 0.947644 0.054742 0.945257 0.06642 0.933579 0.079493 0.920507 0.058416 0.941583 0.003465 0.996535 0.001228 0.998771 0.002293 0.997706 0.001959 0.99804 0.07472 0.925279 0.123454 0.876546 0.075629 0.924371 0.128486 0.871514 0.184013 0.815987 0.182455 0.817545 0.256216 0.706595 0.037189 0.128486 0.871514 0.184013 0.815987 0.25915 0.74085 0.123454 0.876546 0.025151 0.974849 0.038051 0.961949 0.042159 0.957841 0.026924 0.973075 0.044738 0.955261 0.039214 0.960786 0.0801 0.9199 0.073178 0.926822 0.121154 0.878846 0.599843 0.400157 0.599843 0.400157 0.599843 0.400157 0.599843 0.400157 0.599843 0.400157 0.599843 0.400157 0.599843 0.400157 0.103354 0.676422 0.220224 0.103354 0.676422 0.220224 0.599843 0.400157 0.103354 0.676422 0.220224 0.599843 0.400157 0.103354 0.676422 0.220224 0.599843 0.400157 0.103354 0.676422 0.220224 0.599843 0.400157 0.103354 0.676422 0.220224 0.599843 0.400157 0.499843 0.500157 0.499843 0.500157 0.499843 0.500157 0.499843 0.500157 0.499843 0.500157 0.499843 0.500157 0.499843 0.500157 0.499843 0.500157 0.499843 0.500157 0.499843 0.500157 0.499843 0.500157 0.499843 0.500157 0.499843 0.500157 0.499843 0.500157 0.499843 0.500157 0.499843 0.500157 0.499843 0.500157 0.499843 0.500157 0.499843 0.500157 0.499843 0.500157 0.499843 0.500157 0.499843 0.500157 0.499843 0.500157 0.499843 0.500157 0.499843 0.500157 0.499843 0.500157 0.499843 0.500157 0.499843 0.500157 0.499843 0.500157 0.499843 0.500157 0.499843 0.500157 0.499843 0.500157 0.749843 0.250157 0.749843 0.250157 0.749843 0.250157 0.749843 0.250157 0.749843 0.250157 0.749843 0.250157 0.749843 0.250157 0.749843 0.250157 0.749843 0.250157 0.749843 0.250157 0.659999 0.340001 0.749843 0.250157 0.749843 0.250157 0.661052 0.338948 0.661705 0.338295 0.749843 0.250157 0.66207 0.33793 0.579539 0.420461 0.749843 0.250157 0.579862 0.420138 0.578117 0.421883 0.749843 0.250157 0.580568 0.419432 0.579041 0.420959 0.663028 0.336972 0.499843 0.500157 0.499843 0.500157 0.499843 0.500157 0.499843 0.500157 0.499843 0.500157 0.499843 0.500157 0.580568 0.419432 0.663028 0.336972 0.749843 0.250157 0.749843 0.250157 0.749843 0.250157 0.749843 0.250157 0.749843 0.250157 0.749843 0.250157 0.749843 0.250157 0.749843 0.250157 0.749843 0.250157 0.749843 0.250157 0.749843 0.250157 0.749843 0.250157 0.749843 0.250157 0.749843 0.250157 0.749843 0.250157 0.749843 0.250157 0.749843 0.250157 0.749843 0.250157 0.749843 0.250157 0.66207 0.33793 0.661705 0.338295 0.661052 0.338948 0.663028 0.336972 0.659999 0.340001 0.579862 0.420138 0.579539 0.420461 0.578117 0.421883 0.579041 0.420959 0.580568 0.419432 0.499843 0.500157 0.499843 0.500157 0.499843 0.500157 0.499843 0.500157 0.499843 0.500157 0.499843 0.500157 0.580568 0.419432 0.663028 0.336972 0.749843 0.250157 0.749843 0.250157 0.499843 0.500157 0.499843 0.500157 0.499843 0.500157 0.499843 0.500157 0.499843 0.500157 0.499843 0.500157 0.499843 0.500157 0.499843 0.500157 0.499843 0.500157 0.499843 0.500157 0.499843 0.500157 0.499843 0.500157 0.499843 0.500157 0.499843 0.500157 0.499843 0.500157 0.499843 0.500157 0.499843 0.500157 0.499843 0.500157 0.499843 0.500157 0.499843 0.500157 0.499843 0.500157 0.499843 0.500157 0.499843 0.500157 0.499843 0.500157 0.499843 0.500157 0.499843 0.500157 0.499843 0.500157 0.499843 0.500157 0.499843 0.500157 0.499843 0.500157 0.499843 0.500157 0.499843 0.500157 0.079196 0.920804 0.079196 0.920804 0.079196 0.920804 0.079196 0.920804 0.079196 0.920804 0.079196 0.920804 0.079196 0.920804 0.079196 0.920804 0.079196 0.920804 0.079196 0.920804 0.079196 0.920804 0.079196 0.920804 0.079196 0.920804 0.079196 0.920804 0.079196 0.920804 0.079196 0.920804 0.079196 0.920804 0.079196 0.920804 0.079196 0.920804 0.079196 0.920804 0.079196 0.920804 0.079196 0.920804 0.079196 0.920804 0.079196 0.920804 0.079196 0.920804 0.079196 0.920804 0.079196 0.920804 0.079196 0.920804 0.079196 0.920804 0.079196 0.920804 0.079196 0.920804 0.079196 0.920804 0.079493 0.920507 0.079493 0.920507 0.079493 0.920507 0.079493 0.920507 0.079493 0.920507 0.079493 0.920507 0.079493 0.920507 0.079493 0.920507 0.079493 0.920507 0.079493 0.920507 0.079493 0.920507 0.079493 0.920507 0.079493 0.920507 0.079493 0.920507 0.079493 0.920507 0.079493 0.920507 0.079493 0.920507 0.079493 0.920507 0.079493 0.920507 0.079493 0.920507 0.079493 0.920507 0.079493 0.920507 0.079493 0.920507 0.079493 0.920507 0.079493 0.920507 0.079493 0.920507 0.079493 0.920507 0.079493 0.920507 0.079493 0.920507 0.079493 0.920507 0.079493 0.920507 0.079493 0.920507 0.042103 0.926542 0.031354 0.034245 0.943034 0.02272 0.047684 0.922804 0.029511 0.031008 0.942682 0.026308 0.078019 0.87591 0.04607 0.046948 0.911246 0.041805 0.018855 0.965947 0.015197 0.069424 0.876687 0.053889 0.067558 0.872135 0.060306 0.019468 0.966604 0.013927 0.128892 0.795704 0.075404 0.097114 0.808241 0.094644 0.012681 0.977452 0.009866 0.107706 0.793784 0.09851 0.138202 0.706647 0.15515 0.012324 0.978467 0.009208 0.1212 0.595781 0.166149 0.116869 0.010463 0.989537 0.010094 0.989905 0.143001 0.7748 0.082198 0.079784 0.524921 0.395295 0.06669 0.482981 0.40827 0.042058 0.035117 0.318401 0.646481 0.023864 0.350237 0.612844 0.013054 0.096448 0.788281 0.115271 0.092716 0.794594 0.11269 0.076284 0.841653 0.082062 0.055787 0.887333 0.05688 0.080897 0.819054 0.100049 0.076284 0.841653 0.082062 0.092716 0.794594 0.11269 0.068014 0.860254 0.071731 0.076058 0.825505 0.098437 0.077651 0.818693 0.103656 0.065457 0.852065 0.082477 0.07904 0.763085 0.157874 0.077978 0.782015 0.140006 0.065175 0.851125 0.083699 0.076061 0.825496 0.098442 0.077985 0.781996 0.140018 0.065459 0.852061 0.082479 0.065457 0.852065 0.082477 0.080897 0.819054 0.100049 0.076058 0.825505 0.098437 0.068014 0.860254 0.071731 0.041569 0.917903 0.040526 0.050075 0.898848 0.051075 0.049979 0.899257 0.050763 0.04964 0.899834 0.050525 0.040109 0.920876 0.039015 0.04157 0.917902 0.040527 0.04998 0.899255 0.050764 0.050077 0.898846 0.051077 0.05684 0.898199 0.044961 0.065105 0.873336 0.061558 0.064861 0.863333 0.071805 0.055787 0.887333 0.05688 0.076284 0.841653 0.082062 0.064861 0.863333 0.071805 0.085533 0.814974 0.099492 0.055787 0.887333 0.05688 0.096448 0.788281 0.115271 0.050075 0.898848 0.051075 0.068014 0.860254 0.071731 0.103752 0.689783 0.206465 0.049979 0.899257 0.050763 0.108339 0.699647 0.192014 0.063717 0.869297 0.066985 0.04964 0.899834 0.050525 0.059245 0.559871 0.380884 0.044772 0.543847 0.41138 0.020581 0.426004 0.553415 0.033562 0.491318 0.47512 0.074377 0.596702 0.32892 0.068932 0.586495 0.344573 0.021475 0.448318 0.530207 0.120531 0.718637 0.160832 0.064851 0.574348 0.360801 0.115434 0.715737 0.168829 0.111518 0.707694 0.180789 0.078774 0.8444 0.076824 0.083112 0.83524 0.081647 0.06511 0.87485 0.060039 0.079515 0.843498 0.076987 0.063044 0.886774 0.050181 0.0455 0.921946 0.032553 0.046625 0.923394 0.02998 0.060893 0.893397 0.045709 0.039439 0.929993 0.030567 0.03244 0.946684 0.020875 0.063877 0.894826 0.041296 0.0303 0.948479 0.02122 0.051545 0.919141 0.029313 0.090525 0.86128 0.048194 0.032059 0.944329 0.023611 0.080794 0.874351 0.044854 0.024001 0.958163 0.017835 0.083112 0.83524 0.081647 0.064861 0.863333 0.071805 0.065105 0.873336 0.061558 0.085533 0.814974 0.099492 0.13511 0.710759 0.154131 0.097114 0.808241 0.094644 0.138202 0.706647 0.15515 0.094016 0.813453 0.09253 0.087526 0.568588 0.343885 0.067593 0.872012 0.060394 0.079784 0.524921 0.395295 0.084765 0.586297 0.328937 0.131715 0.713752 0.154533 0.067558 0.872135 0.060306 0.081573 0.595457 0.322969 0.087522 0.825317 0.08716 0.05935 0.887715 0.052934 0.128011 0.718847 0.153142 0.039923 0.488986 0.47109 0.079755 0.840076 0.080168 0.043227 0.918288 0.038484 0.043743 0.482012 0.474244 0.012099 0.309848 0.678053 0.022367 0.274041 0.703591 0.053275 0.462094 0.484631 0.035117 0.318401 0.646481 0.083112 0.83524 0.081647 0.065105 0.873336 0.061558 0.064775 0.874545 0.06068 0.103354 0.676422 0.220224 0.104676 0.710135 0.185188 0.05684 0.898199 0.044961 0.078019 0.87591 0.04607 0.080794 0.874351 0.044854 0.128892 0.795704 0.075404 0.062061 0.904673 0.033265 0.047684 0.922804 0.029511 0.143001 0.7748 0.082198 0.040028 0.93639 0.023581 0.051545 0.919141 0.029313 0.090525 0.86128 0.048194 0.034561 0.944797 0.020642 0.034245 0.943034 0.02272 0.03244 0.946684 0.020875 0.026002 0.957053 0.016943 0.019468 0.966604 0.013927 0.021971 0.963576 0.014453 0.016253 0.972262 0.011484 0.01113 0.980638 0.00823 0.021024 0.964719 0.014256 0.012324 0.978467 0.009208 0.014395 0.975433 0.010171 0.011454 0.980052 0.008493 0.014101 0.975829 0.010069 0.014303 0.975213 0.010483 0.015288 0.973223 0.011488 0.021034 0.963957 0.015008 0.0303 0.948479 0.02122 0.024001 0.958163 0.017835 0.108339 0.699647 0.192014 0.085533 0.814974 0.099492 0.111518 0.707694 0.180789 0.059245 0.559871 0.380884 0.083112 0.83524 0.081647 0.064851 0.574348 0.360801 0.020581 0.426004 0.553415 0.021475 0.448318 0.530207 0.079515 0.843498 0.076987 0.124564 0.721927 0.153509 0.120531 0.718637 0.160832 0.072745 0.855199 0.072055 0.039439 0.929993 0.030567 0.074377 0.596702 0.32892 0.128011 0.718847 0.153142 0.026219 0.950958 0.022822 0.078349 0.599616 0.322034 0.079755 0.840076 0.080168 0.081573 0.595457 0.322969 0.020118 0.963306 0.016576 0.039923 0.488986 0.47109 0.043227 0.918288 0.038484 0.02188 0.959153 0.018966 0.025461 0.953125 0.021414 0.032749 0.938228 0.029022 0.043227 0.918288 0.038484 0.026219 0.950958 0.022822 0.053685 0.898486 0.047829 0.067558 0.872135 0.060306 0.067593 0.872012 0.060394 0.046948 0.911246 0.041805 0.048004 0.909339 0.042656 0.05935 0.887715 0.052934 0.043227 0.918288 0.038484 0.032749 0.938228 0.029022 0.032059 0.944329 0.023611 0.030081 0.946722 0.023196 0.027242 0.952387 0.02037 0.026933 0.951514 0.021552 0.024001 0.958163 0.017835 0.083112 0.83524 0.081647 0.064775 0.874545 0.06068 0.06511 0.87485 0.060039 0.060893 0.893397 0.045709 0.056784 0.899298 0.043918 0.108342 0.699639 0.192019 0.059269 0.559921 0.380809 0.111512 0.707709 0.180779 0.085535 0.814968 0.099495 0.065163 0.575189 0.359648 0.083111 0.835243 0.081646 0.020605 0.426054 0.553341 0.021627 0.448864 0.529509 0.020118 0.963306 0.016576 0.025461 0.953125 0.021413 0.026933 0.951514 0.021552 0.02188 0.959153 0.018965 0.030081 0.946723 0.023196 0.026219 0.950958 0.022822 0.032749 0.938228 0.029022 0.032058 0.94433 0.023611 0.039439 0.929994 0.030567 0.043227 0.918289 0.038483 0.027242 0.952387 0.02037 0.072743 0.855202 0.072054 0.026219 0.950958 0.022822 0.024001 0.958164 0.017835 0.079754 0.840079 0.080166 0.079512 0.843502 0.076984 0.043227 0.918289 0.038483 0.128007 0.718854 0.153138 0.12456 0.721936 0.153504 0.081986 0.596364 0.321649 0.120525 0.718651 0.160824 0.078915 0.600818 0.320267 0.075301 0.598923 0.325776 0.026002 0.957054 0.016943 0.019468 0.966605 0.013927 0.034244 0.943036 0.022719 0.016253 0.972262 0.011484 0.040026 0.936393 0.02358 0.021971 0.963576 0.014452 0.01113 0.980639 0.00823 0.047681 0.922808 0.02951 0.03456 0.944798 0.020641 0.012324 0.978467 0.009208 0.032439 0.946685 0.020874 0.014395 0.975433 0.010171 0.010094 0.989905 0.021024 0.96472 0.014256 0.0303 0.94848 0.02122 0.014101 0.975829 0.010069 0.015288 0.973223 0.011488 0.021034 0.963958 0.015008 0.014303 0.975214 0.010483 0.024001 0.958164 0.017835 0.040887 0.931999 0.027113 0.040109 0.920876 0.039015 0.040629 0.933327 0.026043 0.041569 0.917903 0.040526 0.040887 0.931998 0.027114 0.04157 0.917902 0.040527 0.077985 0.781996 0.140018 0.092726 0.794571 0.112703 0.080903 0.819041 0.100056 0.104676 0.710135 0.185188 0.103354 0.676422 0.220224 0.07904 0.763085 0.157874 0.077978 0.782015 0.140006 0.104655 0.710194 0.185151 0.092716 0.794594 0.11269 0.080897 0.819054 0.100049 0.068017 0.860248 0.071734 0.065459 0.852061 0.082479 0.080903 0.819041 0.100056 0.076061 0.825496 0.098442 0.076288 0.841645 0.082067 0.096456 0.788263 0.11528 0.085535 0.814968 0.099495 0.064862 0.863331 0.071806 0.103764 0.689746 0.20649 0.055788 0.88733 0.056881 0.108342 0.699639 0.192019 0.050077 0.898846 0.051077 0.059269 0.559921 0.380809 0.068017 0.860248 0.071734 0.04998 0.899255 0.050764 0.044787 0.543802 0.411411 0.063717 0.869297 0.066985 0.020605 0.426054 0.553341 0.04964 0.899834 0.050525 0.080903 0.819041 0.100056 0.076061 0.825496 0.098442 0.077985 0.781996 0.140018 0.041569 0.917903 0.040526 0.064774 0.874547 0.060679 0.05684 0.898198 0.044961 0.065105 0.873336 0.061558 0.056783 0.8993 0.043917 0.062057 0.90468 0.033262 0.078012 0.875922 0.046065 0.080786 0.874363 0.04485 0.12887 0.795738 0.075391 0.051542 0.919145 0.029312 0.14297 0.774849 0.082181 0.090514 0.861297 0.048188 0.034748 0.49431 0.470941 0.024843 0.468861 0.506295 0.075301 0.598923 0.325776 0.069676 0.588362 0.341962 0.021627 0.448864 0.529509 0.120525 0.718651 0.160824 0.065163 0.575189 0.359648 0.115427 0.715755 0.168818 0.078771 0.844406 0.076822 0.111512 0.707709 0.180779 0.079512 0.843502 0.076984 0.083111 0.835243 0.081646 0.045499 0.921948 0.032553 0.065108 0.874853 0.060037 0.039439 0.929994 0.030567 0.063042 0.886778 0.05018 0.06089 0.893403 0.045706 0.0303 0.94848 0.02122 0.063874 0.894831 0.041294 0.032058 0.94433 0.023611 0.032439 0.946685 0.020874 0.046624 0.923396 0.029979 0.090514 0.861297 0.048188 0.024001 0.958164 0.017835 0.051542 0.919145 0.029312 0.080786 0.874363 0.04485 0.107694 0.793808 0.098498 0.097107 0.808254 0.094638 0.13819 0.706674 0.155136 0.069419 0.876695 0.053885 0.121183 0.595839 0.166126 0.116852 0.067555 0.87214 0.060304 0.12887 0.795738 0.075391 0.042102 0.926545 0.031352 0.079659 0.524615 0.395726 0.066597 0.482841 0.408514 0.042047 0.078012 0.875922 0.046065 0.046947 0.911248 0.041804 0.047681 0.922808 0.02951 0.035171 0.318545 0.646283 0.023814 0.350215 0.612919 0.01305 0.14297 0.774849 0.082181 0.034244 0.943036 0.022719 0.012681 0.977452 0.009866 0.019468 0.966605 0.013927 0.018854 0.965948 0.015197 0.031008 0.942684 0.026308 0.053509 0.462668 0.483822 0.022579 0.274531 0.70289 0.035171 0.318545 0.646283 0.044414 0.483729 0.471856 0.079659 0.524615 0.395726 0.012264 0.310228 0.677508 0.087603 0.568744 0.343653 0.040586 0.490462 0.468952 0.13819 0.706674 0.155136 0.135104 0.710772 0.154124 0.085076 0.587049 0.327874 0.097107 0.808254 0.094638 0.131712 0.71376 0.154529 0.081986 0.596364 0.321649 0.094012 0.81346 0.092527 0.128007 0.718854 0.153138 0.08752 0.82532 0.087159 0.067592 0.872015 0.060393 0.079754 0.840079 0.080166 0.059349 0.887716 0.052933 0.067555 0.87214 0.060304 0.043227 0.918289 0.038483 0.05684 0.898198 0.044961 0.035171 0.318545 0.646283 0.068017 0.860248 0.071734 0.080903 0.819041 0.100056 0.076288 0.841645 0.082067 0.092726 0.794571 0.112703 0.14297 0.774849 0.082181 0.103764 0.689746 0.20649 0.104676 0.710135 0.185188 0.096456 0.788263 0.11528 0.092726 0.794571 0.112703 0.076288 0.841645 0.082067 0.06089 0.893403 0.045706 0.064774 0.874547 0.060679 0.065108 0.874853 0.060037 0.083111 0.835243 0.081646 0.067592 0.872015 0.060393 0.048004 0.90934 0.042655 0.059349 0.887716 0.052933 0.053684 0.898487 0.047828 0.043227 0.918289 0.038483 0.032749 0.938228 0.029022 0.067555 0.87214 0.060304 0.046947 0.911248 0.041804 0.258644 0.741356 0.065105 0.873336 0.061558 0.064862 0.863331 0.071806 0.083111 0.835243 0.081646 0.085535 0.814968 0.099495 0.064775 0.874545 0.06068 0.05684 0.898199 0.044961 0.056784 0.899298 0.043918 0.065105 0.873336 0.061558 0.083111 0.835243 0.081646 0.064774 0.874547 0.060679 0.065105 0.873336 0.061558 0.055788 0.88733 0.056881 0.064862 0.863331 0.071806 0.05684 0.898198 0.044961 0.065105 0.873336 0.061558 0.080897 0.819054 0.100049 0.077978 0.782015 0.140006 0.076058 0.825505 0.098437 0.065459 0.852061 0.082479 0.068017 0.860248 0.071734 0.063717 0.869297 0.066985 0.065175 0.851125 0.083699 0.065457 0.852065 0.082477 0.068014 0.860254 0.071731 0.040887 0.931998 0.027114 0.04157 0.917902 0.040527 0.050077 0.898846 0.051077 0.035171 0.318545 0.646283 0.023814 0.350215 0.612919 0.01305 0.25915 0.74085 0.103354 0.676422 0.220224 0.103354 0.676422 0.220224 0.103354 0.676422 0.220224 0.103354 0.676422 0.220224 0.103354 0.676422 0.220224 0.103354 0.676422 0.220224 0.103354 0.676422 0.220224 0.103354 0.676422 0.220224 0.103354 0.676422 0.220224 0.103354 0.676422 0.220224 0.103354 0.676422 0.220224 0.103354 0.676422 0.220224 0.103354 0.676422 0.220224 0.103354 0.676422 0.220224 0.103354 0.676422 0.220224 0.103354 0.676422 0.220224 0.599843 0.400157 0.103354 0.676422 0.220224 0.103354 0.676422 0.220224 0.103354 0.676422 0.220224 0.103354 0.676422 0.220224 0.103354 0.676422 0.220224 0.411715 0.588285 0.023864 0.350237 0.612844 0.013054 0.115754 0.581352 0.174933 0.127961</float_array>
          <technique_common>
            <accessor source="#Controller-weights-array" count="3706" stride="1">
              <param name="WEIGHT" type="float"/>
            </accessor>
          </technique_common>
        </source>
        <joints>
          <input semantic="JOINT" source="#Controller-joints"/>
          <input semantic="INV_BIND_MATRIX" source="#Controller-bind_poses"/>
        </joints>
        <vertex_weights count="8692">
          <input semantic="JOINT" source="#Controller-joints" offset="0"/>
          <input semantic="WEIGHT" source="#Controller-weights" offset="1"/>
          <vcount>1 1 1 1 1 1 1 2 1 1 1 1 1 1 1 1 1 1 1 2 1 1 1 1 2 1 1 1 1 1 1 1 1 1 1 1 1 1 1 1 1 1 1 1 1 1 1 1 1 1 1 1 1 1 1 1 1 1 1 1 1 1 1 1 1 1 1 1 1 1 1 1 1 1 1 1 1 1 1 1 1 1 1 1 1 1 1 1 1 1 1 1 1 1 1 1 1 1 1 1 1 1 1 1 1 1 1 1 1 1 1 1 1 1 1 1 1 1 1 1 1 1 1 1 1 1 1 1 1 1 1 1 1 1 1 1 1 1 1 1 1 1 1 1 1 1 1 1 1 1 1 1 1 1 1 1 1 1 1 1 1 1 1 1 1 1 1 1 1 1 1 1 1 1 1 1 1 1 1 1 1 1 1 1 1 1 1 1 1 1 1 1 1 1 1 1 1 1 1 1 1 1 1 1 1 1 1 1 1 1 1 1 1 1 1 1 1 1 1 1 1 1 1 1 1 1 1 1 1 1 1 1 1 2 1 1 2 1 2 1 1 1 1 1 1 1 1 1 1 2 2 1 1 1 1 1 1 1 1 1 1 1 1 1 1 1 1 1 1 1 1 1 1 1 1 1 1 1 1 1 1 1 1 1 1 1 1 1 1 1 1 1 1 1 1 1 1 1 1 1 1 1 1 1 1 1 1 1 1 1 1 1 1 1 1 1 1 1 1 1 1 1 1 1 1 1 1 1 1 1 1 1 1 1 1 1 1 1 1 1 1 1 1 1 1 1 2 2 1 1 2 1 1 1 1 1 1 1 1 1 1 2 2 1 1 1 1 1 1 1 1 1 1 1 1 1 1 1 1 1 1 1 1 1 1 1 1 1 1 1 1 1 1 1 1 1 1 1 1 1 1 1 1 1 1 1 1 1 1 1 1 1 1 1 1 1 1 1 1 1 1 1 1 1 1 1 1 1 1 1 1 1 1 1 1 1 1 1 1 1 1 1 1 1 1 1 1 1 1 1 1 1 1 1 1 1 1 1 1 1 1 1 1 1 1 1 1 1 1 1 1 1 2 1 1 1 1 1 1 1 1 1 1 1 1 1 1 1 1 1 1 1 1 1 1 1 1 1 1 1 1 1 1 1 1 1 1 1 1 1 1 2 1 1 2 1 1 1 1 2 1 1 1 1 1 1 1 1 1 1 1 1 1 1 1 1 1 1 1 1 1 1 1 1 1 1 1 1 1 1 1 1 1 1 1 1 1 1 1 1 1 1 1 1 1 1 2 2 1 1 1 1 1 1 1 1 1 1 1 1 1 1 1 1 1 1 1 1 1 2 1 2 1 1 1 1 2 1 1 1 1 1 1 2 1 1 1 1 1 1 2 2 1 1 1 1 1 1 1 1 1 1 2 1 1 1 1 1 1 1 1 1 1 1 1 1 1 1 1 1 1 1 1 1 1 1 1 1 1 1 1 1 1 1 1 1 1 1 1 1 1 1 1 1 1 1 1 1 1 1 1 1 1 1 1 1 1 1 1 1 1 1 1 1 1 1 1 1 1 1 1 1 1 1 1 1 1 1 1 1 1 1 1 1 1 1 1 1 1 1 1 1 1 1 1 1 1 2 1 1 2 1 2 1 2 1 2 2 2 1 1 1 1 1 1 1 1 1 1 1 1 1 1 1 1 1 1 1 1 1 1 1 1 1 1 1 1 1 1 1 1 1 1 1 1 1 1 1 1 1 1 1 1 1 1 1 1 1 1 1 1 1 1 1 1 1 1 1 1 1 1 1 1 1 1 1 1 1 1 1 1 1 2 1 1 2 1 1 2 1 1 2 2 1 1 2 1 1 1 1 1 1 1 1 1 1 1 1 1 1 1 1 1 1 1 1 1 1 1 1 1 1 1 1 1 1 1 1 1 1 1 1 1 1 1 1 1 1 1 1 1 1 1 1 1 1 1 1 1 1 1 1 1 1 1 1 1 1 1 1 1 1 1 1 1 1 1 1 1 1 1 1 1 1 1 1 1 1 1 1 1 1 1 1 1 1 2 2 1 1 2 1 2 2 1 1 1 2 1 1 1 1 1 1 1 1 1 1 1 1 1 1 1 1 1 1 1 1 1 1 1 1 1 1 1 1 1 1 1 1 1 1 1 1 1 1 1 1 1 1 1 1 1 1 1 1 1 1 1 1 1 1 1 1 1 1 1 1 1 1 1 1 1 1 1 1 1 1 1 1 1 1 1 1 1 1 1 1 1 1 1 1 1 1 1 1 1 1 1 1 1 1 1 1 1 1 1 1 1 1 1 1 1 1 1 1 1 1 1 2 1 1 1 1 1 1 1 1 1 1 1 1 1 1 1 1 1 1 1 1 1 1 1 1 1 1 1 1 1 1 1 1 1 1 1 1 1 1 1 1 1 1 1 1 1 2 1 1 1 1 1 1 1 1 1 1 1 1 1 1 1 1 2 1 1 1 2 1 1 1 1 1 1 1 1 1 1 1 1 1 1 1 1 1 2 1 1 1 1 1 1 1 1 1 1 2 1 1 1 1 2 1 2 1 1 1 1 1 1 1 1 1 1 1 1 1 1 1 1 1 1 1 1 1 1 1 1 1 1 1 1 1 1 1 1 1 1 1 1 1 1 1 1 1 1 1 1 1 1 1 1 1 1 1 1 1 1 1 1 1 1 1 1 1 1 1 1 1 1 1 1 1 1 1 1 1 1 1 1 1 1 1 1 1 1 1 1 1 1 1 1 1 1 1 1 1 1 1 1 1 1 1 1 1 1 1 1 1 1 1 1 1 1 1 1 1 1 1 1 1 1 1 1 1 1 1 1 1 1 1 1 1 1 1 1 1 1 1 1 1 1 1 1 1 1 1 1 1 1 1 1 1 1 1 1 1 1 1 1 1 1 1 1 1 1 1 1 1 1 1 1 1 1 1 1 1 1 1 1 1 1 1 1 1 1 1 1 1 1 1 1 1 1 1 1 1 1 1 1 1 1 1 1 1 1 1 1 1 1 1 1 1 1 1 1 1 1 1 1 1 1 1 1 1 1 1 1 1 1 1 1 1 1 1 1 1 1 1 1 1 1 1 1 1 1 1 1 1 1 1 1 1 1 1 1 1 1 1 1 1 1 1 1 1 1 1 1 1 1 1 1 1 1 1 1 1 1 1 1 1 1 1 1 1 1 1 1 1 1 1 1 1 1 1 1 1 1 1 1 1 1 1 1 1 1 1 1 1 1 1 1 1 1 1 1 1 1 1 1 1 1 1 1 1 1 1 1 1 1 1 1 1 1 1 1 1 1 1 1 1 1 1 1 1 1 1 1 1 1 1 1 1 1 1 1 1 1 1 1 1 1 1 1 1 1 1 1 1 1 1 1 1 1 1 1 1 1 1 1 1 1 1 1 1 1 1 1 1 1 1 1 1 1 1 1 1 1 1 1 1 1 1 1 1 1 1 1 1 1 1 1 1 1 1 1 1 1 1 1 1 1 1 1 1 1 1 1 1 1 1 1 1 1 1 1 1 1 1 1 1 1 1 1 1 1 1 1 1 1 1 1 1 1 1 1 1 1 1 1 1 1 1 1 1 1 1 1 1 1 1 1 1 1 1 1 1 1 1 1 1 1 1 1 1 1 1 1 1 1 1 1 1 1 1 1 1 1 1 1 1 1 1 1 1 1 1 1 1 1 1 1 1 1 1 1 1 1 1 1 1 1 1 1 1 1 1 1 1 1 1 1 1 1 1 1 1 1 1 1 1 1 1 1 1 1 1 1 1 1 1 1 1 1 1 1 1 1 1 1 1 1 1 1 1 1 1 1 1 1 1 1 1 1 1 1 1 1 1 1 1 1 1 1 1 1 1 1 1 1 1 1 1 1 1 1 1 1 1 1 1 1 1 1 1 1 1 1 1 1 1 1 1 1 1 1 1 1 1 1 1 1 1 1 1 1 1 1 1 1 1 1 1 1 1 1 1 1 1 1 1 1 1 1 1 1 1 1 1 1 1 1 1 1 1 1 1 1 1 1 1 1 1 1 1 1 1 1 1 1 1 1 1 1 1 1 1 1 1 1 1 1 1 1 1 1 1 1 1 1 1 1 1 1 1 1 1 1 1 1 1 1 1 1 1 1 1 1 1 1 1 1 1 1 1 1 1 1 1 1 1 1 1 1 1 1 1 1 1 1 1 1 1 1 1 1 1 1 1 1 1 1 1 1 1 1 1 1 1 1 1 1 1 1 1 1 1 1 1 1 1 1 1 1 1 1 1 1 1 1 1 1 1 1 1 1 1 1 1 1 1 1 1 1 1 1 1 1 1 1 1 1 1 1 1 1 1 1 1 1 1 1 1 1 1 1 1 1 1 1 1 1 1 1 1 1 1 1 1 1 1 1 1 1 1 1 1 1 1 1 1 1 1 1 1 1 1 1 1 1 1 1 1 1 1 1 1 1 1 1 1 1 1 1 1 1 1 1 1 1 1 1 1 1 1 1 1 1 1 1 1 1 1 1 1 1 1 1 1 1 1 1 1 1 1 1 1 1 1 1 1 1 1 1 1 1 1 1 1 1 1 1 1 1 1 1 1 1 1 1 1 1 1 1 1 1 1 1 1 1 1 1 1 1 1 1 1 1 1 1 1 1 1 1 1 1 1 1 1 1 1 1 1 1 1 1 1 1 1 1 1 1 1 1 1 1 1 1 1 1 1 1 1 1 1 1 1 1 1 1 1 1 1 1 1 1 1 1 1 1 1 1 1 1 1 1 1 1 1 1 1 1 1 1 1 1 1 1 1 1 1 1 1 1 1 1 1 1 1 1 1 1 1 1 1 1 1 1 1 1 1 1 1 1 1 1 1 1 1 1 1 1 1 1 1 1 1 1 1 1 1 1 1 1 1 1 1 1 1 1 1 1 1 1 1 1 1 1 1 1 1 1 1 1 1 1 1 1 1 1 1 1 1 1 1 1 1 1 1 1 1 1 1 1 1 1 1 1 1 1 1 1 1 1 1 1 1 1 1 1 1 1 1 1 1 1 1 1 1 1 1 1 1 1 1 1 1 1 1 1 1 1 1 1 1 1 1 1 1 1 1 1 1 1 1 1 1 1 1 1 1 1 1 1 1 1 1 1 1 1 1 1 1 1 1 1 1 1 1 1 1 1 1 1 1 1 1 1 1 1 1 1 1 1 1 1 1 1 1 1 1 1 1 1 1 1 1 1 1 1 1 1 1 1 1 1 1 1 1 1 1 1 1 1 1 1 1 1 1 1 1 1 1 1 1 1 1 1 1 1 1 1 1 1 1 1 1 1 1 1 1 1 1 1 1 1 1 1 1 1 1 1 1 1 1 1 1 1 1 1 1 1 1 1 1 1 1 1 1 1 1 1 1 1 1 1 1 1 1 1 1 1 1 1 1 1 1 1 1 1 1 1 1 1 1 1 1 1 1 1 1 1 1 1 1 1 1 1 1 1 1 1 1 1 1 1 1 1 1 1 1 1 1 1 1 1 1 1 1 1 1 1 1 1 1 1 1 1 1 1 1 1 1 1 1 1 1 1 1 1 1 1 1 1 1 1 1 1 1 1 1 1 1 1 1 1 1 1 1 1 1 1 1 1 1 1 1 1 1 1 1 1 1 1 1 1 1 1 1 1 1 1 1 1 1 1 1 1 1 1 1 1 1 1 1 1 1 1 1 1 1 1 1 1 1 1 1 1 1 1 1 1 1 1 1 1 1 1 1 1 1 1 1 1 1 1 1 1 1 1 1 1 1 1 1 1 1 1 1 1 1 1 1 1 1 1 1 1 1 1 1 1 1 1 1 1 1 1 1 1 1 1 1 1 1 1 1 1 1 1 1 1 1 1 1 1 1 1 1 1 1 1 1 1 1 1 1 1 1 1 1 1 1 1 1 1 1 1 1 1 1 1 1 1 1 1 1 1 1 1 1 1 1 1 1 1 1 1 1 1 1 1 1 1 1 1 1 1 1 1 1 1 1 1 1 1 1 1 1 1 1 1 1 1 1 1 1 1 1 1 1 1 1 1 1 1 1 1 1 1 1 1 1 1 1 1 1 1 1 1 1 1 1 1 1 1 1 1 1 1 1 1 1 1 1 1 1 1 1 1 1 1 1 1 1 1 1 1 1 1 1 1 1 1 1 1 1 1 1 1 1 1 1 1 1 1 1 1 1 1 1 1 1 1 1 1 1 1 1 1 1 1 1 1 1 1 1 1 1 1 1 1 1 1 1 1 1 1 1 1 1 1 1 1 1 1 1 1 1 1 1 1 1 1 1 1 1 1 1 1 1 1 1 1 1 1 1 1 1 1 1 1 1 1 1 1 1 1 1 1 1 1 1 1 1 1 1 1 1 1 1 1 1 1 1 1 1 1 1 1 1 1 1 1 1 1 1 1 1 1 1 1 1 1 1 1 1 1 1 1 1 1 1 1 1 1 1 1 1 1 1 1 1 1 1 1 1 1 1 1 1 1 1 1 1 1 1 1 1 1 1 1 1 1 1 1 1 1 1 1 1 1 1 1 1 1 1 1 1 1 1 1 1 1 1 1 1 1 1 1 1 1 1 1 1 1 1 1 1 1 1 1 1 1 1 1 1 1 1 1 1 1 1 1 1 1 1 1 1 1 1 1 1 1 1 1 1 1 1 1 1 1 1 1 1 1 1 1 1 1 1 1 1 1 1 1 1 1 1 1 1 2 1 1 1 1 1 1 1 1 1 1 1 1 1 1 1 1 1 1 1 1 1 1 1 1 1 1 1 1 1 1 1 1 1 1 1 1 1 1 1 1 1 1 1 1 1 1 1 1 1 1 1 1 1 1 1 1 1 1 1 1 1 1 1 1 1 1 1 1 1 1 1 1 1 1 1 1 1 1 1 1 1 1 1 1 1 1 1 1 2 2 1 2 2 1 1 1 1 1 1 1 1 1 1 1 1 1 1 1 1 1 1 1 1 1 1 1 1 1 1 1 1 1 1 1 1 1 1 1 1 1 1 1 1 1 1 1 1 1 1 1 1 1 1 1 1 1 1 1 1 1 1 1 1 1 1 1 1 1 1 1 1 1 1 1 1 1 1 1 1 1 1 1 1 1 1 1 1 1 1 1 1 1 1 1 1 1 1 1 1 1 1 1 1 1 1 1 1 1 1 1 1 1 1 1 1 1 1 1 1 1 1 1 1 1 1 1 1 1 1 1 1 1 1 1 1 1 1 1 1 1 1 1 1 1 1 1 1 1 1 1 1 1 1 1 1 1 1 1 1 1 1 1 1 1 1 1 1 1 1 1 1 1 1 1 1 1 1 1 1 1 1 1 1 1 1 1 1 1 1 1 1 1 1 1 1 1 1 1 1 1 1 1 1 1 1 1 1 1 1 1 1 1 1 1 1 1 1 1 1 1 1 1 1 1 1 1 1 1 1 1 1 1 1 1 1 1 1 1 1 1 1 1 1 1 1 1 1 1 1 1 1 1 1 1 1 1 1 1 1 1 1 1 1 1 1 1 1 1 1 1 1 1 1 1 1 1 1 1 1 1 1 1 1 1 1 1 1 1 1 1 1 1 1 1 1 1 1 1 1 1 1 1 1 1 1 1 1 1 1 1 1 1 1 1 1 1 1 1 1 1 1 1 1 1 1 1 1 1 1 1 1 1 1 1 1 1 1 1 1 1 1 1 1 1 1 1 1 1 1 1 1 1 1 1 1 1 1 1 1 1 1 1 1 1 1 1 1 1 1 1 1 1 1 1 1 1 1 1 1 1 1 1 1 1 1 1 1 1 1 1 1 1 1 1 1 1 1 1 1 1 1 1 1 1 1 1 1 1 1 1 1 1 1 1 1 1 1 1 1 1 1 1 1 1 1 1 1 1 1 1 1 1 1 1 1 1 1 1 1 1 1 1 1 1 1 1 1 1 1 1 1 1 1 1 1 1 1 1 1 1 1 1 1 1 1 1 1 1 1 1 1 1 1 1 1 1 1 1 1 1 1 1 1 1 1 1 1 1 1 1 1 1 1 1 1 1 1 1 1 1 1 1 1 1 1 1 1 1 1 1 1 1 1 1 1 1 1 1 1 1 1 1 1 1 1 1 1 1 1 1 1 1 1 1 1 1 1 1 1 1 1 1 1 1 1 1 1 1 1 1 1 1 1 1 1 1 1 1 1 1 1 1 1 1 1 1 1 1 1 1 1 1 1 1 1 1 1 1 1 1 1 1 1 1 1 1 1 1 1 1 1 1 1 1 1 1 1 1 1 1 1 1 1 1 1 1 1 1 1 1 1 1 1 1 1 1 1 1 1 1 1 1 1 1 1 1 1 1 1 1 1 1 1 1 1 1 1 1 1 1 1 1 1 1 1 1 1 1 1 1 1 1 1 1 1 1 1 1 1 1 1 1 1 1 1 1 1 1 1 1 1 1 1 1 1 1 1 1 1 1 1 1 1 1 1 1 1 1 1 1 1 1 1 1 1 1 1 1 1 1 1 1 1 1 1 1 1 1 1 1 1 1 1 1 1 1 1 1 1 1 1 1 1 1 1 1 1 1 1 1 1 1 1 1 1 1 1 1 1 1 1 1 1 1 1 1 1 1 1 1 1 1 1 1 1 1 1 1 1 1 1 1 1 1 1 1 1 1 1 1 1 1 1 1 1 1 1 1 1 1 1 1 1 1 1 1 1 1 1 1 1 1 1 1 1 1 1 1 1 1 1 1 1 1 1 1 1 1 1 1 1 1 1 1 1 1 1 1 1 1 1 1 1 1 1 1 1 1 1 1 1 1 1 1 1 1 1 1 1 1 1 1 1 1 1 1 1 1 1 1 1 1 1 1 1 1 1 1 1 1 1 1 1 1 1 1 1 1 1 1 1 1 1 1 1 1 1 1 1 1 1 1 1 1 1 1 1 1 1 1 1 1 1 1 1 1 1 1 1 1 1 1 1 1 1 1 1 1 1 1 1 1 1 1 1 1 1 1 1 1 1 1 1 1 1 1 1 1 1 1 1 1 1 1 1 1 1 1 1 1 1 1 1 1 1 1 1 1 1 1 1 1 1 1 1 1 1 1 1 1 1 1 1 1 1 1 1 1 1 1 1 1 1 1 1 1 1 1 1 1 1 1 1 1 1 1 1 1 1 1 1 1 1 1 1 1 1 1 1 1 1 1 1 1 1 1 1 1 1 1 1 1 1 1 1 1 1 1 1 1 1 1 1 1 1 1 1 1 1 1 1 1 1 1 1 1 1 1 1 1 1 1 1 1 1 1 1 1 1 1 1 1 1 1 1 1 1 1 1 1 1 1 1 1 1 1 1 1 1 1 1 1 1 1 1 1 1 1 1 1 1 1 1 1 1 1 1 1 1 1 1 1 1 1 1 1 1 1 1 1 1 1 1 1 1 1 1 1 1 1 1 1 1 1 1 1 1 1 1 1 1 1 1 1 1 1 1 1 1 1 1 1 1 1 1 1 1 1 1 1 1 1 1 1 1 1 1 1 1 1 1 1 1 1 1 1 1 1 1 1 1 1 1 1 1 1 1 1 1 1 1 1 1 1 1 1 1 1 1 1 1 1 1 1 1 1 1 1 1 1 1 1 1 1 1 1 1 1 1 1 1 1 1 1 1 1 1 1 1 1 1 1 1 1 1 1 1 1 1 1 1 1 1 1 1 1 1 1 1 1 1 1 1 1 1 1 1 1 1 1 1 1 1 1 1 1 1 1 1 1 1 1 1 1 1 1 1 1 1 1 1 1 1 1 1 1 1 1 1 1 1 1 1 1 1 1 1 1 1 1 1 1 1 1 1 1 1 1 1 1 1 1 1 1 1 1 1 1 1 1 1 1 1 1 1 1 1 1 1 1 1 1 1 1 1 1 1 1 1 1 1 1 1 1 1 1 1 1 1 1 1 1 1 1 1 1 1 1 1 1 1 1 1 1 1 1 1 1 1 1 1 1 1 1 1 1 1 1 1 1 1 1 1 1 1 1 1 1 1 1 1 1 1 1 1 1 1 1 1 1 1 1 1 1 1 1 1 1 1 1 1 1 1 1 1 1 1 1 1 1 1 1 1 1 1 1 1 1 1 1 1 1 1 1 1 1 4 3 1 3 1 1 2 1 1 1 1 1 1 1 1 1 1 1 1 1 1 1 1 1 1 1 1 1 1 1 1 1 1 1 1 1 1 1 1 1 1 1 1 1 1 1 1 1 1 1 1 1 1 1 1 1 1 1 1 1 1 1 1 1 1 1 1 1 1 1 1 1 1 1 1 1 1 1 1 1 2 2 1 1 1 2 1 2 1 1 1 2 2 2 2 1 2 2 1 2 2 1 1 2 1 1 1 1 1 1 1 1 1 1 1 1 2 1 1 3 1 1 3 1 1 3 1 3 1 1 1 1 1 1 1 1 1 1 1 1 1 1 1 2 1 1 1 1 1 1 1 1 1 1 1 1 1 1 1 1 1 1 1 1 1 1 1 1 1 1 2 2 1 1 1 1 2 2 1 1 3 1 1 2 3 1 3 3 1 3 1 1 1 1 1 1 1 1 1 1 1 1 1 1 1 1 1 1 1 1 1 1 1 1 1 1 1 1 1 1 2 2 1 1 1 1 1 1 1 1 1 1 1 1 1 1 1 1 1 1 1 1 1 1 1 1 1 1 1 1 1 1 1 2 1 1 1 1 1 1 1 1 1 1 1 1 1 2 1 1 1 2 1 1 1 1 1 1 1 1 4 1 1 4 1 1 1 1 1 1 1 1 1 1 1 1 2 2 2 1 1 1 1 1 1 1 1 1 1 1 1 1 1 1 1 1 1 1 1 1 1 1 1 1 1 1 1 1 1 1 1 1 1 1 1 1 1 2 1 1 1 1 2 1 1 1 1 1 1 1 1 1 2 2 1 1 1 1 1 1 1 1 1 1 1 1 1 1 1 1 1 1 1 1 1 1 1 1 1 1 1 1 1 1 1 1 1 1 1 1 1 1 1 1 1 1 1 1 1 2 1 1 1 1 1 1 1 1 2 1 2 1 1 1 1 1 1 1 1 1 1 1 1 1 1 1 1 1 1 1 1 1 2 1 1 1 1 1 1 1 1 1 1 1 1 1 2 1 3 3 1 1 1 1 1 1 1 1 1 1 1 1 1 1 1 3 3 1 1 1 1 3 3 3 1 1 1 1 1 1 2 1 1 1 1 1 1 2 1 2 2 1 1 2 1 1 2 1 1 1 1 1 1 1 1 1 1 1 1 1 1 1 1 1 1 1 1 1 1 2 1 2 1 1 1 1 1 1 1 1 1 1 1 1 1 1 1 1 1 1 1 1 1 1 1 1 1 1 1 1 1 1 1 1 1 1 1 1 1 1 1 1 1 1 1 1 1 1 1 3 1 1 3 1 1 3 1 4 4 1 1 1 1 1 1 1 1 1 1 1 1 1 3 1 1 1 2 1 1 1 1 1 1 2 1 1 1 1 1 1 1 1 1 1 2 4 1 3 3 1 1 3 1 3 3 1 1 1 1 1 3 1 2 1 1 1 1 1 3 3 1 1 1 1 1 1 1 1 1 1 1 1 1 1 1 1 1 1 1 1 1 1 1 1 1 1 1 1 1 1 1 1 1 1 1 1 1 1 1 1 1 1 1 1 1 1 1 1 1 1 1 1 1 1 1 1 1 1 1 1 1 1 1 1 1 1 1 1 1 1 1 1 1 1 1 1 1 1 1 1 1 1 1 1 1 1 1 1 1 1 1 1 1 1 1 1 1 1 1 1 1 1 1 1 1 1 1 1 1 1 1 1 1 1 1 1 1 1 1 1 1 1 1 1 1 1 1 1 1 1 1 1 1 1 1 1 1 1 1 1 1 1 1 1 1 1 1 1 1 1 1 1 1 1 1 1 1 1 1 1 1 1 1 1 1 1 1 1 1 1 1 1 1 1 1 1 1 1 1 1 1 1 1 1 1 1 1 1 1 1 1 1 1 1 1 1 1 1 1 1 1 1 1 1 1 1 1 1 1 1 1 1 1 1 1 1 1 1 1 1 1 1 1 1 1 1 1 1 1 1 1 1 1 1 1 1 1 1 1 1 1 1 1 1 1 1 1 1 1 1 1 1 1 1 1 1 1 1 1 1 1 1 1 1 1 1 1 1 1 1 1 1 1 1 1 1 1 1 1 1 1 1 1 1 1 1 1 1 1 1 1 1 1 1 1 1 1 1 1 1 1 1 1 1 1 1 1 1 1 1 1 1 1 1 1 1 1 1 1 1 1 1 1 1 1 1 1 1 1 1 1 1 1 1 1 1 1 1 1 1 1 1 1 1 1 1 1 1 1 1 1 1 1 1 1 1 1 1 1 1 1 1 1 1 1 1 1 1 1 1 1 1 1 1 1 1 1 1 1 1 1 1 1 1 1 1 1 1 1 1 1 1 1 1 1 1 1 1 1 1 1 1 1 1 1 1 1 1 1 1 1 1 1 1 1 1 1 1 1 1 1 1 1 1 1 1 1 1 1 1 1 1 1 1 1 1 1 1 1 1 1 1 1 1 1 1 1 1 1 1 1 1 1 1 1 1 1 1 1 1 1 1 1 1 1 1 1 1 1 1 1 1 1 1 1 1 1 1 1 1 1 1 1 1 1 1 1 1 1 1 1 1 1 1 1 1 1 1 1 1 1 1 1 1 1 1 1 1 1 1 1 1 1 1 1 1 1 1 1 1 1 1 1 1 1 1 1 1 1 1 1 1 1 1 1 1 1 1 1 1 1 1 1 1 1 1 1 1 1 1 1 1 1 1 1 1 1 1 1 1 1 1 1 1 1 1 1 1 1 1 1 1 1 1 1 1 1 1 1 1 1 1 1 1 1 1 1 1 1 1 1 1 1 1 1 1 1 1 1 1 1 1 1 1 1 1 1 1 1 1 1 1 1 1 1 1 1 1 1 1 1 1 1 1 1 1 1 1 1 1 1 1 1 1 1 1 1 1 1 1 1 1 1 1 1 1 1 1 1 1 1 1 1 1 1 1 1 1 1 1 1 1 1 1 1 1 1 1 1 1 1 1 1 1 1 1 1 1 1 1 1 1 1 1 1 1 1 1 1 1 1 1 1 1 1 1 1 1 1 1 1 1 1 1 1 1 1 1 1 1 1 1 1 1 1 1 1 1 1 1 1 1 1 1 1 1 1 1 1 1 1 1 1 1 1 1 1 1 1 1 1 1 1 1 1 1 1 1 1 1 1 1 1 1 1 1 1 1 1 1 1 1 1 1 1 1 1 1 1 1 1 1 1 1 1 1 1 1 1 1 1 1 1 1 1 1 1 1 1 1 1 1 1 1 1 1 1 1 1 1 1 1 1 1 1 1 1 1 1 1 1 1 1 1 1 1 1 1 1 1 1 1 1 1 1 1 1 1 1 1 1 1 1 1 1 1 1 1 1 1 1 1 1 1 1 1 1 1 1 1 1 1 1 1 1 1 1 1 1 1 1 1 1 1 1 1 1 1 1 1 1 1 1 1 1 1 1 1 1 1 1 1 1 1 1 1 1 1 1 1 1 1 1 1 1 1 1 1 1 1 1 1 1 1 1 1 1 1 1 1 1 1 1 1 1 1 1 1 1 1 1 1 1 1 1 1 1 1 1 1 1 1 1 1 1 1 1 1 1 1 1 1 1 1 1 1 1 1 1 1 1 1 1 1 1 1 1 1 1 1 1 1 1 1 1 1 1 1 1 1 1 1 1 1 1 1 1 1 1 1 1 1 1 1 1 1 1 1 1 1 1 1 1 1 1 1 1 1 1 1 1 1 1 1 1 1 1 1 1 1 1 1 1 1 1 1 1 1 1 1 1 1 1 1 1 1 1 1 1 1 1 1 1 1 1 1 1 1 1 1 1 1 1 1 1 1 1 1 1 1 1 1 1 1 1 1 1 1 1 1 1 1 1 1 1 1 1 1 1 1 1 1 1 1 1 1 1 1 1 1 1 1 1 1 1 1 1 1 1 1 1 1 1 1 1 1 1 1 1 1 1 1 1 1 1 1 1 1 1 1 1 1 1 1 1 1 1 1 1 1 1 1 1 1 1 1 1 1 1 1 1 1 1 1 1 1 1 1 1 1 1 1 1 1 1 1 1 1 1 1 1 1 1 1 1 1 1 1 1 1 1 1 1 1 1 1 1 1 1 1 1 1 1 1 1 1 1 1 1 1 1 1 1 1 1 1 1 1 1 1 1 1 1 1 1 1 1 1 1 1 1 1 1 1 1 1 1 1 1 1 1 1 1 1 1 1 1 1 1 1 1 1 1 1 1 1 1 1 1 1 1 1 1 1 1 1 1 1 1 1 1 1 1 1 1 1 1 1 1 1 1 1 1 1 1 1 1 1 1 1 1 1 1 1 1 1 1 1 1 1 1 1 1 1 1 1 1 1 1 1 1 1 1 1 1 1 1 1 1 1 1 1 1 1 1 1 1 1 1 1 1 1 1 1 1 1 1 1 1 1 1 1 1 1 1 1 1 1 1 1 1 1 1 1 1 1 1 1 1 1 1 1 1 1 1 1 1 1 1 1 1 1 1 1 1 1 1 1 1 1 1 1 1 1 1 1 1 1 1 1 1 1 1 1 1 1 1 1 1 1 1 1 1 1 1 1 1 1 1 1 1 1 1 1 1 1 1 1 1 1 1 1 1 1 1 1 1 1 1 1 1 1 1 1 1 1 1 1 1 1 1 1 1 1 1 1 1 1 1 1 1 1 1 1 1 1 1 1 1 1 1 1 1 1 1 1 1 1 1 1 1 1 1 1 1 1 1 1 1 1 1 1 1 1 1 1 1 1 1 1 1 1 1 1 1 1 1 1 1 1 1 1 1 1 1 1 1 1 1 1 1 1 1 1 1 1 1 1 1 1 1 1 1 1 1 1 1 1 1 1 1 1 1 1 1 1 1 1 1 1 1 1 1 1 1 1 1 1 1 1 1 1 1 1 1 1 1 1 1 1 1 1 1 1 1 1 1 1 1 1 1 1 1 1 1 1 1 1 1 1 1 1 1 1 1 1 1 1 1 1 1 1 1 1 1 1 1 1 1 1 1 1 1 1 1 1 1 1 1 1 1 1 1 1 1 1 1 1 1 1 1 1 1 1 1 1 1 1 1 1 1 1 1 1 1 1 1 1 1 1 1 1 1 1 1 1 1 1 1 1 1 1 1 1 1 1 1 1 1 1 1 1 1 1 1 1 1 1 1 1 1 1 1 1 1 1 1 1 1 1 1 1 1 1 1 1 1 1 1 1 1 1 1 1 1 1 1 1 1 1 1 1 1 1 1 1 1 1 1 1 1 1 1 1 1 1 1 1 1 1 1 1 1 1 1 1 1 1 1 1 1 1 1 1 1 1 1 1 1 1 1 1 1 1 1 1 1 1 1 1 1 1 1 1 1 1 1 1 1 1 1 1 1 1 1 1 1 1 1 1 1 1 1 1 1 1 1 1 1 1 1 1 1 1 1 1 1 1 1 1 1 1 1 1 1 1 1 1 1 1 1 1 1 1 1 1 1 1 1 1 1 1 1 1 1 1 1 1 1 1 1 1 1 1 1 1 1 1 1 1 1 1 1 1 1 1 1 1 1 1 1 1 1 1 1 1 1 1 1 1 1 1 1 1 1 1 1 1 1 1 1 1 1 1 1 1 1 1 1 1 1 1 1 1 1 1 1 1 1 1 1 1 1 1 1 1 1 1 1 1 1 1 1 1 1 1 1 1 1 1 1 1 1 1 1 1 1 1 1 1 1 1 1 1 1 1 1 1 1 1 1 1 1 1 1 1 1 1 1 1 1 1 1 1 1 1 1 1 1 1 1 1 1 1 1 1 1 1 1 1 1 1 1 1 1 1 1 1 1 1 1 1 1 1 1 1 1 1 1 1 1 1 1 1 1 1 1 1 1 1 1 1 1 1 1 1 1 1 1 1 1 1 1 1 1 1 1 1 1 1 1 1 1 1 1 1 1 1 1 1 1 1 1 1 1 1 1 1 1 1 1 1 1 1 1 1 1 1 1 1 1 1 1 1 1 1 1 1 1 1 1 1 1 1 1 1 1 1 1 1 1 1 1 1 1 1 1 1 1 1 1 1 1 1 1 1 1 1 1 1 1 1 1 1 1 1 1 1 1 1 1 1 1 1 1 1 1 1 1 1 1 1 1 1 1 1 1 1 1 1 1 1 1 1 1 1 1 1 1 1 1 1 1 1 1 1 1 1 1 1 1 1 1 1 1 1 1 1 1 1 1 1 1 1 1 2 2 2 2 2 2 1 2 2 2 2 2 2 2 2 2 2 2 2 2 2 2 2 2 2 2 2 2 2 2 2 2 2 2 2 2 2 2 2 2 2 2 2 2 2 2 2 2 2 2 2 2 2 2 2 2 2 2 2 2 2 2 2 2 2 1 2 2 2 2 1 1 2 1 2 4 4 2 4 2 3 3 3 2 3 2 2 2 2 2 2 2 4 4 2 2 3 2 3 2 2 2 2 2 2 2 2 2 2 2 2 2 2 2 2 2 2 2 2 2 2 2 2 2 2 2 2 2 2 2 2 2 2 2 2 2 2 2 2 2 2 2 2 2 2 2 2 2 2 2 2 2 2 2 2 2 2 2 2 2 2 2 2 2 2 2 2 2 2 2 2 2 2 2 2 2 2 2 2 3 2 2 2 2 2 2 2 2 2 2 2 2 2 2 2 2 2 2 2 2 2 2 2 2 2 2 2 2 2 2 2 2 2 2 3 2 2 2 3 2 2 2 2 2 2 2 2 2 2 2 2 2 2 2 2 2 2 2 2 2 2 2 2 2 2 2 2 2 2 2 2 2 2 2 2 2 2 2 2 2 2 2 2 2 2 2 2 2 2 2 2 2 2 2 2 2 2 2 2 2 2 2 2 3 3 2 3 2 2 2 2 2 2 2 2 2 2 2 2 2 2 2 2 2 2 2 2 2 1 2 2 2 2 2 2 2 4 2 2 2 2 2 4 2 2 2 3 2 4 2 2 2 2 2 2 2 2 2 2 2 2 2 2 2 2 2 2 2 2 2 2 2 2 2 2 2 2 2 2 2 2 2 2 2 2 2 2 2 2 2 2 2 2 2 2 2 2 2 2 2 2 2 2 2 2 2 2 2 2 2 2 2 2 3 3 2 3 3 2 2 3 3 2 2 2 2 2 2 2 2 2 2 2 2 2 2 2 2 2 2 2 2 2 2 2 2 2 2 2 2 2 2 2 2 2 2 2 2 1 2 2 2 2 2 2 2 2 2 2 2 2 2 2 2 2 2 2 2 2 2 2 2 2 2 2 2 2 2 2 2 2 2 2 2 2 2 2 2 2 2 2 2 2 2 4 4 2 2 2 2 2 2 2 2 2 2 2 2 2 2 2 2 2 2 2 2 2 2 2 2 2 2 1 2 2 2 2 2 2 2 2 2 2 2 3 2 2 2 2 2 2 2 2 2 2 2 2 2 2 2 2 2 2 2 2 2 2 2 2 2 2 2 2 2 2 2 2 2 2 2 2 2 2 2 2 2 2 2 2 2 2 2 2 2 2 2 2 2 2 2 2 2 2 2 2 2 2 2 2 2 2 2 2 2 2 2 2 2 2 2 2 2 2 2 3 2 3 2 2 2 2 2 2 2 2 2 2 2 2 2 2 2 2 2 2 2 2 2 2 2 2 2 2 2 2 2 2 2 2 2 1 2 2 2 2 2 2 2 2 2 2 2 2 2 2 2 2 2 2 2 2 2 2 2 2 2 2 2 2 2 2 2 2 2 2 2 2 2 2 2 2 2 2 2 2 2 2 2 2 2 2 2 2 2 2 2 2 3 3 2 2 1 2 3 2 2 2 2 2 2 2 2 2 2 2 2 2 2 2 2 2 2 2 2 2 2 2 2 2 2 2 2 2 2 2 2 2 2 2 2 2 2 2 2 2 2 2 2 2 2 2 2 2 2 2 2 2 2 2 2 2 2 3 2 2 2 2 2 2 2 2 2 2 2 2 2 2 2 2 2 2 2 2 3 3 2 3 2 3 2 3 2 3 2 2 2 2 2 2 2 2 2 2 2 2 2 2 2 2 2 2 2 2 2 2 2 2 2 2 2 2 2 2 2 2 2 2 2 2 2 2 2 2 2 2 2 2 2 2 2 2 2 2 2 2 2 2 2 2 2 2 2 2 2 2 2 2 2 2 2 2 2 2 2 2 2 2 2 2 2 2 2 2 2 2 2 2 2 2 2 2 2 2 2 2 2 2 2 2 2 2 2 2 2 2 2 2 2 2 2 2 2 2 2 2 2 2 2 2 2 2 2 2 2 2 2 2 2 2 2 2 2 2 2 2 2 2 2 2 2 2 2 2 2 2 2 2 2 2 2 2 2 2 2 2 2 2 2 2 2 2 2 2 2 2 2 2 2 2 2 2 2 2 2 2 2 2 2 2 2 2 2 2 2 2 2 2 2 2 2 2 2 2 2 2 2 2 2 2 2 2 2 2 2 3 3 3 3 3 3 3 3 3 3 3 3 3 3 3 3 4 2 2 3 3 4 3 4 3 3 3 1 3 3 3 3 3 3 3 3 3 3 3 3 3 3 3 3 3 3 3 3 3 3 3 3 3 3 3 3 3 3 3 3 3 3 3 3 3 3 3 3 3 3 3 3 3 3 3 3 3 3 3 3 3 3 3 3 3 3 3 3 3 3 3 3 3 3 3 3 3 3 3 3 3 3 3 3 3 3 3 3 3 3 3 3 3 3 3 3 3 3 3 3 3 3 3 3 3 3 3 3 3 3 3 3 3 3 3 3 3 3 3 3 3 3 3 3 3 3 3 3 3 3 3 3 3 3 3 3 3 1 1 3 3 3 3 3 3 3 3 3 3 3 3 3 3 3 3 3 3 3 3 3 3 3 3 3 3 3 3 3 3 3 3 3 3 3 3 3 3 3 3 3 3 3 3 3 1 1 3 3 3 3 3 3 3 3 3 3 3 3 3 3 3 3 3 3 3 3 3 3 3 3 3 3 3 3 3 3 3 3 3 3 3 3 3 3 3 3 3 3 3 2 3 3 3 3 3 3 3 3 3 3 3 3 3 3 3 3 3 3 3 3 3 3 3 3 3 3 3 3 3 3 3 3 3 3 3 3 3 3 3 3 3 3 3 3 3 3 3 3 3 3 1 3 3 3 3 3 3 3 3 3 3 3 3 3 3 3 3 3 3 3 3 3 3 3 3 3 3 3 3 3 3 3 3 3 3 3 3 3 4 3 3 3 3 4 3 3 3 3 4 3 3 1 3 3 3 3 3 3 3 3 3 3 3 3 3 3 3 3 3 3 3 3 3 3 3 3 3 3 3 3 3 3 3 3 3 1 3 3 3 3 3 3 3 3 3 3 3 3 3 3 3 3 3 2 1 1 3 3 3 3 3 3 3 3 3 3 3 3 3 3 3 1 3 3 3 1 3 3 3 3 3 3 3 3 3 1 3 1 1 4 2 3 3 3 3 3 3 3 3 3 3 3 3 3 3 3 3 2 3 3 3 3 3 2 4 4 </vcount>
          <v>22 0 22 0 22 0 22 0 22 0 22 0 22 0 22 1 2 2 22 0 22 0 22 0 22 0 22 0 22 0 22 0 22 0 22 0 22 0 22 0 22 3 2 4 22 0 22 0 22 0 22 0 22 5 2 6 22 0 22 0 22 0 22 0 22 0 22 0 22 0 22 0 22 0 22 0 22 0 22 0 22 0 22 0 22 0 22 0 22 0 22 0 22 0 22 0 22 0 22 0 22 0 22 0 22 0 22 0 22 0 22 0 22 0 22 0 22 0 22 0 22 0 22 0 22 0 22 0 22 0 22 0 22 0 22 0 22 0 22 0 22 0 22 0 22 0 22 0 22 0 22 0 22 0 22 0 22 0 22 0 22 0 22 0 22 0 22 0 22 0 22 0 22 0 22 0 22 0 22 0 22 0 22 0 22 0 22 0 22 0 22 0 22 0 22 0 22 0 22 0 22 0 22 0 22 0 22 0 22 0 22 0 22 0 22 0 22 0 22 0 22 0 22 0 22 0 22 0 22 0 22 0 22 0 22 0 22 0 22 0 22 0 22 0 22 0 22 0 22 0 22 0 22 0 22 0 22 0 22 0 22 0 22 0 22 0 22 0 22 0 22 0 22 0 22 0 22 0 22 0 22 0 22 0 22 0 22 0 22 0 22 0 22 0 22 0 22 0 22 0 22 0 22 0 22 0 22 0 22 0 22 0 22 0 22 0 22 0 22 0 22 0 22 0 22 0 22 0 22 0 22 0 22 0 22 0 22 0 22 0 22 0 22 0 22 0 22 0 22 0 22 0 22 0 22 0 22 0 22 0 22 0 22 0 22 0 22 0 22 0 22 0 22 0 22 0 22 0 22 0 22 0 22 0 22 0 22 0 22 0 22 0 22 0 22 0 22 0 22 0 22 0 22 0 22 0 22 0 22 0 22 0 22 0 22 0 22 0 22 0 22 0 22 0 22 0 22 0 22 0 22 0 22 0 22 0 22 0 22 0 22 0 22 0 22 0 22 0 22 0 22 0 22 0 22 0 22 0 22 0 22 0 22 0 22 0 22 0 22 0 22 0 22 7 2 8 22 0 22 0 22 9 2 10 22 0 22 11 2 12 22 0 22 0 22 0 22 0 22 0 22 0 22 0 22 0 22 0 22 0 22 13 2 14 22 15 2 16 22 0 22 0 22 0 22 0 22 0 22 0 22 0 22 0 22 0 22 0 22 0 22 0 22 0 22 0 22 0 22 0 22 0 22 0 22 0 22 0 22 0 22 0 22 0 22 0 22 0 22 0 22 0 22 0 22 0 22 0 22 0 22 0 22 0 22 0 22 0 22 0 22 0 22 0 22 0 22 0 22 0 22 0 22 0 22 0 22 0 22 0 22 0 22 0 22 0 22 0 22 0 22 0 22 0 22 0 22 0 22 0 22 0 22 0 22 0 22 0 22 0 22 0 22 0 22 0 22 0 22 0 22 0 22 0 22 0 22 0 22 0 22 0 22 0 22 0 22 0 22 0 22 0 22 0 22 0 22 0 22 0 22 0 22 0 22 0 22 0 22 0 22 0 22 0 22 0 22 0 22 0 22 0 22 0 22 0 22 0 22 17 2 18 22 19 2 20 22 0 22 0 22 21 2 22 22 0 22 0 22 0 22 0 22 0 22 0 22 0 22 0 22 0 22 0 22 23 2 24 22 25 2 26 22 0 22 0 22 0 22 0 22 0 22 0 22 0 22 0 22 0 22 0 22 0 22 0 22 0 22 0 22 0 22 0 22 0 22 0 22 0 22 0 22 0 22 0 22 0 22 0 22 0 22 0 22 0 22 0 22 0 22 0 22 0 22 0 22 0 22 0 22 0 22 0 22 0 22 0 22 0 22 0 22 0 22 0 22 0 22 0 22 0 22 0 22 0 22 0 22 0 22 0 22 0 22 0 22 0 22 0 22 0 22 0 22 0 22 0 22 0 22 0 22 0 22 0 22 0 22 0 22 0 22 0 22 0 22 0 22 0 22 0 22 0 22 0 22 0 22 0 22 0 22 0 22 0 22 0 22 0 22 0 22 0 22 0 22 0 22 0 22 0 22 0 22 0 22 0 22 0 22 0 22 0 22 0 22 0 22 0 22 0 22 0 22 0 22 0 22 0 22 0 22 0 22 0 22 0 22 0 22 0 22 0 22 0 22 0 22 0 22 27 2 28 22 0 22 0 22 0 22 0 22 0 22 0 22 0 22 0 22 0 22 0 22 0 22 0 22 0 22 0 22 0 22 0 22 0 22 0 22 0 22 0 22 0 22 0 22 0 22 0 22 0 22 0 22 0 22 0 22 0 22 0 22 0 22 0 22 0 22 0 22 0 22 0 22 0 22 0 22 29 2 30 22 0 22 0 22 31 2 32 22 0 22 0 22 0 22 0 22 33 2 34 22 0 22 0 22 0 22 0 22 0 22 0 22 0 22 0 22 0 22 0 22 0 22 0 22 0 22 0 22 0 22 0 22 0 22 0 22 0 22 0 22 0 22 0 22 0 22 0 22 0 22 0 22 0 22 0 22 0 22 0 22 0 22 0 22 0 22 0 22 0 22 0 22 0 22 0 22 0 22 0 22 0 22 0 22 0 22 0 22 0 22 0 22 35 2 36 22 37 2 38 22 0 22 0 22 0 22 0 22 0 22 0 22 0 22 0 22 0 22 0 22 0 22 0 22 0 22 0 22 0 22 0 22 0 22 0 22 0 22 0 22 0 22 39 2 40 22 0 22 41 2 42 22 0 22 0 22 0 22 0 22 43 2 44 24 0 24 0 24 0 24 0 24 0 24 0 24 45 2 46 24 0 24 0 24 0 24 0 24 0 24 0 24 47 2 48 24 49 2 50 24 0 24 0 24 0 24 0 24 0 24 0 24 0 24 0 24 0 24 0 24 51 2 52 24 0 24 0 24 0 24 0 24 0 24 0 24 0 24 0 24 0 24 0 24 0 24 0 24 0 24 0 24 0 24 0 24 0 24 0 24 0 24 0 24 0 24 0 24 0 24 0 24 0 24 0 24 0 24 0 24 0 24 0 24 0 24 0 24 0 24 0 24 0 24 0 24 0 24 0 24 0 24 0 24 0 24 0 24 0 24 0 24 0 24 0 24 0 24 0 24 0 24 0 24 0 24 0 24 0 24 0 24 0 24 0 24 0 24 0 24 0 24 0 24 0 24 0 24 0 24 0 24 0 24 0 24 0 24 0 24 0 24 0 24 0 24 0 24 0 24 0 24 0 24 0 24 0 24 0 24 0 24 0 24 0 24 0 24 0 24 0 24 0 24 0 24 0 24 0 24 0 24 0 24 0 24 0 24 0 24 0 24 53 2 54 24 0 24 0 24 55 2 56 24 0 24 57 2 58 24 0 24 59 2 60 24 0 24 61 2 62 24 63 2 64 24 65 2 66 24 0 24 0 24 0 24 0 24 0 24 0 24 0 24 0 24 0 24 0 24 0 24 0 24 0 24 0 24 0 24 0 24 0 24 0 24 0 24 0 24 0 24 0 24 0 24 0 24 0 24 0 24 0 24 0 24 0 24 0 24 0 24 0 24 0 24 0 24 0 24 0 24 0 24 0 24 0 24 0 24 0 24 0 24 0 24 0 24 0 24 0 24 0 24 0 24 0 24 0 24 0 24 0 24 0 24 0 24 0 24 0 24 0 24 0 24 0 24 0 24 0 24 0 24 0 24 0 24 0 24 0 24 0 24 0 24 0 24 0 24 0 24 0 24 0 24 67 2 68 24 0 24 0 24 69 2 70 24 0 24 0 24 71 2 72 24 0 24 0 24 73 2 74 24 75 2 76 24 0 24 0 24 77 2 78 24 0 24 0 24 0 24 0 24 0 24 0 24 0 24 0 24 0 24 0 24 0 24 0 24 0 24 0 24 0 24 0 24 0 24 0 24 0 24 0 24 0 24 0 24 0 24 0 24 0 24 0 24 0 24 0 24 0 24 0 24 0 24 0 24 0 24 0 24 0 24 0 24 0 24 0 24 0 24 0 24 0 24 0 24 0 24 0 24 0 24 0 24 0 24 0 24 0 24 0 24 0 24 0 24 0 24 0 24 0 24 0 24 0 24 0 24 0 24 0 24 0 24 0 24 0 24 0 24 0 24 0 24 0 24 0 24 0 24 0 24 0 24 0 24 0 24 0 24 0 24 0 24 0 24 0 24 0 24 0 24 0 24 0 24 0 24 0 24 0 24 0 24 0 24 0 24 0 24 0 24 79 2 80 24 81 2 82 24 0 24 0 24 83 2 84 24 0 24 85 2 86 24 87 2 88 24 0 24 0 24 0 24 89 2 90 24 0 24 0 24 0 24 0 24 0 24 0 24 0 24 0 24 0 24 0 24 0 24 0 24 0 24 0 24 0 24 0 24 0 24 0 24 0 24 0 24 0 24 0 24 0 24 0 24 0 24 0 24 0 24 0 24 0 24 0 24 0 24 0 24 0 24 0 24 0 24 0 24 0 24 0 24 0 24 0 24 0 24 0 24 0 24 0 24 0 24 0 24 0 24 0 24 0 24 0 24 0 24 0 24 0 24 0 24 0 24 0 24 0 24 0 24 0 24 0 24 0 24 0 24 0 24 0 24 0 24 0 24 0 24 0 24 0 24 0 24 0 24 0 24 0 24 0 24 0 24 0 24 0 24 0 24 0 24 0 24 0 24 0 24 0 24 0 24 0 24 0 24 0 24 0 24 0 24 0 24 0 24 0 24 0 24 0 24 0 24 0 24 0 24 0 24 0 24 0 24 0 24 0 24 0 24 0 24 0 24 0 24 0 24 0 24 0 24 0 24 0 24 91 2 92 24 0 24 0 24 0 24 0 24 0 24 0 24 0 24 0 24 0 24 0 24 0 24 0 24 0 24 0 24 0 24 0 24 0 24 0 24 0 24 0 24 0 24 0 24 0 24 0 24 0 24 0 24 0 24 0 24 0 24 0 24 0 24 0 24 0 24 0 24 0 24 0 24 0 24 0 24 0 24 0 24 0 24 0 24 0 24 0 24 0 24 93 2 94 24 0 24 0 24 0 24 0 24 0 24 0 24 0 24 0 24 0 24 0 24 0 24 0 24 0 24 0 24 0 24 0 24 95 2 96 24 0 24 0 24 0 24 97 2 98 24 0 24 0 24 0 24 0 24 0 24 0 24 0 24 0 24 0 24 0 24 0 24 0 24 0 24 0 24 0 24 0 24 0 24 99 2 100 24 0 24 0 24 0 24 0 24 0 24 0 24 0 24 0 24 0 24 0 24 101 2 102 24 0 24 0 24 0 24 0 24 103 2 104 24 0 24 105 2 106 24 0 24 0 24 0 24 0 24 0 24 0 24 0 24 0 24 0 24 0 24 0 24 0 24 0 18 0 18 0 18 0 18 0 18 0 18 0 18 0 18 0 18 0 18 0 18 0 18 0 18 0 18 0 18 0 18 0 18 0 18 0 18 0 18 0 18 0 18 0 18 0 18 0 18 0 18 0 18 0 18 0 18 0 18 0 18 0 18 0 18 0 18 0 18 0 18 0 18 0 18 0 18 0 18 0 18 0 18 0 18 0 18 0 18 0 18 0 18 0 18 0 18 0 18 0 18 0 18 0 18 0 18 0 18 0 18 0 18 0 18 0 18 0 18 0 18 0 18 0 18 0 18 0 18 0 18 0 18 0 18 0 18 0 18 0 18 0 18 0 18 0 18 0 18 0 18 0 18 0 18 0 18 0 18 0 18 0 18 0 18 0 18 0 18 0 18 0 18 0 18 0 18 0 18 0 18 0 18 0 18 0 18 0 18 0 18 0 18 0 18 0 18 0 18 0 18 0 18 0 18 0 18 0 18 0 18 0 18 0 18 0 18 0 18 0 18 0 18 0 18 0 18 0 18 0 18 0 18 0 18 0 18 0 18 0 18 0 18 0 18 0 18 0 18 0 18 0 18 0 18 0 18 0 18 0 18 0 18 0 18 0 18 0 18 0 18 0 18 0 18 0 18 0 18 0 18 0 18 0 18 0 18 0 18 0 18 0 18 0 18 0 18 0 18 0 18 0 18 0 18 0 18 0 18 0 18 0 18 0 18 0 18 0 18 0 18 0 18 0 18 0 18 0 18 0 18 0 18 0 18 0 18 0 18 0 18 0 18 0 18 0 18 0 18 0 18 0 18 0 18 0 18 0 18 0 18 0 18 0 18 0 18 0 18 0 18 0 18 0 18 0 18 0 18 0 18 0 18 0 18 0 18 0 18 0 18 0 18 0 18 0 18 0 18 0 18 0 18 0 18 0 18 0 18 0 18 0 18 0 18 0 18 0 18 0 18 0 18 0 18 0 18 0 18 0 18 0 18 0 18 0 18 0 18 0 18 0 18 0 18 0 18 0 18 0 18 0 18 0 18 0 18 0 18 0 18 0 18 0 18 0 18 0 18 0 18 0 18 0 18 0 18 0 18 0 18 0 18 0 18 0 18 0 18 0 18 0 18 0 18 0 18 0 18 0 18 0 18 0 18 0 18 0 18 0 18 0 18 0 18 0 18 0 18 0 18 0 18 0 18 0 18 0 18 0 18 0 18 0 18 0 18 0 18 0 18 0 18 0 18 0 18 0 18 0 18 0 18 0 18 0 18 0 18 0 18 0 18 0 18 0 18 0 18 0 18 0 18 0 18 0 18 0 18 0 18 0 18 0 18 0 18 0 18 0 18 0 18 0 18 0 18 0 18 0 18 0 18 0 18 0 18 0 18 0 18 0 18 0 18 0 18 0 18 0 18 0 18 0 18 0 18 0 18 0 18 0 18 0 18 0 18 0 18 0 18 0 18 0 18 0 18 0 18 0 18 0 18 0 18 0 18 0 18 0 18 0 18 0 18 0 18 0 18 0 18 0 18 0 18 0 18 0 18 0 18 0 18 0 18 0 18 0 18 0 18 0 18 0 18 0 18 0 18 0 18 0 18 0 18 0 18 0 18 0 18 0 18 0 18 0 18 0 18 0 18 0 18 0 18 0 18 0 18 0 18 0 18 0 18 0 18 0 18 0 18 0 18 0 18 0 18 0 18 0 18 0 18 0 18 0 18 0 18 0 18 0 18 0 18 0 18 0 18 0 18 0 18 0 18 0 18 0 18 0 18 0 18 0 18 0 18 0 18 0 18 0 18 0 18 0 18 0 18 0 18 0 18 0 18 0 18 0 18 0 18 0 18 0 18 0 18 0 18 0 18 0 18 0 18 0 18 0 18 0 18 0 18 0 18 0 18 0 18 0 18 0 18 0 18 0 18 0 18 0 18 0 18 0 18 0 18 0 18 0 18 0 18 0 18 0 18 0 18 0 18 0 18 0 18 0 18 0 18 0 18 0 18 0 18 0 18 0 18 0 18 0 18 0 18 0 18 0 18 0 18 0 18 0 18 0 18 0 18 0 18 0 18 0 18 0 18 0 18 0 18 0 18 0 18 0 18 0 18 0 18 0 18 0 18 0 18 0 18 0 18 0 18 0 18 0 18 0 18 0 18 0 18 0 18 0 18 0 18 0 18 0 18 0 18 0 18 0 18 0 18 0 18 0 18 0 18 0 18 0 18 0 18 0 18 0 18 0 18 0 18 0 18 0 18 0 18 0 18 0 18 0 18 0 18 0 18 0 18 0 18 0 18 0 18 0 18 0 18 0 18 0 18 0 18 0 18 0 18 0 18 0 18 0 18 0 18 0 18 0 18 0 18 0 18 0 18 0 18 0 18 0 18 0 18 0 18 0 18 0 18 0 18 0 18 0 18 0 18 0 18 0 18 0 18 0 18 0 18 0 18 0 18 0 18 0 18 0 18 0 18 0 18 0 18 0 18 0 18 0 18 0 18 0 18 0 18 0 18 0 18 0 18 0 18 0 18 0 18 0 18 0 18 0 18 0 18 0 18 0 18 0 18 0 18 0 18 0 18 0 18 0 18 0 18 0 18 0 18 0 18 0 18 0 18 0 18 0 2 0 2 0 2 0 2 0 2 0 2 0 2 0 2 0 2 0 2 0 2 0 2 0 2 0 2 0 2 0 2 0 2 0 2 0 2 0 2 0 2 0 2 0 2 0 2 0 2 0 2 0 2 0 2 0 2 0 2 0 5 0 5 0 5 0 5 0 5 0 5 0 5 0 5 0 5 0 5 0 5 0 5 0 5 0 5 0 5 0 5 0 5 0 5 0 5 0 5 0 5 0 5 0 5 0 5 0 5 0 5 0 5 0 5 0 5 0 5 0 5 0 5 0 5 0 5 0 5 0 5 0 5 0 5 0 5 0 5 0 5 0 5 0 5 0 5 0 5 0 5 0 5 0 5 0 5 0 5 0 5 0 5 0 5 0 5 0 5 0 5 0 5 0 5 0 5 0 5 0 5 0 5 0 5 0 5 0 5 0 5 0 5 0 5 0 5 0 5 0 5 0 5 0 5 0 5 0 5 0 5 0 5 0 5 0 5 0 5 0 5 0 5 0 5 0 5 0 5 0 5 0 5 0 5 0 5 0 5 0 5 0 5 0 5 0 5 0 5 0 5 0 5 0 5 0 5 0 5 0 5 0 5 0 5 0 5 0 5 0 5 0 5 0 5 0 5 0 5 0 5 0 5 0 5 0 5 0 5 0 5 0 5 0 5 0 5 0 5 0 5 0 5 0 5 0 5 0 5 0 5 0 5 0 5 0 5 0 5 0 5 0 5 0 5 0 5 0 5 0 5 0 5 0 5 0 5 0 5 0 5 0 5 0 5 0 5 0 5 0 5 0 5 0 5 0 5 0 5 0 5 0 5 0 5 0 5 0 5 0 5 0 5 0 5 0 5 0 5 0 5 0 5 0 5 0 5 0 5 0 5 0 5 0 5 0 5 0 5 0 5 0 5 0 5 0 5 0 5 0 5 0 5 0 5 0 5 0 5 0 5 0 5 0 5 0 5 0 5 0 5 0 5 0 5 0 5 0 5 0 5 0 5 0 5 0 5 0 5 0 5 0 5 0 5 0 5 0 5 0 5 0 5 0 5 0 5 0 5 0 5 0 5 0 5 0 5 0 5 0 5 0 5 0 5 0 5 0 5 0 5 0 5 0 5 0 5 0 5 0 5 0 5 0 5 0 5 0 5 0 5 0 5 0 5 0 5 0 5 0 5 0 5 0 5 0 5 0 5 0 5 0 5 0 5 0 5 0 5 0 5 0 5 0 5 0 5 0 5 0 5 0 5 0 5 0 5 0 5 0 5 0 5 0 5 0 5 0 5 0 5 0 5 0 5 0 5 0 5 0 5 0 5 0 5 0 5 0 5 0 5 0 5 0 5 0 5 0 5 0 5 0 5 0 5 0 5 0 5 0 5 0 5 0 5 0 5 0 5 0 5 0 5 0 5 0 5 0 5 0 5 0 5 0 5 0 5 0 5 0 5 0 5 0 5 0 5 0 5 0 5 0 5 0 5 0 5 0 5 0 5 0 5 0 5 0 5 0 5 0 5 0 5 0 5 0 5 0 5 0 5 0 5 0 5 0 5 0 5 0 5 0 5 0 5 0 5 0 5 0 5 0 5 0 5 0 5 0 5 0 5 0 5 0 5 0 5 0 5 0 5 0 5 0 5 0 5 0 5 0 5 0 5 0 5 0 5 0 5 0 5 0 5 0 5 0 5 0 5 0 5 0 5 0 5 0 5 0 5 0 5 0 5 0 5 0 5 0 5 0 5 0 5 0 5 0 5 0 5 0 5 0 5 0 5 0 5 0 5 0 5 0 5 0 5 0 5 0 5 0 5 0 5 0 5 0 5 0 5 0 5 0 5 0 5 0 5 0 5 0 5 0 5 0 5 0 5 0 5 0 5 0 5 0 5 0 5 0 5 0 5 0 5 0 5 0 5 0 5 0 5 0 5 0 5 0 5 0 5 0 5 0 5 0 5 0 5 0 5 0 5 0 5 0 5 0 5 0 5 0 5 0 5 0 5 0 5 0 5 0 5 0 5 0 5 0 5 0 5 0 5 0 5 0 5 0 5 0 5 0 5 0 5 0 5 0 5 0 5 0 5 0 5 0 5 0 5 0 5 0 5 0 5 0 5 0 5 0 5 0 5 0 5 0 5 0 5 0 5 0 5 0 5 0 5 0 5 0 5 0 5 0 5 0 5 0 5 0 5 0 5 0 5 0 5 0 5 0 5 0 5 0 5 0 5 0 5 0 5 0 5 0 5 0 5 0 5 0 5 0 5 0 5 0 5 0 5 0 5 0 5 0 5 0 5 0 5 0 5 0 5 0 5 0 5 0 5 0 5 0 5 0 5 0 5 0 5 0 5 0 5 0 5 0 5 0 5 0 5 0 5 0 5 0 5 0 5 0 5 0 5 0 5 0 5 0 5 0 5 0 5 0 5 0 5 0 5 0 5 0 5 0 5 0 5 0 5 0 5 0 5 0 5 0 5 0 5 0 5 0 5 0 5 0 5 0 5 0 5 0 5 0 5 0 5 0 5 0 5 0 5 0 5 0 5 0 5 0 5 0 5 0 5 0 5 0 5 0 5 0 5 0 5 0 5 0 5 0 5 0 5 0 5 0 5 0 5 0 5 0 5 0 5 0 5 0 5 0 5 0 5 0 5 0 5 0 5 0 5 0 5 0 5 0 5 0 5 0 5 0 5 0 5 0 5 0 5 0 5 0 5 0 5 0 5 0 5 0 5 0 5 0 5 0 5 0 5 0 5 0 5 0 5 0 5 0 5 0 5 0 5 0 5 0 5 0 5 0 5 0 5 0 5 0 5 0 5 0 5 0 5 0 5 0 5 0 5 0 5 0 5 0 5 0 5 0 5 0 5 0 5 0 5 0 5 0 5 0 12 0 12 0 12 0 12 0 12 0 12 0 12 0 12 0 12 0 12 0 12 0 12 0 12 0 12 0 12 0 12 0 12 0 12 0 12 0 12 0 12 0 12 0 12 0 12 0 12 0 12 0 12 0 12 0 12 0 12 0 12 0 12 0 12 0 12 0 12 0 12 0 12 0 12 0 12 0 12 0 12 0 12 0 12 0 12 0 12 0 12 0 12 0 12 0 12 0 12 0 12 0 12 0 12 0 12 0 12 0 12 0 12 0 12 0 12 0 12 0 12 0 12 0 12 0 12 0 12 0 12 0 12 0 12 0 12 0 12 0 12 0 12 0 12 0 12 0 12 0 12 0 12 0 12 0 12 0 12 0 12 0 12 0 12 0 12 0 12 0 12 0 12 0 12 0 12 0 12 0 12 0 12 0 12 0 12 0 12 0 12 0 12 0 12 0 12 0 12 0 12 0 12 0 12 0 12 0 12 0 12 0 12 0 12 0 12 0 12 0 12 0 12 0 12 0 12 0 12 0 12 0 12 0 12 0 12 0 12 0 12 0 12 0 12 0 12 0 12 0 12 0 12 0 12 0 12 0 12 0 12 0 12 0 12 0 12 0 12 0 12 0 12 0 12 0 12 0 12 0 12 0 12 0 12 0 12 0 12 0 12 0 12 0 12 0 12 0 12 0 12 0 12 0 12 0 12 0 12 0 12 0 12 0 12 0 12 0 12 0 12 0 12 0 12 0 12 0 12 0 12 0 12 0 12 0 12 0 12 0 12 0 12 0 12 0 12 0 12 0 12 0 12 0 12 0 12 0 12 0 12 0 12 0 12 0 12 0 12 0 12 0 12 0 12 0 12 0 12 0 12 0 12 0 12 0 12 0 12 0 12 0 12 0 12 0 12 0 12 0 12 0 12 0 12 0 12 0 12 0 12 0 12 0 12 0 12 0 12 0 12 0 12 0 12 0 12 0 12 0 12 0 12 0 12 0 12 0 12 0 12 0 12 0 12 0 12 0 12 0 12 0 12 0 12 0 12 0 12 0 12 0 12 0 12 0 12 0 12 0 12 0 12 0 12 0 12 0 12 0 12 0 12 0 12 0 12 0 12 0 12 0 12 0 12 0 12 0 12 0 12 0 12 0 12 0 12 0 12 0 12 0 12 0 12 0 12 0 12 0 12 0 12 0 12 0 12 0 12 0 12 0 12 0 12 0 12 0 12 0 12 0 12 0 12 0 12 0 12 0 12 0 12 0 12 0 12 0 12 0 12 0 12 0 12 0 12 0 12 0 12 0 12 0 12 0 12 0 12 0 12 0 12 0 12 0 12 0 12 0 12 0 12 0 12 0 12 0 12 0 12 0 12 0 12 0 12 0 12 0 12 0 12 0 12 0 12 0 12 0 12 0 12 0 12 0 12 0 12 0 12 0 12 0 12 0 12 0 12 0 12 0 12 0 12 0 12 0 12 0 12 0 12 0 12 0 12 0 12 0 12 0 12 0 12 0 12 0 12 0 12 0 12 0 12 0 12 0 12 0 12 0 12 0 12 0 12 0 12 0 12 0 12 0 12 0 12 0 12 0 12 0 12 0 12 0 12 0 12 0 12 0 12 0 12 0 12 0 12 0 12 0 12 0 12 0 12 0 12 0 12 0 12 0 12 0 12 0 12 0 12 0 12 0 12 0 12 0 12 0 12 0 12 0 12 0 12 0 12 0 12 0 12 0 12 0 12 0 12 0 12 0 12 0 12 0 12 0 12 0 12 0 12 0 12 0 12 0 12 0 12 0 12 0 12 0 12 0 12 0 12 0 12 0 12 0 12 0 12 0 12 0 12 0 12 0 12 0 12 0 12 0 12 0 12 0 12 0 12 0 12 0 12 0 12 0 12 0 12 0 12 0 12 0 12 0 12 0 12 0 12 0 12 0 12 0 12 0 12 0 12 0 12 0 12 0 12 0 12 0 12 0 12 0 12 0 12 0 12 0 12 0 12 0 12 0 12 0 12 0 12 0 12 0 12 0 12 0 12 0 12 0 12 0 12 0 12 0 12 0 12 0 12 0 12 0 12 0 12 0 12 0 12 0 12 0 12 0 12 0 12 0 12 0 12 0 12 0 12 0 12 0 12 0 12 0 12 0 12 0 12 0 12 0 12 0 12 0 12 0 12 0 12 0 12 0 12 0 12 0 12 0 12 0 12 0 12 0 12 0 12 0 12 0 12 0 12 0 12 0 12 0 12 0 12 0 12 0 12 0 12 0 12 0 12 0 12 0 12 0 12 0 12 0 12 0 12 0 12 0 12 0 12 0 12 0 12 0 12 0 12 0 12 0 12 0 12 0 12 0 12 0 12 0 12 0 12 0 12 0 12 0 12 0 12 0 12 0 12 0 12 0 12 0 12 0 12 0 12 0 12 0 12 0 12 0 12 0 12 0 12 0 12 0 12 0 12 0 12 0 12 0 12 0 12 0 12 0 12 0 12 0 12 0 12 0 12 0 12 0 12 0 12 0 12 0 12 0 12 0 12 0 12 0 12 0 12 0 12 0 12 0 12 0 12 0 12 0 12 0 12 0 12 0 12 0 12 0 12 0 12 0 12 0 12 0 12 0 2 0 2 0 2 0 2 0 2 0 2 0 2 0 2 0 2 0 2 0 2 0 2 0 2 0 2 0 2 0 2 0 2 0 2 0 2 0 2 0 2 0 2 0 2 0 2 0 2 0 2 0 2 0 2 0 2 0 2 0 14 0 14 0 14 0 14 0 14 0 14 0 14 0 14 107 2 108 14 0 14 0 14 0 14 0 14 0 14 0 14 0 14 0 14 0 14 0 14 0 14 0 14 0 14 0 14 0 14 0 14 0 14 0 14 0 14 0 14 0 14 0 14 0 14 0 14 0 14 0 14 0 14 0 14 0 14 0 14 0 14 0 14 0 14 0 14 0 14 0 14 0 14 0 14 0 14 0 14 0 14 0 14 0 14 0 14 0 14 0 14 0 14 0 14 0 14 0 14 0 14 0 14 0 14 0 14 0 14 0 14 0 14 0 14 0 14 0 14 0 14 0 14 0 14 0 14 0 14 0 14 0 14 0 14 0 14 0 14 0 14 0 14 0 14 0 14 0 14 0 14 0 14 0 14 0 20 0 20 0 20 0 20 0 7 0 7 0 7 0 7 0 7 0 7 109 2 110 7 111 2 112 7 0 7 113 2 114 7 115 2 116 7 0 7 0 7 0 7 0 7 0 7 0 7 0 7 0 7 0 7 0 7 0 7 0 7 0 7 0 7 0 7 0 7 0 7 0 7 0 7 0 7 0 7 0 7 0 7 0 7 0 7 0 7 0 7 0 7 0 7 0 7 0 7 0 7 0 7 0 7 0 7 0 7 0 7 0 7 0 7 0 7 0 7 0 7 0 7 0 7 0 7 0 7 0 7 0 7 0 7 0 7 0 7 0 7 0 7 0 7 0 7 0 7 0 7 0 7 0 7 0 7 0 7 0 7 0 7 0 7 0 7 0 7 0 7 0 7 0 7 0 7 0 7 0 7 0 7 0 7 0 7 0 7 0 4 0 4 0 4 0 4 0 4 0 4 0 4 0 4 0 4 0 4 0 4 0 4 0 4 0 4 0 4 0 4 0 4 0 4 0 4 0 4 0 4 0 4 0 4 0 4 0 4 0 4 0 4 0 4 0 4 0 4 0 4 0 4 0 4 0 4 0 4 0 4 0 4 0 4 0 4 0 4 0 4 0 4 0 4 0 4 0 4 0 4 0 4 0 4 0 4 0 4 0 4 0 4 0 4 0 4 0 4 0 4 0 4 0 4 0 4 0 4 0 4 0 4 0 4 0 4 0 4 0 4 0 4 0 4 0 4 0 4 0 4 0 4 0 4 0 4 0 4 0 4 0 4 0 3 0 3 0 3 0 3 0 3 0 3 0 3 0 3 0 3 0 3 0 3 0 3 0 3 0 3 0 3 0 3 0 3 0 3 0 3 0 3 0 3 0 3 0 3 0 3 0 3 0 3 0 3 0 3 0 3 0 3 0 3 0 3 0 3 0 3 0 3 0 3 0 3 0 3 0 3 0 3 0 3 0 3 0 3 0 3 0 3 0 3 0 3 0 3 0 3 0 3 0 3 0 3 0 3 0 3 0 3 0 3 0 3 0 3 0 3 0 3 0 3 0 3 0 3 0 3 0 3 0 3 0 3 0 3 0 3 0 3 0 3 0 3 0 3 0 3 0 3 0 3 0 3 0 3 0 3 0 3 0 3 0 3 0 3 0 3 0 3 0 3 0 21 0 21 0 21 0 21 0 21 0 21 0 21 0 21 0 21 0 21 0 21 0 21 0 21 0 21 0 21 0 21 0 21 0 21 0 21 0 21 0 21 0 21 0 21 0 21 0 21 0 21 0 21 0 21 0 21 0 21 0 21 0 21 0 21 0 21 0 21 0 21 0 21 0 21 0 21 0 21 0 21 0 21 0 21 0 21 0 21 0 21 0 21 0 21 0 21 0 21 0 21 0 21 0 21 0 21 0 21 0 21 0 21 0 21 0 21 0 21 0 21 0 21 0 21 0 21 0 21 0 21 0 21 0 21 0 21 0 21 0 21 0 21 0 21 0 21 0 21 0 21 0 21 0 21 0 21 0 21 0 21 0 21 0 21 0 21 0 26 0 26 0 26 0 26 0 26 0 26 0 26 0 26 0 26 0 26 0 26 0 26 0 26 0 26 0 26 0 26 0 26 0 26 0 26 0 26 0 26 0 26 0 26 0 26 0 26 0 26 0 26 0 26 0 26 0 26 0 26 0 26 0 26 0 26 0 26 0 26 0 26 0 26 0 26 0 26 0 26 0 26 0 26 0 26 0 26 0 26 0 26 0 26 0 26 0 26 0 26 0 26 0 26 0 26 0 26 0 26 0 26 0 26 0 26 0 26 0 26 0 26 0 26 0 26 0 26 0 26 0 26 0 26 0 26 0 26 0 26 0 26 0 26 0 26 0 26 0 26 0 26 0 26 0 26 0 26 0 26 0 26 0 26 0 26 0 26 0 26 0 26 0 26 0 26 0 26 0 26 0 26 0 26 0 26 0 26 0 26 0 26 0 26 0 26 0 26 0 26 0 26 0 26 0 26 0 26 0 26 0 26 0 26 0 26 0 26 0 26 0 26 0 26 0 26 0 26 0 26 0 26 0 26 0 26 0 26 0 26 0 26 0 26 0 26 0 26 0 26 0 26 0 26 0 26 0 26 0 26 0 26 0 26 0 26 0 26 0 26 0 26 0 26 0 26 0 26 0 26 0 26 0 26 0 26 0 26 0 26 0 26 0 26 0 26 0 26 0 26 0 26 0 26 0 26 0 26 0 26 0 26 0 26 0 26 0 26 0 26 0 26 0 26 0 26 0 26 0 26 0 26 0 26 0 26 0 26 0 26 0 26 0 26 0 26 0 26 0 26 0 26 0 26 0 26 0 26 0 26 0 26 0 16 0 16 0 16 0 16 0 16 0 16 0 16 0 16 0 16 0 16 0 16 0 16 0 16 0 16 0 16 0 16 0 16 0 16 0 16 0 16 0 16 0 16 0 16 0 16 0 16 0 16 0 16 0 16 0 16 0 16 0 16 0 16 0 16 0 16 0 16 0 16 0 16 0 16 0 16 0 16 0 16 0 16 0 16 0 16 0 16 0 16 0 16 0 16 0 16 0 16 0 16 0 16 0 16 0 16 0 9 0 9 0 9 0 9 0 9 0 9 0 9 0 9 0 9 0 9 0 9 0 9 0 9 0 9 0 9 0 9 0 9 0 9 0 9 0 9 0 9 0 9 0 9 0 9 0 9 0 9 0 9 0 9 0 9 0 9 0 9 0 9 0 9 0 9 0 9 0 9 0 9 0 9 0 9 0 9 0 9 0 9 0 9 0 9 0 9 0 9 0 9 0 9 0 9 0 9 0 9 0 9 0 9 0 9 0 15 0 15 0 15 0 15 0 15 0 15 0 15 0 15 0 15 0 15 0 15 0 15 0 15 0 15 0 15 0 15 0 15 0 15 0 15 0 15 0 15 0 15 0 15 0 15 0 15 0 15 0 15 0 15 0 15 0 15 0 15 0 15 0 15 0 15 0 15 0 15 0 15 0 15 0 15 0 15 0 15 0 15 0 15 0 15 0 15 0 15 0 15 0 15 0 15 0 15 0 15 0 15 0 15 0 15 0 15 0 15 0 15 0 15 0 15 0 15 0 15 0 15 0 15 0 15 0 15 0 15 0 15 0 15 0 15 0 15 0 15 0 15 0 15 0 15 0 15 0 15 0 15 0 15 0 15 0 15 0 15 0 15 0 15 0 15 0 15 0 15 0 15 0 15 0 15 0 15 0 15 0 15 0 15 0 15 0 15 0 15 0 15 0 15 0 15 0 15 0 15 0 15 0 15 0 15 0 15 0 15 0 15 0 15 0 15 0 15 0 8 0 8 0 8 0 8 0 8 0 8 0 8 0 8 0 8 0 8 0 8 0 8 0 8 0 8 0 8 0 8 0 8 0 8 0 8 0 8 0 8 0 8 0 8 0 8 0 8 0 8 0 8 0 8 0 8 0 8 0 8 0 8 0 8 0 8 0 8 0 8 0 8 0 8 0 8 0 8 0 8 0 8 0 8 0 8 0 8 0 8 0 8 0 8 0 8 0 8 0 8 0 8 0 8 0 8 0 8 0 8 0 8 0 8 0 8 0 8 0 8 0 8 0 8 0 8 0 8 0 8 0 8 0 8 0 8 0 8 0 8 0 8 0 8 0 8 0 8 0 8 0 8 0 8 0 8 0 8 0 8 0 8 0 8 0 8 0 8 0 8 0 8 0 8 0 8 0 8 0 8 0 8 0 8 0 8 0 8 0 8 0 8 0 8 0 8 0 8 0 8 0 8 0 8 0 8 0 8 0 8 0 8 0 8 0 8 0 8 0 8 0 8 0 8 0 8 0 8 0 8 0 8 0 20 0 20 0 20 0 20 0 20 0 20 0 20 0 20 0 20 0 20 0 20 0 20 0 20 0 20 0 20 0 20 0 20 0 20 0 20 0 20 0 20 0 20 0 20 0 20 0 20 0 20 0 20 0 20 0 20 0 20 0 20 0 20 0 20 0 20 0 20 0 20 0 20 0 20 0 20 0 20 0 20 0 20 0 20 0 20 0 20 0 20 0 20 0 20 0 20 0 20 0 20 0 20 0 20 0 20 0 20 0 20 0 20 0 20 0 20 0 20 0 20 0 20 0 20 0 20 0 20 0 20 0 20 0 20 0 20 0 20 0 20 0 20 0 20 0 20 0 20 0 20 0 20 0 20 0 20 0 20 0 20 0 20 0 20 0 20 0 20 0 20 0 20 0 20 0 20 0 20 0 20 0 20 0 20 0 20 0 20 0 20 0 20 0 20 0 20 0 20 0 20 0 20 0 20 0 20 0 20 0 20 0 20 0 20 0 20 0 20 0 20 0 20 0 20 0 20 0 20 0 20 0 20 0 20 0 20 0 20 0 20 0 20 0 20 0 20 0 20 0 20 0 20 0 20 0 20 0 20 0 20 0 20 0 20 0 20 0 20 0 20 0 20 0 20 0 20 0 20 0 20 0 20 0 20 0 20 0 20 0 20 0 20 0 20 0 20 0 20 0 20 0 20 0 20 0 20 0 20 0 20 0 20 0 20 0 20 0 20 0 20 0 20 0 20 0 20 0 20 0 20 0 20 0 20 0 20 0 20 0 20 0 20 0 20 0 20 0 11 0 11 0 11 0 11 0 11 0 11 0 11 0 11 0 11 0 11 0 11 0 11 0 11 0 11 0 11 0 11 0 11 0 11 0 11 0 11 0 11 0 11 0 11 0 11 0 11 0 11 0 11 0 11 0 11 0 11 0 11 0 11 0 11 0 11 0 11 0 11 0 11 0 11 0 11 0 11 0 11 0 11 0 11 0 11 0 11 0 11 0 11 0 11 0 11 0 11 0 11 0 11 0 11 0 11 0 11 0 11 0 11 0 11 0 11 0 11 0 11 0 11 0 11 0 11 0 11 0 11 0 11 0 11 0 11 0 11 0 11 0 11 0 11 0 11 0 11 0 11 0 11 0 11 0 11 0 11 0 11 0 11 0 11 0 11 0 11 0 11 0 11 0 11 0 11 0 11 0 11 0 11 0 11 0 11 0 11 0 11 0 11 0 11 0 11 0 11 0 11 0 11 0 11 0 11 0 11 0 11 0 11 0 11 0 11 0 11 0 11 0 11 0 11 0 11 0 11 0 11 0 11 0 11 0 11 0 11 0 11 0 11 0 11 0 11 0 11 0 11 0 11 0 11 0 11 0 11 0 11 0 11 0 11 0 11 0 11 0 11 0 11 0 11 0 11 0 11 0 11 0 11 0 11 0 11 0 11 0 11 0 11 0 11 0 11 0 11 0 11 0 11 0 11 0 11 0 11 0 11 0 11 0 11 0 11 0 11 0 11 0 11 0 11 0 11 0 11 0 11 0 11 0 11 0 11 0 11 0 11 0 11 0 11 0 11 0 11 0 11 0 11 0 2 0 2 0 2 0 2 0 2 0 2 0 2 0 2 0 2 0 2 0 2 0 2 0 2 0 2 0 2 0 2 0 2 0 2 0 2 0 2 0 2 0 2 0 2 0 2 0 2 0 2 0 2 0 2 0 2 0 2 0 2 0 2 0 2 0 2 0 2 0 2 0 2 0 2 0 2 0 2 0 2 0 2 0 2 0 2 0 2 0 2 0 2 0 2 0 2 0 2 0 2 0 2 0 2 0 2 0 2 0 2 0 2 0 2 0 2 0 2 0 2 0 2 0 2 0 2 0 2 0 2 0 2 0 2 0 2 0 2 0 2 0 2 0 2 0 2 0 2 0 2 0 2 0 2 0 2 0 2 0 2 0 2 0 2 0 2 0 2 0 2 0 2 0 2 0 2 0 2 0 2 0 2 0 2 0 2 0 2 0 2 0 2 0 2 0 2 0 2 0 2 0 2 0 2 0 2 0 2 0 2 0 2 0 2 0 2 0 2 0 2 0 2 0 2 0 2 0 2 0 2 0 2 0 2 0 2 0 2 0 2 0 2 0 2 0 2 0 2 0 2 0 2 0 2 0 2 0 2 0 2 0 2 0 2 0 2 0 2 0 2 0 2 0 2 0 2 0 2 0 2 0 2 0 2 0 2 0 2 0 2 0 2 0 2 0 2 0 2 0 2 0 2 0 2 0 2 0 2 0 2 0 2 0 2 0 2 0 2 0 2 0 2 0 2 0 2 0 2 0 2 0 2 0 2 0 2 0 2 0 2 0 2 0 2 0 2 0 2 0 2 0 2 0 2 0 2 0 2 0 2 0 2 0 2 0 2 0 2 0 2 0 2 0 2 0 2 0 2 0 2 0 2 0 2 0 2 0 2 0 2 0 2 0 2 0 2 0 2 0 2 0 2 0 2 0 2 0 2 0 2 0 2 0 2 0 2 0 2 0 2 0 2 0 2 0 2 0 2 0 2 0 2 0 2 0 2 0 2 0 21 0 26 117 21 118 2 119 1 120 26 121 21 122 2 123 2 0 26 124 21 125 2 126 2 0 2 0 21 127 2 128 2 0 2 0 2 0 2 0 2 0 2 0 2 0 2 0 2 0 2 0 2 0 2 0 2 0 2 0 2 0 2 0 2 0 2 0 2 0 2 0 2 0 2 0 2 0 2 0 2 0 2 0 2 0 2 0 2 0 2 0 2 0 2 0 2 0 2 0 2 0 2 0 2 0 2 0 2 0 2 0 2 0 2 0 2 0 2 0 2 0 2 0 2 0 2 0 2 0 2 0 2 0 2 0 2 0 2 0 2 0 2 0 2 0 2 0 2 0 2 0 2 0 2 0 2 0 2 0 2 0 2 0 2 0 2 0 2 0 2 0 2 0 2 0 2 0 21 129 2 130 21 131 2 132 2 0 2 0 2 0 21 133 2 134 2 0 21 135 2 136 2 0 2 0 2 0 21 137 2 138 21 139 2 140 21 141 2 142 21 143 2 144 2 0 21 145 2 146 21 147 2 148 2 0 21 149 2 150 21 151 2 152 2 0 2 0 21 153 2 154 2 0 2 0 2 0 2 0 2 0 2 0 2 0 2 0 2 0 2 0 2 0 2 0 21 155 2 156 2 0 21 0 26 157 21 158 2 159 21 0 21 0 26 160 21 161 2 162 21 0 21 0 26 163 21 164 2 165 21 0 26 166 21 167 2 168 21 0 2 0 2 0 2 0 2 0 2 0 21 0 21 0 21 0 21 0 21 0 21 0 21 0 21 0 2 0 21 169 2 170 2 0 2 0 2 0 2 0 2 0 2 0 2 0 2 0 2 0 2 0 2 0 2 0 2 0 2 0 2 0 2 0 2 0 2 0 2 0 2 0 2 0 2 0 2 0 2 0 2 0 2 0 21 171 2 172 21 173 2 174 2 0 2 0 2 0 2 0 21 175 2 176 21 177 2 178 2 0 21 0 26 179 21 180 2 181 21 0 2 0 21 182 2 183 26 184 21 185 2 186 2 0 26 187 21 188 2 189 26 190 21 191 2 192 2 0 26 193 21 194 2 195 21 0 21 0 21 0 21 0 21 0 21 0 21 0 21 0 21 0 21 0 21 0 2 0 2 0 2 0 2 0 2 0 2 0 2 0 2 0 2 0 2 0 2 0 2 0 2 0 2 0 2 0 2 0 2 0 2 0 2 0 21 196 2 197 21 198 2 199 2 0 2 0 2 0 2 0 2 0 2 0 2 0 2 0 2 0 2 0 2 0 2 0 2 0 2 0 2 0 2 0 2 0 2 0 2 0 2 0 2 0 2 0 2 0 2 0 2 0 2 0 2 0 2 0 2 0 2 0 2 0 21 200 2 201 2 0 2 0 2 0 2 0 2 0 2 0 2 0 2 0 2 0 2 0 2 0 2 0 2 0 21 202 2 203 2 0 2 0 2 0 21 204 2 205 2 0 21 0 21 0 21 0 21 0 21 0 21 0 21 0 26 206 21 207 2 208 1 209 21 0 21 0 26 210 21 211 2 212 1 213 21 0 2 0 2 0 2 0 2 0 2 0 2 0 2 0 2 0 2 0 2 0 2 0 21 214 2 215 21 216 2 217 21 218 2 219 2 0 2 0 2 0 2 0 2 0 2 0 2 0 2 0 2 0 2 0 2 0 2 0 2 0 2 0 2 0 2 0 2 0 2 0 2 0 2 0 2 0 2 0 2 0 2 0 2 0 2 0 2 0 2 0 2 0 2 0 2 0 2 0 2 0 2 0 2 0 2 0 2 0 2 0 21 220 2 221 2 0 2 0 2 0 2 0 21 222 2 223 2 0 2 0 2 0 2 0 2 0 2 0 2 0 2 0 2 0 21 224 2 225 21 226 2 227 2 0 2 0 2 0 2 0 2 0 2 0 2 0 2 0 2 0 2 0 2 0 2 0 2 0 2 0 2 0 2 0 2 0 2 0 2 0 2 0 2 0 2 0 2 0 2 0 2 0 2 0 2 0 2 0 2 0 2 0 2 0 2 0 2 0 2 0 2 0 2 0 2 0 2 0 2 0 2 0 2 0 2 0 2 0 2 0 2 0 21 228 2 229 2 0 2 0 2 0 2 0 2 0 2 0 2 0 2 0 21 230 2 231 2 0 21 232 2 233 2 0 2 0 2 0 2 0 2 0 2 0 2 0 2 0 2 0 2 0 2 0 2 0 2 0 2 0 2 0 2 0 2 0 2 0 2 0 2 0 2 0 21 234 2 235 2 0 2 0 2 0 2 0 2 0 2 0 2 0 2 0 2 0 2 0 2 0 2 0 2 0 21 236 2 237 21 0 26 238 21 239 2 240 26 241 21 242 2 243 21 0 21 0 21 0 21 0 21 0 21 0 21 0 21 0 21 0 21 0 21 0 21 0 21 0 21 0 21 0 26 244 21 245 2 246 26 247 21 248 2 249 2 0 2 0 2 0 21 0 26 250 21 251 2 252 26 253 21 254 2 255 26 256 21 257 2 258 21 0 2 0 2 0 2 0 2 0 2 0 21 259 2 260 2 0 2 0 2 0 2 0 2 0 2 0 21 261 2 262 2 0 21 263 2 264 21 265 2 266 2 0 2 0 21 267 2 268 2 0 2 0 21 269 2 270 2 0 2 0 2 0 2 0 2 0 2 0 21 0 21 0 21 0 21 0 21 0 21 0 21 0 21 0 21 0 21 0 21 0 2 0 2 0 2 0 2 0 2 0 21 271 2 272 2 0 21 273 2 274 2 0 2 0 2 0 2 0 2 0 2 0 2 0 2 0 2 0 2 0 2 0 2 0 2 0 2 0 2 0 2 0 2 0 2 0 2 0 2 0 2 0 2 0 2 0 2 0 2 0 2 0 2 0 2 0 2 0 2 0 2 0 2 0 2 0 2 0 2 0 2 0 2 0 2 0 2 0 2 0 2 0 2 0 2 0 2 0 2 0 2 0 21 0 26 275 21 276 2 277 21 0 2 0 26 278 21 279 2 280 2 0 2 0 26 281 21 282 2 283 21 0 26 284 21 285 2 286 1 287 26 288 21 289 2 290 1 291 2 0 2 0 2 0 2 0 2 0 2 0 2 0 2 0 2 0 2 0 2 0 2 0 21 0 26 292 21 293 2 294 21 0 2 0 2 0 21 295 2 296 2 0 2 0 2 0 2 0 2 0 2 0 21 297 2 298 2 0 2 0 2 0 2 0 2 0 2 0 2 0 2 0 2 0 2 0 21 299 2 300 26 301 21 302 2 303 1 304 21 0 26 305 21 306 2 307 26 308 21 309 2 310 21 0 21 0 26 311 21 312 2 313 21 0 26 314 21 315 2 316 26 317 21 318 2 319 2 0 2 0 2 0 2 0 2 0 26 320 21 321 2 322 2 0 21 323 2 324 2 0 2 0 2 0 2 0 21 0 26 325 21 326 2 327 26 328 21 329 2 330 2 0 2 0 2 0 2 0 2 0 2 0 2 0 21 0 21 0 21 0 21 0 21 0 21 0 21 0 21 0 21 0 21 0 21 0 21 0 21 0 21 0 21 0 21 0 21 0 21 0 21 0 21 0 21 0 21 0 21 0 21 0 21 0 21 0 21 0 21 0 21 0 21 0 21 0 21 0 21 0 21 0 21 0 21 0 21 0 21 0 21 0 21 0 21 0 21 0 21 0 21 0 21 0 21 0 21 0 21 0 21 0 21 0 21 0 21 0 21 0 21 0 21 0 21 0 21 0 21 0 21 0 21 0 21 0 21 0 21 0 21 0 21 0 21 0 21 0 21 0 21 0 21 0 21 0 21 0 21 0 21 0 21 0 21 0 21 0 21 0 21 0 21 0 21 0 21 0 21 0 21 0 21 0 21 0 21 0 21 0 21 0 21 0 21 0 21 0 21 0 21 0 21 0 21 0 21 0 21 0 21 0 21 0 21 0 21 0 21 0 21 0 21 0 21 0 21 0 21 0 21 0 21 0 21 0 21 0 21 0 21 0 21 0 21 0 21 0 21 0 21 0 21 0 1 0 1 0 1 0 1 0 8 0 8 0 8 0 8 0 8 0 8 0 8 0 8 0 8 0 8 0 8 0 8 0 8 0 8 0 8 0 8 0 8 0 8 0 8 0 8 0 8 0 8 0 8 0 8 0 8 0 8 0 8 0 8 0 8 0 8 0 8 0 8 0 8 0 8 0 8 0 8 0 8 0 8 0 8 0 8 0 8 0 8 0 8 0 8 0 8 0 8 0 8 0 8 0 8 0 8 0 8 0 8 0 8 0 8 0 8 0 8 0 8 0 8 0 8 0 8 0 8 0 8 0 8 0 8 0 8 0 8 0 8 0 8 0 8 0 8 0 8 0 8 0 8 0 8 0 8 0 8 0 8 0 9 0 9 0 9 0 9 0 9 0 9 0 9 0 9 0 9 0 9 0 9 0 9 0 9 0 9 0 9 0 9 0 9 0 9 0 9 0 9 0 9 0 9 0 9 0 9 0 9 0 9 0 9 0 9 0 9 0 9 0 9 0 9 0 9 0 9 0 9 0 9 0 9 0 9 0 9 0 9 0 9 0 9 0 9 0 9 0 9 0 9 0 9 0 9 0 9 0 9 0 9 0 9 0 9 0 9 0 9 0 9 0 9 0 9 0 9 0 9 0 9 0 9 0 9 0 9 0 9 0 9 0 9 0 9 0 9 0 9 0 9 0 9 0 9 0 9 0 9 0 9 0 9 0 9 0 9 0 9 0 9 0 9 0 9 0 9 0 9 0 9 0 9 0 9 0 9 0 9 0 9 0 9 0 9 0 9 0 9 0 9 0 11 0 11 0 11 0 11 0 11 0 11 0 11 0 11 0 11 0 11 0 11 0 11 0 11 0 11 0 11 0 11 0 11 0 11 0 11 0 11 0 11 0 11 0 11 0 11 0 11 0 11 0 11 0 11 0 11 0 11 0 11 0 11 0 11 0 11 0 11 0 11 0 11 0 11 0 11 0 11 0 11 0 11 0 11 0 11 0 11 0 11 0 11 0 11 0 11 0 11 0 11 0 11 0 11 0 11 0 11 0 11 0 11 0 11 0 11 0 11 0 11 0 11 0 11 0 11 0 11 0 11 0 11 0 11 0 11 0 11 0 11 0 11 0 11 0 11 0 11 0 11 0 11 0 11 0 11 0 11 0 11 0 11 0 11 0 11 0 11 0 11 0 11 0 11 0 11 0 11 0 11 0 11 0 11 0 11 0 11 0 11 0 11 0 11 0 11 0 11 0 11 0 11 0 11 0 11 0 11 0 11 0 11 0 11 0 11 0 11 0 11 0 11 0 11 0 11 0 11 0 11 0 11 0 11 0 11 0 11 0 11 0 11 0 11 0 11 0 11 0 11 0 11 0 11 0 11 0 11 0 11 0 11 0 11 0 11 0 11 0 11 0 11 0 11 0 11 0 11 0 11 0 11 0 11 0 11 0 11 0 11 0 2 0 2 0 2 0 2 0 2 0 2 0 2 0 2 0 2 0 2 0 2 0 2 0 2 0 2 0 2 0 2 0 2 0 2 0 2 0 2 0 2 0 2 0 2 0 2 0 2 0 2 0 2 0 2 0 2 0 2 0 2 0 2 0 2 0 2 0 2 0 2 0 2 0 2 0 2 0 2 0 2 0 2 0 2 0 2 0 2 0 2 0 2 0 2 0 2 0 2 0 2 0 2 0 2 0 2 0 2 0 2 0 2 0 2 0 2 0 2 0 2 0 2 0 2 0 2 0 2 0 2 0 2 0 2 0 2 0 2 0 2 0 2 0 2 0 2 0 2 0 2 0 2 0 2 0 2 0 2 0 2 0 2 0 2 0 2 0 2 0 2 0 2 0 2 0 2 0 2 0 2 0 2 0 2 0 2 0 2 0 2 0 2 0 2 0 2 0 2 0 2 0 2 0 2 0 2 0 2 0 2 0 2 0 2 0 2 0 2 0 2 0 2 0 2 0 2 0 2 0 2 0 2 0 2 0 2 0 2 0 2 0 2 0 2 0 2 0 2 0 2 0 2 0 2 0 2 0 2 0 2 0 2 0 2 0 2 0 2 0 2 0 2 0 2 0 2 0 2 0 2 0 2 0 2 0 2 0 2 0 2 0 2 0 2 0 2 0 2 0 2 0 2 0 2 0 2 0 2 0 2 0 2 0 2 0 2 0 2 0 2 0 2 0 2 0 2 0 2 0 2 0 2 0 2 0 2 0 2 0 2 0 2 0 2 0 2 0 2 0 2 0 2 0 2 0 2 0 2 0 2 0 2 0 2 0 2 0 2 0 2 0 2 0 2 0 2 0 2 0 2 0 2 0 2 0 2 0 2 0 2 0 2 0 2 0 2 0 2 0 2 0 2 0 2 0 2 0 2 0 2 0 2 0 2 0 2 0 2 0 2 0 2 0 2 0 2 0 2 0 2 0 2 0 2 0 2 0 2 0 2 0 2 0 2 0 2 0 2 0 2 0 2 0 2 0 2 0 2 0 2 0 2 0 2 0 2 0 2 0 2 0 2 0 2 0 2 0 2 0 2 0 2 0 2 0 2 0 2 0 2 0 2 0 2 0 2 0 2 0 2 0 2 0 2 0 2 0 2 0 2 0 2 0 2 0 2 0 2 0 2 0 2 0 2 0 2 0 2 0 2 0 2 0 2 0 2 0 2 0 2 0 2 0 9 0 9 0 9 0 9 0 9 0 9 0 9 0 9 0 9 0 9 0 9 0 9 0 3 0 3 0 3 0 3 0 3 0 3 0 3 0 3 0 3 0 3 0 3 0 3 0 3 0 3 0 3 0 3 0 3 0 3 0 3 0 3 0 3 0 3 0 3 0 3 0 3 0 3 0 3 0 3 0 3 0 3 0 3 0 3 0 3 0 3 0 3 0 3 0 3 0 3 0 3 0 3 0 3 0 3 0 3 0 3 0 3 0 3 0 3 0 3 0 3 0 3 0 3 0 3 0 3 0 3 0 3 0 3 0 3 0 3 0 3 0 3 0 3 0 3 0 3 0 3 0 3 0 3 0 3 0 3 0 3 0 3 0 3 0 3 0 3 0 3 0 3 0 3 0 3 0 3 0 3 0 3 0 3 0 3 0 3 0 3 0 3 0 3 0 3 0 3 0 3 0 3 0 3 0 3 0 3 0 3 0 3 0 3 0 3 0 3 0 3 0 3 0 3 0 3 0 3 0 3 0 3 0 3 0 3 0 3 0 3 0 3 0 3 0 3 0 3 0 3 0 3 0 3 0 3 0 3 0 3 0 3 0 3 0 3 0 3 0 3 0 3 0 3 0 3 0 3 0 3 0 3 0 3 0 3 0 3 0 3 0 3 0 3 0 3 0 3 0 3 0 3 0 3 0 3 0 3 0 3 0 3 0 3 0 3 0 3 0 3 0 3 0 3 0 3 0 3 0 3 0 3 0 3 0 3 0 3 0 3 0 3 0 3 0 3 0 3 0 3 0 3 0 3 0 3 0 3 0 3 0 3 0 3 0 3 0 3 0 3 0 21 0 21 0 21 0 21 0 21 0 21 0 21 0 21 0 21 0 21 0 21 0 21 0 21 0 21 0 21 0 21 0 21 0 21 0 21 0 21 0 21 0 21 0 21 0 21 0 21 0 21 0 21 0 21 0 21 0 21 0 21 0 21 0 21 0 21 0 21 0 21 0 21 0 21 0 21 0 21 0 21 0 21 0 21 0 21 0 21 0 21 0 21 0 21 0 21 0 21 0 21 0 21 0 21 0 21 0 21 0 21 0 21 0 21 0 21 0 21 0 21 0 21 0 21 0 21 0 21 0 21 0 21 0 21 0 21 0 21 0 21 0 21 0 21 0 21 0 21 0 21 0 21 0 21 0 21 0 21 0 21 0 21 0 21 0 21 0 21 0 21 0 21 0 21 0 21 0 21 0 21 0 21 0 21 0 21 0 21 0 21 0 21 0 21 0 21 0 21 0 26 0 26 0 26 0 26 0 26 0 26 0 26 0 26 0 26 0 26 0 26 0 26 0 26 0 26 0 26 0 26 0 26 0 26 0 26 0 26 0 26 0 26 0 26 0 26 0 26 0 26 0 26 0 26 0 26 0 26 0 26 0 26 0 26 0 26 0 26 0 26 0 26 0 26 0 26 0 26 0 26 0 26 0 26 0 26 0 26 0 26 0 26 0 26 0 26 0 26 0 26 0 26 0 26 0 26 0 26 0 26 0 26 0 26 0 26 0 26 0 26 0 26 0 26 0 26 0 26 0 26 0 26 0 26 0 26 0 26 0 26 0 26 0 21 0 26 0 21 0 26 0 26 0 21 0 26 0 21 0 26 0 21 0 26 0 21 0 26 0 21 0 26 0 21 0 26 0 21 0 26 0 21 0 21 0 26 0 21 0 26 0 26 0 21 0 26 0 21 0 26 0 21 0 26 0 21 0 21 0 26 0 21 0 26 0 21 0 21 0 26 0 26 0 21 0 26 0 26 0 21 0 21 0 26 0 26 0 21 0 21 0 26 0 26 0 21 0 26 0 21 0 26 0 21 0 21 0 26 0 26 0 21 0 26 0 21 0 26 0 21 0 21 0 26 0 26 0 21 0 21 0 26 0 21 0 26 0 21 0 21 0 21 0 21 0 21 0 21 0 21 0 21 0 21 0 21 0 21 0 21 0 21 0 21 0 21 0 21 0 21 0 21 0 21 0 21 0 21 0 21 0 21 0 21 0 21 0 21 0 21 0 21 0 21 0 21 0 21 0 21 0 21 0 21 0 21 0 21 0 2 0 2 0 2 0 2 0 2 0 2 0 2 0 2 0 2 0 2 0 2 0 2 0 2 0 2 0 2 0 11 0 11 0 11 0 11 0 2 0 2 0 2 0 2 0 8 0 8 0 8 0 8 0 8 0 8 0 8 0 8 0 8 0 8 0 8 0 8 0 8 0 8 0 8 0 8 0 8 0 8 0 8 0 8 0 8 0 8 0 8 0 8 0 8 0 8 0 8 0 8 0 8 0 8 0 8 0 8 0 8 0 8 0 8 0 8 0 8 0 8 0 8 0 8 0 8 0 8 0 8 0 8 0 8 0 8 0 8 0 8 0 8 0 8 0 8 0 8 0 8 0 8 0 8 0 2 0 2 0 2 0 2 0 2 0 2 0 2 0 2 0 2 0 2 0 2 0 2 0 2 0 2 0 2 0 2 0 2 0 2 0 2 0 2 0 2 0 2 0 2 0 2 0 2 0 2 0 2 0 2 0 2 0 2 0 2 0 2 0 2 0 2 0 2 0 2 0 2 0 9 0 9 0 9 0 9 0 2 0 2 0 2 0 11 0 11 0 11 0 11 0 11 0 11 0 11 0 11 0 11 0 11 0 11 0 11 0 11 0 11 0 11 0 11 0 11 0 11 0 2 0 2 0 2 0 2 0 2 0 2 0 2 0 2 0 2 0 2 0 2 0 2 0 2 0 2 0 2 0 2 0 2 0 2 0 2 0 2 0 2 0 2 0 2 0 2 0 2 0 2 0 2 0 2 0 2 0 2 0 2 0 2 0 2 0 2 0 2 0 2 0 11 0 11 0 11 0 15 0 15 0 15 0 15 0 15 0 15 0 15 0 15 0 15 0 15 0 15 0 15 0 15 0 15 0 15 0 15 0 15 0 15 0 15 0 15 0 15 0 15 0 15 0 15 0 15 0 15 0 15 0 15 0 15 0 15 0 15 0 15 0 15 0 15 0 15 0 15 0 15 0 15 0 15 0 15 0 15 0 15 0 15 0 15 0 15 0 15 0 15 0 15 0 15 0 15 0 15 0 15 0 15 0 15 0 15 0 15 0 15 0 15 0 15 0 15 0 15 0 15 0 15 0 15 0 16 0 16 0 16 0 16 0 16 0 16 0 16 0 16 0 16 0 16 0 16 0 16 0 16 0 16 0 16 0 16 0 16 0 16 0 16 0 16 0 16 0 16 0 16 0 16 0 16 0 16 0 16 0 16 0 16 0 16 0 16 0 16 0 16 0 16 0 16 0 16 0 16 0 16 0 16 0 16 0 16 0 16 0 16 0 16 0 16 0 16 0 16 0 16 0 16 0 16 0 16 0 16 0 16 0 16 0 16 0 16 0 16 0 16 0 16 0 16 0 16 0 16 0 16 0 16 0 16 0 16 0 16 0 16 0 16 0 16 0 16 0 16 0 16 0 16 0 16 0 16 0 16 0 16 0 16 0 16 0 16 0 16 0 16 0 16 0 16 0 16 0 16 0 16 0 16 0 16 0 16 0 16 0 16 0 16 0 20 0 20 0 20 0 20 0 20 0 20 0 20 0 20 0 20 0 20 0 20 0 20 0 20 0 20 0 20 0 20 0 20 0 20 0 20 0 20 0 20 0 20 0 20 0 20 0 20 0 20 0 20 0 20 0 20 0 20 0 20 0 20 0 20 0 20 0 20 0 20 0 20 0 20 0 20 0 20 0 20 0 20 0 20 0 20 0 20 0 20 0 20 0 20 0 20 0 20 0 20 0 20 0 20 0 20 0 20 0 20 0 20 0 20 0 20 0 20 0 20 0 20 0 20 0 20 0 20 0 20 0 20 0 20 0 20 0 20 0 20 0 20 0 20 0 20 0 20 0 20 0 20 0 20 0 20 0 20 0 20 0 20 0 20 0 20 0 20 0 20 0 20 0 20 0 20 0 20 0 20 0 20 0 20 0 20 0 20 0 20 0 20 0 20 0 20 0 20 0 20 0 20 0 20 0 20 0 20 0 20 0 20 0 20 0 20 0 20 0 20 0 20 0 20 0 20 0 20 0 20 0 20 0 20 0 20 0 20 0 20 0 20 0 20 0 20 0 20 0 20 0 20 0 20 0 20 0 20 0 20 0 20 0 20 0 20 0 20 0 20 0 20 0 20 0 20 0 20 0 20 0 20 0 20 0 20 0 20 0 20 0 20 0 20 0 20 0 20 0 20 0 20 0 20 0 20 0 20 0 20 0 20 0 20 0 2 0 2 0 2 0 2 0 2 0 2 0 2 0 2 0 2 0 2 0 2 0 2 0 2 0 2 0 2 0 2 0 2 0 2 0 2 0 2 0 2 0 2 0 2 0 2 0 2 0 2 0 2 0 2 0 2 0 2 0 2 0 2 0 2 0 2 0 2 0 2 0 2 0 2 0 2 0 2 0 2 0 2 0 2 0 2 0 2 0 2 0 2 0 2 0 2 0 2 0 2 0 2 0 2 0 2 0 2 0 2 0 2 0 2 0 2 0 2 0 2 0 2 0 2 0 2 0 2 0 2 0 2 0 2 0 2 0 2 0 2 0 2 0 2 0 2 0 2 0 2 0 2 0 2 0 2 0 2 0 2 0 2 0 2 0 2 0 2 0 2 0 2 0 2 0 2 0 2 0 2 0 2 0 2 0 2 0 2 0 2 0 2 0 2 0 2 0 2 0 2 0 2 0 2 0 2 0 2 0 2 0 2 0 2 0 2 0 2 0 2 0 2 0 2 0 2 0 2 0 2 0 2 0 2 0 2 0 2 0 2 0 2 0 2 0 2 0 2 0 2 0 2 0 2 0 2 0 2 0 2 0 2 0 2 0 2 0 2 0 2 0 2 0 2 0 2 0 2 0 2 0 2 0 2 0 2 0 2 0 2 0 2 0 2 0 2 0 2 0 2 0 2 0 2 0 2 0 2 0 2 0 2 0 2 0 2 0 2 0 2 0 2 0 2 0 2 0 2 0 2 0 2 0 2 0 2 0 2 0 2 0 2 0 2 0 2 0 2 0 2 0 2 0 2 0 2 0 2 0 2 0 2 0 2 0 2 0 2 0 2 0 2 0 2 0 2 0 2 0 2 0 2 0 2 0 2 0 2 0 2 0 2 0 2 0 2 0 2 0 2 0 2 0 16 0 16 0 16 0 16 0 16 0 16 0 16 0 16 0 16 0 16 0 16 0 16 0 16 0 16 0 16 0 16 0 2 0 2 0 2 0 2 0 2 0 2 0 2 0 2 0 2 0 2 0 2 0 2 0 2 0 2 0 2 0 20 0 20 0 20 0 20 0 2 0 2 0 2 0 15 0 15 0 15 0 15 0 15 0 15 0 15 0 15 0 15 0 15 0 15 0 15 0 15 0 15 0 15 0 15 0 15 0 15 0 15 0 15 0 15 0 15 0 15 0 15 0 15 0 15 0 15 0 15 0 15 0 15 0 15 0 15 0 15 0 15 0 15 0 15 0 15 0 15 0 15 0 15 0 15 0 15 0 15 0 15 0 15 0 15 0 15 0 15 0 15 0 15 0 15 0 15 0 15 0 15 0 15 0 15 0 15 0 2 0 2 0 2 0 2 0 2 0 2 0 2 0 2 0 2 0 2 0 2 0 2 0 2 0 2 0 2 0 2 0 2 0 2 0 2 0 2 0 2 0 2 0 2 0 2 0 2 0 2 0 2 0 2 0 2 0 2 0 2 0 2 0 2 0 2 0 2 0 2 0 2 0 2 0 2 0 2 0 2 0 2 0 2 0 2 0 2 0 20 0 20 0 20 0 20 0 20 0 20 0 20 0 20 0 20 0 20 0 20 0 20 0 20 0 20 0 20 0 20 0 20 0 20 0 2 0 2 0 2 0 2 0 2 0 2 0 2 0 2 0 2 0 2 0 2 0 2 0 2 0 2 0 15 0 15 0 15 0 15 0 15 0 15 0 15 0 15 0 15 0 15 0 15 0 15 0 15 0 15 0 15 0 15 0 15 0 15 0 15 0 15 0 15 0 15 0 15 0 15 0 15 0 15 0 2 0 2 0 2 0 2 0 2 0 2 0 2 0 2 0 20 0 20 0 20 0 15 0 15 0 15 0 15 0 15 0 15 0 15 0 15 0 15 0 15 0 15 0 22 331 2 332 22 333 2 334 22 335 2 336 22 337 2 338 22 339 2 340 22 341 2 342 22 0 22 343 2 344 22 345 2 346 22 347 2 348 22 349 2 350 22 351 2 352 24 353 2 354 24 355 2 356 24 357 2 358 24 359 2 360 24 361 2 362 24 363 2 364 24 365 2 366 24 367 2 368 24 369 2 370 24 371 2 372 24 373 2 374 24 375 2 376 24 377 2 378 24 379 2 380 24 381 2 382 24 383 2 384 24 385 2 386 24 387 2 388 24 389 2 390 24 391 2 392 24 393 2 394 24 395 2 396 24 397 2 398 24 399 2 400 24 401 2 402 24 403 2 404 24 405 2 406 24 407 2 408 24 409 2 410 24 411 2 412 24 413 2 414 24 415 2 416 24 417 2 418 24 419 2 420 24 421 2 422 24 423 2 424 24 425 2 426 24 427 2 428 24 429 2 430 24 431 2 432 24 433 2 434 24 435 2 436 24 437 2 438 24 439 2 440 24 441 2 442 24 443 2 444 24 445 2 446 24 447 2 448 24 449 2 450 24 451 2 452 24 453 2 454 24 455 2 456 24 457 2 458 24 0 24 459 2 460 24 461 2 462 24 463 2 464 24 465 2 466 24 0 24 0 14 467 2 468 7 0 21 469 2 470 26 471 21 472 2 473 1 474 26 475 21 476 2 477 1 478 21 479 2 480 26 481 21 482 2 483 1 484 21 485 2 486 26 487 21 488 2 489 26 490 21 491 2 492 26 493 21 494 2 495 21 496 2 497 26 498 21 499 2 500 21 501 2 502 21 503 2 504 21 505 2 506 21 507 2 508 21 509 2 510 21 511 2 512 21 513 2 514 26 515 21 516 2 517 1 518 26 519 21 520 2 521 1 522 21 523 2 524 21 525 2 526 26 527 21 528 2 529 21 530 2 531 26 532 21 533 2 534 21 535 2 536 21 537 2 538 21 539 2 540 21 541 2 542 21 543 2 544 21 545 2 546 21 547 2 548 21 549 2 550 21 551 2 552 21 553 2 554 21 555 2 556 21 557 2 558 21 559 2 560 21 561 2 562 21 563 2 564 21 565 2 566 21 567 2 568 21 569 2 570 21 571 2 572 21 573 2 574 21 575 2 576 21 577 2 578 21 579 2 580 21 581 2 582 21 583 2 584 21 585 2 586 21 587 2 588 21 589 2 590 21 591 2 592 21 593 2 594 21 595 2 596 21 597 2 598 21 599 2 600 21 601 2 602 21 603 2 604 21 605 2 606 21 607 2 608 21 609 2 610 21 611 2 612 21 613 2 614 21 615 2 616 21 617 2 618 21 619 2 620 21 621 2 622 21 623 2 624 21 625 2 626 21 627 2 628 21 629 2 630 21 631 2 632 21 633 2 634 21 635 2 636 21 637 2 638 21 639 2 640 21 641 2 642 21 643 2 644 21 645 2 646 21 647 2 648 21 649 2 650 21 651 2 652 21 653 2 654 21 655 2 656 21 657 2 658 21 659 2 660 21 661 2 662 21 663 2 664 21 665 2 666 21 667 2 668 21 669 2 670 21 671 2 672 21 673 2 674 21 675 2 676 21 677 2 678 21 679 2 680 21 681 2 682 21 683 2 684 21 685 2 686 21 687 2 688 21 689 2 690 21 691 2 692 21 693 2 694 26 695 21 696 2 697 21 698 2 699 21 700 2 701 21 702 2 703 21 704 2 705 21 706 2 707 21 708 2 709 21 710 2 711 21 712 2 713 21 714 2 715 21 716 2 717 21 718 2 719 21 720 2 721 21 722 2 723 21 724 2 725 21 726 2 727 21 728 2 729 21 730 2 731 21 732 2 733 21 734 2 735 21 736 2 737 21 738 2 739 21 740 2 741 21 742 2 743 21 744 2 745 21 746 2 747 21 748 2 749 21 750 2 751 21 752 2 753 21 754 2 755 21 756 2 757 21 758 2 759 21 760 2 761 21 762 2 763 21 764 2 765 26 766 21 767 2 768 21 769 2 770 21 771 2 772 26 773 21 774 26 775 21 776 2 777 26 778 21 779 21 780 2 781 21 782 2 783 21 784 2 785 21 786 2 787 21 788 2 789 21 790 2 791 21 792 2 793 21 794 2 795 21 796 2 797 21 798 2 799 21 800 2 801 21 802 2 803 21 804 2 805 21 806 2 807 21 808 2 809 21 810 2 811 21 812 2 813 21 814 2 815 21 816 2 817 21 818 2 819 21 820 2 821 21 822 2 823 21 824 2 825 21 826 2 827 21 828 2 829 21 830 2 831 21 832 2 833 21 834 2 835 21 836 2 837 21 838 2 839 21 840 2 841 21 842 2 843 21 844 2 845 21 846 2 847 21 848 2 849 21 850 2 851 21 852 2 853 21 854 2 855 21 856 2 857 21 858 2 859 21 860 2 861 21 862 2 863 21 864 2 865 21 866 2 867 21 868 2 869 21 870 2 871 21 872 2 873 21 874 2 875 21 876 2 877 21 878 2 879 21 880 2 881 21 882 2 883 21 884 2 885 21 886 2 887 21 888 2 889 21 890 2 891 21 892 2 893 21 894 2 895 21 896 2 897 21 898 2 899 21 900 2 901 21 902 2 903 21 904 2 905 26 906 21 907 2 908 26 909 21 910 2 911 21 912 2 913 26 914 21 915 2 916 21 917 2 918 21 919 2 920 21 921 2 922 21 923 2 924 21 925 2 926 21 927 2 928 21 929 2 930 21 931 2 932 21 933 2 934 21 935 2 936 21 937 2 938 21 939 2 940 21 941 2 942 21 943 2 944 21 945 2 946 21 947 2 948 21 949 2 950 21 951 2 952 21 953 2 954 21 955 2 956 21 957 2 958 2 0 21 959 2 960 21 961 2 962 21 963 2 964 21 965 2 966 21 967 2 968 21 969 2 970 21 971 2 972 26 973 21 974 2 975 1 976 21 977 2 978 21 979 2 980 21 981 2 982 21 983 2 984 21 985 2 986 26 987 21 988 2 989 1 990 21 991 2 992 21 993 2 994 21 995 2 996 21 997 2 998 1 999 21 1000 2 1001 26 1002 21 1003 2 1004 1 1005 21 1006 2 1007 21 1008 2 1009 21 1010 2 1011 21 1012 2 1013 21 1014 2 1015 21 1016 2 1017 21 1018 2 1019 21 1020 2 1021 21 1022 2 1023 21 1024 2 1025 21 1026 2 1027 21 1028 2 1029 21 1030 2 1031 21 1032 2 1033 21 1034 2 1035 21 1036 2 1037 21 1038 2 1039 21 1040 2 1041 21 1042 2 1043 21 1044 2 1045 21 1046 2 1047 21 1048 2 1049 21 1050 2 1051 21 1052 2 1053 21 1054 2 1055 21 1056 2 1057 21 1058 2 1059 21 1060 2 1061 21 1062 2 1063 21 1064 2 1065 21 1066 2 1067 21 1068 2 1069 21 1070 2 1071 21 1072 2 1073 21 1074 2 1075 21 1076 2 1077 21 1078 2 1079 21 1080 2 1081 21 1082 2 1083 21 1084 2 1085 21 1086 2 1087 21 1088 2 1089 21 1090 2 1091 21 1092 2 1093 21 1094 2 1095 21 1096 2 1097 21 1098 2 1099 21 1100 2 1101 21 1102 2 1103 21 1104 2 1105 21 1106 2 1107 21 1108 2 1109 21 1110 2 1111 21 1112 2 1113 21 1114 2 1115 21 1116 2 1117 21 1118 2 1119 21 1120 2 1121 21 1122 2 1123 21 1124 2 1125 21 1126 2 1127 21 1128 2 1129 21 1130 2 1131 21 1132 2 1133 26 1134 21 1135 2 1136 26 1137 21 1138 2 1139 21 1140 2 1141 26 1142 21 1143 2 1144 26 1145 21 1146 2 1147 21 1148 2 1149 26 1150 21 1151 26 1152 21 1153 2 1154 26 1155 21 1156 2 1157 21 1158 2 1159 21 1160 2 1161 21 1162 2 1163 21 1164 2 1165 21 1166 2 1167 21 1168 2 1169 21 1170 2 1171 21 1172 2 1173 21 1174 2 1175 21 1176 2 1177 21 1178 2 1179 21 1180 2 1181 21 1182 2 1183 21 1184 2 1185 21 1186 2 1187 21 1188 2 1189 21 1190 2 1191 21 1192 2 1193 21 1194 2 1195 21 1196 2 1197 21 1198 2 1199 21 1200 2 1201 21 1202 2 1203 21 1204 2 1205 21 1206 2 1207 21 1208 2 1209 21 1210 2 1211 21 1212 2 1213 21 1214 2 1215 21 1216 2 1217 21 1218 2 1219 21 1220 2 1221 21 1222 2 1223 21 1224 2 1225 21 1226 2 1227 21 1228 2 1229 2 0 21 1230 2 1231 21 1232 2 1233 21 1234 2 1235 21 1236 2 1237 21 1238 2 1239 21 1240 2 1241 21 1242 2 1243 21 1244 2 1245 21 1246 2 1247 21 1248 2 1249 21 1250 2 1251 21 1252 2 1253 21 1254 2 1255 21 1256 2 1257 21 1258 2 1259 21 1260 2 1261 21 1262 2 1263 21 1264 2 1265 21 1266 2 1267 21 1268 2 1269 21 1270 2 1271 21 1272 2 1273 21 1274 2 1275 21 1276 2 1277 21 1278 2 1279 21 1280 2 1281 21 1282 2 1283 21 1284 2 1285 21 1286 2 1287 21 1288 2 1289 21 1290 2 1291 21 1292 2 1293 21 1294 2 1295 21 1296 2 1297 21 1298 2 1299 21 1300 2 1301 21 1302 2 1303 21 1304 2 1305 21 1306 2 1307 21 1308 2 1309 21 1310 2 1311 21 1312 2 1313 21 1314 2 1315 21 1316 2 1317 21 1318 2 1319 26 1320 21 1321 2 1322 1 1323 26 1324 21 1325 2 1326 1 1327 21 1328 2 1329 21 1330 2 1331 21 1332 2 1333 21 1334 2 1335 21 1336 2 1337 21 1338 2 1339 21 1340 2 1341 21 1342 2 1343 21 1344 2 1345 21 1346 2 1347 21 1348 2 1349 21 1350 2 1351 21 1352 2 1353 21 1354 2 1355 21 1356 2 1357 21 1358 2 1359 21 1360 2 1361 21 1362 2 1363 21 1364 2 1365 21 1366 2 1367 21 1368 2 1369 21 1370 2 1371 21 1372 2 1373 21 1374 2 1375 21 1376 2 1377 21 1378 2 1379 2 0 21 1380 2 1381 21 1382 2 1383 21 1384 2 1385 21 1386 2 1387 21 1388 2 1389 21 1390 2 1391 21 1392 2 1393 21 1394 2 1395 21 1396 2 1397 21 1398 2 1399 26 1400 21 1401 26 1402 21 1403 2 1404 26 1405 21 1406 21 1407 2 1408 21 1409 2 1410 21 1411 2 1412 21 1413 2 1414 21 1415 2 1416 21 1417 2 1418 21 1419 2 1420 21 1421 2 1422 21 1423 2 1424 21 1425 2 1426 21 1427 2 1428 21 1429 2 1430 21 1431 2 1432 21 1433 2 1434 21 1435 2 1436 21 1437 2 1438 21 1439 2 1440 21 1441 2 1442 21 1443 2 1444 21 1445 2 1446 21 1447 2 1448 21 1449 2 1450 21 1451 2 1452 21 1453 2 1454 21 1455 2 1456 21 1457 2 1458 21 1459 2 1460 21 1461 2 1462 21 1463 2 1464 21 1465 2 1466 21 1467 2 1468 21 1469 2 1470 21 1471 2 1472 21 1473 2 1474 21 1475 2 1476 21 1477 2 1478 21 1479 2 1480 21 1481 2 1482 21 1483 2 1484 21 1485 2 1486 21 1487 2 1488 21 1489 2 1490 21 1491 2 1492 21 1493 2 1494 21 1495 2 1496 21 1497 2 1498 21 1499 2 1500 21 1501 2 1502 21 1503 2 1504 21 1505 2 1506 21 1507 2 1508 21 1509 2 1510 21 1511 2 1512 21 1513 2 1514 21 1515 2 1516 21 1517 2 1518 21 1519 2 1520 21 1521 2 1522 21 1523 2 1524 21 1525 2 1526 21 1527 2 1528 21 1529 2 1530 21 1531 2 1532 21 1533 2 1534 21 1535 2 1536 21 1537 2 1538 21 1539 2 1540 21 1541 2 1542 21 1543 2 1544 21 1545 2 1546 21 1547 2 1548 21 1549 2 1550 21 1551 2 1552 21 1553 2 1554 21 1555 2 1556 21 1557 2 1558 21 1559 2 1560 21 1561 2 1562 26 1563 21 1564 2 1565 21 1566 2 1567 26 1568 21 1569 2 1570 21 1571 2 1572 21 1573 2 1574 21 1575 2 1576 21 1577 2 1578 21 1579 2 1580 21 1581 2 1582 21 1583 2 1584 21 1585 2 1586 21 1587 2 1588 21 1589 2 1590 21 1591 2 1592 21 1593 2 1594 21 1595 2 1596 21 1597 2 1598 21 1599 2 1600 21 1601 2 1602 21 1603 2 1604 21 1605 2 1606 21 1607 2 1608 21 1609 2 1610 21 1611 2 1612 21 1613 2 1614 21 1615 2 1616 21 1617 2 1618 21 1619 2 1620 21 1621 2 1622 21 1623 2 1624 21 1625 2 1626 21 1627 2 1628 21 1629 2 1630 21 1631 2 1632 21 1633 2 1634 21 1635 2 1636 2 0 21 1637 2 1638 21 1639 2 1640 21 1641 2 1642 21 1643 2 1644 21 1645 2 1646 21 1647 2 1648 21 1649 2 1650 21 1651 2 1652 21 1653 2 1654 21 1655 2 1656 21 1657 2 1658 21 1659 2 1660 21 1661 2 1662 21 1663 2 1664 21 1665 2 1666 21 1667 2 1668 21 1669 2 1670 21 1671 2 1672 21 1673 2 1674 21 1675 2 1676 21 1677 2 1678 21 1679 2 1680 21 1681 2 1682 21 1683 2 1684 21 1685 2 1686 21 1687 2 1688 21 1689 2 1690 21 1691 2 1692 21 1693 2 1694 21 1695 2 1696 21 1697 2 1698 21 1699 2 1700 21 1701 2 1702 21 1703 2 1704 21 1705 2 1706 21 1707 2 1708 21 1709 2 1710 21 1711 2 1712 21 1713 2 1714 21 1715 2 1716 21 1717 2 1718 21 1719 2 1720 21 1721 2 1722 21 1723 2 1724 21 1725 2 1726 21 1727 2 1728 21 1729 2 1730 21 1731 2 1732 21 1733 2 1734 21 1735 2 1736 21 1737 2 1738 21 1739 2 1740 21 1741 2 1742 21 1743 2 1744 21 1745 2 1746 21 1747 2 1748 26 1749 21 1750 2 1751 26 1752 21 1753 2 1754 21 1755 2 1756 21 1757 2 1758 2 0 21 1759 2 1760 21 1761 2 1762 1 1763 21 1764 2 1765 21 1766 2 1767 21 1768 2 1769 21 1770 2 1771 21 1772 2 1773 21 1774 2 1775 21 1776 2 1777 21 1778 2 1779 21 1780 2 1781 21 1782 2 1783 21 1784 2 1785 21 1786 2 1787 21 1788 2 1789 21 1790 2 1791 21 1792 2 1793 21 1794 2 1795 21 1796 2 1797 21 1798 2 1799 21 1800 2 1801 21 1802 2 1803 21 1804 2 1805 21 1806 2 1807 21 1808 2 1809 21 1810 2 1811 21 1812 2 1813 21 1814 2 1815 21 1816 2 1817 21 1818 2 1819 21 1820 2 1821 21 1822 2 1823 21 1824 2 1825 21 1826 2 1827 21 1828 2 1829 21 1830 2 1831 21 1832 2 1833 21 1834 2 1835 21 1836 2 1837 21 1838 2 1839 21 1840 2 1841 21 1842 2 1843 21 1844 2 1845 21 1846 2 1847 21 1848 2 1849 21 1850 2 1851 21 1852 2 1853 21 1854 2 1855 21 1856 2 1857 21 1858 2 1859 21 1860 2 1861 21 1862 2 1863 21 1864 2 1865 21 1866 2 1867 21 1868 2 1869 21 1870 2 1871 21 1872 2 1873 21 1874 2 1875 21 1876 2 1877 21 1878 2 1879 21 1880 2 1881 1 1882 21 1883 2 1884 21 1885 2 1886 21 1887 2 1888 21 1889 2 1890 21 1891 2 1892 21 1893 2 1894 21 1895 2 1896 21 1897 2 1898 21 1899 2 1900 21 1901 2 1902 21 1903 2 1904 21 1905 2 1906 21 1907 2 1908 21 1909 2 1910 21 1911 2 1912 21 1913 2 1914 21 1915 2 1916 21 1917 2 1918 21 1919 2 1920 21 1921 2 1922 26 1923 21 1924 2 1925 26 1926 21 1927 2 1928 21 1929 2 1930 26 1931 21 1932 2 1933 21 1934 2 1935 26 1936 21 1937 2 1938 21 1939 2 1940 26 1941 21 1942 2 1943 21 1944 2 1945 26 1946 21 1947 2 1948 21 1949 2 1950 21 1951 2 1952 21 1953 2 1954 21 1955 2 1956 21 1957 2 1958 21 1959 2 1960 21 1961 2 1962 21 1963 2 1964 21 1965 2 1966 21 1967 2 1968 21 1969 2 1970 21 1971 2 1972 21 1973 2 1974 21 1975 2 1976 21 1977 2 1978 21 1979 2 1980 21 1981 2 1982 21 1983 2 1984 21 1985 2 1986 21 1987 2 1988 21 1989 2 1990 21 1991 2 1992 21 1993 2 1994 21 1995 2 1996 21 1997 2 1998 21 1999 2 2000 21 2001 2 2002 21 2003 2 2004 21 2005 2 2006 21 2007 2 2008 21 2009 2 2010 21 2011 2 2012 21 2013 2 2014 21 2015 2 2016 21 2017 2 2018 21 2019 2 2020 21 2021 2 2022 21 2023 2 2024 21 2025 2 2026 21 2027 2 2028 21 2029 2 2030 21 2031 2 2032 21 2033 2 2034 21 2035 2 2036 21 2037 2 2038 21 2039 2 2040 21 2041 2 2042 21 2043 2 2044 21 2045 2 2046 21 2047 2 2048 21 2049 2 2050 21 2051 2 2052 21 2053 2 2054 21 2055 2 2056 21 2057 2 2058 21 2059 2 2060 21 2061 2 2062 21 2063 2 2064 21 2065 2 2066 21 2067 2 2068 21 2069 2 2070 21 2071 2 2072 21 2073 2 2074 21 2075 2 2076 21 2077 2 2078 21 2079 2 2080 21 2081 2 2082 21 2083 2 2084 21 2085 2 2086 21 2087 2 2088 21 2089 2 2090 21 2091 2 2092 21 2093 2 2094 21 2095 2 2096 21 2097 2 2098 21 2099 2 2100 21 2101 2 2102 21 2103 2 2104 21 2105 2 2106 21 2107 2 2108 21 2109 2 2110 21 2111 2 2112 21 2113 2 2114 21 2115 2 2116 21 2117 2 2118 21 2119 2 2120 21 2121 2 2122 21 2123 2 2124 21 2125 2 2126 21 2127 2 2128 21 2129 2 2130 21 2131 2 2132 21 2133 2 2134 21 2135 2 2136 21 2137 2 2138 21 2139 2 2140 21 2141 2 2142 21 2143 2 2144 21 2145 2 2146 21 2147 2 2148 21 2149 2 2150 21 2151 2 2152 21 2153 2 2154 21 2155 2 2156 21 2157 2 2158 21 2159 2 2160 21 2161 2 2162 21 2163 2 2164 21 2165 2 2166 21 2167 2 2168 21 2169 2 2170 21 2171 2 2172 21 2173 2 2174 21 2175 2 2176 21 2177 2 2178 21 2179 2 2180 21 2181 2 2182 21 2183 2 2184 21 2185 2 2186 21 2187 2 2188 21 2189 2 2190 21 2191 2 2192 21 2193 2 2194 21 2195 2 2196 21 2197 2 2198 21 2199 2 2200 21 2201 2 2202 21 2203 2 2204 21 2205 2 2206 21 2207 2 2208 21 2209 2 2210 21 2211 2 2212 21 2213 2 2214 21 2215 2 2216 21 2217 2 2218 21 2219 2 2220 21 2221 2 2222 21 2223 2 2224 21 2225 2 2226 21 2227 2 2228 21 2229 2 2230 21 2231 2 2232 21 2233 2 2234 21 2235 2 2236 21 2237 2 2238 21 2239 2 2240 21 2241 2 2242 21 2243 2 2244 21 2245 2 2246 21 2247 2 2248 21 2249 2 2250 21 2251 2 2252 21 2253 2 2254 21 2255 2 2256 21 2257 2 2258 21 2259 2 2260 21 2261 2 2262 21 2263 2 2264 21 2265 2 2266 21 2267 2 2268 21 2269 2 2270 21 2271 2 2272 21 2273 2 2274 21 2275 2 2276 21 2277 2 2278 21 2279 2 2280 21 2281 2 2282 21 2283 2 2284 21 2285 2 2286 21 2287 2 2288 21 2289 2 2290 21 2291 2 2292 21 2293 2 2294 21 2295 2 2296 21 2297 2 2298 21 2299 2 2300 21 2301 2 2302 21 2303 2 2304 21 2305 2 2306 21 2307 2 2308 21 2309 2 2310 21 2311 2 2312 21 2313 2 2314 21 2315 2 2316 21 2317 2 2318 21 2319 2 2320 21 2321 2 2322 21 2323 2 2324 21 2325 2 2326 21 2327 2 2328 21 2329 2 2330 21 2331 2 2332 21 2333 2 2334 21 2335 2 2336 21 2337 2 2338 21 2339 2 2340 21 2341 2 2342 21 2343 2 2344 21 2345 2 2346 21 2347 2 2348 21 2349 2 2350 26 2351 21 2352 2 2353 26 2354 21 2355 2 2356 26 2357 21 2358 2 2359 26 2360 21 2361 2 2362 26 2363 21 2364 2 2365 26 2366 21 2367 2 2368 26 2369 21 2370 2 2371 26 2372 21 2373 2 2374 26 2375 21 2376 2 2377 26 2378 21 2379 2 2380 26 2381 21 2382 2 2383 26 2384 21 2385 2 2386 26 2387 21 2388 2 2389 26 2390 21 2391 2 2392 26 2393 21 2394 2 2395 26 2396 21 2397 2 2398 26 2399 21 2400 2 2401 1 2402 26 2403 21 2404 26 2405 21 2406 26 2407 21 2408 2 2409 26 2410 21 2411 2 2412 26 2413 21 2414 2 2415 1 2416 26 2417 21 2418 2 2419 26 2420 21 2421 2 2422 1 2423 26 2424 21 2425 2 2426 26 2427 21 2428 2 2429 26 2430 21 2431 2 2432 21 0 26 2433 21 2434 2 2435 26 2436 21 2437 2 2438 26 2439 21 2440 2 2441 26 2442 21 2443 2 2444 26 2445 21 2446 2 2447 26 2448 21 2449 2 2450 26 2451 21 2452 2 2453 26 2454 21 2455 2 2456 26 2457 21 2458 2 2459 26 2460 21 2461 2 2462 26 2463 21 2464 2 2465 26 2466 21 2467 2 2468 26 2469 21 2470 2 2471 26 2472 21 2473 2 2474 26 2475 21 2476 2 2477 26 2478 21 2479 2 2480 26 2481 21 2482 2 2483 26 2484 21 2485 2 2486 26 2487 21 2488 2 2489 26 2490 21 2491 2 2492 26 2493 21 2494 2 2495 26 2496 21 2497 2 2498 26 2499 21 2500 2 2501 26 2502 21 2503 2 2504 26 2505 21 2506 2 2507 26 2508 21 2509 2 2510 26 2511 21 2512 2 2513 26 2514 21 2515 2 2516 26 2517 21 2518 2 2519 26 2520 21 2521 2 2522 26 2523 21 2524 2 2525 26 2526 21 2527 2 2528 26 2529 21 2530 2 2531 26 2532 21 2533 2 2534 26 2535 21 2536 2 2537 26 2538 21 2539 2 2540 26 2541 21 2542 2 2543 26 2544 21 2545 2 2546 26 2547 21 2548 2 2549 26 2550 21 2551 2 2552 26 2553 21 2554 2 2555 26 2556 21 2557 2 2558 26 2559 21 2560 2 2561 26 2562 21 2563 2 2564 26 2565 21 2566 2 2567 26 2568 21 2569 2 2570 26 2571 21 2572 2 2573 26 2574 21 2575 2 2576 26 2577 21 2578 2 2579 26 2580 21 2581 2 2582 26 2583 21 2584 2 2585 26 2586 21 2587 2 2588 26 2589 21 2590 2 2591 26 2592 21 2593 2 2594 26 2595 21 2596 2 2597 26 2598 21 2599 2 2600 26 2601 21 2602 2 2603 26 2604 21 2605 2 2606 26 2607 21 2608 2 2609 26 2610 21 2611 2 2612 26 2613 21 2614 2 2615 26 2616 21 2617 2 2618 26 2619 21 2620 2 2621 26 2622 21 2623 2 2624 26 2625 21 2626 2 2627 26 2628 21 2629 2 2630 26 2631 21 2632 2 2633 26 2634 21 2635 2 2636 26 2637 21 2638 2 2639 26 2640 21 2641 2 2642 26 2643 21 2644 2 2645 26 2646 21 2647 2 2648 26 2649 21 2650 2 2651 26 2652 21 2653 2 2654 26 2655 21 2656 2 2657 26 2658 21 2659 2 2660 26 2661 21 2662 2 2663 26 2664 21 2665 2 2666 26 2667 21 2668 2 2669 26 2670 21 2671 2 2672 26 2673 21 2674 2 2675 26 2676 21 2677 2 2678 26 2679 21 2680 2 2681 26 2682 21 2683 2 2684 26 2685 21 2686 2 2687 26 2688 21 2689 2 2690 26 2691 21 2692 2 2693 26 2694 21 2695 2 2696 26 2697 21 2698 2 2699 26 2700 21 2701 2 2702 26 2703 21 2704 2 2705 26 2706 21 2707 2 2708 26 2709 21 2710 2 2711 26 2712 21 2713 2 2714 26 2715 21 2716 2 2717 26 2718 21 2719 2 2720 26 2721 21 2722 2 2723 26 2724 21 2725 2 2726 26 2727 21 2728 2 2729 26 2730 21 2731 2 2732 26 2733 21 2734 2 2735 26 2736 21 2737 2 2738 26 2739 21 2740 2 2741 26 2742 21 2743 2 2744 26 2745 21 2746 2 2747 26 2748 21 2749 2 2750 26 2751 21 2752 2 2753 26 2754 21 2755 2 2756 26 2757 21 2758 2 2759 26 2760 21 2761 2 2762 26 2763 21 2764 2 2765 26 2766 21 2767 2 2768 26 2769 21 2770 2 2771 26 2772 21 2773 2 2774 26 2775 21 2776 2 2777 26 2778 21 2779 2 2780 26 2781 21 2782 2 2783 26 2784 21 2785 2 2786 26 2787 21 2788 2 2789 26 2790 21 2791 2 2792 26 2793 21 2794 2 2795 26 2796 21 2797 2 2798 26 2799 21 2800 2 2801 26 2802 21 2803 2 2804 26 2805 21 2806 2 2807 26 2808 21 2809 2 2810 26 2811 21 2812 2 2813 26 2814 21 2815 2 2816 26 2817 21 2818 2 2819 2 0 2 0 26 2820 21 2821 2 2822 26 2823 21 2824 2 2825 26 2826 21 2827 2 2828 26 2829 21 2830 2 2831 26 2832 21 2833 2 2834 26 2835 21 2836 2 2837 26 2838 21 2839 2 2840 26 2841 21 2842 2 2843 26 2844 21 2845 2 2846 26 2847 21 2848 2 2849 26 2850 21 2851 2 2852 26 2853 21 2854 2 2855 26 2856 21 2857 2 2858 26 2859 21 2860 2 2861 26 2862 21 2863 2 2864 26 2865 21 2866 2 2867 26 2868 21 2869 2 2870 26 2871 21 2872 2 2873 26 2874 21 2875 2 2876 26 2877 21 2878 2 2879 26 2880 21 2881 2 2882 26 2883 21 2884 2 2885 26 2886 21 2887 2 2888 26 2889 21 2890 2 2891 26 2892 21 2893 2 2894 26 2895 21 2896 2 2897 26 2898 21 2899 2 2900 26 2901 21 2902 2 2903 26 2904 21 2905 2 2906 26 2907 21 2908 2 2909 26 2910 21 2911 2 2912 26 2913 21 2914 2 2915 26 2916 21 2917 2 2918 26 2919 21 2920 2 2921 26 2922 21 2923 2 2924 26 2925 21 2926 2 2927 26 2928 21 2929 2 2930 26 2931 21 2932 2 2933 26 2934 21 2935 2 2936 26 2937 21 2938 2 2939 26 2940 21 2941 2 2942 26 2943 21 2944 2 2945 26 2946 21 2947 2 2948 26 2949 21 2950 2 2951 26 2952 21 2953 2 2954 21 0 21 0 26 2955 21 2956 2 2957 26 2958 21 2959 2 2960 26 2961 21 2962 2 2963 26 2964 21 2965 2 2966 26 2967 21 2968 2 2969 26 2970 21 2971 2 2972 26 2973 21 2974 2 2975 26 2976 21 2977 2 2978 26 2979 21 2980 2 2981 26 2982 21 2983 2 2984 26 2985 21 2986 2 2987 26 2988 21 2989 2 2990 26 2991 21 2992 2 2993 26 2994 21 2995 2 2996 26 2997 21 2998 2 2999 26 3000 21 3001 2 3002 26 3003 21 3004 2 3005 26 3006 21 3007 2 3008 26 3009 21 3010 2 3011 26 3012 21 3013 2 3014 26 3015 21 3016 2 3017 26 3018 21 3019 2 3020 26 3021 21 3022 2 3023 26 3024 21 3025 2 3026 26 3027 21 3028 2 3029 26 3030 21 3031 2 3032 26 3033 21 3034 2 3035 26 3036 21 3037 2 3038 26 3039 21 3040 2 3041 26 3042 21 3043 2 3044 26 3045 21 3046 2 3047 26 3048 21 3049 2 3050 26 3051 21 3052 2 3053 26 3054 21 3055 2 3056 26 3057 21 3058 2 3059 26 3060 21 3061 2 3062 26 3063 21 3064 2 3065 26 3066 21 3067 2 3068 26 3069 21 3070 2 3071 26 3072 21 3073 2 3074 26 3075 21 3076 2 3077 26 3078 21 3079 2 3080 26 3081 21 3082 2 3083 26 3084 21 3085 26 3086 21 3087 2 3088 26 3089 21 3090 2 3091 26 3092 21 3093 2 3094 26 3095 21 3096 2 3097 26 3098 21 3099 2 3100 26 3101 21 3102 2 3103 26 3104 21 3105 2 3106 26 3107 21 3108 2 3109 26 3110 21 3111 2 3112 26 3113 21 3114 2 3115 26 3116 21 3117 2 3118 26 3119 21 3120 2 3121 26 3122 21 3123 2 3124 26 3125 21 3126 2 3127 26 3128 21 3129 2 3130 26 3131 21 3132 2 3133 26 3134 21 3135 2 3136 26 3137 21 3138 2 3139 26 3140 21 3141 2 3142 26 3143 21 3144 2 3145 26 3146 21 3147 2 3148 26 3149 21 3150 2 3151 26 3152 21 3153 2 3154 26 3155 21 3156 2 3157 26 3158 21 3159 2 3160 26 3161 21 3162 2 3163 26 3164 21 3165 2 3166 26 3167 21 3168 2 3169 26 3170 21 3171 2 3172 26 3173 21 3174 2 3175 26 3176 21 3177 2 3178 26 3179 21 3180 2 3181 26 3182 21 3183 2 3184 26 3185 21 3186 2 3187 26 3188 21 3189 2 3190 26 3191 21 3192 2 3193 26 3194 21 3195 2 3196 26 3197 21 3198 2 3199 26 3200 21 3201 2 3202 26 3203 21 3204 2 3205 26 3206 21 3207 2 3208 26 3209 21 3210 2 3211 26 3212 21 3213 2 3214 26 3215 21 3216 2 3217 26 3218 21 3219 2 3220 26 3221 21 3222 2 3223 26 3224 21 3225 2 3226 26 3227 21 3228 2 3229 26 3230 21 3231 2 3232 26 3233 21 3234 2 3235 21 0 26 3236 21 3237 2 3238 26 3239 21 3240 2 3241 26 3242 21 3243 2 3244 26 3245 21 3246 2 3247 26 3248 21 3249 2 3250 26 3251 21 3252 2 3253 26 3254 21 3255 2 3256 26 3257 21 3258 2 3259 26 3260 21 3261 2 3262 26 3263 21 3264 2 3265 26 3266 21 3267 2 3268 26 3269 21 3270 2 3271 26 3272 21 3273 2 3274 26 3275 21 3276 2 3277 26 3278 21 3279 2 3280 26 3281 21 3282 2 3283 26 3284 21 3285 2 3286 26 3287 21 3288 2 3289 26 3290 21 3291 2 3292 26 3293 21 3294 2 3295 26 3296 21 3297 2 3298 26 3299 21 3300 2 3301 26 3302 21 3303 2 3304 26 3305 21 3306 2 3307 26 3308 21 3309 2 3310 26 3311 21 3312 2 3313 26 3314 21 3315 2 3316 26 3317 21 3318 2 3319 26 3320 21 3321 2 3322 26 3323 21 3324 2 3325 26 3326 21 3327 2 3328 26 3329 21 3330 2 3331 26 3332 21 3333 2 3334 26 3335 21 3336 2 3337 26 3338 21 3339 2 3340 26 3341 21 3342 2 3343 26 3344 21 3345 2 3346 26 3347 21 3348 2 3349 1 3350 26 3351 21 3352 2 3353 26 3354 21 3355 2 3356 26 3357 21 3358 2 3359 26 3360 21 3361 2 3362 26 3363 21 3364 2 3365 1 3366 26 3367 21 3368 2 3369 26 3370 21 3371 2 3372 26 3373 21 3374 2 3375 26 3376 21 3377 2 3378 26 3379 21 3380 2 3381 1 3382 26 3383 21 3384 2 3385 26 3386 21 3387 2 3388 21 0 26 3389 21 3390 2 3391 26 3392 21 3393 2 3394 26 3395 21 3396 2 3397 26 3398 21 3399 2 3400 26 3401 21 3402 2 3403 26 3404 21 3405 2 3406 26 3407 21 3408 2 3409 26 3410 21 3411 2 3412 26 3413 21 3414 2 3415 26 3416 21 3417 2 3418 26 3419 21 3420 2 3421 26 3422 21 3423 2 3424 26 3425 21 3426 2 3427 26 3428 21 3429 2 3430 26 3431 21 3432 2 3433 26 3434 21 3435 2 3436 26 3437 21 3438 2 3439 26 3440 21 3441 2 3442 26 3443 21 3444 2 3445 26 3446 21 3447 2 3448 26 3449 21 3450 2 3451 26 3452 21 3453 2 3454 26 3455 21 3456 2 3457 26 3458 21 3459 2 3460 26 3461 21 3462 2 3463 26 3464 21 3465 2 3466 26 3467 21 3468 2 3469 26 3470 21 3471 2 3472 26 3473 21 3474 2 3475 26 3476 21 3477 2 3478 26 3479 21 3480 2 3481 26 3482 21 3483 2 3484 26 3485 21 3486 2 3487 21 0 26 3488 21 3489 2 3490 26 3491 21 3492 2 3493 26 3494 21 3495 2 3496 26 3497 21 3498 2 3499 26 3500 21 3501 2 3502 26 3503 21 3504 2 3505 26 3506 21 3507 2 3508 26 3509 21 3510 2 3511 26 3512 21 3513 2 3514 26 3515 21 3516 2 3517 26 3518 21 3519 2 3520 26 3521 21 3522 2 3523 26 3524 21 3525 2 3526 26 3527 21 3528 2 3529 26 3530 21 3531 2 3532 26 3533 21 3534 2 3535 26 3536 21 3537 2 3538 21 3539 2 3540 21 0 21 0 26 3541 21 3542 2 3543 26 3544 21 3545 2 3546 26 3547 21 3548 2 3549 26 3550 21 3551 2 3552 26 3553 21 3554 2 3555 26 3556 21 3557 2 3558 26 3559 21 3560 2 3561 26 3562 21 3563 2 3564 26 3565 21 3566 2 3567 26 3568 21 3569 2 3570 26 3571 21 3572 2 3573 26 3574 21 3575 2 3576 26 3577 21 3578 2 3579 26 3580 21 3581 2 3582 26 3583 21 3584 2 3585 21 0 26 3586 21 3587 2 3588 26 3589 21 3590 2 3591 26 3592 21 3593 2 3594 21 0 26 3595 21 3596 2 3597 26 3598 21 3599 2 3600 26 3601 21 3602 2 3603 26 3604 21 3605 2 3606 26 3607 21 3608 2 3609 26 3610 21 3611 2 3612 26 3613 21 3614 2 3615 26 3616 21 3617 2 3618 26 3619 21 3620 2 3621 21 0 26 3622 21 3623 2 3624 2 0 2 0 26 3625 21 3626 2 3627 1 3628 21 3629 2 3630 26 3631 21 3632 2 3633 26 3634 21 3635 2 3636 26 3637 21 3638 2 3639 26 3640 21 3641 2 3642 26 3643 21 3644 2 3645 26 3646 21 3647 2 3648 26 3649 21 3650 2 3651 26 3652 21 3653 2 3654 26 3655 21 3656 2 3657 26 3658 21 3659 2 3660 26 3661 21 3662 2 3663 26 3664 21 3665 2 3666 26 3667 21 3668 2 3669 26 3670 21 3671 2 3672 26 3673 21 3674 2 3675 26 3676 21 3677 2 3678 21 3679 2 3680 26 3681 21 3682 2 3683 26 3684 21 3685 2 3686 26 3687 21 3688 2 3689 26 3690 21 3691 2 3692 26 3693 21 3694 2 3695 21 3696 2 3697 26 3698 21 3699 2 3700 1 3701 26 3702 21 3703 2 3704 1 3705</v>
        </vertex_weights>
      </skin>
      <extra>
        <technique profile="FCOLLADA">
          <user_properties>SkinController</user_properties>
        </technique>
      </extra>
    </controller>
  </library_controllers>
  <library_visual_scenes>
    <visual_scene id="VisualSceneNode" name="rdmscene">
      <node id="VisualSceneNode1" name="scryveship_ScryveShip_Armature" sid="scryveship_ScryveShip_Armature" type="JOINT">
        <matrix>100 0 0 0 0 -0.000016 100 0 0 -100 -0.000016 0 0 0 0 1</matrix>
        <node id="VisualSceneNode2" name="Bone_000" sid="Bone_000" type="JOINT">
          <matrix>1 0 0 0 0 1 0 0 0 0 1 0 0 0 0 1</matrix>
          <node id="VisualSceneNode3" name="Bone_001" sid="Bone_001" type="JOINT">
            <matrix>-1 0 0.000000 0 0.000000 -0.489875 0.871793 0 0 0.871793 0.489875 0 0 0 0 1</matrix>
            <node id="VisualSceneNode4" name="Bone_002" sid="Bone_002" type="JOINT">
              <matrix>1 0 0 0 0 0.80103 0.598624 0.864122 0 -0.598624 0.80103 0 0 0 0 1</matrix>
              <node id="VisualSceneNode5" name="Bone_003" sid="Bone_003" type="JOINT">
                <matrix>-1 0.000000 0 0 0 0.061533 0.998105 1.54869 0.000000 0.998105 -0.061533 0.281471 0 0 0 1</matrix>
                <node id="VisualSceneNode6" name="Bone_004" sid="Bone_004" type="JOINT">
                  <matrix>1 0 0 0 0 0.862088 0.506758 0.196701 0 -0.506758 0.862088 0.000000 0 0 0 1</matrix>
                  <node id="VisualSceneNode7" name="Bone_005" sid="Bone_005" type="JOINT">
                    <matrix>1 0 0 0 0 0.895547 0.444967 0.128889 0 -0.444968 0.895547 0.000000 0 0 0 1</matrix>
                    <node id="VisualSceneNode8" name="Bone_006" sid="Bone_006" type="JOINT">
                      <matrix>1 0 0 0 0 1 -0.000000 0.729558 0 -0.000000 1 -0.000000 0 0 0 1</matrix>
                    </node>
                  </node>
                </node>
              </node>
              <node id="VisualSceneNode9" name="Bone_007" sid="Bone_007" type="JOINT">
                <matrix>0.921739 0.334331 -0.19652 0.540056 -0.354568 0.931786 -0.077826 1.50514 0.157095 0.141416 0.977406 0.228434 0 0 0 1</matrix>
              </node>
              <node id="VisualSceneNode10" name="Bone_008" sid="Bone_008" type="JOINT">
                <matrix>0.572151 -0.636771 0.516882 0.93793 0.625804 0.74631 0.226695 1.77102 -0.530106 0.193763 0.825496 -0.455057 0 0 0 1</matrix>
                <node id="VisualSceneNode11" name="Bone_009" sid="Bone_009" type="JOINT">
                  <matrix>-0.59209 -0.61228 0.523969 -0.151127 0.621118 0.067546 0.780801 0.016672 -0.513461 0.787751 0.340304 0.194438 0 0 0 1</matrix>
                </node>
                <node id="VisualSceneNode12" name="Bone_010" sid="Bone_010" type="JOINT">
                  <matrix>0.90871 0.370195 -0.192878 0.151127 -0.204453 0.797562 0.567533 0.325594 0.36393 -0.476288 0.80044 -0.194438 0 0 0 1</matrix>
                </node>
              </node>
              <node id="VisualSceneNode13" name="Bone_011" sid="Bone_011" type="JOINT">
                <matrix>0.47725 0.878512 0.021175 1.43961 -0.80344 0.426453 0.415479 0.698825 0.355973 -0.2153 0.909356 -0.35281 0 0 0 1</matrix>
              </node>
              <node id="VisualSceneNode14" name="Bone_012" sid="Bone_012" type="JOINT">
                <matrix>-1 0.000000 0 1.10236 -0.000000 -0.804052 0.594559 0.644315 0.000000 0.594559 0.804052 0.266932 0 0 0 1</matrix>
                <node id="VisualSceneNode15" name="Bone_013" sid="Bone_013" type="JOINT">
                  <matrix>1 0 0 0.000000 0 1 -0.000000 0.727271 0 0.000000 1 -0.000000 0 0 0 1</matrix>
                </node>
              </node>
              <node id="VisualSceneNode16" name="Bone_014" sid="Bone_014" type="JOINT">
                <matrix>-0.921739 -0.33433 -0.196521 -0.540055 -0.354568 0.931785 0.077826 1.50514 0.157095 0.141416 -0.977406 0.228434 0 0 0 1</matrix>
              </node>
              <node id="VisualSceneNode17" name="Bone_015" sid="Bone_015" type="JOINT">
                <matrix>-0.568144 0.642332 0.514414 -0.93793 0.629541 0.741832 -0.231006 1.77102 -0.529991 0.1926 -0.825841 -0.455057 0 0 0 1</matrix>
                <node id="VisualSceneNode18" name="Bone_016" sid="Bone_016" type="JOINT">
                  <matrix>-0.58817 -0.612798 -0.527764 -0.151255 0.62677 0.067011 -0.776317 0.01654 0.511091 -0.787394 0.34467 -0.19435 0 0 0 1</matrix>
                </node>
                <node id="VisualSceneNode19" name="Bone_017" sid="Bone_017" type="JOINT">
                  <matrix>-0.909511 0.368917 -0.191547 0.151255 0.205417 0.799499 0.564451 0.327792 0.361377 0.474027 -0.802935 0.19435 0 0 0 1</matrix>
                </node>
              </node>
              <node id="VisualSceneNode20" name="Bone_018" sid="Bone_018" type="JOINT">
                <matrix>-1 0.000000 0 -1.10236 -0.000000 -0.806181 0.591669 0.644315 0.000000 0.591669 0.806182 0.266932 0 0 0 1</matrix>
                <node id="VisualSceneNode21" name="Bone_019" sid="Bone_019" type="JOINT">
                  <matrix>1 0 0 0.000000 0 1 -0.000000 0.718874 0 0.000000 1 -0.000000 0 0 0 1</matrix>
                </node>
              </node>
              <node id="VisualSceneNode22" name="Bone_020" sid="Bone_020" type="JOINT">
                <matrix>-0.477251 -0.878512 0.021174 -1.43961 -0.80344 0.426453 -0.415478 0.698825 0.355973 -0.2153 -0.909357 -0.35281 0 0 0 1</matrix>
              </node>
              <node id="VisualSceneNode23" name="Bone_021" sid="Bone_021" type="JOINT">
                <matrix>-1 0.000000 0 0 0 -0.88328 0.468847 -1.29517 0.000000 0.468847 0.88328 0.343531 0 0 0 1</matrix>
                <node id="VisualSceneNode24" name="Bone_022" sid="Bone_022" type="JOINT">
                  <matrix>1 0 0 0.85312 0 0.9886 -0.150563 0.735974 0 0.150563 0.988601 0.129899 0 0 0 1</matrix>
                  <node id="VisualSceneNode25" name="Bone_023" sid="Bone_023" type="JOINT">
                    <matrix>1 0 0 0 0 1 0.000000 0.728104 0 -0.000000 1 0 0 0 0 1</matrix>
                  </node>
                </node>
                <node id="VisualSceneNode26" name="Bone_024" sid="Bone_024" type="JOINT">
                  <matrix>1 0 0 -0.853119 0 0.9886 -0.150563 0.735974 0 0.150563 0.988601 0.129899 0 0 0 1</matrix>
                  <node id="VisualSceneNode27" name="Bone_025" sid="Bone_025" type="JOINT">
                    <matrix>1 0 0 0 0 1 0.000000 0.728104 0 -0.000000 1 0.000000 0 0 0 1</matrix>
                  </node>
                </node>
                <node id="VisualSceneNode28" name="Bone_026" sid="Bone_026" type="JOINT">
                  <matrix>1 0 0.000000 0 0 0.990607 0.136743 0.497815 0 -0.136743 0.990607 -0.259798 0 0 0 1</matrix>
                  <node id="VisualSceneNode29" name="Bone_027" sid="Bone_027" type="JOINT">
                    <matrix>1 0 0 0 0 1 0 0.108561 0 -0.000000 1 0 0 0 0 1</matrix>
                  </node>
                </node>
              </node>
            </node>
          </node>
          <node id="VisualSceneNode30" name="Bone_028" sid="Bone_028" type="JOINT">
            <matrix>1 0 0 0 0 1 0 0 0 0 1 0 0 0 0 1</matrix>
          </node>
        </node>
      </node>
      <node id="VisualSceneNode31" name="scryveship_ScryveShip" type="NODE">
        <matrix>1 0 0 0 0 1 0 0 0 0 1 0 0 0 0 1</matrix>
        <instance_controller url="#Controller">
          <skeleton>#VisualSceneNode1</skeleton>
          <bind_material>
            <technique_common>
              <instance_material symbol="VisualMaterial0" target="#VisualMaterial"/>
            </technique_common>
          </bind_material>
        </instance_controller>
      </node>
    </visual_scene>
  </library_visual_scenes>
  <scene>
    <instance_visual_scene url="#VisualSceneNode"/>
  </scene>
</COLLADA>
