<?xml version="1.0" encoding="utf-8"?>
<COLLADA xmlns="http://www.collada.org/2005/11/COLLADASchema" version="1.4.1"><asset><up_axis>Y_UP</up_axis></asset><library_images><image id="img_86"><init_from>tex_00086.png</init_from></image><image id="img_87"><init_from>tex_00087.png</init_from></image><image id="img_139514"><init_from>tex_139514.png</init_from></image><image id="img_139515"><init_from>tex_139515.png</init_from></image><image id="img_139516"><init_from>tex_139516.png</init_from></image><image id="img_139517"><init_from>tex_139517.png</init_from></image><image id="img_139518"><init_from>tex_139518.png</init_from></image><image id="img_139519"><init_from>tex_139519.png</init_from></image><image id="img_139520"><init_from>tex_139520.png</init_from></image><image id="img_139521"><init_from>tex_139521.png</init_from></image><image id="img_139522"><init_from>tex_139522.png</init_from></image><image id="img_139523"><init_from>tex_139523.png</init_from></image><image id="img_139524"><init_from>tex_139524.png</init_from></image><image id="img_139525"><init_from>tex_139525.png</init_from></image><image id="img_139526"><init_from>tex_139526.png</init_from></image><image id="img_139527"><init_from>tex_139527.png</init_from></image><image id="img_139528"><init_from>tex_139528.png</init_from></image><image id="img_139529"><init_from>tex_139529.png</init_from></image><image id="img_139530"><init_from>tex_139530.png</init_from></image><image id="img_139531"><init_from>tex_139531.png</init_from></image><image id="img_139532"><init_from>tex_139532.png</init_from></image><image id="img_139533"><init_from>tex_139533.png</init_from></image><image id="img_139534"><init_from>tex_139534.png</init_from></image><image id="img_139535"><init_from>tex_139535.png</init_from></image><image id="img_139536"><init_from>tex_139536.png</init_from></image><image id="img_139537"><init_from>tex_139537.png</init_from></image><image id="img_139538"><init_from>tex_139538.png</init_from></image><image id="img_139539"><init_from>tex_139539.png</init_from></image><image id="img_139540"><init_from>tex_139540.png</init_from></image><image id="img_139541"><init_from>tex_139541.png</init_from></image><image id="img_139542"><init_from>tex_139542.png</init_from></image><image id="img_139543"><init_from>tex_139543.png</init_from></image><image id="img_139544"><init_from>tex_139544.png</init_from></image><image id="img_139545"><init_from>tex_139545.png</init_from></image><image id="img_139546"><init_from>tex_139546.png</init_from></image><image id="img_139547"><init_from>tex_139547.png</init_from></image><image id="img_139548"><init_from>tex_139548.png</init_from></image><image id="img_139549"><init_from>tex_139549.png</init_from></image><image id="img_139550"><init_from>tex_139550.png</init_from></image><image id="img_139551"><init_from>tex_139551.png</init_from></image><image id="img_139552"><init_from>tex_139552.png</init_from></image><image id="img_139553"><init_from>tex_139553.png</init_from></image><image id="img_139554"><init_from>tex_139554.png</init_from></image></library_images><library_effects><effect id="fx_00"><profile_COMMON><newparam sid="img_139544-surface"><surface type="2D"><init_from>img_139544</init_from></surface></newparam><newparam sid="img_139544-sampler"><sampler2D><source>img_139544-surface</source></sampler2D></newparam><technique sid="common"><phong><diffuse><texture texture="img_139544-sampler" texcoord="UVSET0"/></diffuse></phong></technique></profile_COMMON></effect><effect id="fx_01"><profile_COMMON><newparam sid="img_86-surface"><surface type="2D"><init_from>img_86</init_from></surface></newparam><newparam sid="img_86-sampler"><sampler2D><source>img_86-surface</source></sampler2D></newparam><technique sid="common"><phong><diffuse><texture texture="img_86-sampler" texcoord="UVSET0"/></diffuse></phong></technique></profile_COMMON></effect><effect id="fx_02"><profile_COMMON><newparam sid="img_139546-surface"><surface type="2D"><init_from>img_139546</init_from></surface></newparam><newparam sid="img_139546-sampler"><sampler2D><source>img_139546-surface</source></sampler2D></newparam><technique sid="common"><phong><diffuse><texture texture="img_139546-sampler" texcoord="UVSET0"/></diffuse></phong></technique></profile_COMMON></effect><effect id="fx_03"><profile_COMMON><newparam sid="img_139517-surface"><surface type="2D"><init_from>img_139517</init_from></surface></newparam><newparam sid="img_139517-sampler"><sampler2D><source>img_139517-surface</source></sampler2D></newparam><technique sid="common"><phong><diffuse><texture texture="img_139517-sampler" texcoord="UVSET0"/></diffuse></phong></technique></profile_COMMON></effect><effect id="fx_04"><profile_COMMON><newparam sid="img_139518-surface"><surface type="2D"><init_from>img_139518</init_from></surface></newparam><newparam sid="img_139518-sampler"><sampler2D><source>img_139518-surface</source></sampler2D></newparam><technique sid="common"><phong><diffuse><texture texture="img_139518-sampler" texcoord="UVSET0"/></diffuse></phong></technique></profile_COMMON></effect><effect id="fx_05"><profile_COMMON><newparam sid="img_139518-surface"><surface type="2D"><init_from>img_139518</init_from></surface></newparam><newparam sid="img_139518-sampler"><sampler2D><source>img_139518-surface</source></sampler2D></newparam><technique sid="common"><phong><diffuse><texture texture="img_139518-sampler" texcoord="UVSET0"/></diffuse></phong></technique></profile_COMMON></effect><effect id="fx_06"><profile_COMMON><newparam sid="img_87-surface"><surface type="2D"><init_from>img_87</init_from></surface></newparam><newparam sid="img_87-sampler"><sampler2D><source>img_87-surface</source></sampler2D></newparam><technique sid="common"><phong><diffuse><texture texture="img_87-sampler" texcoord="UVSET0"/></diffuse></phong></technique></profile_COMMON></effect><effect id="fx_07"><profile_COMMON><newparam sid="img_139548-surface"><surface type="2D"><init_from>img_139548</init_from></surface></newparam><newparam sid="img_139548-sampler"><sampler2D><source>img_139548-surface</source></sampler2D></newparam><technique sid="common"><phong><diffuse><texture texture="img_139548-sampler" texcoord="UVSET0"/></diffuse></phong></technique></profile_COMMON></effect><effect id="fx_08"><profile_COMMON><newparam sid="img_139548-surface"><surface type="2D"><init_from>img_139548</init_from></surface></newparam><newparam sid="img_139548-sampler"><sampler2D><source>img_139548-surface</source></sampler2D></newparam><technique sid="common"><phong><diffuse><texture texture="img_139548-sampler" texcoord="UVSET0"/></diffuse></phong></technique></profile_COMMON></effect><effect id="fx_09"><profile_COMMON><newparam sid="img_139521-surface"><surface type="2D"><init_from>img_139521</init_from></surface></newparam><newparam sid="img_139521-sampler"><sampler2D><source>img_139521-surface</source></sampler2D></newparam><technique sid="common"><phong><diffuse><texture texture="img_139521-sampler" texcoord="UVSET0"/></diffuse></phong></technique></profile_COMMON></effect><effect id="fx_10"><profile_COMMON><newparam sid="img_139522-surface"><surface type="2D"><init_from>img_139522</init_from></surface></newparam><newparam sid="img_139522-sampler"><sampler2D><source>img_139522-surface</source></sampler2D></newparam><technique sid="common"><phong><diffuse><texture texture="img_139522-sampler" texcoord="UVSET0"/></diffuse></phong></technique></profile_COMMON></effect><effect id="fx_11"><profile_COMMON><technique sid="common"><phong><diffuse><color>0.9451 0.9451 0.9451 1</color></diffuse></phong></technique></profile_COMMON></effect><effect id="fx_12"><profile_COMMON><technique sid="common"><phong><diffuse><color>0.9451 0.9451 0.9451 1</color></diffuse></phong></technique></profile_COMMON></effect><effect id="fx_13"><profile_COMMON><technique sid="common"><phong><diffuse><color>0.9451 0.9451 0.9451 1</color></diffuse></phong></technique></profile_COMMON></effect><effect id="fx_14"><profile_COMMON><newparam sid="img_139522-surface"><surface type="2D"><init_from>img_139522</init_from></surface></newparam><newparam sid="img_139522-sampler"><sampler2D><source>img_139522-surface</source></sampler2D></newparam><technique sid="common"><phong><diffuse><texture texture="img_139522-sampler" texcoord="UVSET0"/></diffuse></phong></technique></profile_COMMON></effect><effect id="fx_15"><profile_COMMON><newparam sid="img_139522-surface"><surface type="2D"><init_from>img_139522</init_from></surface></newparam><newparam sid="img_139522-sampler"><sampler2D><source>img_139522-surface</source></sampler2D></newparam><technique sid="common"><phong><diffuse><texture texture="img_139522-sampler" texcoord="UVSET0"/></diffuse></phong></technique></profile_COMMON></effect><effect id="fx_16"><profile_COMMON><technique sid="common"><phong><diffuse><color>0.9451 0.9451 0.9451 1</color></diffuse></phong></technique></profile_COMMON></effect><effect id="fx_17"><profile_COMMON><technique sid="common"><phong><diffuse><color>0.9451 0.9451 0.9451 1</color></diffuse></phong></technique></profile_COMMON></effect><effect id="fx_18"><profile_COMMON><technique sid="common"><phong><diffuse><color>0.9451 0.9451 0.9451 1</color></diffuse></phong></technique></profile_COMMON></effect><effect id="fx_19"><profile_COMMON><newparam sid="img_139522-surface"><surface type="2D"><init_from>img_139522</init_from></surface></newparam><newparam sid="img_139522-sampler"><sampler2D><source>img_139522-surface</source></sampler2D></newparam><technique sid="common"><phong><diffuse><texture texture="img_139522-sampler" texcoord="UVSET0"/></diffuse></phong></technique></profile_COMMON></effect><effect id="fx_20"><profile_COMMON><newparam sid="img_139522-surface"><surface type="2D"><init_from>img_139522</init_from></surface></newparam><newparam sid="img_139522-sampler"><sampler2D><source>img_139522-surface</source></sampler2D></newparam><technique sid="common"><phong><diffuse><texture texture="img_139522-sampler" texcoord="UVSET0"/></diffuse></phong></technique></profile_COMMON></effect><effect id="fx_21"><profile_COMMON><technique sid="common"><phong><diffuse><color>0.9451 0.9451 0.9451 1</color></diffuse></phong></technique></profile_COMMON></effect><effect id="fx_22"><profile_COMMON><technique sid="common"><phong><diffuse><color>0.9451 0.9451 0.9451 1</color></diffuse></phong></technique></profile_COMMON></effect><effect id="fx_23"><profile_COMMON><technique sid="common"><phong><diffuse><color>0.9451 0.9451 0.9451 1</color></diffuse></phong></technique></profile_COMMON></effect><effect id="fx_24"><profile_COMMON><newparam sid="img_139522-surface"><surface type="2D"><init_from>img_139522</init_from></surface></newparam><newparam sid="img_139522-sampler"><sampler2D><source>img_139522-surface</source></sampler2D></newparam><technique sid="common"><phong><diffuse><texture texture="img_139522-sampler" texcoord="UVSET0"/></diffuse></phong></technique></profile_COMMON></effect><effect id="fx_25"><profile_COMMON><technique sid="common"><phong><diffuse><color>0.9451 0.9451 0.9451 1</color></diffuse></phong></technique></profile_COMMON></effect><effect id="fx_26"><profile_COMMON><technique sid="common"><phong><diffuse><color>0.9451 0.9451 0.9451 1</color></diffuse></phong></technique></profile_COMMON></effect><effect id="fx_27"><profile_COMMON><technique sid="common"><phong><diffuse><color>0.9451 0.9451 0.9451 1</color></diffuse></phong></technique></profile_COMMON></effect><effect id="fx_28"><profile_COMMON><technique sid="common"><phong><diffuse><color>0.9451 0.9451 0.9451 1</color></diffuse></phong></technique></profile_COMMON></effect></library_effects><library_materials><material id="mat_00" name="mat_00"><instance_effect url="#fx_00"/></material><material id="mat_01" name="mat_01"><instance_effect url="#fx_01"/></material><material id="mat_02" name="mat_02"><instance_effect url="#fx_02"/></material><material id="mat_03" name="mat_03"><instance_effect url="#fx_03"/></material><material id="mat_04" name="mat_04"><instance_effect url="#fx_04"/></material><material id="mat_05" name="mat_05"><instance_effect url="#fx_05"/></material><material id="mat_06" name="mat_06"><instance_effect url="#fx_06"/></material><material id="mat_07" name="mat_07"><instance_effect url="#fx_07"/></material><material id="mat_08" name="mat_08"><instance_effect url="#fx_08"/></material><material id="mat_09" name="mat_09"><instance_effect url="#fx_09"/></material><material id="mat_10" name="mat_10"><instance_effect url="#fx_10"/></material><material id="mat_11" name="mat_11"><instance_effect url="#fx_11"/></material><material id="mat_12" name="mat_12"><instance_effect url="#fx_12"/></material><material id="mat_13" name="mat_13"><instance_effect url="#fx_13"/></material><material id="mat_14" name="mat_14"><instance_effect url="#fx_14"/></material><material id="mat_15" name="mat_15"><instance_effect url="#fx_15"/></material><material id="mat_16" name="mat_16"><instance_effect url="#fx_16"/></material><material id="mat_17" name="mat_17"><instance_effect url="#fx_17"/></material><material id="mat_18" name="mat_18"><instance_effect url="#fx_18"/></material><material id="mat_19" name="mat_19"><instance_effect url="#fx_19"/></material><material id="mat_20" name="mat_20"><instance_effect url="#fx_20"/></material><material id="mat_21" name="mat_21"><instance_effect url="#fx_21"/></material><material id="mat_22" name="mat_22"><instance_effect url="#fx_22"/></material><material id="mat_23" name="mat_23"><instance_effect url="#fx_23"/></material><material id="mat_24" name="mat_24"><instance_effect url="#fx_24"/></material><material id="mat_25" name="mat_25"><instance_effect url="#fx_25"/></material><material id="mat_26" name="mat_26"><instance_effect url="#fx_26"/></material><material id="mat_27" name="mat_27"><instance_effect url="#fx_27"/></material><material id="mat_28" name="mat_28"><instance_effect url="#fx_28"/></material></library_materials><library_geometries><geometry id="geom_00" name="part_00"><mesh><source id="geom_00-pos"><float_array id="geom_00-pos-array" count="186">-1.968750 0.250000 -0.093750 -1.750000 -0.562500 -0.062500 -1.750000 0.218750 0.718750 -1.687500 -1.968750 -0.125000 -1.687500 0.812500 -0.031250 -1.625000 -2.562500 -0.156250 -1.593750 -1.281250 -0.093750 -1.593750 -0.781250 0.812500 -1.593750 0.250000 -0.968750 -1.468750 -0.750000 -1.031250 -1.437500 -1.937500 0.593750 -1.406250 -1.937500 -0.750000 -1.406250 0.687500 0.750000 -1.375000 -2.562500 0.406250 -1.375000 0.718750 -0.875000 -1.343750 -2.937500 -0.156250 -1.312500 -2.531250 -0.656250 -1.312500 -1.312500 -0.812500 -1.312500 -1.312500 0.656250 -1.093750 -2.718750 0.500000 -1.093750 1.031250 -0.031250 -1.062500 -0.343750 1.187500 -1.031250 -2.656250 -0.750000 -1.000000 -2.125000 0.687500 -0.937500 -0.250000 -1.312500 -0.937500 0.937500 0.375000 -0.906250 -2.093750 -0.968750 -0.906250 0.406250 1.031250 -0.875000 0.937500 -0.468750 -0.843750 -2.968750 0.125000 -0.843750 -0.906250 1.093750 -0.812500 -2.968750 -0.437500 -0.781250 -1.437500 0.781250 -0.781250 -0.781250 -1.218750 -0.718750 0.375000 -1.218750 -0.656250 -1.437500 -0.968750 -0.468750 0.656250 0.593750 -0.437500 -2.750000 0.406250 -0.437500 -2.750000 0.406250 -0.375000 -2.718750 -0.687500 -0.375000 0.656250 -0.718750 -0.343750 -2.250000 0.656250 -0.343750 -2.250000 0.656250 -0.312500 -1.468750 0.812500 -0.312500 0.781250 -0.031250 -0.312500 0.781250 -0.031250 -0.187500 -2.218750 -0.875000 -0.187500 -2.218750 -0.875000 -0.125000 -1.375000 -0.968750 -0.125000 -1.375000 -0.968750 0.093750 0.718750 -0.375000 0.125000 -1.031250 0.625000 0.125000 0.625000 0.093750 0.125000 0.625000 0.093750 0.218750 -0.968750 -0.906250 0.250000 -0.968750 -0.125000 0.250000 -0.968750 -0.125000 0.281250 -0.468750 0.781250 0.343750 -0.406250 -0.843750 0.375000 0.031250 -0.625000 0.375000 0.031250 -0.625000 0.375000 0.031250 0.531250</float_array><technique_common><accessor source="#geom_00-pos-array" count="62" stride="3"><param name="X" type="float"/><param name="Y" type="float"/><param name="Z" type="float"/></accessor></technique_common></source><source id="geom_00-uv"><float_array id="geom_00-uv-array" count="124">0.496643 0.746552 0.498444 0.580292 0.607071 0.735718 0.489502 0.296158 0.504395 0.859756 0.483170 0.179153 0.493057 0.432617 0.634872 0.536240 0.363342 0.740967 0.345718 0.542267 0.624908 0.302460 0.368225 0.303680 0.649094 0.828644 0.603851 0.180099 0.348755 0.838470 0.470123 0.102280 0.365967 0.182480 0.343124 0.426849 0.647827 0.426926 0.675186 0.148651 0.510437 0.902893 0.715408 0.621246 0.302094 0.159729 0.709183 0.263321 0.266174 0.645752 0.700424 0.884308 0.271591 0.269653 0.732925 0.775482 0.285324 0.884476 0.718185 0.097092 0.741516 0.510681 0.261765 0.097443 0.749817 0.405060 0.245987 0.535278 0.238434 0.766693 0.228500 0.405701 0.820587 0.825424 0.000000 0.141541 0.851685 0.141541 0.158142 0.145432 0.159714 0.824326 0.000000 0.240692 0.842239 0.240692 0.830917 0.399063 0.000000 0.852524 0.989853 0.852524 0.147125 0.248886 1.000000 0.248886 0.148438 0.413391 1.000000 0.413391 0.052689 0.834930 0.899216 0.482971 0.000000 0.816254 0.971771 0.816254 0.111877 0.500534 0.010437 0.498032 1.000000 0.498032 0.894974 0.598618 0.097275 0.613617 0.070206 0.701233 1.000000 0.701233 0.924561 0.697083</float_array><technique_common><accessor source="#geom_00-uv-array" count="62" stride="2"><param name="S" type="float"/><param name="T" type="float"/></accessor></technique_common></source><vertices id="geom_00-verts"><input semantic="POSITION" source="#geom_00-pos"/></vertices><triangles count="104" material="slot"><input semantic="VERTEX" source="#geom_00-verts" offset="0"/><input semantic="TEXCOORD" source="#geom_00-uv" offset="1" set="0"/><p>31 31 15 15 22 22 61 61 27 27 57 57 6 6 11 11 3 3 3 3 11 11 5 5 15 15 16 16 22 22 1 1 9 9 17 17 15 15 13 13 5 5 55 55 48 48 54 54 19 19 29 29 38 38 6 6 18 18 1 1 1 1 18 18 7 7 6 6 17 17 11 11 29 29 15 15 31 31 23 23 32 32 18 18 19 19 15 15 29 29 13 13 10 10 5 5 38 38 42 42 23 23 23 23 42 42 32 32 38 38 23 23 19 19 31 31 37 37 29 29 14 14 20 20 28 28 15 15 5 5 16 16 5 5 11 11 16 16 19 19 13 13 15 15 18 18 32 32 7 7 7 7 32 32 30 30 60 60 53 53 61 61 1 1 17 17 6 6 0 0 14 14 8 8 0 0 8 8 1 1 1 1 8 8 9 9 60 60 61 61 56 56 40 40 14 14 28 28 56 56 51 51 43 43 33 33 24 24 58 58 33 33 9 9 24 24 19 19 10 10 13 13 7 7 2 2 1 1 25 25 20 20 12 12 25 25 36 36 45 45 61 61 36 36 27 27 27 27 25 25 12 12 27 27 36 36 25 25 40 40 28 28 44 44 53 53 45 45 36 36 18 18 10 10 23 23 8 8 24 24 9 9 0 0 1 1 2 2 56 56 43 43 49 49 53 53 36 36 61 61 14 14 4 4 20 20 10 10 3 3 5 5 51 51 57 57 43 43 58 58 55 55 54 54 6 6 3 3 10 10 46 46 26 26 35 35 46 46 39 39 26 26 35 35 11 11 17 17 30 30 32 32 43 43 26 26 11 11 35 35 12 12 2 2 21 21 21 21 2 2 7 7 12 12 21 21 27 27 21 21 7 7 30 30 41 41 39 39 46 46 39 39 22 22 26 26 35 35 48 48 46 46 39 39 31 31 22 22 48 48 35 35 33 33 54 54 33 33 58 58 49 49 43 43 47 47 47 47 43 43 42 42 21 21 30 30 57 57 41 41 37 37 39 39 39 39 37 37 31 31 16 16 11 11 26 26 16 16 26 26 22 22 27 27 21 21 57 57 43 43 32 32 42 42 34 34 24 24 8 8 43 43 57 57 30 30 2 2 4 4 0 0 33 33 17 17 9 9 14 14 0 0 4 4 34 34 8 8 14 14 20 20 4 4 12 12 14 14 40 40 34 34 40 40 59 59 34 34 25 25 45 45 20 20 20 20 44 44 28 28 12 12 4 4 2 2 35 35 17 17 33 33 24 24 34 34 58 58 59 59 50 50 52 52 48 48 33 33 54 54 57 57 51 51 56 56 61 61 57 57 56 56 58 58 34 34 59 59 6 6 10 10 18 18 59 59 55 55 58 58 40 40 44 44 50 50 40 40 50 50 59 59 50 50 44 44 52 52 19 19 23 23 10 10</p></triangles></mesh></geometry><geometry id="geom_01" name="part_01"><mesh><source id="geom_01-pos"><float_array id="geom_01-pos-array" count="111">0.000000 -0.343750 0.093750 0.156250 -0.281250 0.062500 0.281250 -0.125000 0.031250 0.312500 0.093750 0.031250 0.250000 0.281250 0.031250 0.156250 0.437500 0.062500 -0.031250 0.500000 0.093750 0.093750 -0.281250 0.031250 0.156250 -0.125000 -0.031250 0.156250 0.093750 -0.031250 0.156250 0.281250 0.000000 0.062500 0.437500 0.031250 -0.062500 -0.281250 0.031250 -0.093750 -0.156250 0.000000 -0.093750 0.093750 0.000000 -0.093750 0.281250 0.031250 -0.062500 0.437500 0.062500 -0.187500 -0.281250 0.093750 -0.281250 -0.156250 0.125000 -0.312500 0.093750 0.125000 -0.281250 0.281250 0.125000 -0.156250 0.437500 0.125000 -0.156250 -0.281250 0.156250 -0.281250 -0.156250 0.187500 -0.281250 0.093750 0.218750 -0.250000 0.281250 0.187500 -0.156250 0.437500 0.156250 -0.031250 -0.281250 0.156250 -0.062500 -0.156250 0.187500 -0.062500 0.093750 0.218750 -0.062500 0.281250 0.187500 -0.031250 0.437500 0.156250 0.125000 -0.281250 0.125000 0.187500 -0.156250 0.125000 0.187500 0.093750 0.125000 0.187500 0.281250 0.125000 0.093750 0.437500 0.125000</float_array><technique_common><accessor source="#geom_01-pos-array" count="37" stride="3"><param name="X" type="float"/><param name="Y" type="float"/><param name="Z" type="float"/></accessor></technique_common></source><source id="geom_01-uv"><float_array id="geom_01-uv-array" count="74">0.488998 0.000000 0.780304 0.078461 0.971146 0.242401 1.000000 0.532471 0.933289 0.751572 0.743881 0.934601 0.477722 1.000000 0.652695 0.078125 0.759384 0.241852 0.774200 0.531906 0.735550 0.751053 0.627960 0.934296 0.401169 0.076385 0.341980 0.238968 0.329163 0.528824 0.345795 0.748367 0.399490 0.932724 0.215134 0.074554 0.033264 0.235916 0.000000 0.525558 0.057526 0.745514 0.230499 0.931046 0.234680 0.073990 0.065704 0.234985 0.034576 0.524567 0.087814 0.744644 0.248245 0.930542 0.445084 0.075134 0.414856 0.236893 0.406860 0.526596 0.413849 0.746429 0.439377 0.931580 0.687912 0.077133 0.817825 0.240189 0.836517 0.530121 0.790115 0.749496 0.659958 0.933380</float_array><technique_common><accessor source="#geom_01-uv-array" count="37" stride="2"><param name="S" type="float"/><param name="T" type="float"/></accessor></technique_common></source><vertices id="geom_01-verts"><input semantic="POSITION" source="#geom_01-pos"/></vertices><triangles count="64" material="slot"><input semantic="VERTEX" source="#geom_01-verts" offset="0"/><input semantic="TEXCOORD" source="#geom_01-uv" offset="1" set="0"/><p>1 1 0 0 7 7 2 2 1 1 7 7 2 2 7 7 8 8 3 3 2 2 8 8 3 3 8 8 9 9 4 4 3 3 9 9 4 4 9 9 10 10 5 5 4 4 10 10 5 5 10 10 11 11 6 6 5 5 11 11 7 7 0 0 12 12 8 8 7 7 12 12 8 8 12 12 13 13 6 6 36 36 5 5 36 36 4 4 5 5 36 36 35 35 4 4 35 35 3 3 4 4 35 35 34 34 3 3 34 34 2 2 3 3 6 6 11 11 16 16 12 12 0 0 17 17 13 13 12 12 17 17 13 13 17 17 18 18 14 14 13 13 18 18 14 14 18 18 19 19 15 15 14 14 19 19 15 15 19 19 20 20 16 16 15 15 20 20 16 16 20 20 21 21 6 6 16 16 21 21 17 17 0 0 22 22 18 18 17 17 22 22 18 18 22 22 23 23 19 19 18 18 23 23 19 19 23 23 24 24 20 20 19 19 24 24 20 20 24 24 25 25 21 21 20 20 25 25 21 21 25 25 26 26 6 6 21 21 26 26 22 22 0 0 27 27 23 23 22 22 27 27 23 23 27 27 28 28 24 24 23 23 28 28 24 24 28 28 29 29 25 25 24 24 29 29 25 25 29 29 30 30 26 26 25 25 30 30 26 26 30 30 31 31 6 6 26 26 31 31 27 27 0 0 32 32 28 28 27 27 32 32 28 28 32 32 33 33 29 29 28 28 33 33 29 29 33 33 34 34 30 30 29 29 34 34 30 30 34 34 35 35 31 31 30 30 35 35 31 31 35 35 36 36 6 6 31 31 36 36 32 32 0 0 1 1 33 33 32 32 1 1 33 33 1 1 2 2 34 34 33 33 2 2</p></triangles></mesh></geometry><geometry id="geom_02" name="part_02"><mesh><source id="geom_02-pos"><float_array id="geom_02-pos-array" count="144">-1.281250 0.375000 -0.593750 -1.187500 0.562500 -0.593750 -1.156250 0.312500 0.781250 -1.062500 0.031250 -0.937500 -1.062500 0.218750 -1.187500 -1.062500 0.500000 0.781250 -1.062500 0.718750 -0.562500 -1.000000 0.093750 0.906250 -0.968750 -0.093750 -0.562500 -0.968750 0.406250 -1.187500 -0.937500 0.218750 1.250000 -0.937500 0.656250 0.750000 -0.875000 0.375000 1.281250 -0.843750 -0.156250 -0.687500 -0.843750 -0.093750 -1.156250 -0.843750 0.593750 -1.093750 -0.781250 0.062500 -1.437500 -0.750000 0.531250 1.187500 -0.687500 -0.250000 -0.625000 -0.687500 0.718750 -0.875000 -0.656250 -0.125000 1.187500 -0.656250 0.250000 -1.437500 -0.625000 0.687500 0.968750 -0.593750 -0.312500 0.687500 -0.593750 0.000000 1.468750 -0.562500 -0.218750 -1.062500 -0.531250 0.500000 -1.312500 -0.500000 0.156250 1.500000 -0.437500 -0.312500 1.125000 -0.437500 -0.093750 -1.343750 -0.437500 0.625000 -1.031250 -0.406250 0.343750 1.406250 -0.343750 -0.343750 -0.750000 -0.343750 0.093750 -1.343750 -0.343750 0.531250 1.125000 -0.250000 -0.406250 0.781250 -0.250000 -0.187500 1.375000 -0.250000 0.281250 -1.250000 -0.218750 0.468750 -0.968750 -0.156250 -0.250000 -0.937500 -0.156250 0.000000 1.375000 -0.093750 0.187500 1.281250 -0.093750 0.406250 1.031250 -0.062500 -0.062500 -0.937500 -0.031250 -0.312500 0.937500 0.000000 0.125000 -0.875000 0.062500 -0.125000 0.937500 0.125000 0.093750 0.875000</float_array><technique_common><accessor source="#geom_02-pos-array" count="48" stride="3"><param name="X" type="float"/><param name="Y" type="float"/><param name="Z" type="float"/></accessor></technique_common></source><source id="geom_02-uv"><float_array id="geom_02-uv-array" count="96">0.385101 0.688446 0.373108 0.853745 0.646500 0.641541 0.324265 0.395615 0.309906 0.570511 0.660385 0.806854 0.356369 1.000000 0.681442 0.455856 0.344330 0.290131 0.298325 0.735809 0.706375 0.557953 0.679459 0.954803 0.714615 0.689865 0.302887 0.220551 0.283234 0.282532 0.285461 0.890060 0.269714 0.431335 0.727615 0.846970 0.272324 0.144897 0.267883 0.998550 0.740463 0.246460 0.259186 0.596649 0.745056 0.964081 0.744202 0.082153 0.747849 0.371857 0.248123 0.155380 0.244217 0.796570 0.759766 0.512527 0.772797 0.087067 0.232986 0.273270 0.228592 0.921310 0.771057 0.680344 0.201218 0.042908 0.221802 0.438583 0.785889 0.829575 0.818008 0.000000 0.787659 0.189133 0.210190 0.611816 0.195297 0.777313 0.183685 0.136902 0.798523 0.354446 0.809570 0.532959 0.823395 0.714279 0.170792 0.302216 0.835831 0.082504 0.157944 0.483429 0.847870 0.247818 0.859299 0.432846</float_array><technique_common><accessor source="#geom_02-uv-array" count="48" stride="2"><param name="S" type="float"/><param name="T" type="float"/></accessor></technique_common></source><vertices id="geom_02-verts"><input semantic="POSITION" source="#geom_02-pos"/></vertices><triangles count="67" material="slot"><input semantic="VERTEX" source="#geom_02-verts" offset="0"/><input semantic="TEXCOORD" source="#geom_02-uv" offset="1" set="0"/><p>39 39 25 25 29 29 21 21 4 4 9 9 26 26 19 19 30 30 45 45 33 33 37 37 45 45 43 43 33 33 43 43 29 29 33 33 43 43 39 39 29 29 39 39 32 32 25 25 2 2 7 7 10 10 32 32 18 18 25 25 23 23 35 35 28 28 14 14 13 13 8 8 22 22 31 31 34 34 22 22 17 17 31 31 9 9 4 4 0 0 14 14 8 8 3 3 26 26 9 9 15 15 37 37 21 21 26 26 16 16 3 3 4 4 3 3 8 8 0 0 23 23 20 20 7 7 26 26 21 21 9 9 38 38 26 26 30 30 38 38 37 37 26 26 37 37 33 33 21 21 38 38 45 45 37 37 33 33 16 16 21 21 33 33 29 29 16 16 29 29 14 14 16 16 29 29 25 25 14 14 25 25 13 13 14 14 25 25 18 18 13 13 21 21 16 16 4 4 10 10 20 20 24 24 34 34 31 31 41 41 10 10 7 7 20 20 17 17 22 22 11 11 9 9 0 0 1 1 19 19 15 15 6 6 15 15 1 1 6 6 34 34 41 41 42 42 31 31 40 40 41 41 36 36 28 28 35 35 31 31 27 27 40 40 27 27 36 36 40 40 27 27 24 24 36 36 24 24 28 28 36 36 24 24 20 20 28 28 20 20 23 23 28 28 16 16 14 14 3 3 36 36 35 35 44 44 5 5 10 10 12 12 40 40 36 36 44 44 12 12 24 24 27 27 12 12 10 10 24 24 17 17 27 27 31 31 17 17 12 12 27 27 5 5 2 2 10 10 11 11 5 5 12 12 15 15 9 9 1 1 11 11 12 12 17 17 26 26 15 15 19 19 42 42 41 41 47 47 41 41 46 46 47 47 41 41 40 40 46 46 40 40 44 44 46 46 0 0 4 4 3 3</p></triangles></mesh></geometry><geometry id="geom_03" name="part_03"><mesh><source id="geom_03-pos"><float_array id="geom_03-pos-array" count="54">-0.343750 1.656250 0.375000 -0.031250 1.562500 0.281250 0.218750 1.281250 0.093750 0.343750 0.812500 -0.031250 0.375000 0.093750 0.000000 -0.281250 1.500000 0.218750 -0.156250 1.187500 0.000000 -0.031250 0.718750 -0.125000 0.000000 0.031250 -0.093750 -0.531250 1.437500 0.281250 -0.500000 1.062500 0.062500 -0.406250 0.593750 -0.062500 -0.375000 -0.093750 -0.031250 -0.281250 1.500000 0.343750 -0.156250 1.156250 0.156250 -0.031250 0.687500 0.031250 0.000000 0.000000 0.062500 0.343750 0.093750 0.031250</float_array><technique_common><accessor source="#geom_03-pos-array" count="18" stride="3"><param name="X" type="float"/><param name="Y" type="float"/><param name="Z" type="float"/></accessor></technique_common></source><source id="geom_03-uv"><float_array id="geom_03-uv-array" count="36">0.200668 1.000000 0.547958 0.947815 0.831558 0.783691 0.964767 0.510437 1.000000 0.119568 0.275269 0.915604 0.421371 0.733124 0.554947 0.459915 0.590164 0.069077 0.000000 0.868118 0.009613 0.664139 0.142639 0.390854 0.177872 0.000000 0.270966 0.901474 0.418106 0.715866 0.550735 0.442535 0.585968 0.051620 0.993454 0.104156</float_array><technique_common><accessor source="#geom_03-uv-array" count="18" stride="2"><param name="S" type="float"/><param name="T" type="float"/></accessor></technique_common></source><vertices id="geom_03-verts"><input semantic="POSITION" source="#geom_03-pos"/></vertices><triangles count="29" material="slot"><input semantic="VERTEX" source="#geom_03-verts" offset="0"/><input semantic="TEXCOORD" source="#geom_03-uv" offset="1" set="0"/><p>5 5 0 0 1 1 6 6 5 5 1 1 6 6 1 1 2 2 7 7 6 6 2 2 7 7 2 2 3 3 8 8 7 7 3 3 8 8 3 3 4 4 9 9 0 0 5 5 10 10 9 9 5 5 10 10 5 5 6 6 11 11 10 10 6 6 11 11 6 6 7 7 12 12 11 11 7 7 12 12 7 7 8 8 13 13 0 0 9 9 14 14 13 13 9 9 14 14 9 9 10 10 15 15 14 14 10 10 15 15 10 10 11 11 16 16 15 15 11 11 16 16 11 11 12 12 1 1 0 0 13 13 2 2 1 1 13 13 2 2 13 13 14 14 3 3 2 2 14 14 3 3 14 14 15 15 4 4 3 3 15 15 4 4 15 15 16 16 4 4 16 16 17 17</p></triangles></mesh></geometry><geometry id="geom_04" name="part_04"><mesh><source id="geom_04-pos"><float_array id="geom_04-pos-array" count="24">-0.218750 -0.218750 -0.093750 0.062500 -0.031250 0.000000 0.000000 0.125000 0.000000 0.281250 0.000000 -0.093750 0.000000 0.125000 0.000000 0.062500 -0.031250 0.000000 -0.218750 -0.218750 -0.093750 0.281250 0.000000 -0.093750</float_array><technique_common><accessor source="#geom_04-pos-array" count="8" stride="3"><param name="X" type="float"/><param name="Y" type="float"/><param name="Z" type="float"/></accessor></technique_common></source><source id="geom_04-uv"><float_array id="geom_04-uv-array" count="16">0.000000 0.000000 0.575211 0.566666 0.412003 0.999985 1.000000 0.620346 0.412003 0.999985 0.575211 0.566666 0.000000 0.000000 1.000000 0.620346</float_array><technique_common><accessor source="#geom_04-uv-array" count="8" stride="2"><param name="S" type="float"/><param name="T" type="float"/></accessor></technique_common></source><vertices id="geom_04-verts"><input semantic="POSITION" source="#geom_04-pos"/></vertices><triangles count="4" material="slot"><input semantic="VERTEX" source="#geom_04-verts" offset="0"/><input semantic="TEXCOORD" source="#geom_04-uv" offset="1" set="0"/><p>0 0 1 1 2 2 3 3 2 2 1 1 4 4 5 5 6 6 5 5 4 4 7 7</p></triangles></mesh></geometry><geometry id="geom_05" name="part_05"><mesh><source id="geom_05-pos"><float_array id="geom_05-pos-array" count="24">-0.250000 -0.156250 -0.093750 0.031250 -0.031250 0.000000 0.000000 0.125000 0.000000 0.281250 0.000000 -0.093750 0.000000 0.125000 0.000000 0.031250 -0.031250 0.000000 -0.250000 -0.156250 -0.093750 0.281250 0.000000 -0.093750</float_array><technique_common><accessor source="#geom_05-pos-array" count="8" stride="3"><param name="X" type="float"/><param name="Y" type="float"/><param name="Z" type="float"/></accessor></technique_common></source><source id="geom_05-uv"><float_array id="geom_05-uv-array" count="16">0.000000 0.000000 0.564941 0.491486 0.445908 1.000000 1.000000 0.593658 0.445908 1.000000 0.564941 0.491486 0.000000 0.000000 1.000000 0.593658</float_array><technique_common><accessor source="#geom_05-uv-array" count="8" stride="2"><param name="S" type="float"/><param name="T" type="float"/></accessor></technique_common></source><vertices id="geom_05-verts"><input semantic="POSITION" source="#geom_05-pos"/></vertices><triangles count="4" material="slot"><input semantic="VERTEX" source="#geom_05-verts" offset="0"/><input semantic="TEXCOORD" source="#geom_05-uv" offset="1" set="0"/><p>0 0 1 1 2 2 3 3 2 2 1 1 4 4 5 5 6 6 5 5 4 4 7 7</p></triangles></mesh></geometry><geometry id="geom_06" name="part_06"><mesh><source id="geom_06-pos"><float_array id="geom_06-pos-array" count="111">-0.031250 -0.343750 0.125000 -0.187500 -0.281250 0.062500 -0.281250 -0.125000 0.000000 -0.281250 0.093750 0.000000 -0.218750 0.281250 0.000000 -0.125000 0.406250 0.062500 0.031250 0.468750 0.125000 -0.125000 -0.281250 0.062500 -0.156250 -0.156250 0.000000 -0.125000 0.093750 -0.031250 -0.093750 0.250000 0.000000 -0.031250 0.406250 0.031250 0.031250 -0.312500 0.093750 0.093750 -0.156250 0.062500 0.125000 0.062500 0.062500 0.125000 0.250000 0.062500 0.093750 0.406250 0.093750 0.125000 -0.312500 0.187500 0.250000 -0.187500 0.187500 0.281250 0.062500 0.187500 0.250000 0.218750 0.187500 0.187500 0.375000 0.156250 0.093750 -0.312500 0.218750 0.187500 -0.187500 0.281250 0.250000 0.062500 0.281250 0.218750 0.250000 0.250000 0.156250 0.406250 0.187500 -0.031250 -0.281250 0.218750 0.000000 -0.156250 0.250000 0.031250 0.062500 0.250000 0.031250 0.250000 0.218750 0.031250 0.406250 0.187500 -0.156250 -0.281250 0.125000 -0.218750 -0.125000 0.125000 -0.218750 0.093750 0.125000 -0.156250 0.281250 0.125000 -0.062500 0.406250 0.125000</float_array><technique_common><accessor source="#geom_06-pos-array" count="37" stride="3"><param name="X" type="float"/><param name="Y" type="float"/><param name="Z" type="float"/></accessor></technique_common></source><source id="geom_06-uv"><float_array id="geom_06-uv-array" count="74">0.436050 0.000000 0.163498 0.094162 0.000000 0.268448 0.010788 0.560257 0.104935 0.775894 0.313477 0.948853 0.580856 1.000000 0.306229 0.083511 0.236847 0.250778 0.263336 0.541412 0.326096 0.759384 0.443130 0.939178 0.555023 0.067398 0.649734 0.224045 0.703568 0.512909 0.711639 0.734421 0.669144 0.924545 0.722549 0.057953 0.927750 0.208374 1.000000 0.496201 0.971237 0.719803 0.821320 0.915970 0.682648 0.062302 0.861526 0.215576 0.929382 0.503876 0.909393 0.726517 0.785080 0.919907 0.465363 0.077148 0.500946 0.240219 0.544922 0.530151 0.572708 0.749527 0.587692 0.933395 0.234314 0.091324 0.117523 0.263748 0.136108 0.555237 0.214676 0.771500 0.377808 0.946289</float_array><technique_common><accessor source="#geom_06-uv-array" count="37" stride="2"><param name="S" type="float"/><param name="T" type="float"/></accessor></technique_common></source><vertices id="geom_06-verts"><input semantic="POSITION" source="#geom_06-pos"/></vertices><triangles count="64" material="slot"><input semantic="VERTEX" source="#geom_06-verts" offset="0"/><input semantic="TEXCOORD" source="#geom_06-uv" offset="1" set="0"/><p>7 7 0 0 1 1 8 8 7 7 1 1 8 8 1 1 2 2 9 9 8 8 2 2 9 9 2 2 3 3 10 10 9 9 3 3 10 10 3 3 4 4 11 11 10 10 4 4 11 11 4 4 5 5 11 11 5 5 6 6 12 12 0 0 7 7 13 13 12 12 7 7 13 13 7 7 8 8 5 5 36 36 6 6 5 5 35 35 36 36 5 5 4 4 35 35 4 4 34 34 35 35 4 4 3 3 34 34 3 3 33 33 34 34 16 16 11 11 6 6 17 17 0 0 12 12 18 18 17 17 12 12 18 18 12 12 13 13 19 19 18 18 13 13 19 19 13 13 14 14 20 20 19 19 14 14 20 20 14 14 15 15 21 21 20 20 15 15 21 21 15 15 16 16 21 21 16 16 6 6 22 22 0 0 17 17 23 23 22 22 17 17 23 23 17 17 18 18 24 24 23 23 18 18 24 24 18 18 19 19 25 25 24 24 19 19 25 25 19 19 20 20 26 26 25 25 20 20 26 26 20 20 21 21 26 26 21 21 6 6 27 27 0 0 22 22 28 28 27 27 22 22 28 28 22 22 23 23 29 29 28 28 23 23 29 29 23 23 24 24 30 30 29 29 24 24 30 30 24 24 25 25 31 31 30 30 25 25 31 31 25 25 26 26 31 31 26 26 6 6 32 32 0 0 27 27 33 33 32 32 27 27 33 33 27 27 28 28 34 34 33 33 28 28 34 34 28 28 29 29 35 35 34 34 29 29 35 35 29 29 30 30 36 36 35 35 30 30 36 36 30 30 31 31 36 36 31 31 6 6 1 1 0 0 32 32 2 2 1 1 32 32 2 2 32 32 33 33 3 3 2 2 33 33</p></triangles></mesh></geometry><geometry id="geom_07" name="part_07"><mesh><source id="geom_07-pos"><float_array id="geom_07-pos-array" count="27">-0.437500 0.093750 -0.031250 -0.406250 0.031250 0.437500 0.000000 0.062500 -0.406250 0.031250 0.968750 0.000000 0.031250 0.968750 0.000000 0.062500 -0.093750 0.687500 0.375000 -0.062500 -0.187500 0.437500 -0.125000 0.250000 0.437500 -0.125000 0.250000</float_array><technique_common><accessor source="#geom_07-pos-array" count="9" stride="3"><param name="X" type="float"/><param name="Y" type="float"/><param name="Z" type="float"/></accessor></technique_common></source><source id="geom_07-uv"><float_array id="geom_07-uv-array" count="18">0.438171 0.202011 0.599960 0.147095 0.253326 0.180832 0.219650 1.000000 1.000000 1.000000 0.764008 0.018082 0.115845 0.053619 0.000000 0.000000 0.960587 0.000000</float_array><technique_common><accessor source="#geom_07-uv-array" count="9" stride="2"><param name="S" type="float"/><param name="T" type="float"/></accessor></technique_common></source><vertices id="geom_07-verts"><input semantic="POSITION" source="#geom_07-pos"/></vertices><triangles count="6" material="slot"><input semantic="VERTEX" source="#geom_07-verts" offset="0"/><input semantic="TEXCOORD" source="#geom_07-uv" offset="1" set="0"/><p>8 8 4 4 5 5 6 6 3 3 7 7 2 2 3 3 6 6 0 0 3 3 2 2 1 1 3 3 0 0 5 5 4 4 1 1</p></triangles></mesh></geometry><geometry id="geom_08" name="part_08"><mesh><source id="geom_08-pos"><float_array id="geom_08-pos-array" count="21">-0.375000 0.000000 -0.187500 -0.343750 0.062500 0.125000 0.000000 0.156250 0.375000 0.031250 -0.125000 -0.562500 0.031250 1.031250 0.000000 0.468750 -0.156250 -0.281250 0.593750 -0.125000 0.125000</float_array><technique_common><accessor source="#geom_08-pos-array" count="7" stride="3"><param name="X" type="float"/><param name="Y" type="float"/><param name="Z" type="float"/></accessor></technique_common></source><source id="geom_08-uv"><float_array id="geom_08-uv-array" count="14">0.469894 0.123138 0.579132 0.182587 0.710098 0.251724 0.277496 0.019073 0.655106 1.000000 1.000000 0.000000 0.931046 0.014191</float_array><technique_common><accessor source="#geom_08-uv-array" count="7" stride="2"><param name="S" type="float"/><param name="T" type="float"/></accessor></technique_common></source><vertices id="geom_08-verts"><input semantic="POSITION" source="#geom_08-pos"/></vertices><triangles count="6" material="slot"><input semantic="VERTEX" source="#geom_08-verts" offset="0"/><input semantic="TEXCOORD" source="#geom_08-uv" offset="1" set="0"/><p>6 6 4 4 2 2 5 5 4 4 6 6 3 3 4 4 5 5 0 0 4 4 3 3 1 1 4 4 0 0 2 2 4 4 1 1</p></triangles></mesh></geometry><geometry id="geom_09" name="part_09"><mesh><source id="geom_09-pos"><float_array id="geom_09-pos-array" count="420">-1.593750 2.468750 0.250000 -1.562500 2.468750 -0.343750 -1.531250 -0.875000 0.312500 -1.500000 -1.375000 -0.343750 -1.500000 -1.343750 0.281250 -1.500000 -0.875000 -0.375000 -1.468750 1.906250 0.312500 -1.437500 1.906250 -0.375000 -1.375000 2.500000 0.781250 -1.343750 2.500000 -0.875000 -1.312500 -1.500000 0.812500 -1.312500 2.875000 0.156250 -1.281250 -1.500000 -0.875000 -1.281250 -1.031250 0.968750 -1.281250 2.875000 -0.250000 -1.250000 -1.875000 -0.218750 -1.250000 -1.875000 0.156250 -1.250000 -0.031250 -0.343750 -1.250000 -0.031250 0.312500 -1.250000 2.000000 0.937500 -1.218750 -1.031250 -1.000000 -1.187500 1.125000 -0.375000 -1.187500 1.125000 0.312500 -1.187500 1.968750 -1.000000 -1.187500 2.875000 0.531250 -1.156250 0.468750 -0.343750 -1.156250 0.468750 0.343750 -1.156250 2.875000 -0.593750 -1.062500 -1.906250 0.531250 -1.031250 -1.968750 -0.562500 -1.031250 -0.156250 0.906250 -1.000000 -0.125000 -0.937500 -1.000000 1.250000 0.937500 -1.000000 2.500000 1.062500 -0.968750 1.250000 -0.968750 -0.968750 2.500000 -1.187500 -0.937500 2.906250 0.781250 -0.906250 -1.625000 1.156250 -0.906250 0.500000 0.906250 -0.906250 2.875000 -0.812500 -0.875000 -1.656250 -1.218750 -0.875000 0.500000 -0.937500 -0.812500 2.031250 1.343750 -0.781250 -2.062500 -0.781250 -0.781250 -2.062500 0.781250 -0.781250 -1.218750 1.375000 -0.750000 2.062500 -1.406250 -0.718750 -1.281250 -1.437500 -0.656250 -2.312500 0.031250 -0.625000 2.875000 0.843750 -0.593750 1.375000 1.375000 -0.593750 2.875000 -0.906250 -0.562500 -0.312500 1.312500 -0.531250 -0.312500 -1.312500 -0.531250 1.375000 -1.406250 -0.500000 0.500000 1.281250 -0.500000 2.500000 1.187500 -0.468750 2.500000 -1.281250 -0.437500 -2.156250 0.843750 -0.437500 0.531250 -1.312500 -0.406250 -2.218750 -0.875000 -0.406250 -1.843750 -1.343750 -0.375000 -1.781250 1.281250 -0.343750 2.937500 0.781250 -0.312500 2.906250 -0.812500 -0.187500 -1.406250 1.500000 -0.187500 2.062500 1.468750 -0.156250 2.093750 -1.531250 -0.125000 -2.250000 0.750000 -0.093750 -2.281250 -0.781250 -0.093750 -1.468750 -1.562500 -0.093750 2.937500 0.531250 -0.062500 2.937500 -0.562500 0.000000 2.562500 1.093750 0.031250 -2.375000 -0.500000 0.031250 -2.343750 0.562500 0.031250 -2.031250 -1.218750 0.031250 -0.468750 1.468750 0.031250 1.437500 1.562500 0.031250 2.562500 -1.156250 0.062500 -1.968750 1.156250 0.062500 2.937500 -0.218750 0.062500 2.937500 0.187500 0.062500 2.937500 0.187500 0.093750 -0.468750 -1.468750 0.093750 1.437500 -1.531250 0.125000 -2.375000 -0.187500 0.125000 -2.375000 -0.187500 0.125000 0.437500 1.406250 0.156250 -2.375000 0.187500 0.187500 0.468750 -1.406250 0.250000 -1.562500 -1.437500 0.343750 2.093750 1.343750 0.375000 -1.500000 1.375000 0.375000 2.125000 -1.375000 0.406250 2.625000 0.812500 0.437500 -2.062500 0.843750 0.437500 2.593750 -0.812500 0.468750 -2.062500 -0.843750 0.562500 -0.531250 1.343750 0.562500 -0.406250 -1.343750 0.562500 1.437500 1.406250 0.625000 1.437500 -1.375000 0.625000 2.593750 0.281250 0.625000 2.593750 0.281250 0.656250 0.406250 1.312500 0.656250 2.593750 -0.312500 0.656250 2.593750 -0.312500 0.718750 -2.062500 -0.281250 0.718750 -2.062500 -0.281250 0.718750 -2.062500 0.312500 0.718750 -2.062500 0.312500 0.718750 0.437500 -1.281250 0.812500 2.125000 0.968750 0.843750 2.125000 -0.968750 0.875000 -1.468750 1.000000 0.906250 -1.500000 -0.968750 1.000000 1.375000 1.000000 1.062500 1.375000 -0.937500 1.062500 2.093750 0.375000 1.093750 2.093750 -0.343750 1.093750 2.093750 -0.343750 1.125000 -0.437500 0.968750 1.156250 -0.437500 -0.906250 1.187500 -1.437500 -0.312500 1.187500 -1.437500 -0.312500 1.187500 -1.437500 0.375000 1.187500 -1.437500 0.375000 1.187500 0.406250 0.968750 1.218750 0.406250 -0.906250 1.281250 1.343750 -0.312500 1.281250 1.343750 -0.312500 1.281250 1.343750 0.375000 1.437500 -0.406250 0.375000 1.437500 -0.406250 0.375000 1.468750 -0.406250 -0.281250 1.468750 -0.406250 -0.281250 1.468750 0.375000 0.375000 1.500000 0.375000 -0.281250 1.500000 0.375000 -0.281250</float_array><technique_common><accessor source="#geom_09-pos-array" count="140" stride="3"><param name="X" type="float"/><param name="Y" type="float"/><param name="Z" type="float"/></accessor></technique_common></source><source id="geom_09-uv"><float_array id="geom_09-uv-array" count="280">0.524521 0.910538 0.464661 0.909973 0.534576 0.282349 0.464325 0.193024 0.530106 0.193085 0.459839 0.282272 0.534927 0.807755 0.456909 0.807404 0.582779 0.918686 0.407257 0.916168 0.592468 0.166855 0.519821 0.987274 0.400986 0.164246 0.605606 0.255707 0.470139 0.986862 0.472961 0.094101 0.522247 0.093948 0.454742 0.441147 0.541077 0.441223 0.606079 0.821533 0.387680 0.252640 0.450378 0.662384 0.543335 0.662506 0.385864 0.821045 0.568054 0.989197 0.451523 0.538940 0.545776 0.539032 0.422134 0.988037 0.574860 0.090378 0.417572 0.077316 0.619308 0.421906 0.375290 0.422333 0.623947 0.683350 0.634308 0.916504 0.369431 0.683380 0.355469 0.916245 0.612717 0.992050 0.648026 0.143509 0.629501 0.541641 0.378113 0.989777 0.344604 0.135132 0.365112 0.542984 0.668106 0.832932 0.370346 0.059082 0.629364 0.061752 0.670074 0.220062 0.324356 0.834244 0.321167 0.206512 0.509827 0.013046 0.652283 0.991623 0.690720 0.709106 0.338821 0.989700 0.688553 0.389465 0.304871 0.391251 0.302582 0.709213 0.696854 0.541718 0.692078 0.918945 0.300201 0.919785 0.683258 0.043655 0.295654 0.546768 0.310913 0.033249 0.291611 0.099274 0.708618 0.114212 0.693390 0.997971 0.298355 0.995667 0.734863 0.185623 0.734253 0.838669 0.260559 0.841217 0.730896 0.023666 0.262604 0.018585 0.255371 0.173096 0.737671 0.999527 0.255005 0.998367 0.758453 0.927414 0.228546 0.003128 0.774857 0.008392 0.238998 0.069305 0.759155 0.359909 0.757126 0.719589 0.237671 0.927414 0.764023 0.081421 0.173615 0.999588 0.000000 1.000000 0.828629 1.000000 0.233978 0.361923 0.236206 0.719269 0.126205 0.000000 1.000000 0.000000 0.769913 0.532272 0.870071 0.001556 0.222870 0.538513 0.218124 0.155716 0.793930 0.843872 0.795898 0.167664 0.202682 0.845932 0.831985 0.940613 0.832916 0.061737 0.164551 0.937836 0.161133 0.058685 0.819565 0.351639 0.183609 0.373566 0.815781 0.716873 0.177444 0.716461 0.000000 0.938751 0.937042 0.938751 0.829926 0.523895 0.064407 0.938187 1.000000 0.938187 0.057205 0.063690 1.000000 0.063690 0.000000 0.063751 0.935104 0.063751 0.163376 0.528763 0.864868 0.845673 0.130798 0.845520 0.867783 0.172485 0.126129 0.168976 0.880478 0.708176 0.112656 0.707901 0.949448 0.842758 0.045685 0.842407 1.000000 0.842407 0.890472 0.365829 0.102264 0.366272 0.040466 0.180099 1.000000 0.180099 0.000000 0.180176 0.952087 0.180176 0.893661 0.523758 0.098541 0.524948 0.036743 0.698532 1.000000 0.698532 0.956268 0.698654 0.000000 0.372803 0.961273 0.372803 0.030838 0.372726 1.000000 0.372726 0.960754 0.521378 0.030106 0.521301 1.000000 0.521301</float_array><technique_common><accessor source="#geom_09-uv-array" count="140" stride="2"><param name="S" type="float"/><param name="T" type="float"/></accessor></technique_common></source><vertices id="geom_09-verts"><input semantic="POSITION" source="#geom_09-pos"/></vertices><triangles count="238" material="slot"><input semantic="VERTEX" source="#geom_09-verts" offset="0"/><input semantic="TEXCOORD" source="#geom_09-uv" offset="1" set="0"/><p>95 95 119 119 104 104 70 70 100 100 91 91 91 91 116 116 76 76 69 69 76 76 98 98 60 60 76 76 69 69 71 71 95 95 104 104 92 92 117 117 113 113 69 69 98 98 74 74 132 132 113 113 117 117 119 119 113 113 132 132 95 95 113 113 119 119 56 56 92 92 73 73 76 76 116 116 98 98 74 74 98 98 108 108 73 73 49 49 56 56 115 115 96 96 111 111 116 116 135 135 124 124 96 96 89 89 111 111 75 75 89 89 96 96 96 96 93 93 80 80 115 115 111 111 127 127 115 115 93 93 96 96 108 108 98 98 124 124 127 127 122 122 115 115 99 99 115 115 122 122 127 127 134 134 122 122 116 116 124 124 98 98 113 113 73 73 92 92 73 73 63 63 49 49 111 111 89 89 87 87 32 32 6 6 22 22 113 113 95 95 73 73 29 29 43 43 48 48 28 28 16 16 48 48 22 22 7 7 21 21 22 22 6 6 7 7 0 0 11 11 14 14 15 15 48 48 16 16 88 88 99 99 105 105 105 105 122 122 128 128 99 99 122 122 105 105 118 118 120 120 130 130 29 29 48 48 15 15 41 41 17 17 25 25 73 73 95 95 63 63 28 28 48 48 44 44 18 18 25 25 17 17 85 85 94 94 102 102 116 116 123 123 135 135 123 123 91 91 100 100 116 116 91 91 123 123 68 68 62 62 58 58 18 18 26 26 25 25 80 80 62 62 68 68 21 21 26 26 22 22 25 25 26 26 21 21 34 34 25 25 21 21 108 108 86 86 74 74 110 110 86 86 108 108 114 114 120 120 118 118 128 128 134 134 137 137 126 126 108 108 124 124 22 22 26 26 38 38 137 137 136 136 139 139 137 137 134 134 136 136 128 128 122 122 134 134 63 63 95 95 71 71 22 22 38 38 32 32 117 117 92 92 101 101 71 71 104 104 83 83 82 82 106 106 81 81 81 81 106 106 97 97 123 123 138 138 135 135 34 34 41 41 25 25 72 72 79 79 64 64 78 78 88 88 105 105 132 132 139 139 131 131 70 70 76 76 61 61 54 54 85 85 59 59 105 105 101 101 78 78 105 105 128 128 101 101 50 50 88 88 78 78 132 132 137 137 139 139 41 41 34 34 54 54 128 128 117 117 101 101 137 137 117 117 128 128 137 137 132 132 117 117 83 83 104 104 107 107 72 72 97 97 79 79 127 127 111 111 109 109 68 68 48 48 75 75 119 119 132 132 131 131 69 69 48 48 60 60 58 58 48 48 68 68 44 44 48 48 58 58 74 74 48 48 69 69 86 86 48 48 74 74 133 133 124 124 135 135 75 75 48 48 89 89 89 89 48 48 87 87 80 80 68 68 75 75 75 75 96 96 80 80 60 60 48 48 43 43 134 134 127 127 125 125 119 119 131 131 121 121 64 64 79 79 57 57 97 97 114 114 94 94 36 36 56 56 49 49 114 114 102 102 94 94 104 104 119 119 121 121 64 64 57 57 51 51 81 81 97 97 72 72 93 93 115 115 99 99 106 106 120 120 114 114 106 106 114 114 97 97 103 103 120 120 106 106 97 97 94 94 79 79 114 114 118 118 102 102 26 26 30 30 38 38 70 70 84 84 100 100 8 8 19 19 42 42 37 37 44 44 58 58 42 42 19 19 50 50 66 66 42 42 78 78 42 42 33 33 8 8 66 66 33 33 42 42 38 38 30 30 52 52 80 80 93 93 65 65 45 45 65 65 52 52 30 30 45 45 52 52 45 45 62 62 65 65 45 45 37 37 62 62 78 78 42 42 50 50 80 80 65 65 62 62 30 30 13 13 45 45 66 66 56 56 33 33 65 65 77 77 52 52 99 99 88 88 77 77 55 55 77 77 88 88 77 77 93 93 99 99 101 101 66 66 78 78 50 50 55 55 88 88 65 65 93 93 77 77 66 66 92 92 56 56 101 101 92 92 66 66 38 38 52 52 55 55 77 77 55 55 52 52 45 45 13 13 37 37 118 118 112 112 102 102 55 55 32 32 38 38 84 84 47 47 53 53 129 129 112 112 118 118 85 85 54 54 67 67 47 47 20 20 53 53 84 84 70 70 47 47 40 40 47 47 70 70 12 12 47 47 40 40 35 35 46 46 23 23 70 70 61 61 40 40 12 12 20 20 47 47 59 59 85 85 90 90 112 112 100 100 84 84 35 35 57 57 46 46 57 57 79 79 67 67 102 102 112 112 90 90 90 90 53 53 59 59 57 57 67 67 46 46 100 100 112 112 129 129 112 112 84 84 90 90 53 53 90 90 84 84 31 31 59 59 53 53 53 53 20 20 31 31 67 67 79 79 94 94 67 67 94 94 85 85 54 54 46 46 67 67 46 46 34 34 23 23 54 54 34 34 46 46 55 55 50 50 32 32 20 20 12 12 3 3 37 37 58 58 62 62 130 130 129 129 118 118 20 20 5 5 31 31 18 18 13 13 30 30 13 13 10 10 37 37 2 2 13 13 18 18 2 2 10 10 13 13 138 138 129 129 130 130 33 33 56 56 36 36 123 123 129 129 138 138 100 100 129 129 123 123 59 59 41 41 54 54 61 61 60 60 43 43 24 24 11 11 8 8 33 33 36 36 24 24 85 85 102 102 90 90 26 26 18 18 30 30 33 33 24 24 8 8 28 28 4 4 16 16 10 10 44 44 37 37 28 28 10 10 4 4 28 28 44 44 10 10 10 10 2 2 4 4 8 8 11 11 0 0 19 19 32 32 50 50 19 19 6 6 32 32 0 0 19 19 8 8 0 0 6 6 19 19 61 61 76 76 60 60 59 59 31 31 41 41 20 20 3 3 5 5 35 35 23 23 9 9 40 40 29 29 12 12 1 1 7 7 6 6 1 1 14 14 27 27 1 1 0 0 14 14 9 9 39 39 35 35 9 9 27 27 39 39 35 35 39 39 51 51 1 1 9 9 7 7 1 1 27 27 9 9 23 23 7 7 9 9 21 21 7 7 23 23 1 1 6 6 0 0 35 35 51 51 57 57 17 17 41 41 31 31 4 4 15 15 16 16 5 5 3 3 4 4 12 12 15 15 3 3 43 43 40 40 61 61 43 43 29 29 40 40 29 29 15 15 12 12 4 4 3 3 15 15 21 21 23 23 34 34 5 5 17 17 31 31 5 5 18 18 17 17 5 5 2 2 18 18 5 5 4 4 2 2 70 70 91 91 76 76</p></triangles></mesh></geometry><geometry id="geom_10" name="part_10"><mesh><source id="geom_10-pos"><float_array id="geom_10-pos-array" count="120">-0.781250 -1.625000 0.468750 -0.781250 -1.000000 0.312500 -0.718750 -2.218750 0.593750 -0.687500 -1.687500 0.218750 -0.656250 -1.625000 0.687500 -0.656250 -1.062500 0.031250 -0.656250 -0.968750 0.593750 -0.625000 -2.156250 0.406250 -0.625000 -0.406250 0.218750 -0.593750 -2.250000 0.781250 -0.500000 -2.343750 0.562500 -0.500000 -0.406250 0.500000 -0.468750 -0.531250 -0.125000 -0.437500 -2.187500 0.812500 -0.437500 -2.156250 0.343750 -0.437500 -1.750000 0.156250 -0.406250 -1.656250 0.718750 -0.343750 -1.031250 0.625000 -0.312500 -2.156250 0.500000 -0.312500 -2.125000 0.687500 -0.312500 -1.156250 -0.093750 -0.250000 0.031250 0.062500 -0.218750 -1.750000 0.312500 -0.218750 -1.750000 0.312500 -0.218750 -1.718750 0.562500 -0.187500 0.062500 0.218750 -0.156250 -0.031250 -0.156250 -0.125000 -0.468750 0.531250 -0.093750 -0.625000 -0.250000 -0.062500 -1.187500 0.093750 -0.062500 -1.125000 0.406250 -0.062500 -1.125000 0.406250 0.031250 0.000000 0.250000 0.031250 0.000000 0.250000 0.062500 -0.093750 -0.250000 0.156250 -0.562500 0.281250 0.156250 -0.562500 0.281250 0.187500 -0.625000 -0.062500 0.250000 -0.093750 -0.125000 0.250000 -0.062500 0.093750</float_array><technique_common><accessor source="#geom_10-pos-array" count="40" stride="3"><param name="X" type="float"/><param name="Y" type="float"/><param name="Z" type="float"/></accessor></technique_common></source><source id="geom_10-uv"><float_array id="geom_10-uv-array" count="80">0.556503 0.298096 0.514771 0.561920 0.597580 0.050385 0.481552 0.274994 0.627533 0.303879 0.403809 0.528549 0.612228 0.570221 0.563095 0.076889 0.471771 0.803223 0.660263 0.038513 0.648254 0.000000 0.632233 0.813385 0.318161 0.762283 0.704651 0.066666 0.567780 0.083603 0.394333 0.252228 0.700211 0.287766 0.724503 0.547028 0.717514 0.076599 0.734283 0.086746 0.271011 0.495560 0.243942 0.993256 0.000000 0.246643 0.930527 0.246643 0.780411 0.262329 1.000000 1.000000 0.206497 0.966171 0.827606 0.784958 0.198090 0.721878 0.115387 0.487473 0.000000 0.510193 0.905457 0.510193 0.012573 0.981171 1.000000 0.981171 0.155304 0.939438 0.000000 0.739777 0.995621 0.739777 0.102188 0.712006 0.105377 0.932907 0.056366 0.951294</float_array><technique_common><accessor source="#geom_10-uv-array" count="40" stride="2"><param name="S" type="float"/><param name="T" type="float"/></accessor></technique_common></source><vertices id="geom_10-verts"><input semantic="POSITION" source="#geom_10-pos"/></vertices><triangles count="63" material="slot"><input semantic="VERTEX" source="#geom_10-verts" offset="0"/><input semantic="TEXCOORD" source="#geom_10-uv" offset="1" set="0"/><p>19 19 24 24 16 16 8 8 26 26 12 12 37 37 39 39 35 35 37 37 38 38 39 39 12 12 34 34 28 28 12 12 26 26 34 34 19 19 16 16 13 13 24 24 17 17 16 16 29 29 35 35 30 30 24 24 31 31 17 17 31 31 27 27 17 17 31 31 36 36 27 27 36 36 33 33 27 27 35 35 39 39 32 32 29 29 37 37 35 35 22 22 29 29 30 30 10 10 9 9 2 2 23 23 31 31 24 24 7 7 14 14 10 10 14 14 18 18 10 10 18 18 19 19 10 10 10 10 19 19 13 13 10 10 13 13 9 9 28 28 38 38 37 37 5 5 12 12 28 28 28 28 34 34 38 38 20 20 37 37 29 29 20 20 28 28 37 37 18 18 24 24 19 19 18 18 23 23 24 24 5 5 28 28 20 20 13 13 4 4 9 9 7 7 3 3 15 15 13 13 16 16 4 4 6 6 8 8 1 1 6 6 11 11 8 8 11 11 21 21 8 8 11 11 25 25 21 21 7 7 15 15 14 14 2 2 3 3 7 7 4 4 1 1 0 0 2 2 0 0 3 3 0 0 5 5 3 3 0 0 1 1 5 5 1 1 12 12 5 5 1 1 8 8 12 12 4 4 6 6 1 1 9 9 4 4 0 0 17 17 6 6 4 4 9 9 0 0 2 2 15 15 18 18 14 14 15 15 22 22 18 18 15 15 29 29 22 22 15 15 20 20 29 29 17 17 4 4 16 16 17 17 11 11 6 6 8 8 21 21 26 26 17 17 27 27 11 11 27 27 25 25 11 11 27 27 33 33 25 25 3 3 20 20 15 15 3 3 5 5 20 20 2 2 7 7 10 10</p></triangles></mesh></geometry><geometry id="geom_11" name="part_11"><mesh><source id="geom_11-pos"><float_array id="geom_11-pos-array" count="21">0.000000 0.062500 0.343750 0.093750 0.031250 0.281250 0.156250 0.000000 0.000000 0.000000 0.125000 0.281250 0.000000 0.187500 0.000000 -0.062500 0.031250 0.281250 -0.125000 0.000000 0.000000</float_array><technique_common><accessor source="#geom_11-pos-array" count="7" stride="3"><param name="X" type="float"/><param name="Y" type="float"/><param name="Z" type="float"/></accessor></technique_common></source><source id="geom_11-uv"><float_array id="geom_11-uv-array" count="14">0.502380 1.000000 0.802277 0.785858 1.000000 0.000412 0.500397 0.785599 0.496872 0.000000 0.202271 0.785858 0.000000 0.000427</float_array><technique_common><accessor source="#geom_11-uv-array" count="7" stride="2"><param name="S" type="float"/><param name="T" type="float"/></accessor></technique_common></source><vertices id="geom_11-verts"><input semantic="POSITION" source="#geom_11-pos"/></vertices><triangles count="9" material="slot"><input semantic="VERTEX" source="#geom_11-verts" offset="0"/><input semantic="TEXCOORD" source="#geom_11-uv" offset="1" set="0"/><p>3 3 0 0 1 1 4 4 3 3 1 1 4 4 1 1 2 2 5 5 0 0 3 3 6 6 5 5 3 3 6 6 3 3 4 4 1 1 0 0 5 5 2 2 1 1 5 5 2 2 5 5 6 6</p></triangles></mesh></geometry><geometry id="geom_12" name="part_12"><mesh><source id="geom_12-pos"><float_array id="geom_12-pos-array" count="21">0.000000 0.062500 0.312500 0.093750 0.031250 0.250000 0.156250 0.000000 -0.031250 0.000000 0.125000 0.250000 0.000000 0.187500 -0.031250 -0.062500 0.031250 0.250000 -0.125000 0.000000 -0.031250</float_array><technique_common><accessor source="#geom_12-pos-array" count="7" stride="3"><param name="X" type="float"/><param name="Y" type="float"/><param name="Z" type="float"/></accessor></technique_common></source><source id="geom_12-uv"><float_array id="geom_12-uv-array" count="14">0.498947 1.000000 0.799576 0.785858 1.000000 0.000412 0.497711 0.785599 0.496872 0.000000 0.199570 0.785858 0.000000 0.000427</float_array><technique_common><accessor source="#geom_12-uv-array" count="7" stride="2"><param name="S" type="float"/><param name="T" type="float"/></accessor></technique_common></source><vertices id="geom_12-verts"><input semantic="POSITION" source="#geom_12-pos"/></vertices><triangles count="9" material="slot"><input semantic="VERTEX" source="#geom_12-verts" offset="0"/><input semantic="TEXCOORD" source="#geom_12-uv" offset="1" set="0"/><p>3 3 0 0 1 1 4 4 3 3 1 1 4 4 1 1 2 2 5 5 0 0 3 3 6 6 5 5 3 3 6 6 3 3 4 4 1 1 0 0 5 5 2 2 1 1 5 5 2 2 5 5 6 6</p></triangles></mesh></geometry><geometry id="geom_13" name="part_13"><mesh><source id="geom_13-pos"><float_array id="geom_13-pos-array" count="21">0.000000 0.125000 0.343750 0.093750 0.093750 0.250000 0.156250 0.062500 0.000000 0.000000 0.187500 0.250000 0.000000 0.218750 0.000000 -0.062500 0.093750 0.250000 -0.125000 0.062500 0.000000</float_array><technique_common><accessor source="#geom_13-pos-array" count="7" stride="3"><param name="X" type="float"/><param name="Y" type="float"/><param name="Z" type="float"/></accessor></technique_common></source><source id="geom_13-uv"><float_array id="geom_13-uv-array" count="14">0.495972 1.000000 0.797241 0.785858 1.000000 0.000412 0.495361 0.785599 0.496872 0.000000 0.197235 0.785858 0.000000 0.000427</float_array><technique_common><accessor source="#geom_13-uv-array" count="7" stride="2"><param name="S" type="float"/><param name="T" type="float"/></accessor></technique_common></source><vertices id="geom_13-verts"><input semantic="POSITION" source="#geom_13-pos"/></vertices><triangles count="9" material="slot"><input semantic="VERTEX" source="#geom_13-verts" offset="0"/><input semantic="TEXCOORD" source="#geom_13-uv" offset="1" set="0"/><p>3 3 0 0 1 1 4 4 3 3 1 1 4 4 1 1 2 2 5 5 0 0 3 3 6 6 5 5 3 3 6 6 3 3 4 4 1 1 0 0 5 5 2 2 1 1 5 5 2 2 5 5 6 6</p></triangles></mesh></geometry><geometry id="geom_14" name="part_14"><mesh><source id="geom_14-pos"><float_array id="geom_14-pos-array" count="54">-5.031250 -8.531250 -0.125000 -4.531250 -2.500000 -0.125000 -2.531250 -8.531250 -4.437500 -2.531250 -8.531250 4.187500 -2.281250 -2.500000 -4.000000 -2.281250 -2.500000 3.781250 -0.031250 -11.531250 -0.125000 -0.031250 -11.531250 -0.125000 -0.031250 0.093750 0.000000 2.218750 -2.500000 -4.000000 2.218750 -2.500000 -4.000000 2.218750 -2.500000 3.781250 2.468750 -8.531250 -4.437500 2.468750 -8.531250 4.187500 4.468750 -2.500000 -0.125000 4.468750 -2.500000 -0.125000 4.937500 -8.531250 -0.125000 4.937500 -8.531250 -0.125000</float_array><technique_common><accessor source="#geom_14-pos-array" count="18" stride="3"><param name="X" type="float"/><param name="Y" type="float"/><param name="Z" type="float"/></accessor></technique_common></source><source id="geom_14-uv"><float_array id="geom_14-uv-array" count="36">0.500000 0.256882 0.500000 0.775620 0.333328 0.256882 0.666656 0.256882 0.333328 0.775620 0.666656 0.775620 0.000000 0.000000 1.000000 0.000000 0.766617 1.000000 0.166656 0.775620 1.000000 0.775620 0.833328 0.775620 0.166656 0.256882 0.833328 0.256882 0.000000 0.775620 1.000000 0.775620 0.000000 0.256882 1.000000 0.256882</float_array><technique_common><accessor source="#geom_14-uv-array" count="18" stride="2"><param name="S" type="float"/><param name="T" type="float"/></accessor></technique_common></source><vertices id="geom_14-verts"><input semantic="POSITION" source="#geom_14-pos"/></vertices><triangles count="24" material="slot"><input semantic="VERTEX" source="#geom_14-verts" offset="0"/><input semantic="TEXCOORD" source="#geom_14-uv" offset="1" set="0"/><p>13 13 5 5 3 3 12 12 9 9 14 14 3 3 0 0 7 7 11 11 8 8 5 5 13 13 11 11 5 5 13 13 3 3 7 7 3 3 5 5 1 1 15 15 8 8 11 11 17 17 15 15 11 11 17 17 11 11 13 13 3 3 1 1 0 0 5 5 8 8 1 1 10 10 8 8 15 15 2 2 4 4 9 9 0 0 4 4 2 2 12 12 14 14 16 16 12 12 16 16 6 6 4 4 8 8 10 10 2 2 9 9 12 12 0 0 2 2 6 6 2 2 12 12 6 6 1 1 8 8 4 4 0 0 1 1 4 4 17 17 13 13 7 7</p></triangles></mesh></geometry><geometry id="geom_15" name="part_15"><mesh><source id="geom_15-pos"><float_array id="geom_15-pos-array" count="120">-0.687500 -1.031250 -0.468750 -0.625000 -1.656250 -0.593750 -0.593750 -1.718750 -0.343750 -0.593750 -1.093750 -0.125000 -0.562500 -2.250000 -0.718750 -0.562500 -0.437500 -0.312500 -0.500000 -2.187500 -0.531250 -0.500000 -1.000000 -0.718750 -0.468750 -1.656250 -0.781250 -0.468750 -0.531250 0.062500 -0.375000 -2.281250 -0.875000 -0.343750 -2.375000 -0.656250 -0.343750 -2.156250 -0.406250 -0.343750 -1.750000 -0.218750 -0.343750 -0.406250 -0.562500 -0.312500 -1.187500 0.031250 -0.218750 -2.218750 -0.843750 -0.218750 -1.687500 -0.781250 -0.218750 0.000000 -0.062500 -0.187500 -2.187500 -0.531250 -0.156250 -1.062500 -0.687500 -0.156250 -0.062500 0.156250 -0.125000 -2.156250 -0.718750 -0.125000 -1.781250 -0.312500 -0.125000 -1.781250 -0.312500 -0.125000 -0.625000 0.250000 -0.093750 0.031250 -0.218750 -0.062500 -1.750000 -0.562500 0.000000 -1.187500 -0.093750 0.000000 -0.468750 -0.531250 0.062500 -1.156250 -0.406250 0.062500 -1.156250 -0.406250 0.062500 -0.125000 0.281250 0.125000 0.000000 -0.187500 0.125000 0.000000 -0.187500 0.187500 -0.656250 0.156250 0.250000 -0.562500 -0.218750 0.250000 -0.562500 -0.218750 0.250000 -0.125000 0.218750 0.281250 -0.093750 0.000000</float_array><technique_common><accessor source="#geom_15-pos-array" count="40" stride="3"><param name="X" type="float"/><param name="Y" type="float"/><param name="Z" type="float"/></accessor></technique_common></source><source id="geom_15-uv"><float_array id="geom_15-uv-array" count="80">0.446136 0.561905 0.403854 0.298096 0.478928 0.274979 0.560669 0.528534 0.362473 0.050385 0.495117 0.810043 0.394409 0.076889 0.347214 0.570206 0.332764 0.303879 0.650620 0.769104 0.300598 0.038513 0.309128 0.000000 0.380219 0.083603 0.568604 0.252228 0.331268 0.820206 0.700943 0.495544 0.256454 0.066666 0.259888 0.287750 0.740234 0.993256 0.237152 0.076599 0.234787 0.546997 0.768707 0.966171 0.226044 0.086731 0.053864 0.246628 1.000000 0.246628 0.770248 0.728699 0.000000 1.000000 0.179932 0.262329 0.863266 0.487457 0.135269 0.791779 0.063934 0.510178 1.000000 0.510178 0.817062 0.939438 0.000000 0.981171 0.957794 0.981171 0.865356 0.718842 0.000000 0.746597 0.970612 0.746597 0.865738 0.932907 0.914169 0.951294</float_array><technique_common><accessor source="#geom_15-uv-array" count="40" stride="2"><param name="S" type="float"/><param name="T" type="float"/></accessor></technique_common></source><vertices id="geom_15-verts"><input semantic="POSITION" source="#geom_15-pos"/></vertices><triangles count="63" material="slot"><input semantic="VERTEX" source="#geom_15-verts" offset="0"/><input semantic="TEXCOORD" source="#geom_15-uv" offset="1" set="0"/><p>17 17 27 27 22 22 9 9 21 21 5 5 37 37 39 39 35 35 39 39 38 38 35 35 25 25 32 32 9 9 32 32 21 21 9 9 16 16 17 17 22 22 17 17 20 20 27 27 31 31 37 37 28 28 20 20 30 30 27 27 20 20 29 29 30 30 29 29 36 36 30 30 29 29 33 33 36 36 34 34 39 39 37 37 37 37 35 35 28 28 31 31 28 28 24 24 4 4 10 10 11 11 27 27 30 30 23 23 11 11 12 12 6 6 11 11 19 19 12 12 11 11 22 22 19 19 16 16 22 22 11 11 10 10 16 16 11 11 35 35 38 38 25 25 25 25 9 9 3 3 38 38 32 32 25 25 28 28 35 35 15 15 35 35 25 25 15 15 22 22 27 27 19 19 27 27 23 23 19 19 15 15 25 25 3 3 10 10 8 8 16 16 13 13 2 2 6 6 8 8 17 17 16 16 0 0 5 5 7 7 5 5 14 14 7 7 5 5 18 18 14 14 18 18 26 26 14 14 12 12 13 13 6 6 6 6 2 2 4 4 1 1 0 0 8 8 2 2 1 1 4 4 2 2 3 3 1 1 3 3 0 0 1 1 3 3 9 9 0 0 9 9 5 5 0 0 0 0 7 7 8 8 1 1 8 8 10 10 8 8 7 7 20 20 4 4 1 1 10 10 12 12 19 19 13 13 19 19 24 24 13 13 24 24 28 28 13 13 28 28 15 15 13 13 17 17 8 8 20 20 7 7 14 14 20 20 21 21 18 18 5 5 14 14 29 29 20 20 14 14 26 26 29 29 26 26 33 33 29 29 13 13 15 15 2 2 15 15 3 3 2 2 11 11 6 6 4 4</p></triangles></mesh></geometry><geometry id="geom_16" name="part_16"><mesh><source id="geom_16-pos"><float_array id="geom_16-pos-array" count="21">0.000000 0.062500 0.343750 0.093750 0.031250 0.281250 0.156250 0.031250 0.000000 0.000000 0.125000 0.281250 0.000000 0.187500 0.000000 -0.062500 0.031250 0.281250 -0.125000 0.000000 0.000000</float_array><technique_common><accessor source="#geom_16-pos-array" count="7" stride="3"><param name="X" type="float"/><param name="Y" type="float"/><param name="Z" type="float"/></accessor></technique_common></source><source id="geom_16-uv"><float_array id="geom_16-uv-array" count="14">0.502380 1.000000 0.802277 0.785858 1.000000 0.000412 0.500397 0.785599 0.496872 0.000000 0.202271 0.785858 0.000000 0.000427</float_array><technique_common><accessor source="#geom_16-uv-array" count="7" stride="2"><param name="S" type="float"/><param name="T" type="float"/></accessor></technique_common></source><vertices id="geom_16-verts"><input semantic="POSITION" source="#geom_16-pos"/></vertices><triangles count="9" material="slot"><input semantic="VERTEX" source="#geom_16-verts" offset="0"/><input semantic="TEXCOORD" source="#geom_16-uv" offset="1" set="0"/><p>3 3 0 0 1 1 4 4 3 3 1 1 4 4 1 1 2 2 5 5 0 0 3 3 6 6 5 5 3 3 6 6 3 3 4 4 1 1 0 0 5 5 2 2 1 1 5 5 2 2 5 5 6 6</p></triangles></mesh></geometry><geometry id="geom_17" name="part_17"><mesh><source id="geom_17-pos"><float_array id="geom_17-pos-array" count="21">0.000000 0.062500 0.343750 0.093750 0.031250 0.250000 0.125000 0.031250 -0.031250 0.000000 0.125000 0.250000 0.000000 0.187500 -0.031250 -0.093750 0.031250 0.250000 -0.125000 0.031250 -0.031250</float_array><technique_common><accessor source="#geom_17-pos-array" count="7" stride="3"><param name="X" type="float"/><param name="Y" type="float"/><param name="Z" type="float"/></accessor></technique_common></source><source id="geom_17-uv"><float_array id="geom_17-uv-array" count="14">0.498947 1.000000 0.799576 0.785858 1.000000 0.000412 0.497711 0.785599 0.496872 0.000000 0.199570 0.785858 0.000000 0.000427</float_array><technique_common><accessor source="#geom_17-uv-array" count="7" stride="2"><param name="S" type="float"/><param name="T" type="float"/></accessor></technique_common></source><vertices id="geom_17-verts"><input semantic="POSITION" source="#geom_17-pos"/></vertices><triangles count="9" material="slot"><input semantic="VERTEX" source="#geom_17-verts" offset="0"/><input semantic="TEXCOORD" source="#geom_17-uv" offset="1" set="0"/><p>3 3 0 0 1 1 4 4 3 3 1 1 4 4 1 1 2 2 5 5 0 0 3 3 6 6 5 5 3 3 6 6 3 3 4 4 1 1 0 0 5 5 2 2 1 1 5 5 2 2 5 5 6 6</p></triangles></mesh></geometry><geometry id="geom_18" name="part_18"><mesh><source id="geom_18-pos"><float_array id="geom_18-pos-array" count="21">0.000000 0.125000 0.343750 0.093750 0.093750 0.281250 0.125000 0.062500 0.000000 0.000000 0.187500 0.281250 0.000000 0.218750 0.000000 -0.062500 0.093750 0.281250 -0.125000 0.062500 0.000000</float_array><technique_common><accessor source="#geom_18-pos-array" count="7" stride="3"><param name="X" type="float"/><param name="Y" type="float"/><param name="Z" type="float"/></accessor></technique_common></source><source id="geom_18-uv"><float_array id="geom_18-uv-array" count="14">0.495972 1.000000 0.797241 0.785858 1.000000 0.000412 0.495361 0.785599 0.496872 0.000000 0.197235 0.785858 0.000000 0.000427</float_array><technique_common><accessor source="#geom_18-uv-array" count="7" stride="2"><param name="S" type="float"/><param name="T" type="float"/></accessor></technique_common></source><vertices id="geom_18-verts"><input semantic="POSITION" source="#geom_18-pos"/></vertices><triangles count="9" material="slot"><input semantic="VERTEX" source="#geom_18-verts" offset="0"/><input semantic="TEXCOORD" source="#geom_18-uv" offset="1" set="0"/><p>3 3 0 0 1 1 4 4 3 3 1 1 4 4 1 1 2 2 5 5 0 0 3 3 6 6 5 5 3 3 6 6 3 3 4 4 1 1 0 0 5 5 2 2 1 1 5 5 2 2 5 5 6 6</p></triangles></mesh></geometry><geometry id="geom_19" name="part_19"><mesh><source id="geom_19-pos"><float_array id="geom_19-pos-array" count="54">-4.906250 -8.656250 0.562500 -4.437500 -2.625000 0.562500 -2.437500 -8.656250 -3.750000 -2.437500 -8.656250 4.875000 -2.187500 -2.625000 -3.343750 -2.187500 -2.625000 4.468750 0.062500 -11.625000 0.562500 0.062500 -11.625000 0.562500 0.062500 0.000000 0.687500 2.312500 -2.625000 -3.343750 2.312500 -2.625000 -3.343750 2.312500 -2.625000 4.468750 2.562500 -8.656250 -3.750000 2.562500 -8.656250 4.875000 4.562500 -2.625000 0.562500 4.562500 -2.625000 0.562500 5.031250 -8.656250 0.562500 5.031250 -8.656250 0.562500</float_array><technique_common><accessor source="#geom_19-pos-array" count="18" stride="3"><param name="X" type="float"/><param name="Y" type="float"/><param name="Z" type="float"/></accessor></technique_common></source><source id="geom_19-uv"><float_array id="geom_19-uv-array" count="36">0.500000 0.256882 0.500000 0.775620 0.333328 0.256882 0.666656 0.256882 0.333328 0.775620 0.666656 0.775620 0.000000 0.000000 1.000000 0.000000 0.766617 1.000000 0.166656 0.775620 1.000000 0.775620 0.833328 0.775620 0.166656 0.256882 0.833328 0.256882 0.000000 0.775620 1.000000 0.775620 0.000000 0.256882 1.000000 0.256882</float_array><technique_common><accessor source="#geom_19-uv-array" count="18" stride="2"><param name="S" type="float"/><param name="T" type="float"/></accessor></technique_common></source><vertices id="geom_19-verts"><input semantic="POSITION" source="#geom_19-pos"/></vertices><triangles count="24" material="slot"><input semantic="VERTEX" source="#geom_19-verts" offset="0"/><input semantic="TEXCOORD" source="#geom_19-uv" offset="1" set="0"/><p>13 13 5 5 3 3 12 12 9 9 14 14 3 3 0 0 7 7 11 11 8 8 5 5 13 13 11 11 5 5 13 13 3 3 7 7 3 3 5 5 1 1 15 15 8 8 11 11 17 17 15 15 11 11 17 17 11 11 13 13 3 3 1 1 0 0 5 5 8 8 1 1 10 10 8 8 15 15 2 2 4 4 9 9 0 0 4 4 2 2 12 12 14 14 16 16 12 12 16 16 6 6 4 4 8 8 10 10 2 2 9 9 12 12 0 0 2 2 6 6 2 2 12 12 6 6 1 1 8 8 4 4 0 0 1 1 4 4 17 17 13 13 7 7</p></triangles></mesh></geometry><geometry id="geom_20" name="part_20"><mesh><source id="geom_20-pos"><float_array id="geom_20-pos-array" count="111">-0.406250 0.000000 0.187500 -0.343750 -0.031250 -0.156250 -0.250000 -0.750000 0.312500 -0.218750 0.000000 0.437500 -0.187500 -0.750000 0.000000 -0.062500 -0.718750 0.562500 -0.062500 0.000000 -0.281250 -0.031250 -1.375000 0.312500 0.031250 -1.406250 0.062500 0.093750 -0.750000 -0.125000 0.125000 -1.375000 0.500000 0.125000 0.031250 0.437500 0.187500 -1.968750 0.218750 0.218750 -1.968750 0.031250 0.218750 -1.968750 0.031250 0.250000 -1.375000 -0.062500 0.250000 -0.718750 0.562500 0.250000 0.031250 -0.156250 0.312500 -1.937500 0.343750 0.343750 0.031250 0.156250 0.343750 0.031250 0.156250 0.375000 -1.343750 0.500000 0.375000 -0.718750 0.000000 0.375000 -0.718750 0.000000 0.406250 -2.062500 0.187500 0.406250 -2.062500 0.187500 0.406250 -1.937500 -0.062500 0.437500 -0.687500 0.312500 0.468750 -1.343750 0.062500 0.468750 -1.343750 0.062500 0.500000 -1.937500 0.343750 0.531250 -1.343750 0.281250 0.531250 -1.343750 0.281250 0.562500 -1.937500 0.031250 0.562500 -1.937500 0.031250 0.593750 -1.906250 0.218750 0.593750 -1.906250 0.218750</float_array><technique_common><accessor source="#geom_20-pos-array" count="37" stride="3"><param name="X" type="float"/><param name="Y" type="float"/><param name="Z" type="float"/></accessor></technique_common></source><source id="geom_20-uv"><float_array id="geom_20-uv-array" count="74">0.516083 0.971268 0.411682 0.968109 0.579666 0.620361 0.627319 0.984055 0.438049 0.617432 0.697098 0.632217 0.302643 0.976959 0.655914 0.320740 0.366226 0.318375 0.253036 0.625626 0.768738 0.330261 0.767487 0.996841 0.888763 0.051727 0.098358 0.049957 1.000000 0.049957 0.137726 0.324982 0.808548 0.644073 0.170837 0.991150 0.871292 0.058777 0.000000 1.000000 0.975845 1.000000 0.858749 0.339783 0.068649 0.638794 1.000000 0.638794 0.000000 0.000000 0.968140 0.000000 0.085831 0.054886 0.926743 0.647003 0.033447 0.335541 1.000000 0.335541 0.919632 0.065826 0.000000 0.342133 0.944778 0.342133 0.035004 0.062668 1.000000 0.062668 0.000000 0.067596 0.976608 0.067596</float_array><technique_common><accessor source="#geom_20-uv-array" count="37" stride="2"><param name="S" type="float"/><param name="T" type="float"/></accessor></technique_common></source><vertices id="geom_20-verts"><input semantic="POSITION" source="#geom_20-pos"/></vertices><triangles count="49" material="slot"><input semantic="VERTEX" source="#geom_20-verts" offset="0"/><input semantic="TEXCOORD" source="#geom_20-uv" offset="1" set="0"/><p>34 34 32 32 36 36 36 36 30 30 25 25 26 26 33 33 24 24 5 5 0 0 2 2 5 5 3 3 0 0 34 34 29 29 32 32 9 9 6 6 17 17 7 7 14 14 12 12 7 7 8 8 14 14 7 7 4 4 8 8 2 2 1 1 4 4 9 9 17 17 22 22 22 22 31 31 28 28 13 13 8 8 15 15 15 15 22 22 28 28 4 4 6 6 9 9 4 4 1 1 6 6 8 8 9 9 15 15 13 13 15 15 26 26 15 15 9 9 22 22 2 2 0 0 1 1 26 26 28 28 33 33 26 26 15 15 28 28 7 7 2 2 4 4 23 23 27 27 32 32 30 30 21 21 10 10 23 23 20 20 27 27 18 18 7 7 12 12 18 18 10 10 7 7 30 30 10 10 18 18 21 21 5 5 10 10 18 18 12 12 25 25 21 21 16 16 5 5 16 16 3 3 5 5 16 16 11 11 3 3 30 30 18 18 25 25 27 27 20 20 11 11 33 33 35 35 24 24 10 10 2 2 7 7 32 32 27 27 16 16 22 22 17 17 19 19 13 13 26 26 24 24 12 12 14 14 25 25 10 10 5 5 2 2 27 27 11 11 16 16 36 36 21 21 30 30 36 36 32 32 21 21 32 32 16 16 21 21 8 8 4 4 9 9</p></triangles></mesh></geometry><geometry id="geom_21" name="part_21"><mesh><source id="geom_21-pos"><float_array id="geom_21-pos-array" count="21">0.000000 -0.062500 0.375000 0.093750 -0.093750 0.312500 0.156250 -0.093750 0.031250 0.000000 0.000000 0.312500 0.000000 0.062500 0.031250 -0.062500 -0.093750 0.312500 -0.125000 -0.093750 0.031250</float_array><technique_common><accessor source="#geom_21-pos-array" count="7" stride="3"><param name="X" type="float"/><param name="Y" type="float"/><param name="Z" type="float"/></accessor></technique_common></source><source id="geom_21-uv"><float_array id="geom_21-uv-array" count="14">0.498947 1.000000 0.799576 0.785858 1.000000 0.000412 0.497711 0.785599 0.496872 0.000000 0.199570 0.785858 0.000000 0.000427</float_array><technique_common><accessor source="#geom_21-uv-array" count="7" stride="2"><param name="S" type="float"/><param name="T" type="float"/></accessor></technique_common></source><vertices id="geom_21-verts"><input semantic="POSITION" source="#geom_21-pos"/></vertices><triangles count="9" material="slot"><input semantic="VERTEX" source="#geom_21-verts" offset="0"/><input semantic="TEXCOORD" source="#geom_21-uv" offset="1" set="0"/><p>3 3 0 0 1 1 4 4 3 3 1 1 4 4 1 1 2 2 5 5 0 0 3 3 6 6 5 5 3 3 6 6 3 3 4 4 1 1 0 0 5 5 2 2 1 1 5 5 2 2 5 5 6 6</p></triangles></mesh></geometry><geometry id="geom_22" name="part_22"><mesh><source id="geom_22-pos"><float_array id="geom_22-pos-array" count="21">0.000000 -0.062500 0.375000 0.093750 -0.093750 0.312500 0.125000 -0.125000 0.031250 0.000000 0.000000 0.312500 0.000000 0.062500 0.031250 -0.093750 -0.093750 0.312500 -0.125000 -0.125000 0.031250</float_array><technique_common><accessor source="#geom_22-pos-array" count="7" stride="3"><param name="X" type="float"/><param name="Y" type="float"/><param name="Z" type="float"/></accessor></technique_common></source><source id="geom_22-uv"><float_array id="geom_22-uv-array" count="14">0.498947 1.000000 0.799576 0.785858 1.000000 0.000412 0.497711 0.785599 0.496872 0.000000 0.199570 0.785858 0.000000 0.000427</float_array><technique_common><accessor source="#geom_22-uv-array" count="7" stride="2"><param name="S" type="float"/><param name="T" type="float"/></accessor></technique_common></source><vertices id="geom_22-verts"><input semantic="POSITION" source="#geom_22-pos"/></vertices><triangles count="9" material="slot"><input semantic="VERTEX" source="#geom_22-verts" offset="0"/><input semantic="TEXCOORD" source="#geom_22-uv" offset="1" set="0"/><p>3 3 0 0 1 1 4 4 3 3 1 1 4 4 1 1 2 2 5 5 0 0 3 3 6 6 5 5 3 3 6 6 3 3 4 4 1 1 0 0 5 5 2 2 1 1 5 5 2 2 5 5 6 6</p></triangles></mesh></geometry><geometry id="geom_23" name="part_23"><mesh><source id="geom_23-pos"><float_array id="geom_23-pos-array" count="21">0.000000 -0.062500 0.375000 0.093750 -0.093750 0.312500 0.156250 -0.093750 0.031250 0.000000 0.031250 0.312500 0.000000 0.062500 0.031250 -0.062500 -0.093750 0.312500 -0.125000 -0.093750 0.031250</float_array><technique_common><accessor source="#geom_23-pos-array" count="7" stride="3"><param name="X" type="float"/><param name="Y" type="float"/><param name="Z" type="float"/></accessor></technique_common></source><source id="geom_23-uv"><float_array id="geom_23-uv-array" count="14">0.498947 1.000000 0.799576 0.785858 1.000000 0.000412 0.497711 0.785599 0.496872 0.000000 0.199570 0.785858 0.000000 0.000427</float_array><technique_common><accessor source="#geom_23-uv-array" count="7" stride="2"><param name="S" type="float"/><param name="T" type="float"/></accessor></technique_common></source><vertices id="geom_23-verts"><input semantic="POSITION" source="#geom_23-pos"/></vertices><triangles count="9" material="slot"><input semantic="VERTEX" source="#geom_23-verts" offset="0"/><input semantic="TEXCOORD" source="#geom_23-uv" offset="1" set="0"/><p>3 3 0 0 1 1 4 4 3 3 1 1 4 4 1 1 2 2 5 5 0 0 3 3 6 6 5 5 3 3 6 6 3 3 4 4 1 1 0 0 5 5 2 2 1 1 5 5 2 2 5 5 6 6</p></triangles></mesh></geometry><geometry id="geom_24" name="part_24"><mesh><source id="geom_24-pos"><float_array id="geom_24-pos-array" count="105">-0.343750 0.000000 -0.031250 -0.250000 0.000000 0.281250 -0.218750 -0.750000 -0.187500 -0.187500 0.031250 -0.312500 -0.093750 -0.750000 0.093750 -0.062500 -0.718750 -0.437500 0.031250 -1.375000 -0.187500 0.093750 -1.375000 0.031250 0.093750 0.000000 0.406250 0.156250 -1.343750 -0.406250 0.156250 0.031250 -0.343750 0.187500 -0.750000 0.218750 0.250000 -1.937500 -0.156250 0.250000 -0.687500 -0.500000 0.312500 -1.937500 0.031250 0.312500 -1.937500 0.031250 0.343750 -1.937500 -0.312500 0.343750 -1.375000 0.093750 0.343750 0.031250 0.218750 0.375000 0.062500 -0.125000 0.375000 0.062500 -0.125000 0.406250 -1.343750 -0.437500 0.437500 -0.718750 0.031250 0.437500 -0.718750 0.031250 0.468750 -2.031250 -0.093750 0.468750 -2.031250 -0.093750 0.468750 -1.937500 0.093750 0.468750 -0.687500 -0.281250 0.531250 -1.906250 -0.312500 0.562500 -1.343750 -0.281250 0.562500 -1.343750 -0.031250 0.562500 -1.343750 -0.031250 0.625000 -1.937500 -0.031250 0.625000 -1.937500 -0.031250 0.656250 -1.906250 -0.187500</float_array><technique_common><accessor source="#geom_24-pos-array" count="35" stride="3"><param name="X" type="float"/><param name="Y" type="float"/><param name="Z" type="float"/></accessor></technique_common></source><source id="geom_24-uv"><float_array id="geom_24-uv-array" count="70">0.507523 0.971069 0.613876 0.967896 0.442276 0.617691 0.393997 0.983948 0.587799 0.614731 0.323639 0.629623 0.361496 0.315964 0.670197 0.313583 0.724716 0.976791 0.251175 0.325546 0.251556 0.996811 0.777206 0.623001 0.128525 0.045059 0.212418 0.641571 0.000000 0.043274 0.931396 0.043274 0.149475 0.052155 0.891418 0.320221 0.857559 0.991089 0.047699 0.999985 1.000000 0.999985 0.162888 0.335129 0.000000 0.636261 0.957840 0.636261 0.021072 0.000000 1.000000 0.000000 0.940750 0.048233 0.095840 0.644516 0.103012 0.059250 0.078400 0.337509 0.000000 0.330856 0.991699 0.330856 0.000000 0.056076 0.989990 0.056076 0.047241 0.061035</float_array><technique_common><accessor source="#geom_24-uv-array" count="35" stride="2"><param name="S" type="float"/><param name="T" type="float"/></accessor></technique_common></source><vertices id="geom_24-verts"><input semantic="POSITION" source="#geom_24-pos"/></vertices><triangles count="49" material="slot"><input semantic="VERTEX" source="#geom_24-verts" offset="0"/><input semantic="TEXCOORD" source="#geom_24-uv" offset="1" set="0"/><p>34 34 29 29 32 32 34 34 32 32 24 24 4 4 1 1 2 2 2 2 0 0 5 5 0 0 3 3 5 5 29 29 30 30 32 32 18 18 8 8 11 11 12 12 14 14 6 6 14 14 7 7 6 6 7 7 4 4 6 6 1 1 0 0 2 2 23 23 18 18 11 11 30 30 29 29 22 22 17 17 11 11 7 7 31 31 23 23 17 17 11 11 8 8 4 4 8 8 1 1 4 4 11 11 4 4 7 7 17 17 7 7 15 15 23 23 11 11 17 17 26 26 17 17 15 15 33 33 31 31 26 26 31 31 17 17 26 26 4 4 2 2 6 6 29 29 27 27 22 22 9 9 21 21 28 28 27 27 19 19 22 22 12 12 6 6 16 16 6 6 9 9 16 16 16 16 9 9 28 28 9 9 5 5 21 21 16 16 28 28 24 24 5 5 13 13 21 21 5 5 3 3 13 13 3 3 10 10 13 13 28 28 34 34 24 24 10 10 19 19 27 27 33 33 26 26 25 25 6 6 2 2 9 9 13 13 27 27 29 29 20 20 18 18 23 23 26 26 15 15 25 25 12 12 16 16 24 24 2 2 5 5 9 9 13 13 10 10 27 27 28 28 21 21 34 34 21 21 29 29 34 34 21 21 13 13 29 29 24 24 14 14 12 12</p></triangles></mesh></geometry><geometry id="geom_25" name="part_25"><mesh><source id="geom_25-pos"><float_array id="geom_25-pos-array" count="21">0.000000 -0.031250 0.343750 0.062500 -0.062500 0.281250 0.125000 -0.093750 0.000000 0.000000 0.031250 0.281250 0.000000 0.093750 0.000000 -0.093750 -0.062500 0.281250 -0.125000 -0.093750 0.000000</float_array><technique_common><accessor source="#geom_25-pos-array" count="7" stride="3"><param name="X" type="float"/><param name="Y" type="float"/><param name="Z" type="float"/></accessor></technique_common></source><source id="geom_25-uv"><float_array id="geom_25-uv-array" count="14">0.498962 1.000000 0.799576 0.785858 1.000000 0.000412 0.497711 0.785599 0.496872 0.000000 0.199585 0.785858 0.000000 0.000427</float_array><technique_common><accessor source="#geom_25-uv-array" count="7" stride="2"><param name="S" type="float"/><param name="T" type="float"/></accessor></technique_common></source><vertices id="geom_25-verts"><input semantic="POSITION" source="#geom_25-pos"/></vertices><triangles count="9" material="slot"><input semantic="VERTEX" source="#geom_25-verts" offset="0"/><input semantic="TEXCOORD" source="#geom_25-uv" offset="1" set="0"/><p>3 3 0 0 1 1 4 4 3 3 1 1 4 4 1 1 2 2 5 5 0 0 3 3 6 6 5 5 3 3 6 6 3 3 4 4 1 1 0 0 5 5 2 2 1 1 5 5 2 2 5 5 6 6</p></triangles></mesh></geometry><geometry id="geom_26" name="part_26"><mesh><source id="geom_26-pos"><float_array id="geom_26-pos-array" count="21">0.000000 -0.031250 0.375000 0.093750 -0.062500 0.281250 0.156250 -0.093750 0.000000 0.000000 0.031250 0.281250 0.000000 0.093750 0.000000 -0.062500 -0.062500 0.281250 -0.125000 -0.093750 0.000000</float_array><technique_common><accessor source="#geom_26-pos-array" count="7" stride="3"><param name="X" type="float"/><param name="Y" type="float"/><param name="Z" type="float"/></accessor></technique_common></source><source id="geom_26-uv"><float_array id="geom_26-uv-array" count="14">0.498947 1.000000 0.799576 0.785858 1.000000 0.000412 0.497711 0.785599 0.496872 0.000000 0.199570 0.785858 0.000000 0.000427</float_array><technique_common><accessor source="#geom_26-uv-array" count="7" stride="2"><param name="S" type="float"/><param name="T" type="float"/></accessor></technique_common></source><vertices id="geom_26-verts"><input semantic="POSITION" source="#geom_26-pos"/></vertices><triangles count="9" material="slot"><input semantic="VERTEX" source="#geom_26-verts" offset="0"/><input semantic="TEXCOORD" source="#geom_26-uv" offset="1" set="0"/><p>3 3 0 0 1 1 4 4 3 3 1 1 4 4 1 1 2 2 5 5 0 0 3 3 6 6 5 5 3 3 6 6 3 3 4 4 1 1 0 0 5 5 2 2 1 1 5 5 2 2 5 5 6 6</p></triangles></mesh></geometry><geometry id="geom_27" name="part_27"><mesh><source id="geom_27-pos"><float_array id="geom_27-pos-array" count="21">0.000000 -0.031250 0.375000 0.093750 -0.062500 0.281250 0.156250 -0.093750 0.000000 0.000000 0.031250 0.281250 0.000000 0.093750 0.000000 -0.062500 -0.062500 0.281250 -0.125000 -0.093750 0.000000</float_array><technique_common><accessor source="#geom_27-pos-array" count="7" stride="3"><param name="X" type="float"/><param name="Y" type="float"/><param name="Z" type="float"/></accessor></technique_common></source><source id="geom_27-uv"><float_array id="geom_27-uv-array" count="14">0.498947 1.000000 0.799576 0.785858 1.000000 0.000412 0.497711 0.785599 0.496872 0.000000 0.199570 0.785858 0.000000 0.000427</float_array><technique_common><accessor source="#geom_27-uv-array" count="7" stride="2"><param name="S" type="float"/><param name="T" type="float"/></accessor></technique_common></source><vertices id="geom_27-verts"><input semantic="POSITION" source="#geom_27-pos"/></vertices><triangles count="9" material="slot"><input semantic="VERTEX" source="#geom_27-verts" offset="0"/><input semantic="TEXCOORD" source="#geom_27-uv" offset="1" set="0"/><p>3 3 0 0 1 1 4 4 3 3 1 1 4 4 1 1 2 2 5 5 0 0 3 3 6 6 5 5 3 3 6 6 3 3 4 4 1 1 0 0 5 5 2 2 1 1 5 5 2 2 5 5 6 6</p></triangles></mesh></geometry><geometry id="geom_28" name="part_28"><mesh><source id="geom_28-pos"><float_array id="geom_28-pos-array" count="78">-0.281250 0.656250 -0.062500 -0.218750 1.281250 -0.062500 -0.187500 0.625000 0.156250 -0.156250 -0.062500 -0.062500 -0.156250 1.156250 0.187500 -0.125000 -0.062500 0.187500 -0.062500 0.625000 -0.250000 0.000000 0.625000 0.156250 0.000000 1.187500 -0.187500 0.000000 1.468750 0.187500 0.000000 1.593750 0.062500 0.031250 0.000000 -0.218750 0.062500 1.031250 0.187500 0.125000 0.031250 0.218750 0.125000 0.593750 -0.062500 0.125000 0.593750 -0.062500 0.125000 1.500000 -0.031250 0.125000 1.500000 -0.031250 0.156250 1.031250 -0.031250 0.156250 1.031250 -0.031250 0.156250 1.312500 0.218750 0.187500 1.562500 0.125000 0.218750 1.343750 0.093750 0.218750 1.343750 0.093750 0.250000 0.062500 -0.031250 0.250000 0.062500 -0.031250</float_array><technique_common><accessor source="#geom_28-pos-array" count="26" stride="3"><param name="X" type="float"/><param name="Y" type="float"/><param name="Z" type="float"/></accessor></technique_common></source><source id="geom_28-uv"><float_array id="geom_28-uv-array" count="52">0.459091 0.429550 0.453506 0.807053 0.624496 0.421188 0.419037 0.008621 0.652100 0.729828 0.670685 0.000000 0.275024 0.411682 0.778442 0.409042 0.232513 0.749649 0.771317 0.918182 0.786926 1.000000 0.202820 0.039398 0.813141 0.663773 0.839645 0.063431 0.061310 0.389969 1.000000 0.389969 0.023163 0.946655 1.000000 0.946655 0.032990 0.670441 1.000000 0.670441 0.850662 0.836365 0.900360 0.983780 0.000000 0.847061 0.941956 0.847061 0.020660 0.087280 1.000000 0.087280</float_array><technique_common><accessor source="#geom_28-uv-array" count="26" stride="2"><param name="S" type="float"/><param name="T" type="float"/></accessor></technique_common></source><vertices id="geom_28-verts"><input semantic="POSITION" source="#geom_28-pos"/></vertices><triangles count="35" material="slot"><input semantic="VERTEX" source="#geom_28-verts" offset="0"/><input semantic="TEXCOORD" source="#geom_28-uv" offset="1" set="0"/><p>11 11 14 14 24 24 5 5 2 2 0 0 3 3 6 6 11 11 11 11 6 6 14 14 1 1 10 10 17 17 6 6 18 18 14 14 6 6 8 8 18 18 3 3 0 0 6 6 1 1 16 16 8 8 21 21 17 17 10 10 0 0 1 1 8 8 13 13 25 25 15 15 23 23 17 17 21 21 8 8 16 16 22 22 20 20 23 23 21 21 0 0 8 8 6 6 8 8 22 22 18 18 4 4 9 9 10 10 7 7 4 4 2 2 4 4 10 10 1 1 13 13 7 7 2 2 7 7 12 12 4 4 2 2 1 1 0 0 12 12 9 9 4 4 12 12 20 20 9 9 13 13 2 2 5 5 2 2 4 4 1 1 20 20 21 21 9 9 19 19 23 23 20 20 21 21 10 10 9 9 15 15 12 12 7 7 5 5 0 0 3 3 15 15 19 19 12 12 19 19 20 20 12 12 15 15 7 7 13 13</p></triangles></mesh></geometry></library_geometries><library_visual_scenes><visual_scene id="Scene" name="Spunky_outfit13"><node id="part_00" name="part_00" type="NODE"><matrix sid="matrix">-0.04440308 -0.01992798 0.99777222 0.05609131 -0.51033020 0.85858154 -0.00559998 3.33821106 -0.85760498 -0.50999451 -0.04837036 1.51100159 0.00000000 0.00000000 0.00000000 1.00000000</matrix><instance_geometry url="#geom_00"><bind_material><technique_common><instance_material symbol="slot" target="#mat_00"/></technique_common></bind_material></instance_geometry><node id="part_01" name="part_01" type="NODE"><matrix sid="matrix">-0.39598083 -0.49020386 -1.89723206 -1.51760864 0.10545349 1.92739868 -0.52029419 -0.79052734 1.95706177 -0.20309448 -0.35595703 0.39364624 0.00000000 0.00000000 0.00000000 1.00000000</matrix><instance_geometry url="#geom_01"><bind_material><technique_common><instance_material symbol="slot" target="#mat_01"/></technique_common></bind_material></instance_geometry></node><node id="part_02" name="part_02" type="NODE"><matrix sid="matrix">-0.09312439 -0.99296570 -0.07055664 -0.21118164 0.99237061 -0.08705139 -0.08488464 -0.45898438 0.07815552 -0.07791138 0.99371338 -0.09252930 0.00000000 0.00000000 0.00000000 1.00000000</matrix><instance_geometry url="#geom_02"><bind_material><technique_common><instance_material symbol="slot" target="#mat_02"/></technique_common></bind_material></instance_geometry><node id="part_03" name="part_03" type="NODE"><matrix sid="matrix">0.89068604 -0.34368896 0.04270935 -0.64990234 0.02320862 -0.03697205 -0.99839783 0.25415039 0.45367432 0.67665100 -0.03280640 0.71972656 0.00000000 0.00000000 0.00000000 1.00000000</matrix><instance_geometry url="#geom_03"><bind_material><technique_common><instance_material symbol="slot" target="#mat_03"/></technique_common></bind_material></instance_geometry></node></node><node id="part_04" name="part_04" type="NODE"><matrix sid="matrix">-0.31123352 -0.10125732 -1.03700256 -2.04859924 -0.22569275 1.06300354 -0.03610229 0.42396545 1.01731873 0.20486450 -0.32527161 -0.55648804 0.00000000 0.00000000 0.00000000 1.00000000</matrix><instance_geometry url="#geom_04"><bind_material><technique_common><instance_material symbol="slot" target="#mat_04"/></technique_common></bind_material></instance_geometry></node><node id="part_05" name="part_05" type="NODE"><matrix sid="matrix">0.40187073 -0.06648254 -1.07843018 -2.05780029 -0.05058289 1.14811707 -0.08958435 0.27687073 1.07945251 0.07849121 0.39735413 0.32316589 0.00000000 0.00000000 0.00000000 1.00000000</matrix><instance_geometry url="#geom_05"><bind_material><technique_common><instance_material symbol="slot" target="#mat_05"/></technique_common></bind_material></instance_geometry></node><node id="part_06" name="part_06" type="NODE"><matrix sid="matrix">-0.12309265 -0.65454102 -1.88508606 -1.41098022 0.13594055 1.88122559 -0.66253662 -0.69075012 1.99101257 -0.16899109 -0.07135010 -0.61863708 0.00000000 0.00000000 0.00000000 1.00000000</matrix><instance_geometry url="#geom_06"><bind_material><technique_common><instance_material symbol="slot" target="#mat_06"/></technique_common></bind_material></instance_geometry></node><node id="part_07" name="part_07" type="NODE"><matrix sid="matrix">0.72186279 -0.68760681 0.07186890 -1.44538879 0.68487549 0.69670105 -0.21061707 0.57179260 0.09481812 0.20132446 0.97457886 0.17419434 0.00000000 0.00000000 0.00000000 1.00000000</matrix><instance_geometry url="#geom_07"><bind_material><technique_common><instance_material symbol="slot" target="#mat_07"/></technique_common></bind_material></instance_geometry></node><node id="part_08" name="part_08" type="NODE"><matrix sid="matrix">0.73199463 -0.66267395 -0.15547180 -1.49949646 0.68032837 0.71977234 0.13398743 0.50823975 0.02311707 -0.20401001 0.97836304 -0.37980652 0.00000000 0.00000000 0.00000000 1.00000000</matrix><instance_geometry url="#geom_08"><bind_material><technique_common><instance_material symbol="slot" target="#mat_08"/></technique_common></bind_material></instance_geometry></node></node><node id="part_09" name="part_09" type="NODE"><matrix sid="matrix">0.02146912 0.00000000 -0.99897766 0.00633240 -0.99731445 0.05665588 -0.02140808 2.43501282 0.05661011 0.99771118 0.00120544 -0.87611389 0.00000000 0.00000000 0.00000000 1.00000000</matrix><instance_geometry url="#geom_09"><bind_material><technique_common><instance_material symbol="slot" target="#mat_09"/></technique_common></bind_material></instance_geometry><node id="part_10" name="part_10" type="NODE"><matrix sid="matrix">-0.01135254 -0.99926758 0.01269531 -0.00079346 0.74627686 -0.01710510 -0.66473389 -1.14613342 0.66490173 0.00178528 0.74633789 -0.91058350 0.00000000 0.00000000 0.00000000 1.00000000</matrix><instance_geometry url="#geom_10"><bind_material><technique_common><instance_material symbol="slot" target="#mat_10"/></technique_common></bind_material></instance_geometry><node id="part_11" name="part_11" type="NODE"><matrix sid="matrix">-0.93109131 0.33966064 0.13822937 -0.54881287 0.34606934 0.93780518 0.02409363 -2.34303284 -0.12176514 0.06927490 -0.99060059 0.47479248 0.00000000 0.00000000 0.00000000 1.00000000</matrix><instance_geometry url="#geom_11"><bind_material><technique_common><instance_material symbol="slot" target="#mat_11"/></technique_common></bind_material></instance_geometry></node><node id="part_12" name="part_12" type="NODE"><matrix sid="matrix">-0.56427002 0.33905029 0.75285339 -0.42333984 0.26365662 0.93688965 -0.22674561 -2.35350037 -0.78369141 0.06958008 -0.61889648 0.50144958 0.00000000 0.00000000 0.00000000 1.00000000</matrix><instance_geometry url="#geom_12"><bind_material><technique_common><instance_material symbol="slot" target="#mat_12"/></technique_common></bind_material></instance_geometry></node><node id="part_13" name="part_13" type="NODE"><matrix sid="matrix">-0.10803223 0.33905029 0.93383789 -0.46765137 0.11259460 0.93719482 -0.32928467 -2.40991211 -0.98876953 0.06896973 -0.14007568 0.65626526 0.00000000 0.00000000 0.00000000 1.00000000</matrix><instance_geometry url="#geom_13"><bind_material><technique_common><instance_material symbol="slot" target="#mat_13"/></technique_common></bind_material></instance_geometry></node><node id="part_14" name="part_14" type="NODE"><matrix sid="matrix">-0.08863831 0.00000000 0.10115051 0.34082031 0.00000000 0.13450623 0.00000000 0.87207031 -0.10118103 0.00000000 -0.08863831 0.18920898 0.00000000 0.00000000 0.00000000 1.00000000</matrix><instance_geometry url="#geom_14"><bind_material><technique_common><instance_material symbol="slot" target="#mat_14"/></technique_common></bind_material></instance_geometry></node></node><node id="part_15" name="part_15" type="NODE"><matrix sid="matrix">0.01632690 -0.99893188 -0.02615356 -0.06338501 0.59512329 -0.01138306 0.80282593 -1.17590332 -0.80291748 -0.02877808 0.59468079 0.93115234 0.00000000 0.00000000 0.00000000 1.00000000</matrix><instance_geometry url="#geom_15"><bind_material><technique_common><instance_material symbol="slot" target="#mat_15"/></technique_common></bind_material></instance_geometry><node id="part_16" name="part_16" type="NODE"><matrix sid="matrix">0.08605957 0.11413574 0.98937988 -0.25227356 0.14068604 0.98175049 -0.12664795 -2.39215088 -0.98693848 0.14953613 0.06744385 -0.70278931 0.00000000 0.00000000 0.00000000 1.00000000</matrix><instance_geometry url="#geom_16"><bind_material><technique_common><instance_material symbol="slot" target="#mat_16"/></technique_common></bind_material></instance_geometry></node><node id="part_17" name="part_17" type="NODE"><matrix sid="matrix">0.75682068 0.11413574 0.64300537 -0.26242065 0.01127625 0.98175049 -0.18920898 -2.37338257 -0.65429688 0.14953613 0.74127197 -0.59574890 0.00000000 0.00000000 0.00000000 1.00000000</matrix><instance_geometry url="#geom_17"><bind_material><technique_common><instance_material symbol="slot" target="#mat_17"/></technique_common></bind_material></instance_geometry></node><node id="part_18" name="part_18" type="NODE"><matrix sid="matrix">0.97837830 0.11413574 0.17272949 -0.41537476 -0.08575439 0.98175049 -0.16937256 -2.40956116 -0.19042969 0.14953613 0.96984863 -0.60797119 0.00000000 0.00000000 0.00000000 1.00000000</matrix><instance_geometry url="#geom_18"><bind_material><technique_common><instance_material symbol="slot" target="#mat_18"/></technique_common></bind_material></instance_geometry></node><node id="part_19" name="part_19" type="NODE"><matrix sid="matrix">0.10791016 0.00000000 0.08027649 0.49536133 0.00000000 0.13450623 0.00000000 0.84936523 -0.08030701 0.00000000 0.10791016 -0.36743164 0.00000000 0.00000000 0.00000000 1.00000000</matrix><instance_geometry url="#geom_19"><bind_material><technique_common><instance_material symbol="slot" target="#mat_19"/></technique_common></bind_material></instance_geometry></node></node><node id="part_20" name="part_20" type="NODE"><matrix sid="matrix">-0.11283875 -0.99201965 -0.04673767 0.56384277 -0.90496826 0.12200928 -0.40652466 1.79583740 0.40924072 -0.00370789 -0.91200256 -0.64295959 0.00000000 0.00000000 0.00000000 1.00000000</matrix><instance_geometry url="#geom_20"><bind_material><technique_common><instance_material symbol="slot" target="#mat_20"/></technique_common></bind_material></instance_geometry><node id="part_21" name="part_21" type="NODE"><matrix sid="matrix">0.19798279 0.05090332 -0.98185730 0.26557922 -0.03892517 0.99101257 0.04461670 -1.91497803 0.98475647 0.02787781 0.19776917 0.18760681 0.00000000 0.00000000 0.00000000 1.00000000</matrix><instance_geometry url="#geom_21"><bind_material><technique_common><instance_material symbol="slot" target="#mat_21"/></technique_common></bind_material></instance_geometry></node><node id="part_22" name="part_22" type="NODE"><matrix sid="matrix">-0.34568787 0.05181885 -0.93966675 0.26657104 -0.00921631 0.99101257 0.05859375 -1.88879395 0.94523621 0.02818298 -0.34364319 0.10241699 0.00000000 0.00000000 0.00000000 1.00000000</matrix><instance_geometry url="#geom_22"><bind_material><technique_common><instance_material symbol="slot" target="#mat_22"/></technique_common></bind_material></instance_geometry></node><node id="part_23" name="part_23" type="NODE"><matrix sid="matrix">-0.73954773 0.05181885 -0.67805481 0.38679504 0.01930237 0.99070740 0.05651855 -1.88902283 0.68035889 0.02787781 -0.73764038 0.03726196 0.00000000 0.00000000 0.00000000 1.00000000</matrix><instance_geometry url="#geom_23"><bind_material><technique_common><instance_material symbol="slot" target="#mat_23"/></technique_common></bind_material></instance_geometry></node></node><node id="part_24" name="part_24" type="NODE"><matrix sid="matrix">-0.08496094 -0.99150085 0.09335327 0.53909302 -0.83193970 0.12203979 0.54040527 1.81466675 -0.54766846 -0.03193665 -0.83563232 0.76452637 0.00000000 0.00000000 0.00000000 1.00000000</matrix><instance_geometry url="#geom_24"><bind_material><technique_common><instance_material symbol="slot" target="#mat_24"/></technique_common></bind_material></instance_geometry><node id="part_25" name="part_25" type="NODE"><matrix sid="matrix">0.89295959 0.08964539 -0.43917847 0.43818665 -0.05180359 0.99635315 0.09849548 -1.96466064 0.44419861 -0.06701660 0.89236450 0.05255127 0.00000000 0.00000000 0.00000000 1.00000000</matrix><instance_geometry url="#geom_25"><bind_material><technique_common><instance_material symbol="slot" target="#mat_25"/></technique_common></bind_material></instance_geometry></node><node id="part_26" name="part_26" type="NODE"><matrix sid="matrix">0.52978516 0.09118652 -0.84289551 0.34558105 0.00759888 0.99696350 0.11199951 -1.93324280 0.84582520 -0.06671143 0.52703857 -0.02343750 0.00000000 0.00000000 0.00000000 1.00000000</matrix><instance_geometry url="#geom_26"><bind_material><technique_common><instance_material symbol="slot" target="#mat_26"/></technique_common></bind_material></instance_geometry></node><node id="part_27" name="part_27" type="NODE"><matrix sid="matrix">0.08041382 0.09027100 -0.99407959 0.37744141 0.05818176 0.99604797 0.09454346 -1.93507385 0.99337769 -0.06701660 0.07350159 -0.16781616 0.00000000 0.00000000 0.00000000 1.00000000</matrix><instance_geometry url="#geom_27"><bind_material><technique_common><instance_material symbol="slot" target="#mat_27"/></technique_common></bind_material></instance_geometry></node></node><node id="part_28" name="part_28" type="NODE"><matrix sid="matrix">0.58937073 -0.80755615 -0.01139832 -1.08447266 -0.72723389 -0.52461243 -0.44221497 -1.63134766 0.35125732 0.26893616 -0.89662170 -0.04077148 0.00000000 0.00000000 0.00000000 1.00000000</matrix><instance_geometry url="#geom_28"><bind_material><technique_common><instance_material symbol="slot" target="#mat_28"/></technique_common></bind_material></instance_geometry></node></node></visual_scene></library_visual_scenes><scene><instance_visual_scene url="#Scene"/></scene></COLLADA>
