<?xml version="1.0" encoding="utf-8"?>
<COLLADA xmlns="http://www.collada.org/2005/11/COLLADASchema" version="1.4.1">
  <asset>
    <created>2026-03-16T12:27:18Z</created>
    <modified>2026-03-16T12:27:18Z</modified>
  </asset>
  <library_images>
    <image id="Image">
      <init_from>./MenkMackSpaceShip_DIF.png</init_from>
    </image>
  </library_images>
  <library_materials>
    <material id="VisualMaterial" name="menkmackspaceship_MenkMackSpaceShip">
      <instance_effect url="#Effect"/>
      <extra>
        <technique profile="FCOLLADA">
          <user_properties>menkmackspaceship_MenkMackSpaceShip</user_properties>
        </technique>
      </extra>
    </material>
  </library_materials>
  <library_effects>
    <effect id="Effect" name="S__tmp_StarControl_Ships_MenkMack_MenkMackSpaceShip_DIF_png">
      <profile_COMMON>
        <newparam sid="Image-surface">
          <surface type="2D">
            <init_from>Image</init_from>
            <format>A8R8G8B8</format>
          </surface>
        </newparam>
        <newparam sid="Image-sampler">
          <sampler2D>
            <source>Image-surface</source>
            <wrap_s>WRAP</wrap_s>
            <wrap_t>WRAP</wrap_t>
            <minfilter>NONE</minfilter>
            <magfilter>NONE</magfilter>
            <mipfilter>NONE</mipfilter>
          </sampler2D>
        </newparam>
        <technique sid="common">
          <phong>
            <emission>
              <color>0 0 0 1</color>
            </emission>
            <ambient>
              <color>0 0 0 1</color>
            </ambient>
            <diffuse>
              <texture texture="Image-sampler" texcoord=""/>
            </diffuse>
            <specular>
              <color>1 1 1 1</color>
            </specular>
            <shininess>
              <float>0</float>
            </shininess>
            <transparent opaque="A_ONE">
              <color>0 0 0 1</color>
            </transparent>
            <transparency>
              <float>1</float>
            </transparency>
            <index_of_refraction>
              <float>1.55</float>
            </index_of_refraction>
          </phong>
          <extra>
            <technique profile="FCOLLADA">
              <spec_level>
                <float>0</float>
              </spec_level>
            </technique>
          </extra>
        </technique>
      </profile_COMMON>
      <extra>
        <technique profile="FCOLLADA">
          <user_properties>S:%5Ctmp%5CStarControl%5CShips%5CMenkMack%5CMenkMackSpaceShip_DIF.png</user_properties>
        </technique>
      </extra>
    </effect>
  </library_effects>
  <library_geometries>
    <geometry id="Geometry" name="menkmackspaceship_MenkMackSpaceShip">
      <mesh>
        <source id="GeometrySource" name="menkmackspaceship_MenkMackSpaceShipPos">
          <float_array id="GeometrySource-array" count="21534">-44.6537 144.708 -97.9313 -42.5579 142.714 -110.721 -47.201 131.611 -110.158 -39.9481 152.181 -101.854 -49.8965 133.916 -91.7384 -40.0052 140.188 -127.115 -38.5508 149.94 -110.994 -48.6335 148.681 -72.2195 -35.8597 147.115 -127.211 -34.9933 154.14 -111.222 -44.7581 156.512 -75.9707 -32.8883 143.093 -148.527 -32.7264 151.139 -127.302 -36.2001 156.001 -102.622 -36.6962 137.028 -148.126 -29.6981 147 -148.969 -39.7961 162.352 -76.96 -44.458 129.751 -126.923 -30.0416 139.975 -167.137 -30.4052 165.653 -90.1097 -33.9484 134.255 -165.662 -41.2092 127.394 -147.348 -32.0433 168.823 -77.6626 -26.1703 135.261 -193.354 -38.7938 125.629 -162.866 -33.0585 171.004 -62.591 -29.3703 129.427 -195.283 -23.9435 137.892 -192.68 -41.3816 165.255 -62.8377 -25.7042 123.789 -220.582 -27.0336 143.097 -168.693 -34.7898 173.549 -37.7062 -31.9206 121.892 -203.17 -20.0213 141.066 -193.544 -22.6552 181.503 -37.7062 -21.6242 178.878 -62.591 -41.676 114.846 -166.373 -43.0596 167.025 -37.5918 -9.85522 187.106 -37.7241 -35.0316 113.526 -199.19 -47.0174 158.562 -62.3243 -9.53411 184.397 -62.5985 -50.8281 160.879 -37.0985 0.000001 190.081 -37.7203 0.000001 187.114 -62.601 9.53411 184.397 -62.5985 9.85522 187.106 -37.7241 21.6242 178.878 -62.591 22.6552 181.503 -37.7062 33.0585 171.004 -62.591 34.7898 173.549 -37.7062 41.3816 165.255 -62.8377 39.7961 162.352 -76.96 43.0596 167.025 -37.5918 32.0433 168.823 -77.6626 47.0174 158.562 -62.3243 50.8281 160.879 -37.0985 30.4052 165.653 -90.1097 44.7581 156.512 -75.9707 36.2001 156.001 -102.622 48.6335 148.681 -72.2195 39.9481 152.181 -101.854 44.6537 144.708 -97.9313 49.8965 133.916 -91.7384 34.9933 154.14 -111.222 47.201 131.611 -110.158 38.5508 149.94 -110.994 42.5579 142.714 -110.721 32.7264 151.139 -127.302 35.8597 147.115 -127.211 29.6981 147 -148.969 40.0052 140.188 -127.115 32.8883 143.093 -148.527 30.0416 139.975 -167.137 36.6962 137.028 -148.126 44.458 129.751 -126.923 27.0336 143.097 -168.693 41.2092 127.394 -147.348 23.9435 137.892 -192.68 33.9484 134.255 -165.662 38.7938 125.629 -162.866 26.1703 135.261 -193.354 29.3703 129.427 -195.283 31.9206 121.892 -203.17 25.7042 123.789 -220.582 41.676 114.846 -166.373 20.0213 141.066 -193.544 35.0316 113.526 -199.19 19.4678 129.218 -220.989 14.531 144.652 -194.508 13.6268 132.56 -221.891 7.21101 148.829 -195.561 6.51332 135.368 -222.552 0.000004 151.002 -196.013 0.000004 137.194 -222.932 -6.51331 135.368 -222.552 -7.211 148.829 -195.561 -13.6268 132.56 -221.891 -14.531 144.652 -194.508 -19.4678 129.218 -220.989 -7.62206 132.696 -153.728 -27.1102 123.973 -146.305 -24.0251 121.937 -161.631 -7.72839 132.799 -146.383 -32.666 121.03 -162.65 -30.9801 125.733 -126.261 0.000003 135.537 -152.911 -35.54 123.377 -146.966 0.000002 134.492 -127.277 0.000003 135.511 -160.581 -39.4127 125.449 -126.563 0.000003 134.961 -145.24 -7.51568 132.592 -161.074 -32.9171 127.455 -109.728 7.72839 132.799 -146.383 0.000003 132.867 -178.258 -41.1697 127.16 -109.833 0.000002 136.512 -109.26 -7.21258 130.861 -179.391 7.51568 132.592 -161.074 -33.205 128.669 -100.368 -14.5374 126.589 -181.405 7.62207 132.696 -153.728 7.21259 130.861 -179.391 14.5374 126.589 -181.405 0.000004 130.194 -197.779 24.0251 121.937 -161.631 6.89942 129.072 -198.32 14.126 126.738 -200.019 0.000004 131.362 -206.109 27.1102 123.973 -146.305 21.9704 122.192 -201.882 6.58069 129.916 -206.775 32.666 121.03 -162.65 13.4709 127.4 -207.86 35.54 123.377 -146.966 30.9801 125.733 -126.261 12.3311 128.551 -221.503 39.4127 125.449 -126.563 6.00849 131.43 -221.952 32.9171 127.455 -109.728 0.000004 133.217 -221.952 41.1697 127.16 -109.833 0.000002 137.563 -101.557 33.205 128.669 -100.368 -6.58068 129.916 -206.775 47.271 129.978 -90.3119 -6.00848 131.43 -221.952 33.3338 135.203 -84.592 0.000001 145.292 -84.9649 -12.3311 128.551 -221.503 47.1141 135.585 -83.0374 -33.3338 135.203 -84.592 -13.4709 127.4 -207.86 33.4626 137.776 -63.9641 -47.271 129.978 -90.3119 -17.2984 124.644 -208.989 47.6589 136.602 -63.9641 -47.1141 135.585 -83.0374 31.7622 158.712 -36.7242 -33.4626 137.776 -63.9641 42.3333 140.958 -32.5939 16.3413 159.204 -51.9748 -47.6589 136.602 -63.9641 0.000001 156.149 -64.4885 42.3333 144.987 25.7516 15.89 171.013 -40.1929 -31.7622 158.712 -36.7242 0.000001 175.683 -41.5096 15.89 171.504 32.1438 -16.3413 159.204 -51.9748 0.000001 164.727 -54.3976 -0.000000 176.699 32.1438 -15.89 171.013 -40.1929 -15.89 171.504 32.1438 -31.7622 163.546 32.1438 -42.3333 144.987 25.7516 -42.3333 140.958 -32.5939 -7.81127 167.229 -128.328 0.000002 173.685 -114.933 0.000002 169.696 -128.864 -8.08459 171.124 -114.685 7.81128 167.229 -128.328 8.0846 171.124 -114.685 -16.1897 162.681 -127.094 -17.2001 166.298 -114.31 16.1897 162.681 -127.094 17.2001 166.298 -114.31 -6.51331 135.368 -222.552 0.000004 137.194 -222.932 0.000004 133.217 -221.952 -6.00848 131.43 -221.952 6.51332 135.368 -222.552 -13.6268 132.56 -221.891 6.00849 131.43 -221.952 -12.3311 128.551 -221.503 13.6268 132.56 -221.891 -19.4678 129.218 -220.989 -17.5183 124.996 -220.797 12.3311 128.551 -221.503 -25.7042 123.789 -220.582 19.4678 129.218 -220.989 17.5183 124.996 -220.797 -20.9141 120.989 -219.851 25.7042 123.789 -220.582 20.9141 120.989 -219.851 28.0931 165.269 -90.6362 33.6988 155.934 -102.505 26.5034 160.476 -112.074 19.7774 171.801 -92.2893 32.5155 154.168 -111.227 18.7757 167.481 -113.022 20.4514 174.319 -77.3994 8.66198 177.834 -92.9993 29.4939 168.012 -77.3872 25.0046 156.908 -127.67 8.44428 173.348 -113.572 8.94971 180.127 -77.7577 20.6938 176.523 -65.4913 0.000002 180.894 -93.45 0.000001 182.935 -77.9837 9.14472 181.648 -65.498 0.000002 176.278 -114.061 0.000001 184.129 -65.4993 -8.44428 173.348 -113.572 -8.66198 177.834 -92.9993 -8.9497 180.127 -77.7577 -18.7757 167.481 -113.022 -19.7774 171.801 -92.2893 -9.14471 181.648 -65.498 -26.5034 160.476 -112.074 -20.4514 174.319 -77.3994 -28.0931 165.269 -90.6362 -25.0046 156.908 -127.67 -20.6938 176.523 -65.4913 -33.6988 155.934 -102.505 -17.5779 163.125 -128.295 -32.5155 154.168 -111.227 -29.4939 168.012 -77.3872 -22.8825 151.768 -149.767 -30.2719 151.086 -127.295 -30.545 169.93 -65.4917 -16.3698 157.537 -150.811 -27.1739 146.838 -148.851 -20.9307 146.271 -169.456 -8.12311 169 -129.586 -24.6272 142.929 -168.661 -7.70812 163.122 -152.076 -15.0739 151.178 -170.723 -22.3204 137.933 -190.533 0.000002 171.685 -130.297 -18.6344 139.865 -191.106 0.000003 165.766 -152.791 -7.49848 155.884 -172.478 -13.2815 143.759 -192.062 7.70813 163.122 -152.076 -7.63268 147.334 -192.972 0.000003 158.487 -173.484 8.12311 169 -129.586 0.000004 149.823 -193.422 7.49849 155.884 -172.478 16.3698 157.537 -150.811 7.63269 147.334 -192.972 15.0739 151.178 -170.723 17.5779 163.125 -128.295 13.2815 143.759 -192.062 20.9307 146.271 -169.456 22.8825 151.768 -149.767 18.6344 139.865 -191.106 27.1739 146.838 -148.851 22.3204 137.933 -190.533 24.6272 142.929 -168.661 30.2719 151.086 -127.295 22.3204 137.933 -190.533 27.0336 143.097 -168.693 23.9435 137.892 -192.68 24.6272 142.929 -168.661 27.1739 146.838 -148.851 29.6981 147 -148.969 30.2719 151.086 -127.295 32.7264 151.139 -127.302 32.5155 154.168 -111.227 34.9933 154.14 -111.222 33.6988 155.934 -102.505 36.2001 156.001 -102.622 31.9206 121.892 -203.17 30.3603 111.424 -199.19 25.1395 119.09 -202.983 35.0316 113.526 -199.19 35.0316 113.526 -199.19 38.0111 112.532 -166.373 30.3603 111.424 -199.19 41.676 114.846 -166.373 32.666 121.03 -162.65 25.1395 119.09 -202.983 38.0111 112.532 -166.373 30.3603 111.424 -199.19 33.6988 155.934 -102.505 30.4052 165.653 -90.1097 36.2001 156.001 -102.622 28.0931 165.269 -90.6362 -47.201 131.611 -110.158 -44.458 129.751 -126.923 -41.1697 127.16 -109.833 -49.8965 133.916 -91.7384 -39.4127 125.449 -126.563 -47.271 129.978 -90.3119 -41.2092 127.394 -147.348 -35.54 123.377 -146.966 -38.7938 125.629 -162.866 -32.666 121.03 -162.65 41.1697 127.16 -109.833 49.8965 133.916 -91.7384 47.271 129.978 -90.3119 47.201 131.611 -110.158 44.458 129.751 -126.923 39.4127 125.449 -126.563 41.2092 127.394 -147.348 35.54 123.377 -146.966 38.7938 125.629 -162.866 32.666 121.03 -162.65 -32.5155 154.168 -111.227 -32.7264 151.139 -127.302 -34.9933 154.14 -111.222 -30.2719 151.086 -127.295 -33.6988 155.934 -102.505 -29.6981 147 -148.969 -36.2001 156.001 -102.622 -27.1739 146.838 -148.851 -27.0336 143.097 -168.693 -24.6272 142.929 -168.661 -22.3204 137.933 -190.533 -23.9435 137.892 -192.68 8.44428 173.348 -113.572 17.2001 166.298 -114.31 8.0846 171.124 -114.685 18.7757 167.481 -113.022 0.000002 173.685 -114.933 0.000002 176.278 -114.061 -8.44428 173.348 -113.572 -8.08459 171.124 -114.685 -17.2001 166.298 -114.31 -18.7757 167.481 -113.022 -22.3204 137.933 -190.533 -20.0213 141.066 -193.544 -23.9435 137.892 -192.68 -18.6344 139.865 -191.106 -14.531 144.652 -194.508 -13.2815 143.759 -192.062 -7.211 148.829 -195.561 -7.63268 147.334 -192.972 0.000004 149.823 -193.422 0.000004 151.002 -196.013 7.21101 148.829 -195.561 7.63269 147.334 -192.972 13.2815 143.759 -192.062 14.531 144.652 -194.508 18.6344 139.865 -191.106 20.0213 141.066 -193.544 22.3204 137.933 -190.533 23.9435 137.892 -192.68 0.000000 187.916 -34.5061 9.85522 187.106 -37.7241 0.000001 190.081 -37.7203 9.92023 185.186 -34.5419 -9.85522 187.106 -37.7241 21.6907 179.366 -34.6655 22.6552 181.503 -37.7062 -9.92023 185.186 -34.5419 32.001 172.44 -34.4867 34.7898 173.549 -37.7062 -21.6907 179.366 -34.6655 39.5645 165.462 -34.4867 -22.6552 181.503 -37.7062 43.0596 167.025 -37.5918 -32.001 172.44 -34.4867 -34.7898 173.549 -37.7062 50.8281 160.879 -37.0985 -39.5645 165.462 -34.4867 -43.0596 167.025 -37.5918 47.1645 153.321 -34.4867 -50.8281 160.879 -37.0985 -47.1645 153.321 -34.4867 33.0585 171.004 -62.591 32.0433 168.823 -77.6626 30.545 169.93 -65.4917 29.4939 168.012 -77.3872 30.4052 165.653 -90.1097 28.0931 165.269 -90.6362 0.000002 169.696 -128.864 -8.12311 169 -129.586 -7.81127 167.229 -128.328 0.000002 171.685 -130.297 8.12311 169 -129.586 -16.1897 162.681 -127.094 -17.5779 163.125 -128.295 7.81128 167.229 -128.328 16.1897 162.681 -127.094 17.5779 163.125 -128.295 32.666 121.03 -162.65 41.676 114.846 -166.373 38.7938 125.629 -162.866 38.0111 112.532 -166.373 -21.6242 178.878 -62.591 -30.545 169.93 -65.4917 -33.0585 171.004 -62.591 -20.6938 176.523 -65.4913 -9.53411 184.397 -62.5985 -9.14471 181.648 -65.498 0.000001 184.129 -65.4993 0.000001 187.114 -62.601 9.53411 184.397 -62.5985 9.14472 181.648 -65.498 20.6938 176.523 -65.4913 21.6242 178.878 -62.591 30.545 169.93 -65.4917 33.0585 171.004 -62.591 -30.4052 165.653 -90.1097 -32.0433 168.823 -77.6626 -29.4939 168.012 -77.3872 -28.0931 165.269 -90.6362 -30.545 169.93 -65.4917 -33.0585 171.004 -62.591 -25.1395 119.09 -202.983 -32.666 121.03 -162.65 -38.0111 112.532 -166.373 -30.3603 111.424 -199.19 17.2984 124.644 -208.989 17.5183 124.996 -220.797 20.9141 120.989 -219.851 25.1395 119.09 -202.983 -14.126 126.738 -200.019 -6.89941 129.072 -198.32 -21.9704 122.192 -201.882 -20.9141 120.989 -219.851 -25.1395 119.09 -202.983 -17.5183 124.996 -220.797 -30.4052 165.653 -90.1097 -33.6988 155.934 -102.505 -36.2001 156.001 -102.622 -28.0931 165.269 -90.6362 -35.0316 113.526 -199.19 -38.0111 112.532 -166.373 -41.676 114.846 -166.373 -30.3603 111.424 -199.19 -30.3603 111.424 -199.19 -31.9206 121.892 -203.17 -25.1395 119.09 -202.983 -35.0316 113.526 -199.19 -25.7042 123.789 -220.582 -25.1395 119.09 -202.983 -31.9206 121.892 -203.17 -20.9141 120.989 -219.851 25.7042 123.789 -220.582 25.1395 119.09 -202.983 20.9141 120.989 -219.851 31.9206 121.892 -203.17 -17.5779 163.125 -128.295 -17.2001 166.298 -114.31 -16.1897 162.681 -127.094 -18.7757 167.481 -113.022 31.7622 163.546 32.1438 -41.676 114.846 -166.373 -32.666 121.03 -162.65 -38.7938 125.629 -162.866 -38.0111 112.532 -166.373 17.2001 166.298 -114.31 17.5779 163.125 -128.295 16.1897 162.681 -127.094 18.7757 167.481 -113.022 30.545 169.93 -65.4917 -47.1645 153.321 -34.4867 -47.4778 153.545 6.20257 -39.5645 165.462 -34.4867 -39.8034 166.911 5.97038 -32.7596 173.352 5.97038 -32.001 172.44 -34.4867 -22.7059 179.776 5.97038 -21.6907 179.366 -34.6655 -10.0492 185.406 5.97038 -9.92023 185.186 -34.542 0.000000 187.916 -34.5061 0.000000 187.966 5.97038 10.0492 185.406 5.97038 9.92023 185.186 -34.542 21.6907 179.366 -34.6655 22.7059 179.776 5.97039 32.001 172.44 -34.4867 32.7596 173.352 5.97039 39.5645 165.462 -34.4867 39.8034 166.911 5.97039 47.4778 153.545 6.20257 47.1645 153.321 -34.4867 -10.0492 185.406 5.97038 0.000000 186.166 8.61717 0.000000 187.966 5.97038 -10.0856 183.181 8.61717 10.0492 185.406 5.97038 10.0856 183.181 8.61717 -22.0223 177.458 8.61717 22.0223 177.458 8.61717 -22.7059 179.776 5.97038 22.7059 179.776 5.97039 32.7596 173.352 5.97039 -32.7596 173.352 5.97038 31.9313 170.862 8.61717 -31.9313 170.862 8.61717 -39.8034 166.911 5.97038 39.8034 166.911 5.97039 -38.5087 165.081 8.61717 38.5087 165.081 8.61717 47.4778 153.545 6.20257 -47.4778 153.545 6.20257 45.8706 151.094 8.84929 -45.8706 151.094 8.84929 -71.6836 42.7929 -114.345 -81.0731 32.2062 -109.959 -81.0731 42.7929 -114.345 -71.6836 32.2062 -109.959 -97.8331 42.7929 -114.345 -110.549 32.2062 -109.959 -54.9235 42.7929 -114.345 -71.6834 98.5115 -131.861 -47.0364 32.2062 -109.959 -110.549 98.5617 -131.906 -81.0728 98.5237 -131.872 -47.0363 98.4797 -131.832 -97.8328 98.5453 -131.891 -54.9234 98.4899 -131.842 -107.902 183.748 155.979 -116.46 165.594 155.979 -102.995 178.842 155.979 -121.219 170.353 155.979 -102.995 178.842 155.979 -102.995 178.842 1.63036 -107.902 183.748 1.63036 -107.902 183.748 155.979 -116.46 165.594 1.63036 -134.114 147.507 12.439 -139.038 152.43 12.439 -121.219 170.353 1.63036 -116.46 165.594 155.979 -139.038 152.43 134.078 -134.114 147.507 134.078 -121.219 170.353 155.979 -134.114 147.507 12.439 -134.114 147.507 134.078 -139.038 152.43 134.078 -139.038 152.43 12.439 -116.46 165.594 155.979 -116.46 165.594 1.63036 -102.995 178.842 155.979 -134.114 147.507 134.078 -102.995 178.842 1.63036 -134.114 147.507 12.439 -81.7682 32.1971 23.7207 -110.549 32.2017 -48.0546 -81.4206 32.2017 -48.0546 -110.549 32.1971 23.7207 -71.6836 32.1971 23.7207 -110.549 32.2062 -109.959 -110.549 32.1971 71.7428 -71.6836 32.2017 -48.0546 -81.0731 32.2062 -109.959 -81.7682 32.1971 71.7428 -47.0364 32.1971 23.7207 -71.6836 32.2062 -109.959 -47.0364 32.2017 -48.0546 -47.0364 32.2062 -109.959 -71.6836 160.851 97.3277 -41.4348 95.4013 102.056 -39.6712 160.851 97.3277 -71.6836 95.4013 102.056 -81.0965 95.4223 102.384 -80.8824 160.878 97.7608 -54.9237 152.625 -71.5677 -71.6838 152.647 -71.587 -71.6836 160.94 -62.3534 -47.0365 160.908 -62.3249 -47.0363 98.4797 -131.832 -81.073 160.952 -62.3643 -81.0734 152.555 -71.7137 -54.9234 98.4899 -131.842 -71.6834 98.5115 -131.861 -97.8332 152.679 -71.6191 -81.0728 98.5237 -131.872 -110.549 160.99 -62.3985 -110.549 98.5617 -131.906 -97.8328 98.5453 -131.891 -121.219 170.353 1.63036 -139.038 152.43 134.078 -121.219 170.353 155.979 -139.038 152.43 12.439 -107.902 183.748 155.979 -107.902 183.748 1.63036 -57.4258 98.3363 -98.0608 -69.1814 146.188 -39.1367 -57.4258 146.188 -39.1367 -69.1814 98.3363 -98.0608 -69.1814 98.3363 -98.0608 -71.6836 42.7929 -114.345 -71.6834 98.5115 -131.861 -69.1814 51.3161 -84.9901 -71.6838 152.647 -71.587 -69.1814 146.188 -39.1367 -69.1814 146.188 -39.1367 -54.9237 152.625 -71.5677 -57.4258 146.188 -39.1367 -71.6838 152.647 -71.587 -57.4258 98.3363 -98.0608 -57.4258 146.188 -39.1367 -54.9237 152.625 -71.5677 -54.9234 98.4899 -131.842 -54.9235 42.7929 -114.345 -57.4258 51.3161 -84.9901 -71.6836 42.7929 -114.345 -57.4258 51.3161 -84.9901 -54.9235 42.7929 -114.345 -69.1814 51.3161 -84.9901 -83.5752 98.3363 -98.0608 -83.5752 146.188 -39.1367 -81.0734 152.555 -71.7137 -81.0728 98.5237 -131.872 -81.0731 42.7929 -114.345 -83.5752 51.3161 -84.9901 -97.8331 42.7929 -114.345 -95.3309 51.3161 -84.9901 -81.0731 42.7929 -114.345 -83.5752 51.3161 -84.9901 -95.3309 98.3363 -98.0608 -97.8331 42.7929 -114.345 -97.8328 98.5453 -131.891 -95.3309 51.3161 -84.9901 -97.8332 152.679 -71.6191 -95.3309 146.188 -39.1367 -95.3309 146.188 -39.1367 -97.8332 152.679 -71.6191 -83.5752 146.188 -39.1367 -81.0734 152.555 -71.7137 -116.46 165.594 1.63036 -107.902 183.748 1.63036 -102.995 178.842 1.63036 -121.219 170.353 1.63036 -95.3309 98.3363 -98.0608 -83.5752 51.3161 -84.9901 -95.3309 51.3161 -84.9901 -83.5752 98.3363 -98.0608 -116.717 36.9017 -47.9358 -116.717 36.906 -104.855 -110.549 32.2017 -48.0546 -116.717 36.8975 23.4657 -110.549 32.2062 -109.959 -110.549 32.1971 23.7207 -116.717 36.8975 68.553 -110.549 32.1971 71.7428 -116.717 36.906 -104.855 -116.717 98.3821 -124.354 -110.549 98.5617 -131.906 -110.549 32.2062 -109.959 -116.717 156.154 103.745 -116.717 99.1959 109.527 -116.717 156.154 138.805 -116.717 116.251 86.0657 -116.717 131.798 74.0396 -116.717 148.027 147.356 -116.717 57.9716 42.2915 -116.717 99.7764 147.107 -116.717 156.192 -37.0393 -116.717 36.8975 68.553 -116.717 131.826 -36.863 -116.717 131.853 -50.5026 -116.717 36.8975 23.4657 -116.717 156.231 -58.8257 -116.717 98.2887 -91.1316 -116.717 57.9745 -46.9136 -116.717 98.3821 -124.354 -116.717 36.9017 -47.9358 -116.717 57.9775 -81.9723 -116.717 36.906 -104.855 -110.549 96.4814 150.414 -110.549 152.724 150.667 -116.717 148.027 147.356 -116.717 99.7764 147.107 -114.482 62.0128 -77.7805 -116.717 57.9745 -46.9136 -114.482 62.0101 -46.8778 -116.717 57.9775 -81.9723 -114.482 62.0074 39.562 -116.717 57.9716 42.2915 -114.482 116.279 79.5961 -114.482 62.0074 39.562 -116.717 57.9716 42.2915 -116.717 116.251 86.0657 -114.482 127.79 -36.8952 -114.482 127.765 69.7047 -116.717 131.826 -36.863 -114.482 127.816 -47.4797 -116.717 131.798 74.0396 -116.717 131.853 -50.5026 -114.482 62.0128 -77.7805 -114.482 98.273 -84.6812 -116.717 98.2887 -91.1316 -114.482 62.0101 -46.8778 -116.717 57.9775 -81.9723 -114.482 107.276 -37.5669 -114.482 127.816 -47.4797 -114.482 62.0074 39.562 -114.482 127.79 -36.8952 -114.482 116.279 79.5961 -114.482 127.765 69.7047 -40.033 168.097 97.056 -40.033 168.097 -37.2052 -43.1426 170.249 -37.2052 -43.1426 170.164 97.056 -56.0956 160.567 -37.2052 -43.1426 170.249 -37.2052 -40.033 168.097 -37.2052 -66.2844 160.357 -37.2052 -110.033 102.952 46.3576 -109.688 103.038 -97.6982 -160.408 110.193 -68.9922 -160.205 110.108 68.9168 -189.341 108.279 -50.9508 -189.341 108.194 78.7991 -206.116 101.26 -41.6142 -206.116 101.175 75.9322 -215.645 94.5822 70.9676 -215.479 94.7695 -37.6855 -221.219 87.8572 66.5388 -221.477 87.3339 -36.8113 -224.301 79.1976 60.0025 -223.942 79.0574 -37.8352 -225.784 67.2659 48.101 -225.007 67.7496 -40.032 -224.079 56.2584 36.1515 -222.446 56.3438 -43.0262 -210.79 38.8658 17.8818 -210.79 38.887 -47.2394 -109.688 103.038 -97.6982 -153.253 87.2226 -96.8653 -160.408 110.193 -68.9922 -113.757 84.5781 -119.794 -175.945 81.3646 -85.2001 -189.341 108.279 -50.9508 -189.941 75.1337 -77.5216 -206.116 101.26 -41.6142 -198.414 71.1351 -71.5949 -215.479 94.7695 -37.6855 -221.477 87.3339 -36.8113 -206.684 66.0634 -67.0549 -223.942 79.0574 -37.8352 -211.91 61.5797 -63.1794 -225.007 67.7496 -40.032 -213.974 52.6232 -60.7938 -222.446 56.3438 -43.0262 -213.224 46.1016 -60.4349 -210.79 38.887 -47.2394 -201.197 34.7711 -65.4535 -214.535 72.9986 -96.6668 -197.178 73.5053 -68.0812 -193.152 81.4802 -107.406 -213.723 60.1439 -59.1954 -209.422 81.6116 -137.708 -177.165 81.7096 -81.2243 -232.115 59.8862 -87.8556 -229.689 72.1775 -129.595 -167.94 87.5834 -121.323 -237.224 30.1863 -85.2985 -223.714 79.275 -175.403 -152.952 88.1401 -95.283 -181.533 87.0266 -147.842 -248.497 58.6683 -123.069 -195.336 85.2573 -181.739 -113.62 86.2737 -117.991 -256.117 29.0432 -120.541 -244.628 71.7292 -170.638 -181.533 87.0266 -147.842 -248.497 58.6683 -123.069 -201.076 84.2033 -214.973 -257.762 21.618 -119.904 -260.865 57.7819 -166.99 -249.298 70.8216 -213.067 -237.527 21.4464 -85.4785 -272.189 28.896 -164.537 -227.842 78.0627 -214.047 -267.379 56.6252 -211.837 -256.117 29.0432 -120.541 -279.551 28.3508 -211.203 -273.709 20.7786 -164.907 -280.02 20.8742 -211.468 -257.762 21.618 -119.904 -147.471 86.2737 -217.71 -144.292 86.2737 -193.412 -134.655 86.2737 -165.267 -249.242 69.9139 -248.842 -221.974 75.466 -284.409 -243.784 66.538 -289.85 -228.006 76.8503 -247.236 -210.501 74.43 -319.537 -200.293 83.1493 -245.667 -185.57 81.9011 -305.446 -195.024 81.9011 -277.292 -170.609 81.9011 -329.593 -267.279 55.4686 -250.14 -146.435 86.2737 -241.942 -192.773 73.5923 -348.707 -201.076 84.2033 -214.973 -142.076 86.2737 -262.369 -228.421 64.7699 -329.855 -147.471 86.2737 -217.71 -206.955 63.3012 -361.14 -260.733 52.7388 -293.692 -185.507 62.1589 -381.776 -244.653 48.553 -339.159 -200.211 43.8471 -397.101 -272.726 25.2752 -296.34 -222.299 45.2388 -374.626 -183.019 43.391 -409.468 -254.666 23.7715 -344.453 -229.649 21.8339 -380.87 -170.932 61.5777 -392.755 -273.292 19.0756 -296.582 -222.299 45.2388 -374.626 -173.3 72.4542 -368.378 -254.416 17.2491 -344.328 -229.649 21.8339 -380.87 -229.733 15.8774 -380.885 -134.57 81.8925 -363.127 -109.304 56.0882 -314.428 -134.49 55.1403 -362.572 -109.102 86.2797 -314.525 -146.245 72.1837 -385.306 -109.408 39.7135 -314.379 -146.363 53.6135 -385.25 -134.533 39.6992 -362.421 -155.196 60.9966 -402.252 -134.609 21.4531 -362.29 -164.977 42.9349 -420.681 -146.484 28.1137 -385.248 -109.522 21.4674 -314.322 -170.914 21.4076 -431.708 -126.282 9.33221 -346.186 -146.393 21.4567 -384.823 -111.41 9.51537 -317.752 -171.36 15.0202 -432.464 -166.116 8.84142 -422.343 -153.176 9.00079 -397.605 -162.54 79.2879 -243.013 -163.06 56.1294 -219.381 -162.542 55.8413 -243.013 -163.06 79.2879 -219.381 -157.361 56.1294 -266.893 -163.06 30.8515 -219.381 -157.361 30.8515 -266.893 -157.444 79.2879 -266.936 -162.542 30.8515 -243.013 -150.681 30.8515 -280.625 -150.712 56.1252 -280.646 -145.085 56.1211 -290.04 -150.724 79.2873 -280.719 -145.041 30.8515 -290.077 -144.967 79.2867 -290.048 -134.655 56.0808 -165.267 -126.371 39.7055 -145.482 -134.655 39.7055 -165.268 -126.371 56.0808 -145.482 -144.292 56.0808 -193.412 -134.655 21.4586 -165.267 -109.762 56.0808 -108.016 -144.292 86.2737 -193.412 -144.292 21.4586 -193.412 -126.371 21.4586 -145.482 -134.655 86.2737 -165.267 -144.292 39.7055 -193.412 -111.244 39.7055 -106.55 -147.475 81.8613 -217.722 -125.679 86.2737 -143.974 -147.501 56.0808 -217.669 -113.62 86.2737 -117.991 -147.475 30.8029 -217.748 -147.468 21.4586 -217.484 -146.435 21.4586 -241.942 -146.435 30.8029 -241.942 -142.076 21.4586 -262.369 -142.076 30.8029 -262.369 -137.031 21.4586 -275.718 -137.031 30.8029 -275.718 -131.178 21.4586 -286.806 -131.178 30.8029 -286.806 -128.551 21.4586 -291.282 -128.551 39.7055 -291.282 -131.222 56.075 -286.837 -119.257 21.4607 -303.957 -128.551 56.0808 -291.282 -119.256 39.7074 -303.958 -109.522 21.4674 -314.322 -131.199 81.8605 -286.795 -109.408 39.7135 -314.379 -119.254 56.0826 -303.959 -128.535 86.2737 -291.28 -109.304 56.0882 -314.428 -137.042 86.2737 -275.727 -119.25 86.275 -303.959 -137.117 81.8609 -275.7 -142.135 81.8613 -262.399 -109.102 86.2797 -314.525 -142.076 86.2737 -262.369 -146.435 81.8613 -241.942 -146.435 86.2737 -241.942 -147.471 86.2737 -217.71 -157.361 30.8515 -266.893 -146.435 30.8029 -241.942 -142.076 30.8029 -262.369 -162.542 30.8515 -243.013 -150.681 30.8515 -280.625 -163.06 30.8515 -219.381 -137.031 30.8029 -275.718 -147.475 30.8029 -217.748 -145.041 30.8515 -290.077 -131.178 30.8029 -286.806 -155.844 81.8987 -348.19 -145.952 81.8956 -356.584 -160.506 72.3189 -377.599 -119.25 86.275 -303.959 -170.609 81.9011 -329.593 -146.245 72.1837 -385.306 -128.535 86.2737 -291.28 -134.57 81.8925 -363.127 -109.102 86.2797 -314.525 -155.196 60.9966 -402.252 -164.977 42.9349 -420.681 -170.914 21.4076 -431.708 -190.458 21.3262 -419.534 -171.36 15.0202 -432.464 -208.58 21.2447 -405.063 -190.717 15.451 -419.997 -208.653 15.8819 -405.233 -229.733 15.8774 -380.885 -254.416 17.2491 -344.328 -260.911 8.83502 -293.704 -273.292 19.0756 -296.582 -244.232 8.83502 -339.597 -229.733 15.8774 -380.885 -268.061 8.83502 -250.568 -221.718 8.83502 -373.967 -280.486 20.9698 -250.967 -200.272 8.83508 -397.108 -208.653 15.8819 -405.233 -280.02 20.8742 -211.468 -190.717 15.451 -419.997 -267.183 8.83502 -212 -273.709 20.7786 -164.907 -183.619 8.83831 -410.302 -259.267 8.83502 -167.342 -166.116 8.84142 -422.343 -171.36 15.0202 -432.464 -257.762 21.618 -119.904 -246.564 8.83501 -123.974 -237.527 21.4464 -85.4785 -228.235 8.83501 -90.5388 -216.262 21.2948 -55.8599 -206.575 8.83501 -61.1961 -92.3729 154.458 96.9297 -107.077 154.427 127.003 -92.0949 102.79 99.6648 -109.171 149.826 131.58 -107.896 102.621 131.99 -110.549 152.724 150.667 -110.549 96.4814 150.414 -103.28 152.729 150.75 -101.762 96.5341 151.239 -110.549 96.4814 150.414 -110.549 96.5025 113.712 -101.762 96.5341 151.239 -83.0924 96.4611 113.064 -110.549 160.851 142.871 -110.549 152.724 150.667 -103.28 152.729 150.75 -99.5888 160.839 142.684 -71.6836 95.4013 102.056 -47.0364 32.1971 23.7207 -41.4348 95.4013 102.056 -71.6836 32.1971 23.7207 -81.7682 32.1971 23.7207 -81.0965 95.4223 102.384 -83.0924 96.4611 113.064 -81.7682 32.1971 71.7428 -81.0965 95.4223 102.384 -81.7682 32.1971 23.7207 -195.024 81.9011 -277.292 -137.042 86.2737 -275.727 -128.535 86.2737 -291.28 -142.076 86.2737 -262.369 -145.041 30.8515 -290.077 -131.222 56.075 -286.837 -145.085 56.1211 -290.04 -131.178 30.8029 -286.806 -144.967 79.2867 -290.048 -131.199 81.8605 -286.795 -279.661 27.3816 -251.215 -279.551 28.3508 -211.203 -260.733 52.7388 -293.692 -267.379 56.6252 -211.837 -272.726 25.2752 -296.34 -280.02 20.8742 -211.468 -280.486 20.9698 -250.967 -273.292 19.0756 -296.582 -134.655 86.2737 -165.267 -125.679 86.2737 -143.974 -99.5888 160.839 142.684 -110.549 160.851 104.826 -110.549 160.851 142.871 -80.8824 160.878 97.7608 -110.549 160.899 -37.1003 -81.4206 160.899 -37.0995 -71.6836 160.851 97.3277 -110.549 160.99 -62.3985 -71.6836 160.899 -37.0992 -81.073 160.952 -62.3643 -45.8575 160.899 -36.8347 -71.6836 160.94 -62.3534 -39.6712 160.851 97.3277 -47.0365 160.908 -62.3249 -111.193 20.2807 -105.991 -134.655 21.4586 -165.267 -150.33 9.5075 -192.309 -144.292 21.4586 -193.412 -141.112 9.5075 -162.81 -126.371 21.4586 -145.482 -153.332 9.5075 -217.562 -132.729 9.5075 -143.019 -147.468 21.4586 -217.484 -111.193 20.2807 -105.991 -114.781 9.50749 -104.937 -146.435 21.4586 -241.942 -151.864 9.5075 -242.26 -142.076 21.4586 -262.369 -146.842 9.5075 -263.776 -137.031 21.4586 -275.718 -141.33 9.45788 -277.375 -131.178 21.4586 -286.806 -135.481 9.40832 -289.124 -128.551 21.4586 -291.282 -129.501 9.5075 -298.277 -119.257 21.4607 -303.957 -121.668 9.50982 -308.494 -111.41 9.51537 -317.752 -109.522 21.4674 -314.322 -247.8 8.30342 -405.032 -245.146 20.7518 -391.745 -243.524 8.13819 -402.14 -249.442 21.5761 -394.508 -246.093 33.8341 -383.066 -241.852 32.9834 -380.223 -236.546 45.7733 -369.698 -232.27 45.2503 -366.806 -284.745 8.33302 -316.57 -267.299 8.54712 -364.267 -266.56 21.9937 -357.32 -283.155 21.4202 -310.197 -289.817 8.1515 -285.222 -245.146 20.7518 -391.745 -260.538 35.2631 -348.645 -289.264 20.8042 -277.874 -243.524 8.13819 -402.14 -276.334 34.7777 -302.112 -241.852 32.9834 -380.223 -283.601 34.0378 -268.706 -232.27 45.2503 -366.806 -263.353 46.6499 -292.822 -248.68 46.5516 -338.953 -271.768 46.2348 -258.329 -257.554 20.38 -131.569 -270.397 23.4069 -118.307 -270.397 20.38 -131.569 -253.079 23.4069 -118.307 -261.431 23.4069 -144.83 -270.397 31.8881 -107.672 -270.397 23.4069 -144.83 -245.745 31.8881 -107.672 -262.943 31.8881 -155.465 -270.397 44.1437 -101.77 -270.397 31.8881 -155.465 -239.579 44.1437 -101.77 -270.397 57.7465 -101.77 -230.475 57.7465 -101.77 -270.397 70.0022 -107.672 -222.459 70.0022 -107.672 -270.397 78.4833 -118.307 -204.219 78.4833 -118.307 -270.397 81.5102 -131.569 -200.887 81.5102 -131.569 -213.425 78.4833 -144.83 -270.397 78.4833 -144.83 -238.855 70.0022 -155.465 -270.397 70.0022 -155.465 -256.897 57.7465 -161.367 -270.397 57.7465 -161.367 -261.645 44.1437 -161.367 -270.397 44.1437 -161.367 -262.943 31.8881 -155.465 -270.397 31.8881 -155.465 -275.918 26.4151 -143.382 -270.397 20.38 -131.569 -275.918 23.7188 -131.569 -270.397 23.4069 -144.83 -275.918 33.9698 -152.855 -270.397 31.8881 -155.465 -270.397 44.1437 -161.367 -275.918 44.8867 -158.112 -270.397 57.7465 -161.367 -275.918 57.0035 -158.112 -275.918 67.9204 -152.855 -270.397 70.0022 -155.465 -270.397 78.4833 -144.83 -275.918 75.4752 -143.382 -270.397 81.5102 -131.569 -275.918 78.1714 -131.569 -275.918 75.4752 -119.756 -270.397 78.4833 -118.307 -275.918 67.9204 -110.282 -270.397 70.0022 -107.672 -270.397 57.7465 -101.77 -275.918 57.0035 -105.025 -275.918 44.8867 -105.025 -270.397 44.1437 -101.77 -275.918 33.9698 -110.282 -270.397 31.8881 -107.672 -270.397 23.4069 -118.307 -275.918 26.4151 -119.756 -270.397 20.38 -131.569 -275.918 23.7188 -131.569 -216.262 21.2948 -55.8599 -216.137 30.0428 -55.8741 -287.404 22.2956 -312.978 -270.824 22.8671 -360.098 -289.021 8.49825 -319.462 -264.765 36.1088 -351.498 -294.093 8.31672 -288.114 -271.574 8.71228 -367.159 -246.093 33.8341 -383.066 -249.442 21.5761 -394.508 -280.561 35.6265 -304.968 -236.546 45.7733 -369.698 -247.8 8.30342 -405.032 -293.531 21.665 -280.642 -252.956 47.0747 -341.845 -287.83 34.8891 -271.557 -267.629 47.1729 -295.713 -276.044 46.7578 -261.221 -197.721 37.8958 26.4572 -210.79 38.887 -47.2394 -201.197 34.7711 -65.4535 -210.79 38.8658 17.8818 -110.94 71.5967 42.9477 -159.994 78.7523 63.037 -160.619 68.4618 57.2461 -110.033 102.952 46.3576 -110.422 61.3062 38.6709 -160.205 110.108 68.9168 -160.548 57.7695 50.1661 -182.789 68.9819 62.3084 -187.587 79.2639 69.7173 -110.06 52.0959 32.692 -178.684 57.0481 53.9151 -189.341 108.194 78.7991 -198.477 67.4177 59.2114 -110.086 37.8958 22.8463 -206.116 101.175 75.9322 -202.369 79.6741 68.5885 -195.821 56.2584 50.8859 -215.645 94.5822 70.9676 -207.003 56.2584 45.1837 -211.634 67.3741 55.4636 -186.545 37.8958 33.0905 -225.784 67.2659 48.101 -213.492 79.4203 64.7617 -176.238 37.8958 37.3965 -224.079 56.2584 36.1515 -163.789 37.8958 37.4721 -197.721 37.8958 26.4572 -224.301 79.1976 60.0025 -210.79 38.8658 17.8818 -221.219 87.8572 66.5388 -176.238 37.8958 37.3965 -188.185 34.7711 -73.4833 -176.823 34.7711 -78.9277 -186.545 37.8958 33.0905 -163.789 37.8958 37.4721 -176.823 34.7711 -78.9277 -163.225 34.7711 -84.4111 -176.238 37.8958 37.3965 -110.086 37.8958 22.8463 -163.225 34.7711 -84.4111 -109.321 34.7711 -109.537 -163.789 37.8958 37.4721 -111.193 20.2807 -105.991 -216.262 21.2948 -55.8599 -206.575 8.83501 -61.1961 -114.781 9.50749 -104.937 -216.137 30.0428 -55.8741 -111.193 20.2807 -105.991 -111.244 39.7055 -106.55 -216.262 21.2948 -55.8599 -216.137 30.0428 -55.8741 -111.244 39.7055 -106.55 -213.723 60.1439 -59.1954 -109.762 56.0808 -108.016 -57.8569 160.725 97.056 -40.033 168.097 97.056 -43.1426 170.164 97.056 -66.2844 160.271 97.056 -205.22 -4.11872 -361.092 -153.542 -3.76612 -299.491 -225.451 -4.11853 -330.208 -160.29 -3.71241 -285.935 -146.466 -3.67591 -310.32 -205.22 -4.11872 -361.092 -186.05 -4.1109 -381.777 -153.542 -3.76612 -299.491 -136.887 -3.67353 -322.815 -171.19 -4.1059 -393.551 -129.819 -3.66468 -328.009 -186.05 -4.1109 -381.777 -146.466 -3.67591 -310.32 -166.001 -4.11341 -397.186 -238.926 -4.10279 -172.097 -246.365 -4.10431 -214.063 -174.191 -3.67951 -216.942 -170.742 -3.6814 -187.935 -227.18 -4.10059 -131.995 -247.162 -4.1062 -249.086 -160.646 -3.68171 -155.623 -172.508 -3.67719 -245.262 -210.613 -4.09779 -101.774 -240.646 -4.11023 -288.397 -151.705 -3.68531 -134.513 -166.714 -3.6734 -270.088 -199.987 -4.10701 -87.3803 -142.419 -3.6764 -114.812 -160.29 -3.71241 -285.935 -225.451 -4.11853 -330.208 -230.5 8.94091 -130.637 -213.634 8.94317 -99.8711 -228.235 8.83501 -90.5388 -246.564 8.83501 -123.974 -230.5 8.94091 -130.637 -259.267 8.83502 -167.342 -242.408 8.93902 -171.293 -246.564 8.83501 -123.974 -249.928 8.9378 -213.716 -242.408 8.93902 -171.293 -259.267 8.83502 -167.342 -267.183 8.83502 -212 -250.738 8.93622 -249.34 -249.928 8.9378 -213.716 -267.183 8.83502 -212 -268.061 8.83502 -250.568 -260.911 8.83502 -293.704 -250.738 8.93622 -249.34 -268.061 8.83502 -250.568 -244.115 8.93292 -289.3 -260.911 8.83502 -293.704 -244.232 8.83502 -339.597 -228.668 8.92621 -331.803 -244.115 8.93292 -289.3 -221.718 8.83502 -373.967 -228.668 8.92621 -331.803 -244.232 8.83502 -339.597 -208.05 8.9259 -363.279 -200.272 8.83508 -397.108 -208.05 8.9259 -363.279 -221.718 8.83502 -373.967 -188.494 8.93219 -384.381 -183.619 8.83831 -410.302 -188.494 8.93219 -384.381 -200.272 8.83508 -397.108 -173.339 8.93701 -396.388 -164.771 8.92999 -402.39 -183.619 8.83831 -410.302 -166.116 8.84142 -422.343 -173.339 8.93701 -396.388 -166.116 8.84142 -422.343 -153.176 9.00079 -397.605 -164.771 8.92999 -402.39 -125.319 9.41851 -326.962 -121.668 9.50982 -308.494 -134.427 9.41009 -320.27 -111.41 9.51537 -317.752 -143.618 9.40777 -308.28 -134.427 9.41009 -320.27 -121.668 9.50982 -308.494 -129.501 9.5075 -298.277 -143.618 9.40777 -308.28 -135.481 9.40832 -289.124 -150.509 9.31579 -297.735 -129.501 9.5075 -298.277 -157.104 9.36871 -284.486 -150.509 9.31579 -297.735 -135.481 9.40832 -289.124 -141.33 9.45788 -277.375 -157.104 9.36871 -284.486 -146.842 9.5075 -263.776 -163.373 9.40973 -269.02 -141.33 9.45788 -277.375 -163.373 9.40973 -269.02 -151.864 9.5075 -242.26 -169.037 9.40649 -244.755 -146.842 9.5075 -263.776 -153.332 9.5075 -217.562 -169.037 9.40649 -244.755 -151.864 9.5075 -242.26 -170.683 9.40448 -217.05 -150.33 9.5075 -192.309 -170.683 9.40448 -217.05 -153.332 9.5075 -217.562 -167.31 9.40289 -188.68 -157.363 9.40258 -156.845 -150.33 9.5075 -192.309 -141.112 9.5075 -162.81 -167.31 9.40289 -188.68 -148.516 9.39971 -135.959 -141.112 9.5075 -162.81 -132.729 9.5075 -143.019 -157.363 9.40258 -156.845 -137.761 9.40728 -113.14 -132.729 9.5075 -143.019 -114.781 9.50749 -104.937 -148.516 9.39971 -135.959 -206.575 8.83501 -61.1961 -137.761 9.40728 -113.14 -114.781 9.50749 -104.937 -201.136 8.93547 -82.941 -201.136 8.93547 -82.941 -228.235 8.83501 -90.5388 -213.634 8.94317 -99.8711 -206.575 8.83501 -61.1961 -147.501 56.0808 -217.669 -163.06 79.2879 -219.381 -147.475 81.8613 -217.722 -163.06 56.1294 -219.381 -163.06 30.8515 -219.381 -147.475 30.8029 -217.748 -267.629 47.1729 -295.713 -248.68 46.5516 -338.953 -252.956 47.0747 -341.845 -263.353 46.6499 -292.822 -232.27 45.2503 -366.806 -276.044 46.7578 -261.221 -236.546 45.7733 -369.698 -271.768 46.2348 -258.329 -289.021 8.49825 -319.462 -271.574 8.71228 -367.159 -267.299 8.54712 -364.267 -284.745 8.33302 -316.57 -294.093 8.31672 -288.114 -243.524 8.13819 -402.14 -289.817 8.1515 -285.222 -247.8 8.30342 -405.032 -275.918 26.4151 -119.756 -275.918 67.9204 -110.282 -275.918 75.4752 -119.756 -275.918 33.9698 -110.282 -275.918 78.1714 -131.569 -275.918 44.8867 -105.025 -275.918 23.7188 -131.569 -275.918 26.4151 -143.382 -275.918 57.0035 -105.025 -275.918 75.4752 -143.382 -275.918 67.9204 -152.855 -275.918 33.9698 -152.855 -275.918 57.0035 -158.112 -275.918 44.8867 -158.112 -157.444 79.2879 -266.936 -146.435 81.8613 -241.942 -162.54 79.2879 -243.013 -142.135 81.8613 -262.399 -163.06 79.2879 -219.381 -147.475 81.8613 -217.722 -150.724 79.2873 -280.719 -137.117 81.8609 -275.7 -144.967 79.2867 -290.048 -131.199 81.8605 -286.795 -110.549 160.99 -62.3985 -116.717 98.3821 -124.354 -116.717 156.231 -58.8257 -110.549 98.5617 -131.906 -188.185 34.7711 -73.4833 -186.545 37.8958 33.0905 -197.721 37.8958 26.4572 -201.197 34.7711 -65.4535 -225.287 16.3512 84.7109 -204.66 24.9833 48.9228 -233.582 13.119 79.2973 -216.424 13.2342 89.2144 -213.757 21.4383 42.9854 -194.939 21.5648 53.8619 -238.139 4.77219 75.0413 -218.755 12.284 38.3177 -188.308 12.4886 55.9163 -217.746 1.01701 36.7025 -237.219 -5.50094 73.5687 -210.378 4.95867 91.0876 -211.114 -8.0591 38.7569 -187.298 1.22162 54.3012 -231.173 -13.7764 75.4419 -209.458 -5.31441 89.6149 -214.015 -13.6611 85.359 -222.31 -16.8933 79.9453 -192.297 -7.93268 49.6335 -222.31 -16.8933 79.9453 -201.394 -11.4776 43.6961 -201.394 -11.4776 43.6961 -161.859 6.00092 -24.9068 -156.816 31.8133 -16.9653 -154.752 8.7702 -20.2686 -164.41 34.4838 -20.8238 -151.636 24.7231 -15.3604 -171.017 44.3037 -9.50752 -169.452 8.67138 -28.7652 -166.369 -7.57842 -16.9448 -147.749 26.5244 0.444092 -171.516 31.7146 -25.462 -153.425 -2.5341 -8.49611 -157.185 39.4394 -2.4792 -180.202 -2.71399 -23.973 -146.312 10.492 -1.85419 -183.961 39.2594 -17.9561 -174.633 15.7616 -30.3701 -150.848 15.9214 -16.6222 -175.421 24.5633 -29.1084 -189.638 10.2009 -26.8963 -191.074 26.2333 -24.598 -157.185 39.4394 -2.4792 -178.65 31.2379 33.0582 -147.749 26.5244 0.444092 -171.017 44.3037 -9.50752 -169.732 19.0316 35.8211 -191.724 35.8354 26.4156 -203.958 31.0679 18.4305 -183.961 39.2594 -17.9561 -210.68 18.7565 12.153 -191.074 26.2333 -24.598 -187.331 -13.2002 19.3864 -180.202 -2.71399 -23.973 -166.369 -7.57842 -16.9448 -200.404 -8.60273 12.7437 -209.323 3.60368 9.98076 -189.638 10.2009 -26.8963 -205.716 12.4237 -32.9937 -223.237 16.4691 1.8751 -206.666 23.0333 -31.4729 -222.338 6.4417 0.437675 -153.425 -2.5341 -8.49611 -187.331 -13.2002 19.3864 -166.369 -7.57842 -16.9448 -175.097 -8.43268 27.3714 -146.312 10.492 -1.85419 -168.375 3.87878 33.649 -153.638 6.90333 40.1466 -146.312 10.492 -1.85419 -133.027 12.9121 9.02032 -168.375 3.87878 33.649 -146.312 10.492 -1.85419 -133.977 23.5216 10.5411 -133.027 12.9121 9.02032 -147.749 26.5244 0.444092 -154.536 16.9307 41.584 -147.749 26.5244 0.444092 -169.732 19.0316 35.8211 -133.977 23.5216 10.5411 -222.338 6.4417 0.437675 -210.68 18.7565 12.153 -223.237 16.4691 1.8751 -209.323 3.60368 9.98076 -223.237 16.4691 1.8751 -191.074 26.2333 -24.598 -206.666 23.0333 -31.4729 -210.68 18.7565 12.153 -191.074 26.2333 -24.598 -189.638 10.2009 -26.8963 -205.716 12.4237 -32.9937 -206.666 23.0333 -31.4729 -222.338 6.4417 0.437675 -189.638 10.2009 -26.8963 -209.323 3.60368 9.98076 -205.716 12.4237 -32.9937 -191.724 35.8354 26.4156 -203.958 31.0679 18.4305 -214.265 27.4132 36.5064 -202.115 32.148 44.4366 -189.132 27.5821 51.0336 -220.941 15.1864 30.272 -210.68 18.7565 12.153 -178.65 31.2379 33.0582 -209.323 3.60368 9.98076 -219.593 0.137681 28.1148 -169.732 19.0316 35.8211 -200.404 -8.60273 12.7437 -180.274 15.4596 53.7775 -210.736 -11.9847 30.8587 -168.375 3.87878 33.649 -178.926 0.411016 51.6203 -197.753 -16.5506 37.4557 -185.602 -11.8158 45.3859 -175.097 -8.43268 27.3714 -187.331 -13.2002 19.3864 -197.753 -16.5506 37.4557 -187.331 -13.2002 19.3864 -219.593 0.137681 28.1148 -211.114 -8.0591 38.7569 -217.746 1.01701 36.7025 -210.736 -11.9847 30.8587 -220.941 15.1864 30.272 -197.753 -16.5506 37.4557 -218.755 12.284 38.3177 -213.757 21.4383 42.9854 -201.394 -11.4776 43.6961 -214.265 27.4132 36.5064 -202.115 32.148 44.4366 -204.66 24.9833 48.9228 -194.939 21.5648 53.8619 -189.132 27.5821 51.0336 -188.308 12.4886 55.9163 -180.274 15.4596 53.7775 -178.926 0.411016 51.6203 -187.298 1.22162 54.3012 -185.602 -11.8158 45.3859 -192.297 -7.93268 49.6335 -197.753 -16.5506 37.4557 -201.394 -11.4776 43.6961 -222.31 -16.8933 79.9453 -231.84 -11.2917 81.4416 -231.173 -13.7764 75.4419 -225.158 -13.6414 84.8366 -237.219 -5.50094 73.5687 -236.398 -5.05312 80.0295 -238.139 4.77219 75.0413 -237.092 2.69138 81.1397 -233.656 8.98368 84.3481 -233.582 13.119 79.2973 -225.287 16.3512 84.7109 -227.403 11.4204 88.4292 -220.722 9.0706 91.8242 -216.424 13.2342 89.2144 -216.164 2.83195 93.2363 -210.378 4.95867 91.0876 -209.458 -5.31441 89.6149 -215.47 -4.91249 92.1262 -214.015 -13.6611 85.359 -218.906 -11.2048 88.9177 -222.31 -16.8933 79.9453 -225.158 -13.6414 84.8366 -238.667 -13.6002 93.2798 -231.84 -11.2917 81.4416 -231.985 -15.9499 96.6748 -243.225 -7.3616 91.8677 -225.158 -13.6414 84.8366 -236.398 -5.05312 80.0295 -243.919 0.382855 92.9778 -237.092 2.69138 81.1397 -233.656 8.98368 84.3481 -240.483 6.67514 96.1862 -227.403 11.4204 88.4292 -234.23 9.1118 100.267 -227.549 6.76206 103.662 -220.722 9.0706 91.8242 -216.164 2.83195 93.2363 -222.99 0.523475 105.075 -215.47 -4.91249 92.1262 -222.297 -7.22103 103.964 -225.733 -13.5133 100.756 -218.906 -11.2048 88.9177 -231.985 -15.9499 96.6748 -225.158 -13.6414 84.8366 -231.985 -15.9499 96.6748 -225.733 -13.5133 100.756 -227.549 6.76206 103.662 -234.23 9.1118 100.267 -238.667 -13.6002 93.2798 -222.99 0.523475 105.075 -240.483 6.67514 96.1862 -222.297 -7.22103 103.964 -243.225 -7.3616 91.8677 -243.919 0.382855 92.9778 -153.638 6.90333 40.1466 -133.027 12.9121 9.02032 -154.536 16.9307 41.584 -133.977 23.5216 10.5411 -154.536 16.9307 41.584 -168.375 3.87878 33.649 -153.638 6.90333 40.1466 -169.732 19.0316 35.8211 -210.613 -4.09779 -101.774 -230.5 8.94091 -130.637 -227.18 -4.10059 -131.995 -213.634 8.94317 -99.8711 -199.987 -4.10701 -87.3803 -242.408 8.93902 -171.293 -201.136 8.93547 -82.941 -238.926 -4.10279 -172.097 -249.928 8.9378 -213.716 -246.365 -4.10431 -214.063 -250.738 8.93622 -249.34 -247.162 -4.1062 -249.086 -240.646 -4.11023 -288.397 -244.115 8.93292 -289.3 -225.451 -4.11853 -330.208 -228.668 8.92621 -331.803 -205.22 -4.11872 -361.092 -208.05 8.9259 -363.279 -186.05 -4.1109 -381.777 -188.494 8.93219 -384.381 -173.339 8.93701 -396.388 -171.19 -4.1059 -393.551 -164.771 8.92999 -402.39 -166.001 -4.11341 -397.186 -129.819 -3.66468 -328.009 -134.427 9.41009 -320.27 -136.887 -3.67353 -322.815 -125.319 9.41851 -326.962 -146.466 -3.67591 -310.32 -143.618 9.40777 -308.28 -153.542 -3.76612 -299.491 -150.509 9.31579 -297.735 -160.29 -3.71241 -285.935 -157.104 9.36871 -284.486 -166.714 -3.6734 -270.088 -163.373 9.40973 -269.02 -172.508 -3.67719 -245.262 -169.037 9.40649 -244.755 -174.191 -3.67951 -216.942 -170.683 9.40448 -217.05 -167.31 9.40289 -188.68 -170.742 -3.6814 -187.935 -157.363 9.40258 -156.845 -160.646 -3.68171 -155.623 -148.516 9.39971 -135.959 -151.705 -3.68531 -134.513 -142.419 -3.6764 -114.812 -137.761 9.40728 -113.14 -142.419 -3.6764 -114.812 -201.136 8.93547 -82.941 -199.987 -4.10701 -87.3803 -137.761 9.40728 -113.14 -125.319 9.41851 -326.962 -166.001 -4.11341 -397.186 -164.771 8.92999 -402.39 -129.819 -3.66468 -328.009 -148.943 45.2203 -230.022 -151.049 50.5542 -218.207 -148.914 45.4011 -218.134 -151.078 50.3728 -230.131 -151.049 40.2481 -218.05 -156.203 52.6887 -218.227 -156.232 52.5054 -230.27 -151.077 40.0662 -230.006 -161.357 50.5542 -218.183 -161.386 50.369 -230.357 -156.203 38.1136 -218.006 -163.491 45.4011 -218.099 -156.231 37.9297 -230.093 -163.52 45.2149 -230.341 -161.356 40.2481 -218.026 -161.385 40.0624 -230.232 -163.491 45.4011 -218.099 -163.52 45.2149 -230.341 -148.943 45.2203 -230.022 -152.576 48.5501 -235.996 -151.078 50.3728 -230.131 -151.175 45.1661 -235.886 -156.232 52.5054 -230.27 -155.955 49.9497 -236.222 -152.574 41.78 -235.956 -159.333 48.5451 -236.432 -151.077 40.0662 -230.006 -161.386 50.369 -230.357 -163.52 45.2149 -230.341 -156.231 37.9297 -230.093 -160.731 45.1589 -236.502 -155.952 40.3753 -236.165 -159.331 41.7749 -236.392 -161.385 40.0624 -230.232 -163.52 45.2149 -230.341 -160.731 45.1589 -236.502 -148.914 45.2329 -253.482 -152.305 48.4965 -241.843 -150.906 45.1128 -241.694 -150.295 48.6175 -253.741 -152.301 41.726 -241.845 -153.61 50.0188 -254.443 -150.277 41.8477 -253.818 -152.574 41.78 -235.956 -152.576 48.5501 -235.996 -147.192 48.7821 -265.415 -153.585 40.4449 -254.553 -151.175 45.1661 -235.886 -155.678 49.8949 -242.204 -155.672 40.32 -242.208 -147.18 42.012 -265.466 -156.918 48.616 -255.178 -155.955 49.9497 -236.222 -155.952 40.3753 -236.165 -145.857 45.3954 -264.982 -150.402 50.1883 -266.512 -153.608 48.7902 -267.629 -158.281 45.2308 -255.514 -147.327 50.2009 -273.693 -154.931 45.4068 -268.113 -160.443 45.1021 -242.717 -150.379 48.8036 -275.168 -144.278 48.7938 -272.219 -159.049 48.4889 -242.566 -148.466 48.7951 -278.706 -143.019 45.4067 -271.609 -145.467 50.1925 -277.131 -151.648 45.4205 -275.78 -141.237 45.3986 -274.903 -159.333 48.5451 -236.432 -149.712 45.4119 -279.359 -160.731 45.1589 -236.502 -142.473 48.7856 -275.556 -144.287 42.0236 -272.221 -142.483 42.0154 -275.555 -145.482 40.618 -277.131 -147.34 40.6263 -273.696 -150.385 40.6139 -266.583 -150.389 42.0334 -275.171 -153.596 42.0201 -267.68 -148.476 42.0249 -278.706 -156.9 41.8462 -255.255 -154.931 45.4068 -268.113 -158.281 45.2308 -255.514 -151.648 45.4205 -275.78 -160.443 45.1021 -242.717 -149.712 45.4119 -279.359 -159.045 41.7184 -242.569 -160.731 45.1589 -236.502 -159.331 41.7749 -236.392 -137.281 45.3871 -276.959 -139.146 40.2363 -278.013 -131.628 45.3829 -286.398 -139.127 50.5436 -278.018 -133.466 40.2321 -287.496 -133.452 50.5394 -287.493 -137.89 38.1043 -290.145 -137.871 52.681 -290.14 -143.629 38.1085 -280.564 -143.603 52.6852 -280.57 -142.309 40.2459 -292.793 -142.295 50.5532 -292.789 -148.104 40.2502 -283.116 -148.086 50.5574 -283.121 -149.95 45.4067 -284.176 -149.95 45.4067 -284.176 -144.133 45.4024 -293.888 -144.133 45.4024 -293.888 -139.127 50.5436 -278.018 -141.237 45.3986 -274.903 -137.281 45.3871 -276.959 -142.473 48.7856 -275.556 -143.603 52.6852 -280.57 -139.146 40.2363 -278.013 -145.467 50.1925 -277.131 -148.466 48.7951 -278.706 -142.483 42.0154 -275.555 -148.086 50.5574 -283.121 -143.629 38.1085 -280.564 -149.712 45.4119 -279.359 -145.482 40.618 -277.131 -148.476 42.0249 -278.706 -149.95 45.4067 -284.176 -148.104 40.2502 -283.116 -149.712 45.4119 -279.359 -149.95 45.4067 -284.176 -148.943 64.4081 -230.022 -151.049 69.7421 -218.207 -148.914 64.589 -218.134 -151.078 69.5606 -230.131 -151.049 59.436 -218.05 -156.203 71.8765 -218.227 -156.232 71.6933 -230.27 -151.077 59.254 -230.006 -161.357 69.7421 -218.183 -161.386 69.5568 -230.357 -156.203 57.3015 -218.006 -163.491 64.589 -218.099 -156.231 57.1176 -230.093 -163.52 64.4027 -230.341 -161.356 59.436 -218.026 -161.385 59.2502 -230.232 -163.491 64.589 -218.099 -163.52 64.4027 -230.341 -148.943 64.4081 -230.022 -152.412 68.035 -233.582 -151.078 69.5606 -230.131 -150.896 64.3766 -233.484 -156.232 71.6933 -230.27 -156.066 69.5348 -233.783 -152.418 60.7256 -233.547 -159.698 68.0077 -233.969 -151.077 59.254 -230.006 -161.386 69.5568 -230.357 -163.52 64.4027 -230.341 -156.231 57.1176 -230.093 -161.188 64.3699 -234.032 -156.063 59.2298 -233.733 -159.686 60.7428 -233.934 -163.52 64.4027 -230.341 -161.385 59.2502 -230.232 -161.188 64.3699 -234.032 -148.914 64.4208 -253.482 -152.305 67.6844 -241.843 -150.906 64.3007 -241.694 -150.295 67.8054 -253.741 -152.301 60.9139 -241.845 -153.61 69.2067 -254.443 -150.277 61.0356 -253.818 -152.418 60.7256 -233.547 -152.412 68.035 -233.582 -147.192 67.97 -265.415 -153.585 59.6328 -254.553 -150.896 64.3766 -233.484 -155.678 69.0828 -242.204 -155.672 59.5078 -242.208 -147.18 61.1999 -265.466 -156.918 67.8038 -255.178 -156.066 69.5348 -233.783 -156.063 59.2298 -233.733 -145.857 64.5833 -264.982 -150.402 69.3762 -266.512 -153.608 67.9781 -267.629 -158.281 64.4186 -255.514 -147.327 69.3887 -273.693 -154.931 64.5947 -268.113 -160.443 64.2899 -242.717 -150.379 67.9915 -275.168 -144.278 67.9817 -272.219 -159.049 67.6768 -242.566 -148.466 67.9829 -278.706 -143.019 64.5945 -271.609 -145.467 69.3804 -277.131 -151.648 64.6084 -275.78 -141.237 64.5864 -274.903 -159.698 68.0077 -233.969 -149.712 64.5998 -279.359 -161.188 64.3699 -234.032 -142.473 67.9735 -275.556 -144.287 61.2115 -272.221 -142.483 61.2033 -275.555 -145.482 59.8058 -277.131 -147.34 59.8142 -273.696 -150.385 59.8018 -266.583 -150.389 61.2213 -275.171 -153.596 61.2079 -267.68 -148.476 61.2127 -278.706 -156.9 61.0341 -255.255 -154.931 64.5947 -268.113 -158.281 64.4186 -255.514 -151.648 64.6084 -275.78 -160.443 64.2899 -242.717 -149.712 64.5998 -279.359 -159.045 60.9063 -242.569 -161.188 64.3699 -234.032 -159.686 60.7428 -233.934 -137.281 64.5749 -276.959 -139.146 59.4242 -278.013 -131.628 64.5708 -286.398 -139.127 69.7314 -278.018 -133.466 59.42 -287.496 -133.452 69.7273 -287.493 -137.89 57.2921 -290.145 -137.871 71.8689 -290.14 -143.629 57.2964 -280.564 -143.603 71.8731 -280.57 -142.309 59.4337 -292.793 -142.295 69.741 -292.789 -148.104 59.438 -283.116 -148.086 69.7453 -283.121 -149.95 64.5945 -284.176 -149.95 64.5945 -284.176 -144.133 64.5902 -293.888 -144.133 64.5902 -293.888 -139.127 69.7314 -278.018 -141.237 64.5864 -274.903 -137.281 64.5749 -276.959 -142.473 67.9735 -275.556 -143.603 71.8731 -280.57 -139.146 59.4242 -278.013 -145.467 69.3804 -277.131 -148.466 67.9829 -278.706 -142.483 61.2033 -275.555 -148.086 69.7453 -283.121 -143.629 57.2964 -280.564 -149.712 64.5998 -279.359 -145.482 59.8058 -277.131 -148.476 61.2127 -278.706 -149.95 64.5945 -284.176 -148.104 59.438 -283.116 -149.712 64.5998 -279.359 -149.95 64.5945 -284.176 -147.524 64.3949 -249.856 -150.55 69.0314 -245.55 -148.614 64.3292 -245.374 -149.45 69.0976 -250.073 -150.539 59.6236 -245.574 -149.431 59.6902 -250.126 -154.081 71.0436 -250.651 -154.054 57.7396 -250.726 -155.213 70.9758 -245.998 -155.197 57.6712 -246.033 -158.704 69.0929 -251.251 -158.685 59.6856 -251.304 -159.871 69.0234 -246.457 -159.859 59.6156 -246.481 -161.795 64.3178 -246.656 -160.611 64.3883 -251.521 -158.685 59.6856 -251.304 -159.859 59.6156 -246.481 -147.524 64.3949 -249.856 -160.611 64.3883 -251.521 -149.45 69.0976 -250.073 -158.685 59.6856 -251.304 -161.795 64.3178 -246.656 -148.614 64.3292 -245.374 -150.55 69.0314 -245.55 -159.859 59.6156 -246.481 -147.524 45.6445 -249.856 -150.55 50.281 -245.55 -148.614 45.5788 -245.374 -149.45 50.3472 -250.073 -150.539 40.8733 -245.574 -149.431 40.9399 -250.126 -154.081 52.2932 -250.651 -154.054 38.9893 -250.726 -155.213 52.2254 -245.998 -155.197 38.9209 -246.033 -158.704 50.3426 -251.251 -158.685 40.9352 -251.304 -159.871 50.273 -246.457 -159.859 40.8653 -246.481 -161.795 45.5675 -246.656 -160.611 45.6379 -251.521 -158.685 40.9352 -251.304 -159.859 40.8653 -246.481 -147.524 45.6445 -249.856 -160.611 45.6379 -251.521 -149.45 50.3472 -250.073 -158.685 40.9352 -251.304 -158.704 50.3426 -251.251 -154.081 52.2932 -250.651 -17.1555 203.852 33.5551 -17.1284 178.85 7.46081 -20.9276 199.73 31.9679 -20.9547 176.177 7.42297 -43.1426 170.164 97.056 -66.2844 160.357 -37.2052 -66.2844 160.271 97.056 -43.1426 170.249 -37.2052 -95.3309 98.3363 -98.0608 -95.3309 146.188 -39.1367 -83.5752 146.188 -39.1367 -83.5752 98.3363 -98.0608 -116.717 99.1959 109.527 -116.717 36.8975 68.553 -110.549 96.5025 113.712 -110.549 32.1971 71.7428 -276.044 46.7578 -261.221 -287.83 34.8891 -271.557 -283.601 34.0378 -268.706 -271.768 46.2348 -258.329 -289.264 20.8042 -277.874 -293.531 21.665 -280.642 -294.093 8.31672 -288.114 -289.817 8.1515 -285.222 -126.282 9.33221 -346.186 -164.771 8.92999 -402.39 -153.176 9.00079 -397.605 -125.319 9.41851 -326.962 -116.717 156.154 103.745 -110.549 160.899 -37.1003 -116.717 156.192 -37.0393 -110.549 160.851 104.826 -116.717 156.154 138.805 -116.717 156.231 -58.8257 -110.549 160.99 -62.3985 -110.549 160.851 142.871 -116.717 99.7764 147.107 -116.717 99.1959 109.527 -110.549 96.5025 113.712 -110.549 96.4814 150.414 -114.482 116.279 79.5961 -116.717 131.798 74.0396 -114.482 127.765 69.7047 -116.717 116.251 86.0657 -116.717 131.853 -50.5026 -116.717 98.2887 -91.1316 -114.482 98.273 -84.6812 -114.482 127.816 -47.4797 -114.099 168.297 30.5663 -116.865 150.722 30.5663 -124.27 158.126 30.5663 -106.695 160.893 30.5663 -116.865 150.722 30.5663 -124.27 158.126 77.5421 -124.27 158.126 30.5663 -116.865 150.722 77.5421 -116.865 150.722 77.5421 -114.099 168.297 77.5421 -124.27 158.126 77.5421 -106.695 160.893 77.5421 -106.695 160.893 77.5421 -114.099 168.297 30.5663 -114.099 168.297 77.5421 -106.695 160.893 30.5663 -18.6524 37.1837 -263.433 45.7851 -5.36269 -292.364 -47.624 -5.36268 -292.364 16.8135 37.1837 -263.433 -47.624 56.3038 -250.442 45.7851 56.3038 -250.442 30.9959 56.3038 -250.442 -32.8347 56.3038 -250.442 -47.624 12.6444 -240.536 -47.624 -30.0483 -268.566 -47.624 -30.0483 -256.501 -47.624 37.1762 -240.631 -47.624 -5.36268 -292.364 -47.624 56.3038 -250.442 35.9317 -29.6956 -256.494 45.7851 -29.7505 -152.954 -47.624 -29.7505 -152.954 45.7851 -29.6956 -256.494 -37.7706 -29.6956 -256.494 -47.624 -29.6956 -256.494 -47.624 12.7731 -193.289 -47.624 -29.6956 -256.494 -47.624 -29.7505 -152.954 -47.624 12.6031 -239.605 -47.624 36.0717 -76.1056 -47.624 141.711 -44.5023 45.7851 12.7731 -193.289 45.7851 -29.6956 -256.494 45.7851 12.6031 -239.605 45.7851 -29.7505 -152.954 45.7851 36.0717 -76.1056 45.7851 141.711 -44.5023 -35.2812 -17.238 -164.803 -35.2812 55.7292 -68.235 33.4427 55.7292 -68.235 33.4427 -17.238 -164.803 33.2393 69.7492 -43.458 -35.0778 69.7492 -43.458 24.2502 50.8323 -250.945 -26.0891 50.8323 -250.945 24.2502 43.7263 -247.236 -26.0891 43.7263 -247.236 -38.0675 42.9224 -243.579 -47.624 37.1762 -240.631 -38.0675 37.1762 -240.631 -47.624 56.3038 -250.442 -32.8347 56.3038 -250.442 -32.8347 42.9224 -243.579 -47.624 12.6031 -239.605 -47.624 12.7731 -193.289 -39.2088 12.7731 -193.289 -39.2088 12.6031 -239.605 -47.624 12.7731 -193.289 -47.624 141.711 -44.5023 -40.4131 141.711 -44.4967 -39.2088 12.7731 -193.289 38.5178 141.711 -44.4967 45.7851 12.7731 -193.289 37.3704 12.7731 -193.289 45.7851 141.711 -44.5023 45.7851 12.7731 -193.289 37.3704 12.6031 -239.605 37.3704 12.7731 -193.289 45.7851 12.6031 -239.605 45.7851 12.6444 -240.536 36.2286 37.1762 -240.631 36.2286 12.6444 -240.536 45.7851 37.1762 -240.631 45.7851 37.1762 -240.631 36.2286 42.9224 -243.579 36.2286 37.1762 -240.631 45.7851 56.3038 -250.442 30.9959 56.3038 -250.442 30.9959 42.9224 -243.579 -39.2088 12.7731 -193.289 -35.2812 -17.1229 -251.474 -39.2088 12.6031 -239.605 -35.2812 -17.238 -164.803 -35.2812 55.7292 -68.235 -40.4131 141.711 -44.4967 -35.0778 69.7492 -43.458 37.3704 12.7731 -193.289 33.4427 55.7292 -68.235 38.5178 141.711 -44.4967 33.4427 -17.238 -164.803 33.2393 69.7492 -43.458 33.4427 -17.1229 -251.474 37.3704 12.6031 -239.605 3.04181 213.468 38.6734 3.04181 213.382 106.669 2.96332 182.838 68.6039 2.96332 185.12 8.55168 -3.01282 185.12 8.55168 -2.93433 213.468 38.6734 2.96332 185.12 8.55168 3.04181 213.468 38.6734 -2.93433 213.468 38.6734 -3.01282 182.838 68.6039 -2.93433 213.382 106.669 -3.01282 185.12 8.55168 45.7851 37.1762 -240.631 45.7851 -30.0483 -268.566 45.7851 -5.36269 -292.364 45.7851 12.6444 -240.536 45.7851 56.3038 -250.442 45.7851 -30.0483 -256.501 -26.0891 43.7263 -247.236 -25.8198 -10.894 -267.577 23.9809 -10.894 -267.577 24.2502 43.7263 -247.236 24.2502 50.8323 -250.945 -14.5022 36.8477 -260.67 -26.0891 50.8323 -250.945 12.6634 36.8477 -260.67 23.9809 -10.894 -267.577 30.9959 42.9224 -243.579 24.2502 43.7263 -247.236 36.2286 -12.8267 -262.663 30.9959 42.9224 -243.579 30.9959 56.3038 -250.442 24.2502 50.8323 -250.945 24.2502 43.7263 -247.236 24.2502 50.8323 -250.945 16.8135 37.1837 -263.433 12.6634 36.8477 -260.67 30.9959 56.3038 -250.442 16.8135 37.1837 -263.433 -18.6524 37.1837 -263.433 -14.5022 36.8477 -260.67 12.6634 36.8477 -260.67 -26.0891 50.8323 -250.945 -14.5022 36.8477 -260.67 -18.6524 37.1837 -263.433 -32.8347 56.3038 -250.442 -32.8347 42.9224 -243.579 -26.0891 50.8323 -250.945 -32.8347 56.3038 -250.442 -26.0891 43.7263 -247.236 -25.8198 -10.894 -267.577 -26.0891 43.7263 -247.236 -32.8347 42.9224 -243.579 -38.0675 -12.8267 -262.663 -36.6999 52.9833 279.44 -46.6745 52.9833 279.44 -46.6745 46.8445 269.483 -36.6999 46.8445 269.483 33.4427 -17.1229 -251.474 -35.2812 -17.1229 -251.474 33.4427 -17.238 -164.803 25.8595 -19.9288 -268.965 -35.2812 -17.238 -164.803 -27.6983 -19.9288 -268.965 45.7851 88.9139 242.442 45.7871 74.1634 132.447 45.7851 132.354 99.1093 45.7852 50.3692 266.475 45.785 36.2723 15.4296 -47.6241 88.9139 242.442 -47.6219 74.1292 132.459 -47.6239 50.3288 266.468 -47.624 132.354 99.1093 -47.6241 36.2378 15.4406 46.7346 121.807 256.348 46.7346 89.0331 243.112 46.7346 115.498 242.978 46.7346 52.9833 279.44 46.7346 46.8445 269.483 -46.6745 121.807 256.348 -46.6745 89.0331 243.112 -46.6745 52.9833 279.44 -46.6745 115.498 242.978 -46.6745 46.8445 269.483 46.7346 115.498 242.978 46.7346 89.0331 243.112 36.6999 115.498 242.978 36.6999 89.0331 243.112 36.6999 119.179 250.777 46.7346 115.498 242.978 36.6999 115.498 242.978 46.7346 121.807 256.348 -46.6745 121.807 256.348 -36.6999 119.179 250.777 -46.6745 115.498 242.978 -36.6999 115.498 242.978 -36.6999 115.498 242.978 -36.6999 89.0331 243.112 -46.6745 115.498 242.978 -46.6745 89.0331 243.112 -47.624 132.354 99.1093 -41.6774 88.9139 242.442 -40.4131 132.354 99.1093 -47.6241 88.9139 242.442 35.5911 92.5923 91.1633 39.839 88.9139 242.442 38.5178 132.354 99.1093 35.5911 58.8107 261.06 36.6999 61.8337 269.73 36.6999 115.498 242.978 36.6999 89.0331 243.112 36.6999 119.179 250.777 36.6999 57.0591 262.646 36.6999 46.8445 269.483 36.6999 52.9833 279.44 36.6999 63.6047 275.876 -36.6999 89.0331 243.112 -36.6999 61.8337 269.73 -36.6999 57.0591 262.646 -36.6999 115.498 242.978 -36.6999 46.8445 269.483 -36.6999 119.179 250.777 -36.6999 52.9833 279.44 -36.6999 63.1023 276.045 35.5911 58.8107 261.06 45.7851 88.9139 242.442 39.839 88.9139 242.442 45.7852 50.3692 266.475 36.0376 50.365 266.474 -47.6241 88.9139 242.442 -37.4295 58.8107 261.06 -41.6774 88.9139 242.442 -47.6239 50.3288 266.468 -37.8146 50.3332 266.469 46.7346 89.0331 243.112 46.7346 46.8445 269.483 36.6999 57.0591 262.646 36.6999 89.0331 243.112 36.6999 46.8445 269.483 -39.2088 12.6031 -239.605 -35.2812 -17.1229 -251.474 -47.624 12.6031 -239.605 -47.624 -29.6956 -256.494 -37.7706 -29.6956 -256.494 45.7851 12.6031 -239.605 33.4427 -17.1229 -251.474 37.3704 12.6031 -239.605 45.7851 -29.6956 -256.494 35.9317 -29.6956 -256.494 36.2286 12.6444 -240.536 36.2286 -30.0483 -256.492 45.7851 12.6444 -240.536 45.7851 -30.0483 -256.501 37.4147 -10.2986 -287.548 45.7851 -30.0483 -268.566 36.2286 -30.0352 -268.57 45.7851 -5.36269 -292.364 -47.624 -5.36268 -292.364 -39.2536 -10.2986 -287.548 -47.624 -30.0483 -268.566 -38.0675 -30.0352 -268.57 -47.624 -30.0483 -256.501 -38.0675 -30.0352 -268.57 -38.0675 -30.0483 -256.492 -47.624 -30.0483 -268.566 45.7851 -30.0483 -256.501 36.2286 -30.0483 -256.492 36.2286 -30.0352 -268.57 45.7851 -30.0483 -268.566 42.5 69.7492 -43.458 -44.3384 69.7492 -43.458 -44.3384 92.5923 91.1633 42.5 92.5923 91.1633 -37.4295 92.5923 91.1633 35.5911 58.8107 261.06 35.5911 92.5923 91.1633 -37.4295 58.8107 261.06 32.823 55.9176 277.264 -34.6617 55.9176 277.264 45.7851 36.0717 -76.1056 34.8167 -5.66671 -124.817 45.7851 -29.7505 -152.954 34.8167 36.0718 -76.1057 -47.624 -29.7505 -152.954 -36.6556 -5.66671 -124.817 -47.624 36.0717 -76.1056 -36.6556 36.0718 -76.1057 34.8167 -5.66667 -23.5343 34.8167 36.0718 -76.1057 34.8166 36.2682 15.4309 34.8167 -5.66671 -124.817 -36.6557 36.2418 15.4394 -36.6556 36.0718 -76.1057 -36.6556 -5.66667 -23.5324 -36.6556 -5.66671 -124.817 34.8167 -5.66667 -23.5343 -36.6556 -5.66667 -23.5324 -36.6556 -5.66671 -124.817 34.8167 -5.66671 -124.817 -36.6557 36.2418 15.4394 34.8167 -5.66667 -23.5343 34.8166 36.2682 15.4309 -36.6556 -5.66667 -23.5324 34.8166 36.2682 15.4309 34.8167 36.0718 -76.1057 45.785 36.2723 15.4296 45.7851 36.0717 -76.1056 -47.6241 36.2378 15.4406 -47.624 36.0717 -76.1056 -36.6557 36.2418 15.4394 -36.6556 36.0718 -76.1057 -26.9188 60.8494 208.117 36.0376 50.365 266.474 -37.8146 50.3332 266.469 26.3711 60.8541 208.223 33.2357 48.7028 276.33 45.7852 50.3692 266.475 -47.6239 50.3288 266.468 -35.0176 48.6708 276.324 45.7871 74.1634 132.447 -47.6219 74.1292 132.459 32.2542 74.1308 132.364 -29.3147 74.1296 132.438 31.8114 56.6961 78.5213 -28.9928 56.6687 78.5134 34.8166 36.2682 15.4309 45.785 36.2723 15.4296 45.7871 74.1634 132.447 -36.6557 36.2418 15.4394 -47.6241 36.2378 15.4406 -47.6219 74.1292 132.459 32.2542 74.1308 132.364 -29.3147 74.1296 132.438 23.4684 36.0922 199.353 32.2542 74.1308 132.364 26.3711 60.8541 208.223 28.7266 36.1004 96.6092 31.8114 56.6961 78.5213 23.4684 36.0922 199.353 -27.6441 36.0968 96.6112 28.7266 36.1004 96.6092 -25.6045 36.0775 199.358 -28.9928 56.6687 78.5134 28.7266 36.1004 96.6092 -27.6441 36.0968 96.6112 31.8114 56.6961 78.5213 -29.3147 74.1296 132.438 -28.9928 56.6687 78.5134 -27.6441 36.0968 96.6112 -25.6045 36.0775 199.358 -26.9188 60.8494 208.117 -47.624 12.6444 -240.536 -38.0675 -30.0483 -256.492 -38.0675 12.6444 -240.536 -47.624 -30.0483 -256.501 -47.624 37.1762 -240.631 -47.624 12.6444 -240.536 -38.0675 12.6444 -240.536 -38.0675 37.1762 -240.631 35.9317 -29.6956 -256.494 25.8595 -19.9288 -268.965 33.4427 -17.1229 -251.474 25.8593 -29.524 -272.796 35.9317 -29.6956 -256.494 -37.7706 -29.6956 -256.494 -27.6981 -29.524 -272.796 25.8593 -29.524 -272.796 -27.6983 -19.9288 -268.965 -37.7706 -29.6956 -256.494 -35.2812 -17.1229 -251.474 -27.6981 -29.524 -272.796 25.8595 -19.9288 -268.965 -27.6981 -29.524 -272.796 -27.6983 -19.9288 -268.965 25.8593 -29.524 -272.796 36.2286 -12.8267 -262.663 36.2286 -30.0352 -268.57 36.2286 -30.0483 -256.492 35.8309 -5.63929 -281.147 37.4147 -10.2986 -287.548 36.2286 42.9224 -243.579 36.2286 12.6444 -240.536 36.2286 37.1762 -240.631 -38.0675 -30.0352 -268.57 -39.2536 -10.2986 -287.548 -37.6697 -5.63928 -281.147 -38.0675 -12.8267 -262.663 -38.0675 -30.0483 -256.492 -38.0675 42.9224 -243.579 -38.0675 12.6444 -240.536 -38.0675 37.1762 -240.631 36.2286 -12.8267 -262.663 23.9809 -10.894 -267.577 23.9809 -7.91828 -275.341 35.8309 -5.63929 -281.147 -25.8198 -7.91828 -275.341 -37.6697 -5.63928 -281.147 -25.8198 -10.894 -267.577 -38.0675 -12.8267 -262.663 121.183 170.353 1.63037 139.002 152.43 134.078 139.002 152.43 12.439 121.183 170.353 155.979 121.183 170.353 1.63037 107.866 183.748 155.979 121.183 170.353 155.979 107.866 183.748 1.63037 116.424 165.594 155.979 107.866 183.748 155.979 102.96 178.842 155.979 121.183 170.353 155.979 107.866 183.748 1.63037 102.96 178.842 155.979 107.866 183.748 155.979 102.96 178.842 1.63038 139.002 152.43 12.439 116.424 165.594 1.63037 121.183 170.353 1.63037 134.078 147.507 12.439 116.424 165.594 155.979 139.002 152.43 134.078 121.183 170.353 155.979 134.078 147.507 134.078 139.002 152.43 134.078 134.078 147.507 12.439 139.002 152.43 12.439 134.078 147.507 134.078 102.96 178.842 155.979 102.96 178.842 1.63038 116.424 165.594 1.63037 116.424 165.594 155.979 134.078 147.507 134.078 116.424 165.594 1.63037 134.078 147.507 12.439 116.424 165.594 155.979 17.1065 176.588 63.9942 17.12 203.852 33.5551 17.0929 178.85 7.46081 17.1065 203.747 101.488 17.0929 178.85 7.46081 17.12 203.852 33.5551 20.8921 199.73 31.9679 20.9192 176.177 7.42297 20.8921 199.73 31.9679 20.9056 173.875 63.9942 20.9192 176.177 7.42297 20.9056 199.664 99.1903 113.585 86.2736 -117.991 167.904 87.5834 -121.323 125.644 86.2736 -143.974 152.916 88.14 -95.283 134.619 86.2736 -165.267 177.129 81.7096 -81.2243 181.497 87.0266 -147.842 193.117 81.4802 -107.406 197.143 73.5053 -68.0812 209.387 81.6116 -137.708 214.5 72.9986 -96.6668 229.653 72.1775 -129.595 223.679 79.275 -175.403 213.687 60.1439 -59.1954 244.592 71.7292 -170.638 195.301 85.2573 -181.739 232.08 59.8862 -87.8556 249.263 70.8216 -213.067 181.497 87.0266 -147.842 237.188 30.1863 -85.2985 227.807 78.0627 -214.047 201.041 84.2033 -214.973 216.102 30.0428 -55.8741 227.971 76.8502 -247.236 147.435 86.2736 -217.71 216.226 21.2948 -55.8599 200.257 83.1492 -245.667 144.256 86.2736 -193.412 237.492 21.4464 -85.4785 221.939 75.466 -284.409 257.727 21.618 -119.904 194.988 81.9011 -277.292 134.619 86.2736 -165.267 256.082 29.0432 -120.541 146.399 86.2736 -241.942 248.461 58.6683 -123.069 142.04 86.2736 -262.369 147.435 86.2736 -217.71 201.041 84.2033 -214.973 248.461 58.6683 -123.069 260.83 57.7819 -166.99 272.154 28.896 -164.537 267.343 56.6252 -211.837 256.082 29.0432 -120.541 279.515 28.3508 -211.203 273.674 20.7786 -164.907 279.985 20.8742 -211.468 257.727 21.618 -119.904 249.206 69.9138 -248.842 267.244 55.4686 -250.14 243.749 66.538 -289.85 267.343 56.6252 -211.837 210.466 74.4299 -319.537 279.515 28.3508 -211.203 260.697 52.7388 -293.692 228.385 64.7698 -329.855 279.625 27.3816 -251.215 192.737 73.5922 -348.706 260.697 52.7388 -293.692 279.985 20.8742 -211.468 206.92 63.3011 -361.14 170.573 81.9011 -329.593 280.451 20.9698 -250.967 185.472 62.1588 -381.776 185.535 81.9011 -305.446 272.691 25.2752 -296.34 200.175 43.847 -397.101 173.265 72.4542 -368.378 128.499 86.2736 -291.279 222.264 45.2388 -374.626 155.809 81.8986 -348.19 170.896 61.5776 -392.755 229.614 21.8339 -380.87 170.573 81.9011 -329.593 182.984 43.3909 -409.468 160.471 72.3188 -377.599 119.215 86.275 -303.959 164.942 42.9348 -420.681 145.916 81.8956 -356.584 155.161 60.9965 -402.252 170.878 21.4075 -431.708 146.21 72.1836 -385.306 190.422 21.3261 -419.534 134.534 81.8924 -363.127 171.324 15.0201 -432.464 109.066 86.2796 -314.525 190.681 15.4509 -419.997 208.545 21.2446 -405.063 208.617 15.8818 -405.233 128.499 86.2736 -291.279 229.697 15.8773 -380.885 109.066 86.2796 -314.525 109.269 56.0881 -314.428 119.215 86.275 -303.959 119.218 56.0825 -303.959 128.499 86.2736 -291.279 109.372 39.7134 -314.379 128.515 56.0807 -291.282 119.22 39.7073 -303.958 131.163 81.8604 -286.795 109.487 21.4673 -314.322 128.515 39.7054 -291.282 137.007 86.2736 -275.727 119.222 21.4606 -303.957 131.186 56.0749 -286.837 137.082 81.8608 -275.7 128.515 21.4586 -291.282 131.143 30.8028 -286.806 142.099 81.8613 -262.399 131.143 21.4586 -286.806 142.04 86.2736 -262.369 146.399 81.8613 -241.942 136.995 30.8028 -275.718 146.399 86.2736 -241.942 147.439 81.8613 -217.722 136.995 21.4586 -275.718 147.435 86.2736 -217.71 144.256 86.2736 -193.412 142.04 30.8028 -262.369 144.256 56.0808 -193.412 142.04 21.4586 -262.369 147.466 56.0808 -217.669 134.619 56.0808 -165.267 146.399 30.8029 -241.942 144.256 39.7054 -193.412 134.619 86.2736 -165.267 134.619 39.7055 -165.268 147.439 30.8029 -217.748 126.336 56.0808 -145.482 126.336 39.7055 -145.482 144.256 21.4586 -193.412 125.644 86.2736 -143.974 134.619 21.4586 -165.267 113.585 86.2736 -117.991 109.727 56.0808 -108.016 126.336 21.4586 -145.481 111.208 39.7055 -106.55 111.157 20.2807 -105.991 144.932 79.2866 -290.048 131.186 56.0749 -286.837 145.05 56.121 -290.04 131.163 81.8604 -286.795 145.005 30.8514 -290.077 131.143 30.8028 -286.806 157.408 79.2878 -266.936 146.399 81.8613 -241.942 142.099 81.8613 -262.399 162.505 79.2879 -243.013 150.688 79.2872 -280.719 163.024 79.2879 -219.381 137.082 81.8608 -275.7 147.439 81.8613 -217.722 144.932 79.2866 -290.048 131.163 81.8604 -286.795 146.399 21.4586 -241.942 147.432 21.4586 -217.484 119.222 21.4606 -303.957 111.375 9.5153 -317.752 121.632 9.50975 -308.494 109.487 21.4673 -314.322 129.465 9.50744 -298.277 128.515 21.4586 -291.282 135.446 9.40826 -289.124 131.143 21.4586 -286.806 141.294 9.45782 -277.375 136.995 21.4586 -275.718 146.807 9.50745 -263.776 142.04 21.4586 -262.369 151.829 9.50745 -242.26 146.399 21.4586 -241.942 153.296 9.50746 -217.562 147.432 21.4586 -217.484 144.256 21.4586 -193.412 150.294 9.50746 -192.309 134.619 21.4586 -165.267 141.076 9.50747 -162.81 126.336 21.4586 -145.481 132.694 9.50747 -143.019 111.157 20.2807 -105.991 114.745 9.50747 -104.937 136.995 30.8028 -275.718 142.04 30.8028 -262.369 150.646 30.8514 -280.625 145.005 30.8514 -290.077 131.143 30.8028 -286.806 157.326 30.8514 -266.893 146.399 30.8029 -241.942 162.506 30.8514 -243.013 163.024 30.8514 -219.381 147.439 30.8029 -217.748 157.326 56.1293 -266.893 162.505 79.2879 -243.013 157.408 79.2878 -266.936 162.506 55.8413 -243.013 150.676 56.1251 -280.646 163.024 56.1293 -219.381 150.688 79.2872 -280.719 150.646 30.8514 -280.625 157.326 30.8514 -266.893 145.05 56.121 -290.04 145.005 30.8514 -290.077 162.506 30.8514 -243.013 144.932 79.2866 -290.048 163.024 30.8514 -219.381 163.024 79.2879 -219.381 244.197 8.83497 -339.597 229.697 15.8773 -380.885 254.381 17.249 -344.328 221.682 8.83495 -373.967 260.875 8.83498 -293.704 200.237 8.835 -397.108 273.256 19.0756 -296.582 190.681 15.4509 -419.997 208.617 15.8818 -405.233 268.026 8.83499 -250.568 280.451 20.9698 -250.967 183.583 8.83823 -410.302 279.985 20.8742 -211.468 166.08 8.84134 -422.343 171.324 15.0201 -432.464 267.148 8.835 -212 273.674 20.7786 -164.907 259.231 8.835 -167.342 257.727 21.618 -119.904 246.529 8.83501 -123.974 237.492 21.4464 -85.4785 228.2 8.83501 -90.5388 216.226 21.2948 -55.8599 206.539 8.83501 -61.1961 146.358 21.4566 -384.823 166.08 8.84134 -422.343 153.141 9.00071 -397.605 171.324 15.0201 -432.464 134.573 21.453 -362.29 170.878 21.4075 -431.708 126.247 9.33213 -346.186 146.449 28.1136 -385.248 164.942 42.9348 -420.681 109.487 21.4673 -314.322 146.327 53.6134 -385.25 111.375 9.5153 -317.752 109.372 39.7134 -314.379 155.161 60.9965 -402.252 134.498 39.6991 -362.421 134.455 55.1402 -362.572 146.21 72.1836 -385.306 109.269 56.0881 -314.428 134.534 81.8924 -363.127 109.066 86.2796 -314.525 194.988 81.9011 -277.292 137.007 86.2736 -275.727 142.04 86.2736 -262.369 270.788 22.8671 -360.098 287.368 22.2956 -312.978 288.985 8.4982 -319.462 264.729 36.1088 -351.498 271.539 8.71222 -367.159 294.058 8.31669 -288.114 280.525 35.6265 -304.968 249.406 21.576 -394.508 293.496 21.6649 -280.642 252.921 47.0747 -341.845 246.058 33.834 -383.066 287.795 34.8891 -271.557 236.511 45.7733 -369.698 267.593 47.1729 -295.713 276.009 46.7578 -261.221 247.765 8.30335 -405.032 245.11 20.7518 -391.745 249.406 21.576 -394.508 243.489 8.13812 -402.14 246.058 33.834 -383.066 241.817 32.9833 -380.223 236.511 45.7733 -369.698 232.235 45.2502 -366.806 284.71 8.33297 -316.57 266.524 21.9937 -357.32 267.263 8.54706 -364.267 283.12 21.4202 -310.197 245.11 20.7518 -391.745 260.502 35.2631 -348.645 289.782 8.15146 -285.222 241.817 32.9833 -380.223 276.299 34.7777 -302.112 289.229 20.8042 -277.874 232.235 45.2502 -366.806 248.645 46.5515 -338.953 283.565 34.0378 -268.706 263.317 46.6499 -292.822 271.733 46.2348 -258.329 270.362 23.4069 -118.307 253.88 23.4069 -118.307 257.215 20.38 -131.569 270.362 31.8881 -107.672 270.362 20.38 -131.569 244.392 31.8881 -107.672 262.16 23.4069 -144.83 270.362 23.4069 -144.83 270.362 44.1437 -101.77 270.362 31.8881 -155.465 261.631 31.8881 -155.465 238.309 44.1437 -101.77 270.362 57.7465 -101.77 234.289 57.7465 -101.77 270.362 70.0022 -107.672 220.152 70.0022 -107.672 270.362 78.4833 -118.307 205.187 78.4833 -118.307 270.362 81.5102 -131.569 201.385 81.5102 -131.569 213.39 78.4833 -144.83 270.362 78.4833 -144.83 237.235 70.0022 -155.465 270.362 70.0022 -155.465 255.129 57.7465 -161.367 270.362 57.7465 -161.367 256.214 44.1437 -161.367 270.362 44.1437 -161.367 261.631 31.8881 -155.465 270.362 31.8881 -155.465 270.362 20.38 -131.569 275.883 26.4151 -143.382 275.883 23.7188 -131.569 270.362 23.4069 -144.83 275.883 26.4151 -119.756 270.362 23.4069 -118.307 275.883 33.9698 -110.282 270.362 31.8881 -107.672 270.362 44.1437 -101.77 275.883 44.8867 -105.025 270.362 57.7465 -101.77 275.883 57.0035 -105.025 275.883 67.9204 -110.282 270.362 70.0022 -107.672 270.362 78.4833 -118.307 275.883 75.4752 -119.756 270.362 81.5102 -131.569 275.883 78.1714 -131.569 275.883 75.4752 -143.382 270.362 78.4833 -144.83 275.883 67.9204 -152.855 270.362 70.0022 -155.465 270.362 57.7465 -161.367 275.883 57.0035 -158.112 275.883 44.8867 -158.112 270.362 44.1437 -161.367 275.883 33.9698 -152.855 270.362 31.8881 -155.465 270.362 23.4069 -144.83 275.883 26.4151 -143.382 247.127 -4.10624 -249.086 172.473 -3.67724 -245.262 240.61 -4.11028 -288.396 174.155 -3.67955 -216.942 246.33 -4.10434 -214.063 166.678 -3.67346 -270.088 238.89 -4.10281 -172.097 160.255 -3.71246 -285.935 170.707 -3.68144 -187.935 227.145 -4.10061 -131.995 225.415 -4.11859 -330.208 160.61 -3.68174 -155.623 210.578 -4.0978 -101.774 151.669 -3.68534 -134.513 199.952 -4.10702 -87.3803 142.384 -3.67643 -114.812 216.102 30.0428 -55.8741 111.157 20.2807 -105.991 216.226 21.2948 -55.8599 111.208 39.7055 -106.55 111.208 39.7055 -106.55 213.687 60.1439 -59.1954 109.727 56.0808 -108.016 216.102 30.0428 -55.8741 225.415 -4.11859 -330.208 153.506 -3.76618 -299.491 205.185 -4.11878 -361.092 160.255 -3.71246 -285.935 146.43 -3.67597 -310.32 186.015 -4.11098 -381.777 205.185 -4.11878 -361.092 153.506 -3.76618 -299.491 129.783 -3.66475 -328.009 165.965 -4.11349 -397.186 171.154 -4.10598 -393.551 136.852 -3.6736 -322.815 186.015 -4.11098 -381.777 146.43 -3.67597 -310.32 254.63 23.7714 -344.453 273.256 19.0756 -296.582 254.381 17.249 -344.328 272.691 25.2752 -296.34 229.614 21.8339 -380.87 244.617 48.5529 -339.159 222.264 45.2388 -374.626 229.697 15.8773 -380.885 147.466 56.0808 -217.669 163.024 30.8514 -219.381 147.439 30.8029 -217.748 163.024 56.1293 -219.381 163.024 79.2879 -219.381 147.439 81.8613 -217.722 228.2 8.83501 -90.5388 230.464 8.9409 -130.637 246.529 8.83501 -123.974 213.598 8.94316 -99.8711 259.231 8.835 -167.342 230.464 8.9409 -130.637 242.372 8.939 -171.293 246.529 8.83501 -123.974 259.231 8.835 -167.342 249.892 8.93778 -213.716 267.148 8.835 -212 242.372 8.939 -171.293 267.148 8.835 -212 250.703 8.93618 -249.34 268.026 8.83499 -250.568 249.892 8.93778 -213.716 260.875 8.83498 -293.704 250.703 8.93618 -249.34 244.079 8.93288 -289.3 268.026 8.83499 -250.568 244.197 8.83497 -339.597 260.875 8.83498 -293.704 228.632 8.92615 -331.803 244.079 8.93288 -289.3 221.682 8.83495 -373.967 228.632 8.92615 -331.803 208.014 8.92584 -363.279 244.197 8.83497 -339.597 208.014 8.92584 -363.279 200.237 8.835 -397.108 221.682 8.83495 -373.967 188.458 8.93211 -384.381 188.458 8.93211 -384.381 183.583 8.83823 -410.302 200.237 8.835 -397.108 173.303 8.93693 -396.388 164.736 8.92991 -402.389 183.583 8.83823 -410.302 173.303 8.93693 -396.388 166.08 8.84134 -422.343 125.284 9.41844 -326.962 121.632 9.50975 -308.494 111.375 9.5153 -317.752 134.392 9.41002 -320.269 143.583 9.40771 -308.28 121.632 9.50975 -308.494 134.392 9.41002 -320.269 129.465 9.50744 -298.277 143.583 9.40771 -308.28 135.446 9.40826 -289.124 129.465 9.50744 -298.277 150.473 9.31573 -297.735 157.069 9.36865 -284.486 135.446 9.40826 -289.124 150.473 9.31573 -297.735 141.294 9.45782 -277.375 157.069 9.36865 -284.486 146.807 9.50745 -263.776 141.294 9.45782 -277.375 163.338 9.40967 -269.02 151.829 9.50745 -242.26 163.338 9.40967 -269.02 169.001 9.40644 -244.755 146.807 9.50745 -263.776 153.296 9.50746 -217.562 169.001 9.40644 -244.755 170.647 9.40444 -217.05 151.829 9.50745 -242.26 150.294 9.50746 -192.309 170.647 9.40444 -217.05 167.275 9.40285 -188.68 153.296 9.50746 -217.562 141.076 9.50747 -162.81 150.294 9.50746 -192.309 157.327 9.40255 -156.845 167.275 9.40285 -188.68 132.694 9.50747 -143.019 141.076 9.50747 -162.81 148.481 9.39968 -135.959 157.327 9.40255 -156.845 114.745 9.50747 -104.937 132.694 9.50747 -143.019 137.726 9.40725 -113.14 148.481 9.39968 -135.959 137.726 9.40725 -113.14 206.539 8.83501 -61.1961 114.745 9.50747 -104.937 201.1 8.93547 -82.941 228.2 8.83501 -90.5388 201.1 8.93547 -82.941 213.598 8.94316 -99.8711 206.539 8.83501 -61.1961 273.256 19.0756 -296.582 164.736 8.92991 -402.389 126.247 9.33213 -346.186 153.141 9.00071 -397.605 125.284 9.41844 -326.962 263.317 46.6499 -292.822 276.009 46.7578 -261.221 267.593 47.1729 -295.713 271.733 46.2348 -258.329 248.645 46.5515 -338.953 252.921 47.0747 -341.845 232.235 45.2502 -366.806 236.511 45.7733 -369.698 289.782 8.15146 -285.222 284.71 8.33297 -316.57 294.058 8.31669 -288.114 288.985 8.4982 -319.462 267.263 8.54706 -364.267 271.539 8.71222 -367.159 243.489 8.13812 -402.14 247.765 8.30335 -405.032 275.883 26.4151 -119.756 275.883 67.9204 -110.282 275.883 33.9698 -110.282 275.883 75.4752 -119.756 275.883 78.1714 -131.569 275.883 44.8867 -105.025 275.883 57.0035 -105.025 275.883 23.7188 -131.569 275.883 26.4151 -143.382 275.883 75.4752 -143.382 275.883 67.9204 -152.855 275.883 33.9698 -152.855 275.883 57.0035 -158.112 275.883 44.8867 -158.112 271.733 46.2348 -258.329 283.565 34.0378 -268.706 276.009 46.7578 -261.221 287.795 34.8891 -271.557 289.229 20.8042 -277.874 293.496 21.6649 -280.642 294.058 8.31669 -288.114 289.782 8.15146 -285.222 247.765 8.30335 -405.032 206.539 8.83501 -61.1961 111.157 20.2807 -105.991 114.745 9.50747 -104.937 216.226 21.2948 -55.8599 243.489 8.13812 -402.14 126.247 9.33213 -346.186 125.284 9.41844 -326.962 111.375 9.5153 -317.752 210.578 -4.0978 -101.774 230.464 8.9409 -130.637 213.598 8.94316 -99.8711 227.145 -4.10061 -131.995 199.952 -4.10702 -87.3803 242.372 8.939 -171.293 201.1 8.93547 -82.941 238.89 -4.10281 -172.097 249.892 8.93778 -213.716 246.33 -4.10434 -214.063 250.703 8.93618 -249.34 247.127 -4.10624 -249.086 240.61 -4.11028 -288.396 244.079 8.93288 -289.3 225.415 -4.11859 -330.208 228.632 8.92615 -331.803 205.185 -4.11878 -361.092 208.014 8.92584 -363.279 186.015 -4.11098 -381.777 188.458 8.93211 -384.381 173.303 8.93693 -396.388 171.154 -4.10598 -393.551 164.736 8.92991 -402.389 165.965 -4.11349 -397.186 129.783 -3.66475 -328.009 134.392 9.41002 -320.269 125.284 9.41844 -326.962 136.852 -3.6736 -322.815 146.43 -3.67597 -310.32 143.583 9.40771 -308.28 153.506 -3.76618 -299.491 150.473 9.31573 -297.735 160.255 -3.71246 -285.935 157.069 9.36865 -284.486 166.678 -3.67346 -270.088 163.338 9.40967 -269.02 172.473 -3.67724 -245.262 169.001 9.40644 -244.755 174.155 -3.67955 -216.942 170.647 9.40444 -217.05 167.275 9.40285 -188.68 170.707 -3.68144 -187.935 157.327 9.40255 -156.845 160.61 -3.68174 -155.623 148.481 9.39968 -135.959 151.669 -3.68534 -134.513 142.384 -3.67643 -114.812 137.726 9.40725 -113.14 142.384 -3.67643 -114.812 201.1 8.93547 -82.941 137.726 9.40725 -113.14 199.952 -4.10702 -87.3803 165.965 -4.11349 -397.186 125.284 9.41844 -326.962 164.736 8.92991 -402.389 129.783 -3.66475 -328.009 148.907 45.2202 -230.022 151.014 50.5542 -218.207 151.042 50.3727 -230.131 148.879 45.4011 -218.134 151.014 40.2481 -218.05 156.168 52.6887 -218.227 156.196 52.5054 -230.27 151.042 40.0662 -230.006 161.321 50.5542 -218.183 156.167 38.1135 -218.006 161.35 50.369 -230.357 163.456 45.4011 -218.099 156.196 37.9296 -230.093 163.485 45.2149 -230.341 161.321 40.2481 -218.026 161.35 40.0623 -230.232 163.456 45.4011 -218.099 163.485 45.2149 -230.341 152.54 48.5501 -235.996 148.907 45.2202 -230.022 151.042 50.3727 -230.131 151.14 45.166 -235.886 156.196 52.5054 -230.27 152.538 41.78 -235.956 151.042 40.0662 -230.006 155.919 49.9496 -236.222 156.196 37.9296 -230.093 155.916 40.3753 -236.165 159.297 48.5451 -236.432 159.295 41.7748 -236.392 161.35 50.369 -230.357 161.35 40.0623 -230.232 163.485 45.2149 -230.341 160.696 45.1588 -236.502 163.485 45.2149 -230.341 160.696 45.1588 -236.502 148.878 45.2329 -253.482 152.269 48.4965 -241.843 150.259 48.6174 -253.741 150.871 45.1127 -241.694 145.821 45.3953 -264.982 153.574 50.0187 -254.443 152.54 48.5501 -235.996 150.241 41.8477 -253.818 155.642 49.8948 -242.204 155.919 49.9496 -236.222 152.265 41.726 -241.845 147.144 42.012 -265.466 159.297 48.5451 -236.432 151.14 45.166 -235.886 153.549 40.4448 -254.553 159.013 48.4888 -242.566 152.538 41.78 -235.956 155.637 40.32 -242.208 156.882 48.616 -255.178 155.916 40.3753 -236.165 156.865 41.8461 -255.255 159.295 41.7748 -236.392 150.35 40.6138 -266.583 150.367 50.1882 -266.512 159.009 41.7183 -242.569 153.561 42.02 -267.68 153.573 48.7902 -267.629 160.696 45.1588 -236.502 158.245 45.2307 -255.514 150.353 42.0333 -275.171 158.245 45.2307 -255.514 160.408 45.1021 -242.717 154.896 45.4067 -268.113 154.896 45.4067 -268.113 160.408 45.1021 -242.717 150.344 48.8035 -275.168 151.612 45.4205 -275.78 147.291 50.2009 -273.693 160.696 45.1588 -236.502 148.43 48.795 -278.706 147.156 48.782 -265.415 149.677 45.4119 -279.359 145.431 50.1924 -277.131 144.242 48.7938 -272.219 142.437 48.7855 -275.556 141.201 45.3986 -274.903 142.983 45.4066 -271.609 144.251 42.0236 -272.221 142.448 42.0153 -275.555 147.304 40.6262 -273.696 145.447 40.6179 -277.131 148.441 42.0248 -278.706 151.612 45.4205 -275.78 149.677 45.4119 -279.359 139.111 40.2363 -278.013 137.855 38.1042 -290.145 143.594 38.1085 -280.564 133.431 40.232 -287.496 131.592 45.3828 -286.398 142.273 40.2458 -292.793 148.069 40.2501 -283.116 137.246 45.387 -276.959 149.915 45.4066 -284.176 139.092 50.5435 -278.018 144.098 45.4023 -293.888 133.417 50.5394 -287.493 137.835 52.681 -290.14 143.567 52.6851 -280.57 142.259 50.5532 -292.789 148.05 50.5573 -283.121 149.915 45.4066 -284.176 144.098 45.4023 -293.888 139.092 50.5435 -278.018 141.201 45.3986 -274.903 142.437 48.7855 -275.556 137.246 45.387 -276.959 143.567 52.6851 -280.57 139.111 40.2363 -278.013 145.431 50.1924 -277.131 148.43 48.795 -278.706 142.448 42.0153 -275.555 148.05 50.5573 -283.121 149.677 45.4119 -279.359 143.594 38.1085 -280.564 149.915 45.4066 -284.176 145.447 40.6179 -277.131 148.441 42.0248 -278.706 148.069 40.2501 -283.116 149.677 45.4119 -279.359 149.915 45.4066 -284.176 148.907 64.408 -230.022 151.014 69.7421 -218.207 151.042 69.5606 -230.131 148.879 64.5889 -218.134 151.013 59.4359 -218.05 156.168 71.8765 -218.227 156.196 71.6933 -230.27 151.042 59.254 -230.006 161.321 69.7421 -218.183 156.167 57.3015 -218.006 161.35 69.5568 -230.357 163.456 64.5889 -218.099 156.196 57.1176 -230.093 163.485 64.4027 -230.341 161.321 59.4359 -218.026 161.35 59.2501 -230.232 163.456 64.5889 -218.099 163.485 64.4027 -230.341 152.376 68.035 -233.582 148.907 64.408 -230.022 151.042 69.5606 -230.131 150.861 64.3765 -233.484 156.196 71.6933 -230.27 152.383 60.7255 -233.547 151.042 59.254 -230.006 156.031 69.5347 -233.783 156.196 57.1176 -230.093 156.027 59.2297 -233.733 159.662 68.0076 -233.969 159.651 60.7427 -233.934 161.35 69.5568 -230.357 161.35 59.2501 -230.232 163.485 64.4027 -230.341 161.153 64.3699 -234.032 163.485 64.4027 -230.341 161.153 64.3699 -234.032 148.878 64.4207 -253.482 152.269 67.6843 -241.843 150.259 67.8054 -253.741 150.871 64.3007 -241.694 145.821 64.5833 -264.982 153.574 69.2067 -254.443 152.376 68.035 -233.582 150.241 61.0355 -253.818 155.642 69.0828 -242.204 156.031 69.5347 -233.783 152.265 60.9138 -241.845 147.144 61.1998 -265.466 159.662 68.0076 -233.969 150.861 64.3765 -233.484 153.549 59.6327 -254.553 159.013 67.6768 -242.566 152.383 60.7255 -233.547 155.637 59.5078 -242.208 161.153 64.3699 -234.032 156.027 59.2297 -233.733 156.865 61.0341 -255.255 160.408 64.2899 -242.717 159.651 60.7427 -233.934 150.35 59.8018 -266.583 156.882 67.8038 -255.178 159.009 60.9063 -242.569 153.561 61.2078 -267.68 158.245 64.4185 -255.514 161.153 64.3699 -234.032 158.245 64.4185 -255.514 150.353 61.2213 -275.171 160.408 64.2899 -242.717 154.896 64.5947 -268.113 147.304 59.8141 -273.696 151.612 64.6083 -275.78 148.441 61.2126 -278.706 144.251 61.2114 -272.221 145.447 59.8057 -277.131 149.677 64.5997 -279.359 142.983 64.5944 -271.609 142.448 61.2032 -275.555 147.156 67.97 -265.415 141.201 64.5864 -274.903 144.242 67.9816 -272.219 142.437 67.9734 -275.556 147.291 69.3887 -273.693 145.431 69.3804 -277.131 150.367 69.3762 -266.512 148.43 67.9828 -278.706 153.573 67.978 -267.629 150.344 67.9915 -275.168 151.612 64.6083 -275.78 154.896 64.5947 -268.113 149.677 64.5997 -279.359 142.259 69.741 -292.789 143.567 71.873 -280.57 148.05 69.7452 -283.121 137.835 71.8688 -290.14 149.915 64.5944 -284.176 139.092 69.7313 -278.018 144.098 64.5901 -293.888 133.417 69.7272 -287.493 131.592 64.5707 -286.398 137.246 64.5748 -276.959 139.111 59.4241 -278.013 133.431 59.4199 -287.496 137.855 57.292 -290.145 143.594 57.2963 -280.564 142.273 59.4337 -292.793 148.069 59.4379 -283.116 149.915 64.5944 -284.176 144.098 64.5901 -293.888 139.092 69.7313 -278.018 141.201 64.5864 -274.903 142.437 67.9734 -275.556 137.246 64.5748 -276.959 143.567 71.873 -280.57 139.111 59.4241 -278.013 145.431 69.3804 -277.131 142.448 61.2032 -275.555 143.594 57.2963 -280.564 148.43 67.9828 -278.706 145.447 59.8057 -277.131 148.05 69.7452 -283.121 149.677 64.5997 -279.359 148.441 61.2126 -278.706 149.915 64.5944 -284.176 148.069 59.4379 -283.116 149.677 64.5997 -279.359 149.915 64.5944 -284.176 150.515 69.0314 -245.55 147.488 64.3948 -249.856 148.579 64.3292 -245.374 149.414 69.0975 -250.073 154.045 71.0435 -250.651 150.503 59.6235 -245.574 149.395 59.6901 -250.126 155.177 70.9758 -245.998 154.018 57.7396 -250.726 155.161 57.6711 -246.033 158.669 69.0928 -251.251 158.65 59.6855 -251.304 159.835 69.0233 -246.457 159.824 59.6156 -246.481 161.76 64.3178 -246.656 160.576 64.3883 -251.521 158.65 59.6855 -251.304 159.824 59.6156 -246.481 149.395 59.6901 -250.126 158.65 59.6855 -251.304 154.018 57.7396 -250.726 147.488 64.3948 -249.856 159.835 69.0233 -246.457 150.515 69.0314 -245.55 161.76 64.3178 -246.656 155.177 70.9758 -245.998 150.515 50.281 -245.55 147.488 45.6445 -249.856 148.579 45.5787 -245.374 149.414 50.3472 -250.073 154.045 52.2932 -250.651 150.503 40.8732 -245.574 149.395 40.9398 -250.126 155.177 52.2253 -245.998 154.018 38.9893 -250.726 155.161 38.9208 -246.033 158.669 50.3425 -251.251 158.65 40.9351 -251.304 159.835 50.273 -246.457 159.824 40.8652 -246.481 161.76 45.5675 -246.656 160.576 45.6378 -251.521 158.65 40.9351 -251.304 159.824 40.8652 -246.481 149.395 40.9398 -250.126 158.65 40.9351 -251.304 154.018 38.9893 -250.726 147.488 45.6445 -249.856 159.835 50.273 -246.457 150.515 50.281 -245.55 161.76 45.5675 -246.656 155.177 52.2253 -245.998 116.83 150.722 30.5663 114.063 168.297 30.5663 124.234 158.126 30.5663 106.659 160.893 30.5663 116.83 150.722 77.5421 116.83 150.722 30.5663 124.234 158.126 77.5421 124.234 158.126 30.5663 124.234 158.126 77.5421 114.063 168.297 77.5421 116.83 150.722 77.5421 106.659 160.893 77.5421 106.659 160.893 30.5663 106.659 160.893 77.5421 114.063 168.297 30.5663 114.063 168.297 77.5421 -1.94702 59.4984 -232.298 -1.94702 64.3314 -214.261 1.9115 59.4984 -232.298 -1.94702 46.2943 -245.502 1.9115 64.3314 -214.261 1.9115 46.2943 -245.502 -1.94702 59.4984 -196.223 -1.94702 28.2573 -250.335 1.9115 28.2573 -250.335 1.9115 59.4984 -196.223 1.9115 10.2202 -245.502 1.9115 46.2943 -183.019 -1.94702 46.2943 -183.019 -1.94702 10.2202 -245.502 -1.94702 28.2573 -178.186 1.9115 -2.98374 -232.298 -1.94702 -2.98374 -232.298 1.9115 28.2573 -178.186 1.91149 -7.81674 -214.261 -1.94702 10.2203 -183.019 -1.94702 -7.81674 -214.261 1.9115 10.2203 -183.019 1.9115 -2.98373 -196.223 -1.94702 -2.98373 -196.223 1.91149 -7.81674 -214.261 -1.94702 -7.81674 -214.261 -1.94702 -2.98374 -232.298 -4.42323 11.3643 -243.52 -1.94702 10.2202 -245.502 -4.42323 -1.00211 -231.154 -1.94702 -7.81674 -214.261 -1.94702 28.2573 -250.335 -4.42323 -5.52852 -214.26 -4.42322 28.2573 -248.046 -4.42322 45.1503 -243.52 -1.94702 46.2943 -245.502 -1.94702 59.4984 -232.298 -4.42322 57.5168 -231.154 -1.94702 64.3314 -214.261 -4.42322 62.0432 -214.261 -4.42322 57.5168 -197.368 -1.94702 59.4984 -196.223 -4.42322 45.1503 -185.001 -1.94702 46.2943 -183.019 -1.94702 28.2573 -178.186 -4.42322 28.2573 -180.475 -4.42323 11.3644 -185.001 -1.94702 10.2203 -183.019 -1.94702 -2.98373 -196.223 -4.42323 -1.0021 -197.368 -1.94702 -7.81674 -214.261 -4.42323 -5.52852 -214.26 -4.42323 -1.00211 -231.154 -15.7629 12.7188 -241.174 -4.42323 11.3643 -243.52 -15.7629 1.34397 -229.799 -4.42323 -5.52852 -214.26 -4.42322 28.2573 -248.046 -15.7629 -2.81954 -214.26 -15.7629 28.2573 -245.337 -26.9773 16.1616 -235.211 -26.9773 7.30686 -226.356 -15.7629 43.7957 -241.174 -26.9773 4.06589 -214.26 -26.9773 28.2574 -238.452 -4.42322 45.1503 -243.52 -26.9773 40.3531 -235.211 -15.7629 55.1707 -229.799 -4.42322 57.5168 -231.154 -26.9773 49.2078 -226.356 -4.42322 62.0432 -214.261 -15.7629 59.3343 -214.261 -26.9773 52.4489 -214.261 -15.7629 55.1707 -198.722 -26.9773 49.2078 -202.165 -4.42322 57.5168 -197.368 -15.7629 43.7957 -187.347 -26.9773 40.3531 -193.31 -4.42322 45.1503 -185.001 -15.7629 28.2573 -183.184 -4.42322 28.2573 -180.475 -15.7629 12.7188 -187.347 -26.9773 28.2573 -190.069 -4.42323 11.3644 -185.001 -26.9773 16.1616 -193.31 -4.42323 -1.0021 -197.368 -15.7629 1.34398 -198.722 -4.42323 -5.52852 -214.26 -26.9773 7.30686 -202.165 -15.7629 -2.81954 -214.26 -26.9773 4.06589 -214.26 -37.8693 17.1418 -233.513 -32.5756 9.23575 -225.243 -37.8693 9.00467 -225.376 -32.5756 17.2753 -233.282 -37.8693 28.2574 -236.491 -37.8693 6.02628 -214.26 -32.5756 28.2574 -236.225 -32.5756 6.29319 -214.26 -32.5756 39.2393 -233.282 -37.8693 39.3729 -233.513 -32.5756 47.2789 -225.243 -37.8693 47.51 -225.376 -37.8693 50.4884 -214.261 -32.5756 50.2215 -214.261 -32.5756 47.2789 -203.278 -37.8693 47.51 -203.145 -37.8693 39.3729 -195.008 -32.5756 39.2394 -195.239 -37.8693 28.2573 -192.029 -32.5756 28.2573 -192.296 -32.5756 17.2753 -195.239 -37.8693 17.1418 -195.008 -37.8693 9.00467 -203.145 -32.5756 9.23576 -203.279 -37.8693 6.02628 -214.26 -32.5756 6.29319 -214.26 -36.7549 13.2392 -222.931 -37.8693 17.1418 -233.513 -37.8693 9.00467 -225.376 -36.7549 19.5866 -229.279 -36.7549 10.9159 -214.26 -37.8693 28.2574 -236.491 -37.8693 6.02628 -214.26 -36.7549 28.2574 -231.602 -37.8693 9.00467 -203.145 -36.7549 13.2392 -205.59 -36.7549 36.9281 -229.279 -37.8693 17.1418 -195.008 -37.8693 39.3729 -233.513 -36.7549 19.5866 -199.242 -36.7549 43.2755 -222.931 -37.8693 47.51 -225.376 -37.8693 28.2573 -192.029 -36.7549 45.5988 -214.26 -36.7549 28.2573 -196.919 -37.8693 50.4884 -214.261 -36.7549 43.2755 -205.59 -36.7549 36.9281 -199.242 -37.8693 47.51 -203.145 -37.8693 39.3729 -195.008 -26.9773 28.2574 -238.452 -26.9773 16.1616 -235.211 -32.5756 17.2753 -233.282 -32.5756 28.2574 -236.225 -32.5756 39.2393 -233.282 -32.5756 9.23575 -225.243 -26.9773 7.30686 -226.356 -26.9773 40.3531 -235.211 -26.9773 4.06589 -214.26 -32.5756 6.29319 -214.26 -32.5756 47.2789 -225.243 -26.9773 49.2078 -226.356 -26.9773 52.4489 -214.261 -32.5756 50.2215 -214.261 -32.5756 47.2789 -203.278 -26.9773 49.2078 -202.165 -26.9773 40.3531 -193.31 -32.5756 39.2394 -195.239 -26.9773 28.2573 -190.069 -32.5756 28.2573 -192.296 -32.5756 17.2753 -195.239 -26.9773 16.1616 -193.31 -32.5756 9.23576 -203.279 -26.9773 7.30686 -202.165 -26.9773 4.06589 -214.26 -32.5756 6.29319 -214.26 -36.7549 28.2574 -231.602 -36.7549 28.2573 -196.919 -36.7549 36.9281 -229.279 -36.7549 19.5866 -199.242 -36.7549 13.2392 -205.59 -36.7549 43.2755 -222.931 -36.7549 36.9281 -199.242 -36.7549 19.5866 -229.279 -36.7549 45.5988 -214.26 -36.7549 10.9159 -214.26 -36.7549 43.2755 -205.59 -36.7549 13.2392 -222.931 36.7194 36.9281 -199.242 36.7194 45.5988 -214.26 36.7194 43.2755 -205.59 36.7194 43.2755 -222.931 36.7194 28.2574 -196.919 36.7194 36.9281 -229.279 36.7194 28.2573 -231.602 36.7194 19.5866 -199.242 36.7194 13.2392 -205.59 36.7194 19.5866 -229.279 36.7194 10.9159 -214.26 36.7194 13.2392 -222.931 1.9115 -2.98374 -232.298 4.3877 11.3643 -243.52 4.3877 -1.00211 -231.154 1.9115 10.2202 -245.502 1.91149 -7.81674 -214.261 1.9115 28.2573 -250.335 4.3877 -5.52853 -214.26 4.3877 45.1503 -243.52 4.3877 28.2573 -248.046 1.9115 46.2943 -245.502 1.9115 59.4984 -232.298 4.3877 57.5168 -231.154 1.9115 64.3314 -214.261 4.3877 62.0432 -214.261 4.3877 57.5168 -197.368 1.9115 59.4984 -196.223 4.3877 45.1503 -185.001 1.9115 46.2943 -183.019 1.9115 28.2573 -178.186 4.3877 28.2573 -180.475 4.3877 11.3644 -185.001 1.9115 10.2203 -183.019 1.9115 -2.98373 -196.223 4.3877 -1.0021 -197.368 1.91149 -7.81674 -214.261 4.3877 -5.52853 -214.26 4.3877 -1.00211 -231.154 15.7274 12.7188 -241.174 15.7274 1.34396 -229.799 4.3877 11.3643 -243.52 26.9418 16.1616 -235.211 4.3877 28.2573 -248.046 15.7274 28.2573 -245.337 4.3877 -5.52853 -214.26 15.7274 43.7957 -241.174 26.9418 7.30685 -226.356 15.7274 -2.81955 -214.26 4.3877 45.1503 -243.52 26.9418 28.2573 -238.452 26.9418 4.06589 -214.26 15.7274 55.1707 -229.799 26.9418 40.3531 -235.211 4.3877 57.5168 -231.154 26.9418 49.2078 -226.356 4.3877 62.0432 -214.261 15.7274 59.3343 -214.261 15.7274 55.1707 -198.722 26.9418 52.4489 -214.261 26.9418 49.2078 -202.165 4.3877 57.5168 -197.368 15.7274 43.7957 -187.347 4.3877 45.1503 -185.001 26.9418 40.3531 -193.31 4.3877 28.2573 -180.475 15.7274 28.2573 -183.184 15.7274 12.7188 -187.347 4.3877 11.3644 -185.001 26.9418 28.2573 -190.069 4.3877 -1.0021 -197.368 26.9418 16.1616 -193.31 15.7274 1.34397 -198.722 4.3877 -5.52853 -214.26 26.9418 7.30686 -202.165 15.7274 -2.81955 -214.26 26.9418 4.06589 -214.26 37.8338 17.1417 -233.513 32.5401 9.23575 -225.243 32.5401 17.2753 -233.282 37.8338 9.00466 -225.376 37.8338 28.2573 -236.491 37.8338 6.02627 -214.26 32.5401 28.2573 -236.225 32.5401 6.29318 -214.26 32.5401 39.2393 -233.282 37.8338 39.3729 -233.513 32.5401 47.2789 -225.243 37.8338 47.51 -225.376 37.8338 50.4884 -214.261 32.5401 50.2215 -214.261 32.5401 47.2789 -203.278 37.8338 47.51 -203.145 37.8338 39.3729 -195.008 32.5401 39.2393 -195.239 37.8338 28.2573 -192.029 32.5401 28.2573 -192.296 32.5401 17.2753 -195.239 37.8338 17.1418 -195.008 37.8338 9.00467 -203.145 32.5401 9.23575 -203.279 37.8338 6.02627 -214.26 32.5401 6.29318 -214.26 37.8338 9.00466 -225.376 37.8338 17.1417 -233.513 36.7194 13.2392 -222.931 36.7194 10.9159 -214.26 37.8338 6.02627 -214.26 36.7194 19.5866 -229.279 37.8338 9.00467 -203.145 37.8338 28.2573 -236.491 36.7194 13.2392 -205.59 37.8338 17.1418 -195.008 36.7194 28.2573 -231.602 36.7194 19.5866 -199.242 36.7194 36.9281 -229.279 37.8338 28.2573 -192.029 37.8338 39.3729 -233.513 36.7194 28.2574 -196.919 36.7194 43.2755 -222.931 37.8338 39.3729 -195.008 37.8338 47.51 -225.376 36.7194 36.9281 -199.242 36.7194 45.5988 -214.26 36.7194 43.2755 -205.59 37.8338 50.4884 -214.261 37.8338 47.51 -203.145 32.5401 39.2393 -195.239 26.9418 28.2573 -190.069 32.5401 28.2573 -192.296 26.9418 40.3531 -193.31 32.5401 47.2789 -203.278 32.5401 17.2753 -195.239 26.9418 49.2078 -202.165 26.9418 52.4489 -214.261 26.9418 16.1616 -193.31 32.5401 50.2215 -214.261 32.5401 9.23575 -203.279 32.5401 47.2789 -225.243 26.9418 7.30686 -202.165 26.9418 49.2078 -226.356 26.9418 40.3531 -235.211 26.9418 4.06589 -214.26 32.5401 6.29318 -214.26 32.5401 39.2393 -233.282 26.9418 28.2573 -238.452 32.5401 28.2573 -236.225 32.5401 17.2753 -233.282 26.9418 16.1616 -235.211 32.5401 9.23575 -225.243 26.9418 7.30685 -226.356 26.9418 4.06589 -214.26 32.5401 6.29318 -214.26 -41.9871 157.407 7.67308 -44.8655 158.329 95.0943 -37.1589 180.17 18.1973 -37.1589 180.279 113.979 -32.8351 191.706 24.867 -32.8481 191.717 115.148 -27.5946 200.211 29.7845 -37.1589 180.903 141.232 -27.2992 200.779 115.184 -19.3684 208.223 34.4169 -33.7319 191.322 141.232 -19.7342 208.348 115.184 -27.2137 200.849 141.232 -19.8394 208.261 141.232 -10.1247 214.454 38.0192 -9.93921 214.721 141.232 -9.9408 214.721 115.184 -0.000000 218.736 40.495 -0.000001 218.983 115.184 9.94079 214.721 115.184 10.1247 214.454 38.0192 -0.000002 218.983 141.232 19.7342 208.348 115.184 9.93921 214.721 141.232 19.3684 208.223 34.4169 19.8394 208.261 141.232 27.2992 200.779 115.184 27.2137 200.849 141.232 27.5946 200.211 29.7845 32.8481 191.717 115.148 32.8351 191.706 24.867 33.7319 191.322 141.232 37.1589 180.279 113.979 37.1589 180.903 141.232 37.1589 180.17 18.1973 44.8655 158.329 95.0943 41.9871 157.407 7.67308 -32.8351 191.706 24.867 -29.7084 179.146 17.6052 -37.1589 180.17 18.1973 -26.8365 189.474 23.5767 -27.5946 200.211 29.7845 -31.3716 169.48 12.0165 -22.8688 197.216 28.053 -41.9871 157.407 7.67308 -19.3684 208.223 34.4169 -15.9923 204.669 32.3621 -10.1247 214.454 38.0192 -8.0509 210.683 35.839 -0.000000 213.66 37.5602 -0.000000 218.736 40.495 10.1247 214.454 38.0192 8.0509 210.683 35.839 15.9923 204.669 32.3621 19.3684 208.223 34.4169 22.8688 197.216 28.053 27.5946 200.211 29.7845 26.8365 189.474 23.5767 32.8351 191.706 24.867 29.7084 179.146 17.6052 37.1589 180.17 18.1973 31.3716 169.48 12.0165 41.9871 157.407 7.67308 -30.6418 185.62 141.232 -0.000002 180.903 141.232 -0.000002 185.62 141.232 -37.1589 180.903 141.232 -0.000002 180.903 141.232 30.6418 185.62 141.232 37.1589 180.903 141.232 -16.8458 204.582 141.232 -9.93921 214.721 141.232 -19.8394 208.261 141.232 -7.70288 210.548 141.232 -16.8458 204.582 141.232 -27.2137 200.849 141.232 -23.5648 197.829 141.232 -19.8394 208.261 141.232 -29.4604 189.212 141.232 -23.5648 197.829 141.232 -27.2137 200.849 141.232 -33.7319 191.322 141.232 -30.6418 185.62 141.232 -27.3815 186.889 119.338 -29.4604 189.212 141.232 -26.4284 189.122 119.338 -22.583 195.111 119.338 -23.5648 197.829 141.232 -16.0403 202.577 119.338 -16.8458 204.582 141.232 -7.70288 210.548 141.232 -7.1012 208.403 119.338 -0.000002 213.849 141.232 -0.000001 211.445 119.338 -0.000002 185.62 141.232 -27.3815 186.889 119.338 -30.6418 185.62 141.232 -0.000001 186.889 119.338 27.3815 186.889 119.338 30.6418 185.62 141.232 -40.6321 149.791 87.7483 -31.7622 163.546 32.1438 -31.7622 167.631 103.098 -42.3333 144.987 25.7516 -15.89 171.504 32.1438 -15.89 175.521 109.885 -0.000000 176.699 32.1438 -0.000001 176.941 111.107 15.89 175.521 109.885 15.89 171.504 32.1438 31.7622 167.631 103.098 31.7622 163.546 32.1438 40.6321 149.791 87.7483 42.3333 144.987 25.7516 -16.7394 187.932 59.5437 -7.4903 190.368 59.5437 -8.56622 184.71 59.4662 -16.6155 194.049 59.6724 -18.5398 180.793 54.6866 -0.000000 185.768 58.6181 -7.5838 196.775 59.7818 -26.9324 182.655 59.5437 -0.000000 190.608 59.5437 -16.3146 203.696 59.9851 -27.1203 174.623 49.6075 7.4903 190.368 59.5437 -7.86078 209.738 60.4873 -22.3064 196.102 59.6493 8.56622 184.71 59.4662 -0.000000 197.543 59.8945 -25.1695 189.925 59.4307 16.7394 187.932 59.5437 7.58379 196.775 59.7818 18.5398 180.793 54.6866 16.6155 194.049 59.6724 26.9324 182.655 59.5437 16.3146 203.696 59.9851 27.1203 174.623 49.6075 25.1695 189.925 59.4307 22.3064 196.102 59.6493 7.86078 209.738 60.4873 -0.000000 212.533 60.6528 -183.245 99.3627 84.5079 -171.163 93.4445 90.7967 -169.822 95.7662 84.5079 -183.245 96.6818 90.7967 -195.327 93.4445 90.7967 -159.996 85.9402 84.5079 -162.318 84.5998 90.7967 -196.667 95.7662 84.5079 -156.4 72.5178 84.5079 -159.081 72.5178 90.7967 -206.493 85.9402 84.5079 -162.318 60.4357 90.7967 -159.996 59.0953 84.5079 -204.172 84.5998 90.7967 -169.822 49.2694 84.5079 -210.09 72.5178 84.5079 -207.409 72.5178 90.7967 -171.163 51.5911 90.7967 -204.172 60.4357 90.7967 -183.245 45.6728 84.5079 -183.245 48.3537 90.7967 -206.493 59.0953 84.5079 -196.667 49.2694 84.5079 -195.327 51.5911 90.7967 -183.245 45.6728 84.5079 -183.245 48.3537 90.7967 -183.245 96.6818 90.7967 -183.245 101.278 107.971 -171.163 93.4445 90.7967 -195.327 93.4445 90.7967 -168.865 97.4245 107.971 -197.625 97.4245 107.971 -162.318 84.5998 90.7967 -204.172 84.5998 90.7967 -208.151 86.8977 107.971 -158.338 86.8977 107.971 -212.005 72.5178 107.971 -154.485 72.5178 107.971 -159.081 72.5178 90.7967 -207.409 72.5178 90.7967 -162.318 60.4357 90.7967 -204.172 60.4357 90.7967 -158.338 58.1378 107.971 -208.151 58.1378 107.971 -168.865 47.611 107.971 -197.625 47.611 107.971 -171.163 51.5911 90.7967 -195.327 51.5911 90.7967 -183.245 43.7579 107.971 -183.245 43.7579 107.971 -183.245 48.3537 90.7967 -183.245 48.3537 90.7967 -168.865 97.4245 107.971 -183.245 101.278 107.971 -183.245 95.5329 107.971 -171.737 92.4494 107.971 -197.625 97.4245 107.971 -194.752 92.4494 107.971 -208.151 86.8977 107.971 -203.177 84.0253 107.971 -212.005 72.5178 107.971 -206.26 72.5178 107.971 -208.151 58.1378 107.971 -203.177 61.0102 107.971 -194.752 52.5861 107.971 -197.625 47.611 107.971 -183.245 49.5026 107.971 -183.245 43.7579 107.971 -168.865 47.611 107.971 -171.737 52.5861 107.971 -158.338 58.1378 107.971 -171.737 52.5861 107.971 -163.313 61.0102 107.971 -154.485 72.5178 107.971 -163.313 61.0102 107.971 -158.338 58.1378 107.971 -160.23 72.5178 107.971 -176.248 76.5572 92.1603 -160.23 72.5178 107.971 -163.313 84.0253 107.971 -175.166 72.5178 92.1603 -171.737 92.4494 107.971 -179.205 79.5142 92.1603 -176.248 68.4783 92.1603 -183.245 95.5329 107.971 -163.313 61.0102 107.971 -183.245 80.5966 92.1603 -171.737 52.5861 107.971 -179.205 65.5213 92.1603 -183.245 49.5026 107.971 -183.245 64.4389 92.1603 -187.284 65.5213 92.1603 -194.752 52.5861 107.971 -203.177 61.0102 107.971 -190.241 68.4784 92.1603 -206.26 72.5178 107.971 -191.324 72.5178 92.1603 -190.241 76.5572 92.1603 -203.177 84.0253 107.971 -194.752 92.4494 107.971 -187.284 79.5142 92.1603 -183.245 95.5329 107.971 -183.245 80.5966 92.1603 -183.245 64.4389 92.1603 -183.245 80.5966 92.1603 -187.284 79.5142 92.1603 -179.205 79.5142 92.1603 -187.284 65.5213 92.1603 -179.205 65.5213 92.1603 -190.241 68.4784 92.1603 -176.248 68.4783 92.1603 -190.241 76.5572 92.1603 -191.324 72.5178 92.1603 -176.248 76.5572 92.1603 -175.166 72.5178 92.1603 45.7851 132.354 99.1093 39.839 88.9139 242.442 45.7851 88.9139 242.442 38.5178 132.354 99.1093 -46.6745 46.8445 269.483 -36.6999 57.0591 262.646 -36.6999 46.8445 269.483 -46.6745 89.0331 243.112 -36.6999 89.0331 243.112 -37.8146 50.3332 266.469 -34.6617 55.9176 277.264 -37.4295 58.8107 261.06 -35.0176 48.6708 276.324 23.4684 36.0922 199.353 -26.9188 60.8494 208.117 -25.6045 36.0775 199.358 26.3711 60.8541 208.223 35.5911 58.8107 261.06 32.823 55.9176 277.264 36.0376 50.365 266.474 33.2357 48.7028 276.33 116.424 165.594 1.63037 107.866 183.748 1.63037 121.183 170.353 1.63037 102.96 178.842 1.63038 46.7346 52.9833 279.44 36.6999 46.8445 269.483 46.7346 46.8445 269.483 36.6999 52.9833 279.44 -36.6999 63.1023 276.045 -46.6745 52.9833 279.44 -36.6999 52.9833 279.44 -46.6745 121.807 256.348 36.6999 63.6047 275.876 46.7346 121.807 256.348 46.7346 52.9833 279.44 36.6999 52.9833 279.44 36.6999 63.6047 275.876 -36.6999 61.8337 269.73 36.6999 61.8337 269.73 -36.6999 63.1023 276.045 -40.4131 132.354 99.1093 -41.6774 88.9139 242.442 -37.4295 92.5923 91.1633 -37.4295 58.8107 261.06 -35.0176 48.6708 276.324 32.823 55.9176 277.264 -34.6617 55.9176 277.264 33.2357 48.7028 276.33 -36.6999 119.179 250.777 36.6999 119.179 250.777 36.6999 61.8337 269.73 -36.6999 61.8337 269.73 160.205 110.108 68.9168 160.408 110.193 -68.9922 110.033 102.952 46.3576 189.341 108.279 -50.9508 189.341 108.194 78.7991 109.688 103.038 -97.6982 206.116 101.26 -41.6142 206.116 101.175 75.9322 215.645 94.5822 70.9676 215.479 94.7695 -37.6855 221.219 87.8572 66.5388 221.477 87.3338 -36.8113 224.301 79.1975 60.0025 223.942 79.0574 -37.8352 225.784 67.2659 48.101 225.007 67.7495 -40.032 224.079 56.2584 36.1515 222.446 56.3438 -43.0262 210.79 38.8658 17.8818 210.79 38.887 -47.2394 189.341 108.279 -50.9508 189.941 75.1336 -77.5216 175.945 81.3646 -85.2001 206.116 101.26 -41.6142 160.408 110.193 -68.9922 198.414 71.1351 -71.5949 153.253 87.2225 -96.8653 215.479 94.7695 -37.6855 109.688 103.038 -97.6982 221.477 87.3338 -36.8113 113.757 84.5781 -119.794 206.684 66.0634 -67.0549 223.942 79.0574 -37.8352 211.91 61.5797 -63.1794 225.007 67.7495 -40.032 213.974 52.6232 -60.7938 222.446 56.3438 -43.0262 213.224 46.1016 -60.4349 210.79 38.887 -47.2394 201.197 34.771 -65.4535 160.205 110.108 68.9168 110.033 102.952 46.3576 159.994 78.7523 63.037 187.587 79.2639 69.7173 189.341 108.194 78.7991 110.94 71.5967 42.9477 182.789 68.9819 62.3084 206.116 101.175 75.9322 160.619 68.4618 57.2461 198.477 67.4177 59.2114 178.684 57.048 53.9151 110.422 61.3062 38.6709 202.369 79.6741 68.5885 195.821 56.2584 50.8859 160.548 57.7695 50.1661 207.003 56.2584 45.1837 163.789 37.8958 37.4721 215.645 94.5822 70.9676 211.634 67.3741 55.4636 186.545 37.8957 33.0905 213.492 79.4203 64.7617 225.784 67.2659 48.101 176.238 37.8958 37.3965 221.219 87.8572 66.5388 224.079 56.2584 36.1515 224.301 79.1975 60.0025 210.79 38.8658 17.8818 110.086 37.8958 22.8463 197.721 37.8957 26.4572 110.06 52.0959 32.692 197.721 37.8957 26.4572 210.79 38.887 -47.2394 210.79 38.8658 17.8818 201.197 34.771 -65.4535 197.721 37.8957 26.4572 188.185 34.771 -72.7304 201.197 34.771 -65.4535 186.545 37.8957 33.0905 188.185 34.771 -72.7304 176.238 37.8958 37.3965 176.823 34.771 -78.1748 186.545 37.8957 33.0905 176.823 34.771 -78.1748 163.789 37.8958 37.4721 163.225 34.7711 -83.6582 176.238 37.8958 37.3965 163.225 34.7711 -83.6582 110.086 37.8958 22.8463 109.321 34.7711 -108.784 163.789 37.8958 37.4721 156.4 72.5179 84.5079 159.996 85.9402 62.6269 156.4 72.5178 60.2706 159.996 85.9402 84.5079 159.996 59.0953 84.5079 169.822 95.7662 66.8894 159.996 59.0953 53.3355 169.822 95.7662 84.5079 169.822 49.2694 84.5079 183.245 99.3628 73.118 169.822 49.2694 42.8472 183.245 99.3628 84.5079 183.245 45.6728 84.5079 196.667 95.7662 84.5079 183.245 45.6728 36.7359 196.667 95.7662 71.4555 206.493 85.9402 84.5079 206.493 85.9402 65.9143 210.09 72.5179 84.5079 210.09 72.5179 56.8132 206.493 59.0953 84.5079 206.493 59.0953 46.6712 196.667 49.2694 84.5079 196.667 49.2694 38.6285 183.245 45.6728 84.5079 183.245 45.6728 36.7359 159.996 85.9402 84.5079 156.4 72.5179 84.5079 162.318 84.5998 90.7967 171.163 93.4445 90.7967 169.822 95.7662 84.5079 159.081 72.5179 90.7967 183.245 99.3628 84.5079 183.245 96.6819 90.7967 162.318 60.4358 90.7967 195.327 93.4445 90.7967 159.996 59.0953 84.5079 169.822 49.2694 84.5079 196.667 95.7662 84.5079 171.163 51.5912 90.7967 206.493 85.9402 84.5079 204.172 84.5998 90.7967 183.245 45.6728 84.5079 210.09 72.5179 84.5079 183.245 48.3537 90.7967 207.409 72.5179 90.7967 204.172 60.4358 90.7967 206.493 59.0953 84.5079 196.667 49.2694 84.5079 195.327 51.5912 90.7967 183.245 45.6728 84.5079 183.245 48.3537 90.7967 162.318 84.5998 90.7967 154.485 72.5179 107.971 158.338 86.8977 107.971 159.081 72.5179 90.7967 168.865 97.4245 107.971 162.318 60.4358 90.7967 171.163 93.4445 90.7967 158.338 58.1378 107.971 183.245 101.278 107.971 168.865 47.6111 107.971 183.245 96.6819 90.7967 171.163 51.5912 90.7967 195.327 93.4445 90.7967 183.245 43.7579 107.971 197.625 97.4245 107.971 183.245 48.3537 90.7967 204.172 84.5998 90.7967 208.152 86.8977 107.971 212.005 72.5179 107.971 207.409 72.5179 90.7967 204.172 60.4358 90.7967 208.152 58.1378 107.971 197.625 47.6111 107.971 195.327 51.5912 90.7967 183.245 43.7579 107.971 183.245 48.3537 90.7967 158.338 86.8977 107.971 160.23 72.5179 107.971 163.313 84.0254 107.971 154.485 72.5179 107.971 171.737 92.4494 107.971 158.338 86.8977 107.971 163.313 84.0254 107.971 168.865 97.4245 107.971 183.245 95.5329 107.971 171.737 92.4494 107.971 183.245 101.278 107.971 197.625 97.4245 107.971 194.752 92.4494 107.971 208.152 86.8977 107.971 203.177 84.0254 107.971 212.005 72.5179 107.971 206.26 72.5179 107.971 203.177 61.0102 107.971 208.152 58.1378 107.971 194.752 52.5862 107.971 197.625 47.6111 107.971 183.245 49.5027 107.971 183.245 43.7579 107.971 168.865 47.6111 107.971 171.737 52.5862 107.971 171.737 52.5862 107.971 158.338 58.1378 107.971 163.313 61.0102 107.971 163.313 61.0102 107.971 158.338 58.1378 107.971 176.248 76.5572 92.1603 163.313 84.0254 107.971 160.23 72.5179 107.971 171.737 92.4494 107.971 175.166 72.5179 92.1603 179.205 79.5143 92.1603 176.248 68.4784 92.1603 183.245 95.5329 107.971 163.313 61.0102 107.971 183.245 80.5966 92.1603 171.737 52.5862 107.971 179.205 65.5213 92.1603 183.245 49.5027 107.971 183.245 64.4389 92.1603 187.284 65.5213 92.1603 194.752 52.5862 107.971 203.177 61.0102 107.971 190.241 68.4784 92.1603 206.26 72.5179 107.971 191.324 72.5179 92.1603 190.241 76.5572 92.1603 203.177 84.0254 107.971 194.752 92.4494 107.971 187.284 79.5143 92.1603 183.245 95.5329 107.971 183.245 80.5966 92.1603 183.245 80.5966 92.1603 183.245 64.4389 92.1603 187.284 79.5143 92.1603 179.205 79.5143 92.1603 187.284 65.5213 92.1603 179.205 65.5213 92.1603 190.241 68.4784 92.1603 190.241 76.5572 92.1603 176.248 68.4784 92.1603 191.324 72.5179 92.1603 176.248 76.5572 92.1603 175.166 72.5179 92.1603 -13.4368 185.611 138.604 -16.1558 205.412 138.604 -16.1558 185.611 138.604 -13.4368 206.891 138.604 1.74597 184.78 138.61 -1.7171 214.076 138.61 -1.76318 184.78 138.61 1.79211 214.076 138.61 16.1558 205.245 138.604 13.4368 185.611 138.604 16.1558 185.611 138.604 13.4368 206.891 138.604 -16.1558 185.611 138.604 -17.1115 202.974 116.796 -17.1115 186.904 116.796 -16.1558 205.412 138.604 -13.4368 185.611 138.604 -12.4811 205.228 116.796 -13.4368 206.891 138.604 -12.4811 186.904 116.796 -3.01282 186.603 116.802 -1.7171 214.076 138.61 -2.93433 214.076 116.802 -1.76318 184.78 138.61 1.79211 214.076 138.61 1.74597 184.78 138.61 2.96332 186.603 116.802 3.04181 214.076 116.802 13.4368 185.611 138.604 12.4811 203.962 116.796 12.4811 186.83 116.796 13.4368 206.891 138.604 16.1558 185.611 138.604 17.1115 201.708 116.796 16.1558 205.245 138.604 17.1115 186.83 116.796 -83.3798 102.948 113.237 -80.8824 160.878 97.7608 -83.6578 154.616 110.502 -81.0965 95.4223 102.384 -83.0924 96.4611 113.064 -99.5888 160.839 142.684 -99.1813 102.779 145.563 -101.762 96.5341 151.239 -98.3622 154.585 140.575 -103.28 152.729 150.75 -100.456 149.984 145.152 -92.0949 102.79 99.6648 -83.6578 154.616 110.502 -92.3729 154.458 96.9297 -83.3798 102.948 113.237 -83.6578 154.616 110.502 -98.3622 154.585 140.575 -107.077 154.427 127.003 -92.3729 154.458 96.9297 -107.077 154.427 127.003 -98.3622 154.585 140.575 -109.171 149.826 131.58 -100.456 149.984 145.152 -99.1813 102.779 145.563 -109.171 149.826 131.58 -100.456 149.984 145.152 -107.896 102.621 131.99 -107.896 102.621 131.99 -83.3798 102.948 113.237 -92.0949 102.79 99.6648 -99.1813 102.779 145.563 -100.592 154.465 112.07 -95.1705 101.872 132.33 -100.592 101.714 112.07 -95.1705 154.623 132.33 -98.0928 101.852 135.281 -103.704 154.446 119.6 -103.704 101.694 119.6 -98.0928 154.604 135.281 -95.1705 101.872 132.33 -98.0928 154.604 135.281 -98.0928 101.852 135.281 -95.1705 154.623 132.33 -94.2902 154.465 99.0467 -88.8689 101.872 119.306 -94.2902 101.714 99.0467 -88.8689 154.623 119.306 -91.7913 101.852 122.258 -97.402 154.446 106.577 -97.402 101.694 106.577 -91.7913 154.604 122.258 -88.8689 101.872 119.306 -91.7913 154.604 122.258 -91.7913 101.852 122.258 -88.8689 154.623 119.306 -40.7543 66.7882 -35.783 -47.0363 98.4797 -131.832 -47.0365 160.908 -62.3249 -47.0364 32.2062 -109.959 -39.6712 160.851 97.3277 -41.4348 95.4012 102.056 -40.4131 141.711 -44.4967 -44.907 69.7492 -43.458 -35.0778 69.7492 -43.458 -44.907 141.711 -44.4967 38.5178 141.711 -44.4967 33.2393 69.7492 -43.458 44.907 69.7492 -43.458 44.907 141.711 -44.4967 -40.4131 132.354 99.1093 -37.4295 92.5923 91.1633 -43.7788 92.5923 91.1633 -43.7788 132.354 99.1093 38.5178 132.354 99.1093 43.7788 92.5923 91.1633 35.5911 92.5923 91.1633 43.7788 132.354 99.1093 114.482 98.273 -84.6812 114.482 62.0101 -46.8778 114.482 62.0128 -77.7805 114.482 107.276 -37.567 116.717 98.2887 -91.1317 114.482 127.816 -47.4798 116.717 57.9775 -81.9724 114.482 62.0074 39.562 114.482 127.79 -36.8952 114.482 116.279 79.5961 114.482 127.765 69.7047 71.6836 42.7929 -114.345 81.0731 32.2062 -109.959 71.6836 32.2062 -109.959 81.0731 42.7929 -114.345 54.9235 42.7929 -114.345 97.8331 42.7929 -114.345 71.6834 98.5115 -131.861 47.0364 32.2062 -109.959 110.549 32.2062 -109.959 81.0728 98.5237 -131.872 47.0363 98.4797 -131.832 110.549 98.5617 -131.906 97.8328 98.5453 -131.891 54.9234 98.4899 -131.842 71.6836 160.851 97.3277 45.8575 160.899 -36.8347 39.6712 160.851 97.3277 71.6836 160.899 -37.0993 81.4206 160.899 -37.0996 47.0365 160.908 -62.3249 80.8824 160.878 97.7608 81.073 160.952 -62.3643 71.6836 160.94 -62.3535 110.549 160.899 -37.1004 110.549 160.99 -62.3986 110.549 160.851 104.826 99.5888 160.839 142.684 110.549 160.851 142.871 71.6836 32.2017 -48.0546 47.0364 32.2062 -109.959 71.6836 32.2062 -109.959 47.0364 32.2017 -48.0546 81.0731 32.2062 -109.959 47.0364 32.1971 23.7206 81.4206 32.2017 -48.0546 71.6836 32.1971 23.7206 81.7682 32.1971 23.7206 110.549 32.2062 -109.959 110.549 32.2017 -48.0546 110.549 32.1971 23.7206 110.549 32.1971 71.7428 81.7682 32.1971 71.7428 83.5752 51.3161 -84.9901 83.5752 98.3363 -98.0609 95.3309 98.3363 -98.0609 95.3309 51.3161 -84.9901 71.6836 42.7929 -114.345 69.1814 51.3161 -84.9901 69.1814 98.3363 -98.0609 71.6834 98.5115 -131.861 71.6838 152.647 -71.5871 69.1814 146.188 -39.1367 54.9237 152.625 -71.5676 69.1814 146.188 -39.1367 57.4258 146.188 -39.1367 71.6838 152.647 -71.5871 54.9237 152.625 -71.5676 57.4258 98.3363 -98.0609 54.9234 98.4899 -131.842 57.4258 146.188 -39.1367 54.9235 42.7929 -114.345 57.4258 51.3161 -84.9901 57.4258 51.3161 -84.9901 71.6836 42.7929 -114.345 54.9235 42.7929 -114.345 69.1814 51.3161 -84.9901 81.0734 152.555 -71.7136 83.5752 98.3363 -98.0609 81.0728 98.5237 -131.872 83.5752 146.188 -39.1367 81.0731 42.7929 -114.345 83.5752 51.3161 -84.9901 81.0731 42.7929 -114.345 83.5752 51.3161 -84.9901 95.3309 51.3161 -84.9901 97.8331 42.7929 -114.345 97.8331 42.7929 -114.345 95.3309 51.3161 -84.9901 95.3309 98.3363 -98.0609 97.8328 98.5453 -131.891 97.8332 152.679 -71.6192 95.3309 146.188 -39.1367 97.8332 152.679 -71.6192 83.5752 146.188 -39.1367 81.0734 152.555 -71.7136 95.3309 146.188 -39.1367 83.5752 98.3363 -98.0609 83.5752 146.188 -39.1367 95.3309 98.3363 -98.0609 95.3309 146.188 -39.1367 47.0363 98.4797 -131.832 47.0365 160.908 -62.3249 54.9237 152.625 -71.5676 54.9234 98.4899 -131.842 71.6836 160.94 -62.3535 71.6838 152.647 -71.5871 81.073 160.952 -62.3643 81.0734 152.555 -71.7136 71.6834 98.5115 -131.861 97.8332 152.679 -71.6192 81.0728 98.5237 -131.872 110.549 160.99 -62.3986 110.549 98.5617 -131.906 97.8328 98.5453 -131.891 110.549 152.724 150.667 110.549 96.4814 150.414 116.717 148.027 147.356 116.717 99.7764 147.107 116.717 148.027 147.356 116.717 156.154 138.805 110.549 152.724 150.667 110.549 160.851 142.871 110.549 96.4814 150.414 110.549 96.5025 113.712 116.717 99.7764 147.107 116.717 99.1959 109.527 116.717 57.9775 -81.9724 116.717 57.9745 -46.9136 116.717 36.9017 -47.9359 116.717 36.906 -104.855 116.717 98.3821 -124.354 116.717 36.8975 23.4657 116.717 57.9716 42.2915 116.717 98.2887 -91.1317 116.717 36.8975 68.553 116.717 99.1959 109.527 116.717 156.231 -58.8258 116.717 116.251 86.0657 116.717 131.853 -50.5026 116.717 156.154 103.744 116.717 156.192 -37.0393 116.717 131.798 74.0396 116.717 156.154 138.805 116.717 131.826 -36.863 116.717 148.027 147.356 116.717 99.7764 147.107 116.717 131.826 -36.863 114.482 127.765 69.7047 114.482 127.79 -36.8952 116.717 131.798 74.0396 114.482 127.816 -47.4798 116.717 131.853 -50.5026 114.482 116.279 79.5961 116.717 57.9716 42.2915 114.482 62.0074 39.562 116.717 116.251 86.0657 114.482 62.0074 39.562 116.717 57.9745 -46.9136 114.482 62.0101 -46.8778 116.717 57.9716 42.2915 114.482 62.0128 -77.7805 116.717 57.9775 -81.9724 110.549 32.2017 -48.0546 110.549 32.2062 -109.959 116.717 36.906 -104.855 116.717 36.9017 -47.9359 116.717 36.8975 23.4657 110.549 32.1971 23.7206 116.717 36.8975 68.553 110.549 32.1971 71.7428 110.549 96.5025 113.712 110.549 96.4814 150.414 101.762 96.5341 151.239 83.0924 96.4611 113.064 107.077 154.427 127.003 92.0949 102.79 99.6648 109.171 149.826 131.579 92.3729 154.458 96.9297 107.896 102.621 131.99 71.6836 160.851 97.3277 71.6836 95.4013 102.056 81.0965 95.4223 102.384 41.4348 95.4013 102.056 80.8824 160.878 97.7608 39.6712 160.851 97.3277 81.0965 95.4223 102.384 81.7682 32.1971 23.7206 81.7682 32.1971 71.7428 83.0924 96.4611 113.064 71.6836 95.4013 102.056 81.7682 32.1971 23.7206 81.0965 95.4223 102.384 71.6836 32.1971 23.7206 47.0364 32.1971 23.7206 41.4348 95.4013 102.056 116.717 156.154 138.805 116.717 156.154 103.744 110.549 160.851 104.826 110.549 160.851 142.871 110.549 160.899 -37.1004 116.717 156.192 -37.0393 116.717 156.231 -58.8258 110.549 160.99 -62.3986 110.549 98.5617 -131.906 110.549 160.99 -62.3986 116.717 98.3821 -124.354 116.717 156.231 -58.8258 83.0924 96.4611 113.064 110.549 32.1971 71.7428 110.549 96.5025 113.712 81.7682 32.1971 71.7428 110.549 32.2062 -109.959 110.549 98.5617 -131.906 116.717 36.906 -104.855 116.717 98.3821 -124.354 110.549 160.851 142.871 103.28 152.729 150.75 110.549 152.724 150.667 99.5888 160.839 142.684 57.4258 98.3363 -98.0609 57.4258 146.188 -39.1367 69.1814 146.188 -39.1367 69.1814 98.3363 -98.0609 110.549 96.4814 150.414 110.549 152.724 150.667 103.28 152.729 150.75 101.762 96.5341 151.239 110.549 96.5025 113.712 116.717 36.8975 68.553 116.717 99.1959 109.527 110.549 32.1971 71.7428 116.717 98.2887 -91.1317 116.717 131.853 -50.5026 114.482 98.273 -84.6812 114.482 127.816 -47.4798 114.482 116.279 79.5961 116.717 131.798 74.0396 116.717 116.251 86.0657 114.482 127.765 69.7047 83.3798 102.948 113.237 80.8824 160.878 97.7608 81.0965 95.4223 102.384 83.6578 154.616 110.502 83.0924 96.4611 113.064 99.1813 102.779 145.563 99.5888 160.839 142.684 101.762 96.5341 151.239 98.3622 154.585 140.575 103.28 152.729 150.75 100.456 149.984 145.152 92.0949 102.79 99.6648 83.6578 154.616 110.502 83.3798 102.948 113.237 92.3729 154.458 96.9297 83.6578 154.616 110.502 107.077 154.427 127.003 98.3622 154.585 140.575 92.3729 154.458 96.9297 98.3622 154.585 140.575 109.171 149.826 131.579 100.456 149.984 145.152 107.077 154.427 127.003 99.1813 102.779 145.563 109.171 149.826 131.579 107.896 102.621 131.99 100.456 149.984 145.152 83.3798 102.948 113.237 107.896 102.621 131.99 92.0949 102.79 99.6648 99.1813 102.779 145.563 47.0363 98.4797 -131.832 40.7543 66.7882 -35.783 47.0365 160.908 -62.3249 47.0364 32.2062 -109.959 39.6712 160.851 97.3277 41.4348 95.4012 102.056 -21.0752 -13.4376 -81.6191 -21.618 -4.08993 -123.117 -21.0752 -13.4377 -135.341 -21.618 -4.08992 -86.1793 -18.2517 -20.6653 -78.7542 -18.2517 -20.6653 -145.056 -10.5376 -25.9564 -76.9593 -10.5376 -25.9565 -149.917 0.000001 -27.8931 -76.3038 0.000003 -27.8932 -152.684 10.5376 -25.9565 -149.917 10.5376 -25.9564 -76.9593 18.2517 -20.6653 -145.056 18.2517 -20.6653 -78.7542 21.0752 -13.4377 -135.341 21.0752 -13.4376 -81.619 21.618 -4.08993 -123.117 21.618 -4.08992 -86.1793 21.4254 -4.08064 -76.4853 21.0752 -8.36219 -65.6586 21.0752 -11.721 -73.6505 21.0752 -4.06379 -63.6565 21.0752 -13.4376 -81.619 18.2517 -17.8989 -69.0665 18.2517 -12.0576 -55.8421 18.2517 -20.6653 -78.7542 10.5376 -23.2943 -65.5774 18.2517 -4.01831 -47.8586 10.5376 -25.9564 -76.9593 10.5376 -14.729 -47.4113 10.5376 -3.96557 -34.4862 0.000001 -27.8931 -76.3038 0.000001 -25.2564 -63.9735 0.000001 -15.7127 -43.5991 -10.5376 -23.2977 -65.5728 -10.5376 -14.7298 -47.3674 0.000000 -3.91979 -28.1873 -10.5376 -25.9564 -76.9593 -10.5376 -3.96411 -34.403 -18.2517 -17.9052 -69.0571 -18.2517 -12.0597 -55.7805 -18.2517 -20.6653 -78.7542 -18.2517 -4.01617 -47.7451 -21.0752 -8.36573 -65.6094 -21.0752 -4.0622 -63.5734 -21.0752 -11.7297 -73.6353 -21.0752 -13.4376 -81.6191 -21.4264 -4.08009 -76.4852 -21.618 -4.08992 -86.1793 -29.1908 38.6003 16.1053 -28.9136 31.8107 25.1483 -29.1419 38.7064 23.3365 -28.9136 31.4942 9.75984 -25.5013 24.3626 28.434 -25.5013 24.1419 2.74 -18.149 20.9042 29.9546 -18.149 20.7296 -0.021163 -10.7966 24.1419 2.74 -10.7966 24.3644 28.4323 -7.38428 31.4942 9.75984 -7.38428 31.8139 25.1444 -7.10712 38.6003 16.1053 -7.15631 38.7064 23.3365 -7.38428 45.8323 54.8172 -7.38428 31.8139 25.1444 -7.15631 38.7064 23.3365 -10.7966 24.3644 28.4323 -7.38428 49.0324 53.6069 -10.7966 41.8924 58.0406 -18.149 20.9042 29.9546 -18.149 38.8669 61.3029 -25.5013 41.8821 58.0655 -25.5013 24.3626 28.434 -18.149 55.2048 71.7115 -28.9136 45.8384 54.8417 -25.5013 52.9043 65.5441 -10.7966 41.8924 58.0406 -28.9136 31.8107 25.1483 -28.9136 45.8384 54.8417 -10.7966 52.886 65.4974 -29.1419 38.7064 23.3365 -28.9136 49.0481 53.6464 -7.38428 45.8323 54.8172 -28.9136 49.0481 53.6464 -7.38428 49.0324 53.6069 7.10712 38.6003 16.1053 7.3844 31.8107 25.1483 7.15613 38.7064 23.3365 7.38441 31.4942 9.75984 10.7966 24.3626 28.434 10.7966 24.1419 2.74 18.149 20.9042 29.9546 18.149 20.7296 -0.021162 25.5014 24.1419 2.74 25.5014 24.3644 28.4323 28.9136 31.4942 9.75984 28.9136 31.814 25.1444 29.1908 38.6003 16.1053 29.1417 38.7064 23.3365 28.9136 45.8323 54.8172 28.9136 31.814 25.1444 29.1417 38.7064 23.3365 25.5014 24.3644 28.4323 28.9136 49.0326 53.6069 25.5014 41.8924 58.0406 18.149 20.9042 29.9546 18.149 38.8669 61.3029 18.149 55.2048 71.7115 10.7966 41.8821 58.0655 10.7966 24.3626 28.434 25.5014 52.886 65.4974 7.3844 45.8384 54.8417 10.7966 52.9043 65.5441 7.3844 31.8107 25.1483 28.9136 45.8323 54.8172 7.3844 49.0481 53.6464 7.15613 38.7064 23.3365 28.9136 49.0326 53.6069 138.799 12.9246 -208.143 139.704 12.9921 -217.558 142.094 9.13245 -217.469 141.108 9.06342 -207.51 142.069 9.20154 -229.158 139.676 13.0595 -229.158 123.938 13.4991 -283.682 130.33 9.42614 -274.972 128.512 13.5239 -274.252 125.598 9.40142 -284.714 135.139 9.45093 -263.329 133.348 13.5486 -262.548 138.799 12.9246 -208.143 148.258 19.6183 -217.433 139.704 12.9921 -217.558 146.944 19.543 -205.294 139.676 13.0595 -229.158 148.242 19.6937 -230.138 142.069 9.20154 -229.158 151.834 13.8438 -217.301 142.094 9.13245 -217.469 151.822 13.9211 -230.138 141.108 9.06342 -207.51 150.4 13.7665 -204.346 139.516 9.43116 -246.405 137.111 9.15454 -256.991 149.52 13.0345 -248.413 140.901 9.70782 -235.989 146.849 12.7244 -260.273 151.15 13.3447 -236.297 138.952 13.806 -235.857 146.62 19.166 -248.048 137.578 13.5294 -246.161 148.233 19.4761 -236.101 135.177 13.2526 -256.714 143.956 18.8558 -259.858 133.621 13.0148 -291.111 139.787 13.0425 -278.788 125.598 9.40142 -284.714 130.33 9.42614 -274.972 135.139 9.45093 -263.329 144.918 13.0702 -266.433 133.348 13.5486 -262.548 137.068 19.1735 -277.711 128.512 13.5239 -274.252 142.237 19.2011 -265.265 123.938 13.4991 -283.682 131.138 19.1456 -289.567 142.069 9.20154 -229.158 148.242 19.6937 -230.138 151.822 13.9211 -230.138 139.676 13.0595 -229.158 146.849 12.7244 -260.273 135.177 13.2526 -256.714 143.956 18.8558 -259.858 137.111 9.15454 -256.991 137.578 13.5294 -246.161 140.901 9.70782 -235.989 138.952 13.806 -235.857 139.516 9.43116 -246.405 135.177 13.2526 -256.714 137.111 9.15454 -256.991 123.938 13.4991 -283.682 133.621 13.0148 -291.111 125.598 9.40142 -284.714 131.138 19.1456 -289.567 150.4 13.7665 -204.346 146.944 19.543 -205.294 138.799 12.9246 -208.143 141.108 9.06342 -207.51 133.348 13.5486 -262.548 144.918 13.0702 -266.433 142.237 19.2011 -265.265 135.139 9.45093 -263.329 151.15 13.3447 -236.297 138.952 13.806 -235.857 140.901 9.70782 -235.989 148.233 19.4761 -236.101 -141.108 9.06346 -207.51 -142.094 9.13249 -217.469 -138.799 12.9246 -208.143 -139.704 12.9921 -217.558 -142.069 9.20159 -229.158 -139.676 13.0596 -229.158 -130.33 9.4262 -274.972 -123.938 13.4992 -283.682 -128.512 13.524 -274.252 -125.598 9.40148 -284.715 -135.139 9.45098 -263.329 -133.348 13.5487 -262.548 -139.704 12.9921 -217.558 -148.258 19.6184 -217.433 -138.799 12.9246 -208.143 -139.676 13.0596 -229.158 -146.944 19.543 -205.294 -148.242 19.6938 -230.138 -142.094 9.13249 -217.469 -151.834 13.8439 -217.301 -142.069 9.20159 -229.158 -141.108 9.06346 -207.51 -151.822 13.9212 -230.138 -150.4 13.7666 -204.346 -149.52 13.0346 -248.413 -146.849 12.7245 -260.273 -137.111 9.15459 -256.991 -139.516 9.43121 -246.405 -140.901 9.70787 -235.989 -151.15 13.3448 -236.297 -137.578 13.5294 -246.161 -146.62 19.166 -248.048 -138.952 13.8061 -235.857 -135.177 13.2527 -256.714 -148.233 19.4762 -236.101 -143.956 18.8559 -259.858 -133.621 13.0149 -291.111 -125.598 9.40148 -284.715 -139.787 13.0426 -278.788 -130.33 9.4262 -274.972 -135.139 9.45098 -263.329 -144.918 13.0703 -266.433 -133.348 13.5487 -262.548 -128.512 13.524 -274.252 -137.069 19.1735 -277.711 -142.237 19.2012 -265.265 -123.938 13.4992 -283.682 -131.138 19.1457 -289.567 -142.069 9.20159 -229.158 -148.242 19.6938 -230.138 -139.676 13.0596 -229.158 -151.822 13.9212 -230.138 -146.849 12.7245 -260.273 -135.177 13.2527 -256.714 -137.111 9.15459 -256.991 -143.956 18.8559 -259.858 -137.578 13.5294 -246.161 -138.952 13.8061 -235.857 -140.901 9.70787 -235.989 -139.516 9.43121 -246.405 -135.177 13.2527 -256.714 -137.111 9.15459 -256.991 -123.938 13.4992 -283.682 -133.621 13.0149 -291.111 -131.138 19.1457 -289.567 -125.598 9.40148 -284.715 -150.4 13.7666 -204.346 -138.799 12.9246 -208.143 -146.944 19.543 -205.294 -141.108 9.06346 -207.51 -133.348 13.5487 -262.548 -144.918 13.0703 -266.433 -135.139 9.45098 -263.329 -142.237 19.2012 -265.265 -151.15 13.3448 -236.297 -138.952 13.8061 -235.857 -148.233 19.4762 -236.101 -140.901 9.70787 -235.989 -32.2816 172.872 75.9526 -31.9313 170.862 8.61717 -38.5087 165.081 8.61717 -23.3847 179.081 75.9526 -40.1606 161.991 96.7558 -22.0223 177.458 8.61717 -45.8706 151.094 8.84929 -12.0916 183.152 75.9526 -10.0856 183.181 8.61717 -46.9247 148.701 96.5448 -0.000001 186.166 75.9526 0.000000 186.166 8.61717 10.0856 183.181 8.61717 12.0916 183.152 75.9526 22.0223 177.458 8.61717 23.3847 179.081 75.9526 31.9313 170.862 8.61717 32.2816 172.872 75.9526 38.5087 165.081 8.61717 40.1606 161.991 96.7558 45.8706 151.094 8.84929 46.9247 148.701 96.5448 -69.1814 51.3161 -84.9901 -69.1814 98.3363 -98.0608 -57.4258 98.3363 -98.0608 -57.4258 51.3161 -84.9901 -116.717 156.154 138.805 -110.549 152.724 150.667 -110.549 160.851 142.871 -116.717 148.027 147.356 -17.142 176.588 63.9942 -17.1284 178.85 7.46081 -17.1555 203.852 33.5551 -17.142 203.747 101.488 -20.9276 199.73 31.9679 -20.9411 173.875 63.9942 -20.9411 199.664 99.1903 -20.9547 176.177 7.42297 -83.0924 96.4611 113.064 -110.549 32.1971 71.7428 -81.7682 32.1971 71.7428 -110.549 96.5025 113.712 -27.1203 174.623 49.6075 -31.3716 169.48 12.0165 -29.7084 179.146 17.6052 -26.9324 182.655 59.5437 -26.8365 189.474 23.5767 -25.1695 189.925 59.4307 -22.8688 197.216 28.053 -22.3064 196.102 59.6493 -15.9923 204.669 32.3621 -16.3146 203.696 59.9851 -8.0509 210.683 35.839 -7.86078 209.738 60.4873 -0.000000 213.66 37.5602 -0.000000 212.533 60.6528 7.86078 209.738 60.4873 8.0509 210.683 35.839 16.3146 203.696 59.9851 15.9923 204.669 32.3621 22.3064 196.102 59.6493 22.8688 197.216 28.053 25.1695 189.925 59.4307 26.8365 189.474 23.5767 26.9324 182.655 59.5437 29.7084 179.146 17.6052 27.1203 174.623 49.6075 31.3716 169.48 12.0165 -37.1589 180.279 113.979 -31.7622 167.631 103.098 -15.89 175.521 109.885 -196.667 95.7662 71.4555 -206.493 85.9402 65.9143 -206.493 85.9402 84.5079 -196.667 95.7662 84.5079 -183.245 99.3627 73.118 -210.09 72.5178 84.5079 -183.245 99.3627 84.5079 -210.09 72.5178 56.8132 -169.822 95.7662 84.5079 -169.822 95.7662 66.8894 -206.493 59.0953 84.5079 -159.996 85.9402 84.5079 -206.493 59.0953 46.6712 -159.996 85.9402 62.6269 -196.667 49.2694 84.5079 -196.667 49.2694 38.6285 -156.4 72.5178 84.5079 -183.245 45.6728 84.5079 -156.4 72.5178 60.2706 -183.245 45.6728 36.7359 -159.996 59.0953 84.5079 -159.996 59.0953 53.3355 -169.822 49.2694 84.5079 -169.822 49.2694 42.8472 -183.245 45.6728 84.5079 -183.245 45.6728 36.7359 -29.4604 189.212 141.232 -33.7319 191.322 141.232 -30.6418 185.62 141.232 -37.1589 180.903 141.232 -0.000001 202.442 119.338 -0.000001 211.445 119.338 -7.1012 208.403 119.338 7.1012 208.403 119.338 -16.0403 202.577 119.338 16.0403 202.577 119.338 -0.000001 195.032 119.338 -22.583 195.111 119.338 22.583 195.111 119.338 -0.000001 189.343 119.338 26.4284 189.122 119.338 -26.4284 189.122 119.338 -0.000001 186.889 119.338 -27.3815 186.889 119.338 27.3815 186.889 119.338 33.7319 191.322 141.232 29.4604 189.212 141.232 -0.000002 213.849 141.232 -9.93921 214.721 141.232 -7.70288 210.548 141.232 -0.000002 218.983 141.232 -0.000002 213.849 141.232 9.93921 214.721 141.232 7.70287 210.548 141.232 16.8458 204.582 141.232 9.93921 214.721 141.232 7.70287 210.548 141.232 19.8394 208.261 141.232 16.8458 204.582 141.232 27.2137 200.849 141.232 19.8394 208.261 141.232 23.5648 197.829 141.232 27.2137 200.849 141.232 29.4604 189.212 141.232 33.7319 191.322 141.232 23.5648 197.829 141.232 29.4604 189.212 141.232 27.3815 186.889 119.338 30.6418 185.62 141.232 26.4284 189.122 119.338 22.583 195.111 119.338 23.5648 197.829 141.232 16.0403 202.577 119.338 16.8458 204.582 141.232 7.70287 210.548 141.232 7.1012 208.403 119.338 -0.000002 213.849 141.232 -0.000001 211.445 119.338 -31.7622 167.631 103.098 -44.8655 158.329 95.0943 -40.6321 149.791 87.7483 -37.1589 180.279 113.979 31.7622 167.631 103.098 44.8655 158.329 95.0943 37.1589 180.279 113.979 40.6321 149.791 87.7483 -7.86078 209.738 60.4873 -0.000000 197.543 59.8945 -7.5838 196.775 59.7818 -0.000000 212.533 60.6528 -15.89 175.521 109.885 -0.000001 180.541 114.204 -37.1589 180.279 113.979 -0.000001 176.941 111.107 37.1589 180.903 141.232 -0.000001 180.541 114.204 37.1589 180.279 113.979 -0.000002 180.903 141.232 -37.1589 180.903 141.232 -37.1589 180.279 113.979 37.4147 -10.2986 -287.548 -37.6697 -5.63928 -281.147 -39.2536 -10.2986 -287.548 35.8309 -5.63929 -281.147 -158.338 86.8977 107.971 -163.313 84.0253 107.971 -158.338 86.8977 107.971 -171.737 92.4494 107.971 -163.313 84.0253 107.971 15.89 175.521 109.885 -0.000001 180.541 114.204 -0.000001 176.941 111.107 37.1589 180.279 113.979 204.66 24.9833 48.9228 225.287 16.3512 84.7109 233.582 13.119 79.2973 216.424 13.2342 89.2144 213.757 21.4383 42.9854 194.939 21.5648 53.8619 238.139 4.77223 75.0413 188.308 12.4886 55.9163 218.755 12.284 38.3177 217.746 1.01704 36.7025 210.378 4.9587 91.0876 237.219 -5.50091 73.5687 187.298 1.22165 54.3012 211.114 -8.05907 38.7569 209.458 -5.31437 89.6149 231.173 -13.7764 75.4419 222.31 -16.8933 79.9453 214.015 -13.661 85.359 201.394 -11.4776 43.6961 192.297 -7.93265 49.6335 222.31 -16.8933 79.9453 201.394 -11.4776 43.6961 161.859 6.00093 -24.9068 156.816 31.8133 -16.9653 164.41 34.4838 -20.8238 154.752 8.77022 -20.2686 169.452 8.6714 -28.7652 171.017 44.3037 -9.50751 151.636 24.7231 -15.3604 166.37 -7.5784 -16.9448 157.185 39.4394 -2.47919 171.516 31.7146 -25.462 150.848 15.9214 -16.6222 147.749 26.5244 0.444103 183.961 39.2594 -17.9561 146.312 10.492 -1.85418 153.425 -2.53409 -8.49609 175.421 24.5633 -29.1084 191.074 26.2333 -24.598 174.633 15.7616 -30.3701 189.638 10.2009 -26.8963 180.202 -2.71397 -23.973 178.65 31.2379 33.0582 157.185 39.4394 -2.47919 147.749 26.5244 0.444103 171.017 44.3037 -9.50751 169.732 19.0316 35.8211 191.724 35.8354 26.4156 203.958 31.0679 18.4305 183.961 39.2594 -17.9561 210.68 18.7565 12.153 191.074 26.2333 -24.598 180.202 -2.71397 -23.973 200.404 -8.6027 12.7437 187.331 -13.2002 19.3864 209.323 3.6037 9.98077 166.37 -7.5784 -16.9448 189.638 10.2009 -26.8963 223.237 16.4691 1.87512 205.716 12.4237 -32.9937 206.666 23.0333 -31.4729 222.338 6.44172 0.43769 187.331 -13.2002 19.3864 153.425 -2.53409 -8.49609 166.37 -7.5784 -16.9448 175.097 -8.43266 27.3714 146.312 10.492 -1.85418 168.375 3.87881 33.649 153.638 6.90335 40.1466 146.312 10.492 -1.85418 168.375 3.87881 33.649 133.027 12.9121 9.02033 133.977 23.5216 10.5411 147.749 26.5244 0.444103 146.312 10.492 -1.85418 133.027 12.9121 9.02033 154.536 16.9308 41.584 147.749 26.5244 0.444103 133.977 23.5216 10.5411 169.732 19.0316 35.8211 210.68 18.7565 12.153 222.338 6.44172 0.43769 223.237 16.4691 1.87512 209.323 3.6037 9.98077 223.237 16.4691 1.87512 191.074 26.2333 -24.598 210.68 18.7565 12.153 206.666 23.0333 -31.4729 205.716 12.4237 -32.9937 191.074 26.2333 -24.598 206.666 23.0333 -31.4729 189.638 10.2009 -26.8963 222.338 6.44172 0.43769 189.638 10.2009 -26.8963 205.716 12.4237 -32.9937 209.323 3.6037 9.98077 202.115 32.148 44.4366 214.265 27.4132 36.5064 191.724 35.8354 26.4156 189.132 27.5821 51.0336 203.958 31.0679 18.4305 178.65 31.2379 33.0582 220.941 15.1864 30.272 210.68 18.7565 12.153 169.732 19.0316 35.8211 209.323 3.6037 9.98077 180.274 15.4596 53.7775 219.593 0.137709 28.1148 168.375 3.87881 33.649 200.404 -8.6027 12.7437 178.926 0.411043 51.6203 210.736 -11.9847 30.8587 185.602 -11.8158 45.3859 197.753 -16.5506 37.4557 175.097 -8.43266 27.3714 197.753 -16.5506 37.4557 187.331 -13.2002 19.3864 187.331 -13.2002 19.3864 168.375 3.87881 33.649 154.536 16.9308 41.584 153.638 6.90335 40.1466 169.732 19.0316 35.8211 188.308 12.4886 55.9163 189.132 27.5821 51.0336 180.274 15.4596 53.7775 194.939 21.5648 53.8619 178.926 0.411043 51.6203 202.115 32.148 44.4366 204.66 24.9833 48.9228 187.298 1.22165 54.3012 185.602 -11.8158 45.3859 213.757 21.4383 42.9854 192.297 -7.93265 49.6335 214.265 27.4132 36.5064 220.941 15.1864 30.272 197.753 -16.5506 37.4557 218.755 12.284 38.3177 217.746 1.01704 36.7025 201.394 -11.4776 43.6961 219.593 0.137709 28.1148 211.114 -8.05907 38.7569 210.736 -11.9847 30.8587 197.753 -16.5506 37.4557 201.394 -11.4776 43.6961 225.158 -13.6414 84.8366 218.906 -11.2048 88.9177 222.31 -16.8933 79.9453 214.015 -13.661 85.359 215.47 -4.91245 92.1262 209.458 -5.31437 89.6149 216.164 2.83199 93.2363 210.378 4.9587 91.0876 216.424 13.2342 89.2144 220.722 9.07064 91.8242 225.287 16.3512 84.7109 227.403 11.4204 88.4292 233.656 8.98372 84.3481 233.582 13.119 79.2973 238.139 4.77223 75.0413 237.092 2.69142 81.1397 236.398 -5.05309 80.0295 237.219 -5.50091 73.5687 231.84 -11.2917 81.4416 231.173 -13.7764 75.4419 222.31 -16.8933 79.9453 225.158 -13.6414 84.8366 231.985 -15.9499 96.6748 218.906 -11.2048 88.9177 225.158 -13.6414 84.8366 225.733 -13.5133 100.756 215.47 -4.91245 92.1262 222.297 -7.22099 103.964 222.991 0.523515 105.075 216.164 2.83199 93.2363 227.549 6.7621 103.662 220.722 9.07064 91.8242 227.403 11.4204 88.4292 234.23 9.11184 100.267 240.483 6.67518 96.1862 233.656 8.98372 84.3481 243.919 0.382896 92.9778 237.092 2.69142 81.1397 236.398 -5.05309 80.0295 243.225 -7.36156 91.8677 231.84 -11.2917 81.4416 238.667 -13.6002 93.2798 231.985 -15.9499 96.6748 225.158 -13.6414 84.8366 240.483 6.67518 96.1862 243.225 -7.36156 91.8677 243.919 0.382896 92.9778 238.667 -13.6002 93.2798 234.23 9.11184 100.267 231.985 -15.9499 96.6748 227.549 6.7621 103.662 225.733 -13.5133 100.756 222.991 0.523515 105.075 222.297 -7.22099 103.964 154.536 16.9308 41.584 133.027 12.9121 9.02033 153.638 6.90335 40.1466 133.977 23.5216 10.5411 95.1705 101.872 132.33 95.1705 154.623 132.33 100.592 154.465 112.07 100.592 101.714 112.07 103.704 154.446 119.6 98.0928 101.852 135.281 103.704 101.694 119.6 98.0928 154.604 135.281 98.0928 154.604 135.281 95.1705 101.872 132.33 98.0928 101.852 135.281 95.1705 154.623 132.33 88.8689 101.872 119.306 88.8689 154.623 119.306 94.2902 154.465 99.0467 94.2902 101.714 99.0467 97.402 154.446 106.577 91.7913 101.852 122.258 97.402 101.694 106.577 91.7913 154.604 122.258 91.7913 154.604 122.258 88.8689 101.872 119.306 91.7913 101.852 122.258 88.8689 154.623 119.306 -264.167 45.3862 -306.465 -266.346 24.7028 -306.212 -258.316 43.0925 -304.439 -280.375 26.9965 -311.97 -256.674 42.9313 -336.911 -258.316 43.0925 -304.439 -247.549 40.2896 -334.884 -264.167 45.3862 -306.465 -254.253 23.6959 -338.428 -256.674 42.9313 -336.911 -247.549 40.2896 -334.884 -268.623 25.9896 -344.998 -280.375 26.9965 -311.97 -268.623 25.9896 -344.998 -254.253 23.6959 -338.428 -266.346 24.7028 -306.212 281.696 26.9965 -313.107 264.167 45.3862 -306.465 266.346 24.7028 -306.212 258.315 43.0925 -304.439 264.167 45.3862 -306.465 247.549 40.2896 -334.884 258.315 43.0925 -304.439 256.877 42.5833 -338.291 256.877 42.5833 -338.291 254.253 23.6959 -338.428 247.549 40.2896 -334.884 269.987 25.9896 -345.663 281.696 26.9965 -313.107 254.253 23.6959 -338.428 269.987 25.9896 -345.663 266.346 24.7028 -306.212 47.0364 32.2062 -109.959 47.0364 32.2017 -48.0546 40.7543 66.7882 -35.783 40.7543 66.7882 -35.783 47.0364 32.1971 23.7206 41.4348 95.4012 102.056 47.0364 32.2017 -48.0546 -41.4348 95.4012 102.056 -47.0364 32.1971 23.7207 -40.7543 66.7882 -35.783 -47.0364 32.2017 -48.0546 -47.0364 32.2062 -109.959 -40.7543 66.7882 -35.783 -47.0364 32.2017 -48.0546 43.1426 170.249 -37.2052 43.1426 170.164 97.056 66.2844 160.357 -37.2052 66.2844 160.271 97.056 40.033 168.097 -37.2052 40.033 168.097 97.056 43.1426 170.249 -37.2052 43.1426 170.164 97.056 43.1426 170.249 -37.2052 66.2844 160.357 -37.2052 56.0956 160.567 -37.2052 40.033 168.097 -37.2052 66.2844 160.271 97.056 43.1426 170.164 97.056 57.8569 160.725 97.056 40.033 168.097 97.056 69.1814 51.3161 -84.9901 57.4258 98.3363 -98.0609 69.1814 98.3363 -98.0609 57.4258 51.3161 -84.9901 -38.0675 -12.8267 -262.663 -32.8347 42.9224 -243.579 -38.0675 42.9224 -243.579 166.08 8.84134 -422.343 164.736 8.92991 -402.389 153.141 9.00071 -397.605 148.579 45.5787 -245.374 161.76 45.5675 -246.656 150.515 50.281 -245.55 159.824 40.8652 -246.481 159.824 40.8652 -246.481 148.579 45.5787 -245.374 150.503 40.8732 -245.574 155.161 38.9208 -246.033 159.824 59.6156 -246.481 148.579 64.3292 -245.374 150.503 59.6235 -245.574 155.161 57.6711 -246.033 148.579 64.3292 -245.374 161.76 64.3178 -246.656 150.515 69.0314 -245.55 159.824 59.6156 -246.481 -159.871 50.273 -246.457 -150.55 50.281 -245.55 -155.213 52.2254 -245.998 -161.795 45.5675 -246.656 -159.859 40.8653 -246.481 -150.539 40.8733 -245.574 -148.614 45.5788 -245.374 -155.197 38.9209 -246.033 -159.859 59.6156 -246.481 -150.539 59.6236 -245.574 -148.614 64.3292 -245.374 -155.197 57.6712 -246.033 -159.871 69.0234 -246.457 -150.55 69.0314 -245.55 -155.213 70.9758 -245.998 -161.795 64.3178 -246.656 -149.45 69.0976 -250.073 -160.611 64.3883 -251.521 -158.704 69.0929 -251.251 -154.081 71.0436 -250.651 -158.685 59.6856 -251.304 -147.524 64.3949 -249.856 -149.431 59.6902 -250.126 -154.054 57.7396 -250.726 -161.795 45.5675 -246.656 -148.614 45.5788 -245.374 -150.55 50.281 -245.55 -159.859 40.8653 -246.481 -158.685 40.9352 -251.304 -147.524 45.6445 -249.856 -149.431 40.9399 -250.126 -154.054 38.9893 -250.726 158.669 50.3425 -251.251 149.414 50.3472 -250.073 154.045 52.2932 -250.651 160.576 45.6378 -251.521 160.576 45.6378 -251.521 147.488 45.6445 -249.856 149.414 50.3472 -250.073 158.65 40.9351 -251.304 158.669 69.0928 -251.251 149.414 69.0975 -250.073 154.045 71.0435 -250.651 160.576 64.3883 -251.521 160.576 64.3883 -251.521 147.488 64.3948 -249.856 149.414 69.0975 -250.073 158.65 59.6855 -251.304 -126.282 9.33221 -346.186 -111.41 9.51537 -317.752 -125.319 9.41851 -326.962 37.1589 180.279 113.979 15.89 175.521 109.885 31.7622 167.631 103.098 21.618 -4.08992 -86.1793 36.2286 -12.8267 -262.663 36.2286 42.9224 -243.579 30.9959 42.9224 -243.579 -1.94702 80.8354 -146.119 1.9115 76.0023 -164.156 -1.94702 76.0023 -164.156 1.9115 80.8354 -146.119 -1.94702 62.7982 -177.36 1.9115 62.7982 -177.36 -1.94702 76.0023 -128.082 -1.94702 44.7613 -182.193 1.9115 76.0023 -128.082 1.9115 44.7613 -182.193 1.9115 26.7243 -177.36 1.9115 62.7982 -114.878 -1.94702 26.7243 -177.36 -1.94702 62.7982 -114.878 -1.94702 44.7613 -110.045 1.9115 13.5203 -164.156 1.9115 44.7613 -110.045 -1.94702 13.5203 -164.156 1.9115 8.68717 -146.119 -1.94702 26.7243 -114.878 -1.94702 8.68717 -146.119 1.9115 26.7243 -114.878 1.9115 13.5203 -128.082 -1.94702 13.5203 -128.082 1.9115 8.68717 -146.119 -1.94702 8.68717 -146.119 -1.94702 26.7243 -177.36 -1.94702 13.5203 -164.156 -4.42322 15.5019 -163.012 -4.42322 27.8684 -175.379 -1.94702 8.68717 -146.119 -1.94702 44.7613 -182.193 -4.42322 10.9754 -146.119 -4.42322 44.7613 -179.905 -4.42322 61.6543 -175.379 -1.94702 62.7982 -177.36 -1.94702 76.0023 -164.156 -4.42322 74.0208 -163.012 -1.94702 80.8354 -146.119 -4.42322 78.5472 -146.119 -4.42322 74.0208 -129.226 -1.94702 76.0023 -128.082 -4.42322 61.6543 -116.86 -1.94702 62.7982 -114.878 -1.94702 44.7613 -110.045 -4.42322 44.7613 -112.333 -4.42322 27.8683 -116.86 -1.94702 26.7243 -114.878 -1.94702 13.5203 -128.082 -4.42322 15.5018 -129.226 -1.94702 8.68717 -146.119 -4.42322 10.9754 -146.119 -4.42322 15.5019 -163.012 -15.7629 29.2228 -173.033 -4.42322 27.8684 -175.379 -15.7629 17.8479 -161.658 -4.42322 44.7613 -179.905 -26.9773 32.6655 -167.07 -4.42322 10.9754 -146.119 -26.9773 23.8108 -158.215 -15.7629 13.6844 -146.119 -15.7629 44.7613 -177.196 -26.9773 44.7613 -170.311 -26.9773 20.5698 -146.119 -26.9773 56.8571 -167.07 -15.7629 60.2998 -173.033 -4.42322 61.6543 -175.379 -15.7629 71.6747 -161.658 -4.42322 74.0208 -163.012 -26.9773 65.7118 -158.215 -4.42322 78.5472 -146.119 -15.7629 75.8382 -146.119 -15.7629 71.6747 -130.581 -4.42322 74.0208 -129.226 -26.9773 68.9528 -146.119 -4.42322 61.6543 -116.86 -26.9773 65.7118 -134.023 -15.7629 60.2997 -119.206 -4.42322 44.7613 -112.333 -26.9773 56.857 -125.169 -15.7629 44.7613 -115.042 -15.7629 29.2228 -119.206 -26.9773 44.7613 -121.928 -4.42322 27.8683 -116.86 -26.9773 32.6655 -125.169 -15.7629 17.8479 -130.581 -26.9773 23.8108 -134.023 -4.42322 15.5018 -129.226 -15.7629 13.6844 -146.119 -26.9773 20.5698 -146.119 -4.42322 10.9754 -146.119 -37.8693 33.6458 -165.372 -32.5756 25.7398 -157.101 -37.8693 25.5087 -157.235 -32.5756 33.7791 -165.141 -37.8693 44.7613 -168.35 -37.8693 22.5303 -146.119 -32.5756 44.7613 -168.083 -32.5756 22.7971 -146.119 -32.5756 55.7434 -165.141 -37.8693 55.8768 -165.372 -37.8693 64.0139 -157.235 -32.5756 63.7827 -157.101 -37.8693 66.9923 -146.119 -32.5756 66.7255 -146.119 -32.5756 63.7827 -135.137 -37.8693 64.0139 -135.004 -32.5756 55.7434 -127.098 -37.8693 55.8768 -126.867 -37.8693 44.7613 -123.888 -32.5756 44.7613 -124.155 -32.5756 33.7791 -127.098 -37.8693 33.6458 -126.867 -37.8693 25.5087 -135.004 -32.5756 25.7398 -135.137 -37.8693 22.5303 -146.119 -32.5756 22.7971 -146.119 -37.8693 25.5087 -157.235 -36.7549 36.0905 -161.138 -37.8693 33.6458 -165.372 -36.7549 29.7431 -154.79 -37.8693 22.5303 -146.119 -37.8693 44.7613 -168.35 -36.7549 27.4198 -146.119 -36.7549 44.7613 -163.461 -36.7549 53.432 -161.138 -37.8693 25.5087 -135.004 -37.8693 55.8768 -165.372 -36.7549 29.7431 -137.449 -37.8693 33.6458 -126.867 -37.8693 64.0139 -157.235 -36.7549 36.0906 -131.101 -36.7549 59.7794 -154.79 -37.8693 66.9923 -146.119 -37.8693 44.7613 -123.888 -36.7549 62.1028 -146.119 -36.7549 44.7613 -128.778 -36.7549 53.432 -131.101 -37.8693 64.0139 -135.004 -37.8693 55.8768 -126.867 -36.7549 59.7794 -137.449 -26.9773 44.7613 -121.928 -32.5756 55.7434 -127.098 -32.5756 44.7613 -124.155 -26.9773 56.857 -125.169 -32.5756 33.7791 -127.098 -26.9773 65.7118 -134.023 -26.9773 32.6655 -125.169 -26.9773 23.8108 -134.023 -32.5756 63.7827 -135.137 -32.5756 25.7398 -135.137 -26.9773 20.5698 -146.119 -26.9773 68.9528 -146.119 -32.5756 22.7971 -146.119 -32.5756 66.7255 -146.119 -32.5756 63.7827 -157.101 -26.9773 65.7118 -158.215 -32.5756 55.7434 -165.141 -26.9773 56.8571 -167.07 -26.9773 44.7613 -170.311 -32.5756 44.7613 -168.083 -32.5756 33.7791 -165.141 -26.9773 32.6655 -167.07 -26.9773 23.8108 -158.215 -32.5756 25.7398 -157.101 -26.9773 20.5698 -146.119 -32.5756 22.7971 -146.119 -36.7549 36.0905 -161.138 -36.7549 27.4198 -146.119 -36.7549 29.7431 -137.449 -36.7549 29.7431 -154.79 -36.7549 36.0906 -131.101 -36.7549 44.7613 -163.461 -36.7549 53.432 -161.138 -36.7549 44.7613 -128.778 -36.7549 53.432 -131.101 -36.7549 59.7794 -154.79 -36.7549 62.1028 -146.119 -36.7549 59.7794 -137.449 36.7194 53.432 -131.101 36.7194 62.1028 -146.119 36.7194 59.7794 -137.449 36.7194 59.7794 -154.79 36.7194 53.432 -161.138 36.7194 44.7613 -128.778 36.7194 36.0906 -131.101 36.7194 44.7613 -163.461 36.7194 36.0905 -161.138 36.7194 29.7431 -137.449 36.7194 27.4198 -146.119 36.7194 29.7431 -154.79 1.9115 13.5203 -164.156 1.9115 26.7243 -177.36 4.3877 15.5019 -163.012 1.9115 8.68717 -146.119 4.3877 27.8684 -175.379 4.3877 10.9754 -146.119 1.9115 44.7613 -182.193 4.3877 44.7613 -179.905 4.3877 61.6543 -175.379 1.9115 62.7982 -177.36 1.9115 76.0023 -164.156 4.3877 74.0208 -163.012 1.9115 80.8354 -146.119 4.3877 78.5472 -146.119 4.3877 74.0208 -129.226 1.9115 76.0023 -128.082 4.3877 61.6543 -116.86 1.9115 62.7982 -114.878 1.9115 44.7613 -110.045 4.3877 44.7613 -112.333 4.3877 27.8683 -116.86 1.9115 26.7243 -114.878 1.9115 13.5203 -128.082 4.3877 15.5018 -129.226 1.9115 8.68717 -146.119 4.3877 10.9754 -146.119 4.3877 27.8684 -175.379 15.7274 29.2229 -173.033 15.7274 17.8479 -161.658 4.3877 44.7613 -179.905 4.3877 15.5019 -163.012 15.7274 44.7613 -177.196 4.3877 10.9754 -146.119 26.9418 23.8108 -158.215 15.7274 60.2998 -173.033 15.7274 13.6844 -146.119 26.9418 32.6656 -167.07 4.3877 61.6543 -175.379 26.9418 56.8571 -167.07 26.9418 20.5698 -146.119 26.9418 44.7613 -170.311 4.3877 74.0208 -163.012 15.7274 71.6747 -161.658 4.3877 78.5472 -146.119 26.9418 65.7118 -158.215 15.7274 75.8382 -146.119 26.9418 68.9528 -146.119 15.7274 71.6747 -130.581 26.9418 65.7118 -134.023 4.3877 74.0208 -129.226 15.7274 60.2998 -119.206 4.3877 61.6543 -116.86 26.9418 56.857 -125.169 4.3877 44.7613 -112.333 15.7274 44.7613 -115.042 15.7274 29.2228 -119.206 4.3877 27.8683 -116.86 26.9418 44.7613 -121.928 15.7274 17.8479 -130.581 26.9418 32.6655 -125.169 4.3877 15.5018 -129.226 26.9418 23.8108 -134.023 4.3877 10.9754 -146.119 15.7274 13.6844 -146.119 26.9418 20.5698 -146.119 37.8338 25.5087 -157.235 32.5401 25.7398 -157.101 32.54 33.7791 -165.141 37.8338 22.5303 -146.119 37.8338 33.6458 -165.372 32.5401 22.7971 -146.119 37.8338 44.7613 -168.35 32.54 44.7613 -168.083 32.54 55.7434 -165.141 37.8338 55.8768 -165.372 37.8338 64.0139 -157.235 32.54 63.7827 -157.101 37.8338 66.9923 -146.119 32.54 66.7255 -146.119 32.54 63.7827 -135.137 37.8338 64.0139 -135.004 32.54 55.7434 -127.098 37.8338 55.8768 -126.867 37.8338 44.7613 -123.888 32.54 44.7613 -124.155 32.54 33.7791 -127.098 37.8338 33.6458 -126.867 37.8338 25.5087 -135.004 32.5401 25.7398 -135.137 37.8338 22.5303 -146.119 32.5401 22.7971 -146.119 37.8338 25.5087 -157.235 36.7194 36.0905 -161.138 36.7194 29.7431 -154.79 37.8338 33.6458 -165.372 37.8338 22.5303 -146.119 37.8338 44.7613 -168.35 36.7194 27.4198 -146.119 37.8338 25.5087 -135.004 36.7194 44.7613 -163.461 36.7194 29.7431 -137.449 37.8338 33.6458 -126.867 36.7194 53.432 -161.138 36.7194 36.0906 -131.101 37.8338 55.8768 -165.372 37.8338 44.7613 -123.888 37.8338 64.0139 -157.235 36.7194 44.7613 -128.778 36.7194 59.7794 -154.79 36.7194 53.432 -131.101 37.8338 55.8768 -126.867 37.8338 66.9923 -146.119 36.7194 59.7794 -137.449 37.8338 64.0139 -135.004 36.7194 62.1028 -146.119 26.9418 44.7613 -170.311 32.54 33.7791 -165.141 26.9418 32.6656 -167.07 32.54 44.7613 -168.083 32.54 55.7434 -165.141 32.5401 25.7398 -157.101 26.9418 56.8571 -167.07 26.9418 65.7118 -158.215 26.9418 23.8108 -158.215 32.54 63.7827 -157.101 26.9418 20.5698 -146.119 32.5401 22.7971 -146.119 26.9418 68.9528 -146.119 32.54 66.7255 -146.119 32.54 63.7827 -135.137 26.9418 65.7118 -134.023 32.54 55.7434 -127.098 26.9418 56.857 -125.169 26.9418 44.7613 -121.928 32.54 44.7613 -124.155 32.54 33.7791 -127.098 26.9418 32.6655 -125.169 26.9418 23.8108 -134.023 32.5401 25.7398 -135.137 26.9418 20.5698 -146.119 32.5401 22.7971 -146.119 -1.94702 119.377 -108.263 -1.94702 124.211 -90.2255 1.9115 119.377 -108.263 -1.94702 106.174 -121.467 1.9115 124.211 -90.2255 1.9115 106.174 -121.467 -1.94702 119.377 -72.1884 -1.94702 88.1365 -126.3 1.9115 119.377 -72.1884 1.9115 88.1365 -126.3 1.9115 106.174 -58.9844 -1.94702 106.174 -58.9844 1.9115 70.0995 -121.467 -1.94702 88.1365 -54.1515 -1.94702 70.0995 -121.467 1.9115 88.1365 -54.1515 1.9115 56.8955 -108.263 -1.94702 56.8955 -108.263 -1.94702 70.0995 -58.9845 1.9115 52.0624 -90.2255 -1.94702 52.0624 -90.2255 1.9115 70.0995 -58.9845 1.9115 56.8955 -72.1885 -1.94702 56.8955 -72.1885 1.9115 52.0624 -90.2255 -1.94702 52.0624 -90.2255 -1.94702 70.0995 -121.467 -1.94702 56.8955 -108.263 -4.42322 58.877 -107.119 -4.42322 71.2436 -119.485 -1.94702 88.1365 -126.3 -1.94702 52.0624 -90.2255 -4.42322 88.1365 -124.011 -4.42322 54.3506 -90.2255 -4.42322 105.029 -119.485 -1.94702 106.174 -121.467 -1.94702 119.377 -108.263 -4.42322 117.396 -107.119 -1.94702 124.211 -90.2255 -4.42322 121.922 -90.2255 -4.42322 117.396 -73.3325 -1.94702 119.377 -72.1884 -4.42322 105.029 -60.966 -1.94702 106.174 -58.9844 -1.94702 88.1365 -54.1515 -4.42322 88.1365 -56.4396 -4.42322 71.2435 -60.9661 -1.94702 70.0995 -58.9845 -1.94702 56.8955 -72.1885 -4.42322 58.877 -73.3326 -1.94702 52.0624 -90.2255 -4.42322 54.3506 -90.2255 -4.42322 71.2436 -119.485 -15.7629 61.2231 -105.764 -15.7629 72.598 -117.139 -4.42322 58.877 -107.119 -4.42322 88.1365 -124.011 -4.42322 54.3506 -90.2255 -15.7629 88.1365 -121.302 -26.9773 67.186 -102.321 -15.7629 57.0596 -90.2255 -15.7629 103.675 -117.139 -26.9773 76.0407 -111.176 -4.42322 105.029 -119.485 -26.9773 100.232 -111.176 -26.9773 88.1365 -114.417 -4.42322 117.396 -107.119 -15.7629 115.05 -105.764 -26.9773 109.087 -102.321 -4.42322 121.922 -90.2255 -15.7629 119.213 -90.2255 -26.9773 112.328 -90.2255 -15.7629 115.05 -74.687 -26.9773 109.087 -78.1297 -4.42322 117.396 -73.3325 -15.7629 103.675 -63.3121 -26.9773 100.232 -69.2751 -4.42322 105.029 -60.966 -15.7629 88.1365 -59.1486 -4.42322 88.1365 -56.4396 -15.7629 72.598 -63.3121 -26.9773 88.1365 -66.034 -4.42322 71.2435 -60.9661 -26.9773 76.0407 -69.2751 -15.7629 61.2231 -74.687 -26.9773 67.186 -78.1298 -4.42322 58.877 -73.3326 -15.7629 57.0596 -90.2255 -26.9773 63.945 -90.2255 -4.42322 54.3506 -90.2255 -32.5756 77.1544 -109.247 -37.8693 88.1365 -112.456 -32.5756 88.1365 -112.19 -37.8693 77.021 -109.478 -32.5756 69.115 -101.208 -32.5756 99.1186 -109.247 -37.8693 68.8839 -101.341 -37.8693 65.9055 -90.2255 -37.8693 99.252 -109.478 -32.5756 66.1723 -90.2255 -32.5756 107.158 -101.208 -37.8693 107.389 -101.341 -37.8693 110.367 -90.2255 -32.5756 110.101 -90.2255 -32.5756 107.158 -79.2434 -37.8693 107.389 -79.11 -37.8693 99.252 -70.9729 -32.5756 99.1186 -71.204 -37.8693 88.1365 -67.9945 -32.5756 88.1365 -68.2614 -32.5756 77.1544 -71.204 -37.8693 77.021 -70.9729 -32.5756 69.115 -79.2434 -37.8693 68.8839 -79.11 -37.8693 65.9055 -90.2255 -32.5756 66.1723 -90.2255 -37.8693 88.1365 -112.456 -36.7549 79.4658 -105.244 -36.7549 88.1365 -107.567 -37.8693 77.021 -109.478 -37.8693 99.252 -109.478 -37.8693 68.8839 -101.341 -36.7549 96.8073 -105.244 -37.8693 107.389 -101.341 -36.7549 73.1183 -98.8962 -36.7549 103.155 -98.8962 -37.8693 65.9055 -90.2255 -36.7549 70.795 -90.2255 -37.8693 110.367 -90.2255 -36.7549 73.1183 -81.5548 -36.7549 105.478 -90.2255 -37.8693 68.8839 -79.11 -37.8693 107.389 -79.11 -36.7549 103.155 -81.5547 -36.7549 79.4658 -75.2073 -37.8693 99.252 -70.9729 -37.8693 77.021 -70.9729 -36.7549 96.8072 -75.2073 -37.8693 88.1365 -67.9945 -36.7549 88.1365 -72.884 -26.9773 88.1365 -66.034 -32.5756 77.1544 -71.204 -26.9773 76.0407 -69.2751 -32.5756 88.1365 -68.2614 -32.5756 99.1186 -71.204 -32.5756 69.115 -79.2434 -26.9773 67.186 -78.1298 -26.9773 100.232 -69.2751 -26.9773 63.945 -90.2255 -32.5756 66.1723 -90.2255 -32.5756 107.158 -79.2434 -26.9773 109.087 -78.1297 -26.9773 112.328 -90.2255 -32.5756 110.101 -90.2255 -32.5756 107.158 -101.208 -26.9773 109.087 -102.321 -32.5756 99.1186 -109.247 -26.9773 100.232 -111.176 -26.9773 88.1365 -114.417 -32.5756 88.1365 -112.19 -32.5756 77.1544 -109.247 -26.9773 76.0407 -111.176 -32.5756 69.115 -101.208 -26.9773 67.186 -102.321 -26.9773 63.945 -90.2255 -32.5756 66.1723 -90.2255 -36.7549 73.1183 -81.5548 -36.7549 73.1183 -98.8962 -36.7549 70.795 -90.2255 -36.7549 79.4658 -105.244 -36.7549 79.4658 -75.2073 -36.7549 88.1365 -107.567 -36.7549 88.1365 -72.884 -36.7549 96.8073 -105.244 -36.7549 103.155 -98.8962 -36.7549 96.8072 -75.2073 -36.7549 105.478 -90.2255 -36.7549 103.155 -81.5547 -26.9773 63.945 -90.2255 36.7194 96.8072 -75.2073 36.7194 105.478 -90.2255 36.7194 103.155 -81.5547 36.7194 103.155 -98.8962 36.7194 88.1365 -72.884 36.7194 96.8073 -105.244 36.7194 88.1365 -107.567 36.7194 79.4658 -75.2073 36.7194 79.4658 -105.244 36.7194 73.1183 -81.5548 36.7194 73.1183 -98.8962 36.7194 70.795 -90.2255 1.9115 56.8955 -108.263 1.9115 70.0995 -121.467 4.3877 58.877 -107.119 1.9115 52.0624 -90.2255 4.3877 71.2436 -119.485 4.3877 54.3506 -90.2255 1.9115 88.1365 -126.3 4.3877 88.1365 -124.011 4.3877 105.029 -119.485 1.9115 106.174 -121.467 1.9115 119.377 -108.263 4.3877 117.396 -107.119 1.9115 124.211 -90.2255 4.3877 121.922 -90.2255 4.3877 117.396 -73.3325 1.9115 119.377 -72.1884 4.3877 105.029 -60.966 1.9115 106.174 -58.9844 1.9115 88.1365 -54.1515 4.3877 88.1365 -56.4396 4.3877 71.2435 -60.9661 1.9115 70.0995 -58.9845 1.9115 56.8955 -72.1885 4.3877 58.877 -73.3326 1.9115 52.0624 -90.2255 4.3877 54.3506 -90.2255 4.3877 71.2436 -119.485 15.7274 72.5981 -117.139 15.7274 61.2231 -105.764 4.3877 88.1365 -124.011 4.3877 58.877 -107.119 26.9418 67.186 -102.321 15.7274 88.1365 -121.302 4.3877 54.3506 -90.2255 26.9418 76.0407 -111.176 15.7274 57.0596 -90.2255 26.9418 88.1365 -114.417 26.9418 63.945 -90.2255 26.9418 100.232 -111.176 15.7274 103.675 -117.139 15.7274 115.05 -105.764 26.9418 109.087 -102.321 4.3877 117.396 -107.119 4.3877 105.029 -119.485 15.7274 119.213 -90.2255 4.3877 121.922 -90.2255 26.9418 112.328 -90.2255 15.7274 115.05 -74.687 26.9418 109.087 -78.1297 4.3877 117.396 -73.3325 15.7274 103.675 -63.3121 4.3877 105.029 -60.966 26.9418 100.232 -69.2751 4.3877 88.1365 -56.4396 15.7274 88.1365 -59.1486 15.7274 72.598 -63.3121 26.9418 88.1365 -66.034 26.9418 76.0407 -69.2751 4.3877 71.2435 -60.9661 26.9418 67.186 -78.1298 15.7274 61.2231 -74.687 4.3877 58.877 -73.3326 15.7274 57.0596 -90.2255 4.3877 54.3506 -90.2255 26.9418 63.945 -90.2255 37.8338 77.021 -109.478 32.5401 69.115 -101.208 32.5401 77.1544 -109.247 37.8338 68.8839 -101.341 37.8338 88.1365 -112.456 37.8338 65.9055 -90.2255 32.5401 66.1723 -90.2255 32.5401 88.1365 -112.19 32.5401 99.1186 -109.247 37.8338 99.252 -109.478 32.5401 107.158 -101.208 37.8338 107.389 -101.341 37.8338 110.367 -90.2255 32.5401 110.101 -90.2255 32.5401 107.158 -79.2434 37.8338 107.389 -79.11 37.8338 99.252 -70.9729 32.5401 99.1186 -71.204 37.8338 88.1365 -67.9945 32.5401 88.1365 -68.2614 32.5401 77.1544 -71.204 37.8338 77.021 -70.9729 32.5401 69.115 -79.2434 37.8338 68.8839 -79.11 37.8338 65.9055 -90.2255 32.5401 66.1723 -90.2255 37.8338 68.8839 -101.341 36.7194 79.4658 -105.244 36.7194 73.1183 -98.8962 37.8338 77.021 -109.478 37.8338 65.9055 -90.2255 37.8338 88.1365 -112.456 36.7194 88.1365 -107.567 36.7194 70.795 -90.2255 37.8338 99.252 -109.478 36.7194 73.1183 -81.5548 37.8338 68.8839 -79.11 36.7194 96.8073 -105.244 36.7194 79.4658 -75.2073 37.8338 107.389 -101.341 37.8338 77.021 -70.9729 36.7194 103.155 -98.8962 37.8338 88.1365 -67.9945 37.8338 110.367 -90.2255 36.7194 88.1365 -72.884 36.7194 105.478 -90.2255 36.7194 96.8072 -75.2073 37.8338 107.389 -79.11 37.8338 99.252 -70.9729 36.7194 103.155 -81.5547 32.5401 99.1186 -109.247 26.9418 88.1365 -114.417 26.9418 100.232 -111.176 32.5401 88.1365 -112.19 26.9418 109.087 -102.321 32.5401 77.1544 -109.247 26.9418 76.0407 -111.176 32.5401 107.158 -101.208 32.5401 69.115 -101.208 26.9418 67.186 -102.321 26.9418 112.328 -90.2255 26.9418 63.945 -90.2255 32.5401 66.1723 -90.2255 32.5401 110.101 -90.2255 32.5401 107.158 -79.2434 26.9418 109.087 -78.1297 26.9418 100.232 -69.2751 32.5401 99.1186 -71.204 26.9418 88.1365 -66.034 32.5401 88.1365 -68.2614 32.5401 77.1544 -71.204 26.9418 76.0407 -69.2751 32.5401 69.115 -79.2434 26.9418 67.186 -78.1298 26.9418 63.945 -90.2255 32.5401 66.1723 -90.2255 -1.94702 128.917 203.825 -1.94702 133.75 221.862 1.9115 128.917 203.825 -1.94702 115.713 190.621 1.9115 133.75 221.862 1.9115 115.713 190.621 -1.94702 128.917 239.899 -1.94702 97.6763 185.788 1.9115 128.917 239.899 1.9115 97.6763 185.788 1.9115 79.6392 190.621 1.9115 115.713 253.103 -1.94702 79.6392 190.621 -1.94702 115.713 253.103 1.9115 66.4352 203.825 -1.94702 97.6763 257.936 1.9115 97.6763 257.936 -1.94702 66.4352 203.825 -1.94702 79.6392 253.103 1.9115 61.6022 221.862 -1.94702 61.6022 221.862 1.9115 79.6392 253.103 1.9115 66.4352 239.899 -1.94702 66.4352 239.899 1.9115 61.6022 221.862 -1.94702 61.6022 221.862 -1.94702 79.6392 190.621 -1.94702 66.4352 203.825 -4.42322 68.4168 204.969 -4.42322 80.7833 192.603 -1.94702 97.6763 185.788 -1.94702 61.6022 221.862 -4.42322 97.6763 188.076 -4.42322 63.8904 221.862 -4.42322 114.569 192.603 -1.94702 115.713 190.621 -4.42322 126.936 204.969 -1.94702 128.917 203.825 -1.94702 133.75 221.862 -4.42322 131.462 221.862 -4.42322 126.936 238.755 -1.94702 128.917 239.899 -1.94702 115.713 253.103 -4.42322 114.569 251.122 -1.94702 97.6763 257.936 -4.42322 97.6763 255.648 -4.42322 80.7833 251.122 -1.94702 79.6392 253.103 -4.42322 68.4168 238.755 -1.94702 66.4352 239.899 -1.94702 61.6022 221.862 -4.42322 63.8904 221.862 -4.42322 68.4168 204.969 -15.7629 82.1377 194.949 -4.42322 80.7833 192.603 -15.7629 70.7629 206.324 -4.42322 63.8904 221.862 -4.42322 97.6763 188.076 -15.7629 66.5994 221.862 -15.7629 97.6763 190.785 -26.9773 85.5804 200.912 -26.9773 76.7258 209.766 -15.7629 113.215 194.949 -26.9773 73.4847 221.862 -26.9773 97.6763 197.671 -4.42322 114.569 192.603 -26.9773 109.772 200.912 -15.7629 124.59 206.324 -26.9773 118.627 209.766 -4.42322 126.936 204.969 -15.7629 128.753 221.862 -4.42322 131.462 221.862 -26.9773 121.868 221.862 -15.7629 124.59 237.401 -26.9773 118.627 233.958 -4.42322 126.936 238.755 -15.7629 113.215 248.776 -26.9773 109.772 242.813 -4.42322 114.569 251.122 -15.7629 97.6763 252.939 -4.42322 97.6763 255.648 -15.7629 82.1378 248.776 -26.9773 97.6763 246.054 -4.42322 80.7833 251.122 -26.9773 85.5805 242.813 -15.7629 70.7629 237.401 -26.9773 76.7258 233.958 -4.42322 68.4168 238.755 -15.7629 66.5994 221.862 -26.9773 73.4847 221.862 -4.42322 63.8904 221.862 -37.8693 86.5608 202.61 -32.5756 78.6548 210.88 -37.8693 78.4236 210.747 -32.5756 86.6942 202.841 -37.8693 97.6763 199.631 -37.8693 75.4453 221.862 -32.5756 97.6763 199.898 -32.5756 75.712 221.862 -32.5756 108.658 202.841 -37.8693 108.792 202.61 -32.5756 116.698 210.88 -37.8693 116.929 210.747 -37.8693 119.907 221.862 -32.5756 119.64 221.862 -32.5756 116.698 232.844 -37.8693 116.929 232.978 -37.8693 108.792 241.115 -32.5756 108.658 240.884 -37.8693 97.6763 244.093 -32.5756 97.6763 243.826 -32.5756 86.6942 240.884 -37.8693 86.5608 241.115 -32.5756 78.6547 232.844 -37.8693 78.4236 232.978 -37.8693 75.4453 221.862 -32.5756 75.712 221.862 -37.8693 78.4236 210.747 -36.7549 89.0055 206.844 -37.8693 86.5608 202.61 -36.7549 82.6581 213.191 -37.8693 75.4453 221.862 -36.7549 97.6763 204.521 -36.7549 80.3348 221.862 -37.8693 97.6763 199.631 -36.7549 106.347 206.844 -37.8693 78.4236 232.978 -37.8693 108.792 202.61 -36.7549 82.6581 230.533 -37.8693 86.5608 241.115 -37.8693 116.929 210.747 -36.7549 89.0055 236.88 -36.7549 112.694 213.191 -37.8693 119.907 221.862 -36.7549 97.6763 239.204 -36.7549 115.018 221.862 -37.8693 97.6763 244.093 -36.7549 112.694 230.533 -36.7549 106.347 236.88 -37.8693 116.929 232.978 -37.8693 108.792 241.115 -32.5756 86.6942 240.884 -26.9773 76.7258 233.958 -26.9773 85.5805 242.813 -32.5756 78.6547 232.844 -26.9773 97.6763 246.054 -26.9773 73.4847 221.862 -32.5756 75.712 221.862 -32.5756 97.6763 243.826 -32.5756 108.658 240.884 -26.9773 109.772 242.813 -26.9773 118.627 233.958 -32.5756 116.698 232.844 -26.9773 121.868 221.862 -32.5756 119.64 221.862 -32.5756 116.698 210.88 -26.9773 118.627 209.766 -26.9773 109.772 200.912 -32.5756 108.658 202.841 -26.9773 97.6763 197.671 -32.5756 97.6763 199.898 -32.5756 86.6942 202.841 -26.9773 85.5804 200.912 -26.9773 76.7258 209.766 -32.5756 78.6548 210.88 -26.9773 73.4847 221.862 -32.5756 75.712 221.862 -36.7549 80.3348 221.862 -36.7549 89.0055 206.844 -36.7549 82.6581 213.191 -36.7549 82.6581 230.533 -36.7549 97.6763 204.521 -36.7549 89.0055 236.88 -36.7549 97.6763 239.204 -36.7549 106.347 206.844 -36.7549 112.694 213.191 -36.7549 106.347 236.88 -36.7549 115.018 221.862 -36.7549 112.694 230.533 36.7194 106.347 236.88 36.7194 115.018 221.862 36.7194 112.694 230.533 36.7194 112.694 213.191 36.7194 97.6763 239.204 36.7194 106.347 206.844 36.7194 97.6763 204.521 36.7194 89.0055 236.88 36.7194 82.6581 230.533 36.7194 89.0055 206.844 36.7194 80.3348 221.862 36.7194 82.6581 213.191 1.9115 66.4352 203.825 1.9115 79.6392 190.621 4.3877 68.4168 204.969 1.9115 61.6022 221.862 4.3877 80.7833 192.603 4.3877 63.8904 221.862 1.9115 97.6763 185.788 4.3877 97.6763 188.076 4.3877 114.569 192.603 1.9115 115.713 190.621 4.3877 126.936 204.969 1.9115 128.917 203.825 1.9115 133.75 221.862 4.3877 131.462 221.862 4.3877 126.936 238.755 1.9115 128.917 239.899 1.9115 115.713 253.103 4.3877 114.569 251.122 1.9115 97.6763 257.936 4.3877 97.6763 255.648 4.3877 80.7833 251.122 1.9115 79.6392 253.103 4.3877 68.4168 238.755 1.9115 66.4352 239.899 1.9115 61.6022 221.862 4.3877 63.8904 221.862 4.3877 68.4168 204.969 15.7274 82.1377 194.949 15.7274 70.7629 206.324 4.3877 80.7833 192.603 4.3877 63.8904 221.862 26.9418 85.5804 200.912 4.3877 97.6763 188.076 15.7274 66.5994 221.862 15.7274 97.6763 190.785 15.7274 113.215 194.949 26.9418 76.7258 209.766 26.9418 97.6763 197.671 4.3877 114.569 192.603 26.9418 73.4847 221.862 26.9418 109.772 200.912 15.7274 124.59 206.324 26.9418 118.627 209.766 4.3877 126.936 204.969 15.7274 128.753 221.862 4.3877 131.462 221.862 26.9418 121.868 221.862 15.7274 124.59 237.401 26.9418 118.627 233.958 4.3877 126.936 238.755 15.7274 113.215 248.776 4.3877 114.569 251.122 26.9418 109.772 242.813 4.3877 97.6763 255.648 15.7274 97.6763 252.939 26.9418 97.6763 246.054 15.7274 82.1378 248.776 4.3877 80.7833 251.122 26.9418 85.5805 242.813 15.7274 70.7629 237.401 26.9418 76.7258 233.958 4.3877 68.4168 238.755 15.7274 66.5994 221.862 26.9418 73.4847 221.862 4.3877 63.8904 221.862 37.8338 86.5608 202.61 32.5401 78.6548 210.88 32.5401 86.6942 202.841 37.8338 78.4236 210.747 37.8338 97.6763 199.631 37.8338 75.4453 221.862 32.5401 97.6763 199.898 32.5401 75.712 221.862 32.5401 108.658 202.841 37.8338 108.792 202.61 37.8338 116.929 210.747 32.5401 116.698 210.88 37.8338 119.907 221.862 32.5401 119.64 221.862 32.5401 116.698 232.844 37.8338 116.929 232.978 37.8338 108.792 241.115 32.5401 108.658 240.884 37.8338 97.6763 244.093 32.5401 97.6763 243.826 32.5401 86.6942 240.884 37.8338 86.5608 241.115 37.8338 78.4236 232.978 32.5401 78.6548 232.844 37.8338 75.4453 221.862 32.5401 75.712 221.862 37.8338 78.4236 210.747 36.7194 89.0055 206.844 36.7194 82.6581 213.191 37.8338 86.5608 202.61 37.8338 75.4453 221.862 36.7194 97.6763 204.521 36.7194 80.3348 221.862 37.8338 97.6763 199.631 37.8338 78.4236 232.978 36.7194 106.347 206.844 36.7194 82.6581 230.533 37.8338 108.792 202.61 37.8338 86.5608 241.115 37.8338 116.929 210.747 36.7194 89.0055 236.88 36.7194 112.694 213.191 37.8338 119.907 221.862 36.7194 97.6763 239.204 36.7194 115.018 221.862 37.8338 97.6763 244.093 36.7194 112.694 230.533 36.7194 106.347 236.88 37.8338 108.792 241.115 37.8338 116.929 232.978 26.9418 97.6763 246.054 32.5401 86.6942 240.884 32.5401 97.6763 243.826 26.9418 85.5805 242.813 32.5401 108.658 240.884 26.9418 76.7258 233.958 26.9418 109.772 242.813 26.9418 118.627 233.958 32.5401 78.6548 232.844 32.5401 116.698 232.844 26.9418 121.868 221.862 26.9418 73.4847 221.862 32.5401 119.64 221.862 32.5401 75.712 221.862 32.5401 116.698 210.88 26.9418 118.627 209.766 32.5401 108.658 202.841 26.9418 109.772 200.912 26.9418 97.6763 197.671 32.5401 97.6763 199.898 32.5401 86.6942 202.841 26.9418 85.5804 200.912 26.9418 76.7258 209.766 32.5401 78.6548 210.88 26.9418 73.4847 221.862 32.5401 75.712 221.862 -1.94702 143.644 132.287 -1.94702 148.477 150.324 1.9115 143.644 132.287 -1.94702 130.44 119.083 1.9115 148.477 150.324 1.9115 130.44 119.083 -1.94702 112.403 114.25 -1.94702 143.644 168.361 1.9115 112.403 114.25 1.9115 143.644 168.361 1.9115 130.44 181.565 1.9115 94.366 119.083 -1.94702 130.44 181.565 -1.94702 94.366 119.083 -1.94702 112.403 186.398 1.9115 81.162 132.287 1.9115 112.403 186.398 -1.94702 81.162 132.287 1.9115 76.329 150.324 -1.94702 94.366 181.565 -1.94702 76.329 150.324 1.9115 94.366 181.565 1.9115 81.162 168.361 -1.94702 81.162 168.361 1.9115 76.329 150.324 -1.94702 76.329 150.324 -1.94702 94.366 119.083 -1.94702 81.162 132.287 -4.42322 83.1435 133.431 -4.42322 95.5101 121.064 -1.94702 76.329 150.324 -1.94702 112.403 114.25 -4.42322 78.6172 150.324 -4.42322 112.403 116.538 -4.42322 129.296 121.064 -1.94702 130.44 119.083 -4.42322 141.662 133.431 -1.94702 143.644 132.287 -1.94702 148.477 150.324 -4.42322 146.189 150.324 -4.42322 141.662 167.217 -1.94702 143.644 168.361 -1.94702 130.44 181.565 -4.42322 129.296 179.583 -1.94702 112.403 186.398 -4.42322 112.403 184.11 -4.42322 95.5101 179.583 -1.94702 94.366 181.565 -1.94702 81.162 168.361 -4.42322 83.1435 167.217 -1.94702 76.329 150.324 -4.42322 78.6172 150.324 -4.42322 83.1435 133.431 -15.7629 96.8645 123.41 -4.42322 95.5101 121.064 -15.7629 85.4897 134.785 -4.42322 112.403 116.538 -26.9773 100.307 129.373 -4.42322 78.6172 150.324 -26.9773 91.4526 138.228 -15.7629 81.3262 150.324 -15.7629 112.403 119.247 -26.9773 112.403 126.132 -26.9773 88.2115 150.324 -26.9773 124.499 129.373 -15.7629 127.941 123.41 -4.42322 129.296 121.064 -15.7629 139.316 134.785 -4.42322 141.662 133.431 -26.9773 133.353 138.228 -4.42322 146.189 150.324 -15.7629 143.48 150.324 -15.7629 139.316 165.862 -4.42322 141.662 167.217 -26.9773 136.595 150.324 -4.42322 129.296 179.583 -26.9773 133.353 162.42 -15.7629 127.941 177.237 -26.9773 124.499 171.274 -4.42322 112.403 184.11 -15.7629 112.403 181.401 -26.9773 112.403 174.515 -15.7629 96.8646 177.237 -26.9773 100.307 171.274 -4.42322 95.5101 179.583 -15.7629 85.4897 165.862 -26.9773 91.4526 162.42 -4.42322 83.1435 167.217 -15.7629 81.3262 150.324 -4.42322 78.6172 150.324 -26.9773 88.2115 150.324 -37.8693 93.1504 139.208 -32.5756 101.421 131.302 -32.5756 93.3816 139.342 -37.8693 101.288 131.071 -37.8693 90.1721 150.324 -37.8693 112.403 128.093 -32.5756 90.4388 150.324 -32.5756 112.403 128.36 -32.5756 123.385 131.302 -37.8693 131.656 139.208 -32.5756 131.425 139.342 -37.8693 123.519 131.071 -37.8693 134.634 150.324 -32.5756 134.367 150.324 -32.5756 131.425 161.306 -37.8693 131.656 161.439 -37.8693 123.519 169.577 -32.5756 123.385 169.345 -37.8693 112.403 172.555 -32.5756 112.403 172.288 -32.5756 101.421 169.345 -37.8693 101.288 169.577 -37.8693 93.1504 161.439 -32.5756 93.3815 161.306 -37.8693 90.1721 150.324 -32.5756 90.4388 150.324 -37.8693 93.1504 139.208 -36.7549 103.732 135.306 -37.8693 101.288 131.071 -36.7549 97.3849 141.653 -36.7549 95.0616 150.324 -36.7549 112.403 132.982 -37.8693 112.403 128.093 -37.8693 90.1721 150.324 -36.7549 121.074 135.306 -37.8693 123.519 131.071 -37.8693 93.1504 161.439 -36.7549 127.421 141.653 -36.7549 97.3849 158.995 -37.8693 131.656 139.208 -36.7549 129.744 150.324 -36.7549 103.732 165.342 -37.8693 134.634 150.324 -37.8693 101.288 169.577 -36.7549 112.403 167.665 -36.7549 127.421 158.995 -37.8693 112.403 172.555 -37.8693 131.656 161.439 -36.7549 121.074 165.342 -37.8693 123.519 169.577 -32.5756 101.421 131.302 -26.9773 91.4526 138.228 -32.5756 93.3816 139.342 -26.9773 100.307 129.373 -26.9773 112.403 126.132 -26.9773 88.2115 150.324 -32.5756 112.403 128.36 -32.5756 123.385 131.302 -32.5756 90.4388 150.324 -26.9773 124.499 129.373 -32.5756 131.425 139.342 -26.9773 133.353 138.228 -26.9773 136.595 150.324 -32.5756 134.367 150.324 -32.5756 131.425 161.306 -26.9773 133.353 162.42 -26.9773 124.499 171.274 -32.5756 123.385 169.345 -26.9773 112.403 174.515 -32.5756 112.403 172.288 -32.5756 101.421 169.345 -26.9773 100.307 171.274 -26.9773 91.4526 162.42 -32.5756 93.3815 161.306 -26.9773 88.2115 150.324 -32.5756 90.4388 150.324 -36.7549 97.3849 158.995 -36.7549 112.403 132.982 -36.7549 103.732 135.306 -36.7549 103.732 165.342 -36.7549 95.0616 150.324 -36.7549 112.403 167.665 -36.7549 97.3849 141.653 -36.7549 121.074 135.306 -36.7549 127.421 141.653 -36.7549 121.074 165.342 -36.7549 129.744 150.324 -36.7549 127.421 158.995 36.7194 121.074 165.342 36.7194 129.744 150.324 36.7194 127.421 158.995 36.7194 127.421 141.653 36.7194 112.403 167.665 36.7194 121.074 135.306 36.7194 112.403 132.982 36.7194 103.732 165.342 36.7194 97.3849 158.995 36.7194 103.732 135.306 36.7194 95.0616 150.324 36.7194 97.3849 141.653 1.9115 81.162 132.287 1.9115 94.366 119.083 4.3877 83.1435 133.431 1.9115 76.329 150.324 4.3877 95.5101 121.064 4.3877 78.6172 150.324 1.9115 112.403 114.25 4.3877 112.403 116.538 4.3877 129.296 121.064 1.9115 130.44 119.083 4.3877 141.662 133.431 1.9115 143.644 132.287 1.9115 148.477 150.324 4.3877 146.189 150.324 4.3877 141.662 167.217 1.9115 143.644 168.361 1.9115 130.44 181.565 4.3877 129.296 179.583 1.9115 112.403 186.398 4.3877 112.403 184.11 4.3877 95.5101 179.583 1.9115 94.366 181.565 1.9115 81.162 168.361 4.3877 83.1435 167.217 1.9115 76.329 150.324 4.3877 78.6172 150.324 4.3877 83.1435 133.431 15.7274 96.8645 123.41 15.7274 85.4897 134.785 4.3877 95.5101 121.064 4.3877 78.6172 150.324 4.3877 112.403 116.538 15.7274 81.3262 150.324 26.9418 100.307 129.373 15.7274 112.403 119.247 26.9418 91.4526 138.228 26.9418 112.403 126.132 15.7274 127.941 123.41 26.9418 88.2115 150.324 26.9418 124.499 129.373 4.3877 129.296 121.064 15.7274 139.316 134.785 26.9418 133.353 138.228 4.3877 141.662 133.431 15.7274 143.48 150.324 4.3877 146.189 150.324 26.9418 136.595 150.324 15.7274 139.316 165.862 26.9418 133.353 162.42 4.3877 141.662 167.217 26.9418 124.499 171.274 4.3877 129.296 179.583 15.7274 127.941 177.237 15.7274 112.403 181.401 26.9418 112.403 174.515 4.3877 112.403 184.11 26.9418 100.307 171.274 15.7274 96.8646 177.237 4.3877 95.5101 179.583 15.7274 85.4897 165.862 4.3877 83.1435 167.217 26.9418 91.4526 162.42 4.3877 78.6172 150.324 15.7274 81.3262 150.324 26.9418 88.2115 150.324 37.8338 93.1504 139.208 32.5401 93.3816 139.342 32.5401 101.421 131.302 37.8338 90.1721 150.324 32.5401 90.4388 150.324 37.8338 101.288 131.071 37.8338 112.403 128.093 32.5401 112.403 128.36 32.5401 123.385 131.302 37.8338 123.519 131.071 37.8338 131.656 139.208 32.5401 131.425 139.342 37.8338 134.634 150.324 32.5401 134.367 150.324 32.5401 131.425 161.306 37.8338 131.656 161.439 37.8338 123.519 169.577 32.5401 123.385 169.345 37.8338 112.403 172.555 32.5401 112.403 172.288 32.5401 101.421 169.345 37.8338 101.288 169.577 37.8338 93.1504 161.439 32.5401 93.3816 161.306 37.8338 90.1721 150.324 32.5401 90.4388 150.324 37.8338 93.1504 139.208 36.7194 103.732 135.306 36.7194 97.3849 141.653 37.8338 101.288 131.071 36.7194 95.0616 150.324 36.7194 112.403 132.982 37.8338 90.1721 150.324 37.8338 112.403 128.093 36.7194 121.074 135.306 37.8338 93.1504 161.439 37.8338 123.519 131.071 36.7194 97.3849 158.995 36.7194 127.421 141.653 36.7194 103.732 165.342 37.8338 101.288 169.577 37.8338 131.656 139.208 36.7194 112.403 167.665 36.7194 129.744 150.324 37.8338 112.403 172.555 37.8338 134.634 150.324 36.7194 121.074 165.342 36.7194 127.421 158.995 37.8338 123.519 169.577 37.8338 131.656 161.439 32.5401 131.425 161.306 26.9418 136.595 150.324 26.9418 133.353 162.42 32.5401 134.367 150.324 26.9418 124.499 171.274 32.5401 131.425 139.342 26.9418 133.353 138.228 32.5401 123.385 169.345 32.5401 123.385 131.302 26.9418 124.499 129.373 26.9418 112.403 174.515 26.9418 112.403 126.132 32.5401 112.403 128.36 32.5401 112.403 172.288 32.5401 101.421 131.302 32.5401 101.421 169.345 26.9418 100.307 171.274 26.9418 100.307 129.373 26.9418 91.4526 162.42 26.9418 91.4526 138.228 32.5401 93.3816 161.306 32.5401 93.3816 139.342 26.9418 88.2115 150.324 26.9418 88.2115 150.324 32.5401 90.4388 150.324 32.5401 90.4388 150.324 -1.94702 161.198 80.1006 1.9115 156.365 62.0636 -1.94702 156.365 62.0636 1.9115 161.198 80.1006 -1.94702 156.365 98.1376 -1.94702 143.161 48.8595 1.9115 156.365 98.1376 1.9115 143.161 48.8595 -1.94702 125.124 44.0265 1.9115 143.161 111.342 1.9115 125.124 44.0265 -1.94702 143.161 111.342 -1.94702 125.124 116.175 1.9115 107.087 48.8595 1.9115 125.124 116.175 -1.94702 107.087 48.8595 1.9115 93.8831 62.0636 -1.94702 107.087 111.342 -1.94702 93.8831 62.0636 1.9115 107.087 111.342 1.9115 89.0501 80.1006 1.9115 93.8831 98.1376 -1.94702 93.8831 98.1376 -1.94702 89.0501 80.1006 1.9115 89.0501 80.1006 -1.94702 89.0501 80.1006 -1.94702 107.087 48.8595 -1.94702 93.8831 62.0636 -4.42322 95.8647 63.2076 -4.42322 108.231 50.8411 -1.94702 125.124 44.0265 -1.94702 89.0501 80.1006 -4.42322 125.124 46.3147 -4.42322 91.3383 80.1006 -4.42322 142.017 50.8411 -1.94702 143.161 48.8595 -4.42322 154.384 63.2076 -1.94702 156.365 62.0636 -1.94702 161.198 80.1006 -4.42322 158.91 80.1006 -4.42322 154.384 96.9936 -1.94702 156.365 98.1376 -1.94702 143.161 111.342 -4.42322 142.017 109.36 -1.94702 125.124 116.175 -4.42322 125.124 113.886 -4.42322 108.231 109.36 -1.94702 107.087 111.342 -1.94702 93.8831 98.1376 -4.42322 95.8647 96.9935 -1.94702 89.0501 80.1006 -4.42322 91.3383 80.1006 -4.42322 95.8647 63.2076 -15.7629 109.586 53.1872 -4.42322 108.231 50.8411 -15.7629 98.2108 64.5621 -4.42322 91.3383 80.1006 -4.42322 125.124 46.3147 -15.7629 94.0473 80.1006 -15.7629 125.124 49.0237 -26.9773 113.028 59.1501 -26.9773 104.174 68.0048 -15.7629 140.663 53.1872 -26.9773 100.933 80.1006 -26.9773 125.124 55.9091 -4.42322 142.017 50.8411 -26.9773 137.22 59.1501 -15.7629 152.038 64.5621 -26.9773 146.075 68.0048 -4.42322 154.384 63.2076 -15.7629 156.201 80.1006 -4.42322 158.91 80.1006 -26.9773 149.316 80.1006 -15.7629 152.038 95.6391 -26.9773 146.075 92.1964 -4.42322 154.384 96.9936 -15.7629 140.663 107.014 -26.9773 137.22 101.051 -4.42322 142.017 109.36 -15.7629 125.124 111.177 -4.42322 125.124 113.886 -15.7629 109.586 107.014 -26.9773 125.124 104.292 -4.42322 108.231 109.36 -26.9773 113.028 101.051 -15.7629 98.2108 95.6391 -26.9773 104.174 92.1963 -4.42322 95.8647 96.9935 -15.7629 94.0473 80.1006 -26.9773 100.933 80.1006 -4.42322 91.3383 80.1006 -37.8693 114.009 60.848 -32.5756 106.103 69.1185 -37.8693 105.872 68.9851 -32.5756 114.142 61.0791 -37.8693 125.124 57.8696 -37.8693 102.893 80.1006 -32.5756 125.124 58.1364 -32.5756 103.16 80.1006 -32.5756 136.106 61.0791 -37.8693 136.24 60.848 -32.5756 144.146 69.1185 -37.8693 144.377 68.9851 -37.8693 147.355 80.1006 -32.5756 147.088 80.1006 -32.5756 144.146 91.0827 -37.8693 144.377 91.2161 -37.8693 136.24 99.3532 -32.5756 136.106 99.1221 -37.8693 125.124 102.332 -32.5756 125.124 102.065 -32.5756 114.142 99.1221 -37.8693 114.009 99.3532 -32.5756 106.103 91.0827 -37.8693 105.872 91.2161 -37.8693 102.893 80.1006 -32.5756 103.16 80.1006 -37.8693 105.872 68.9851 -36.7549 116.453 65.0824 -37.8693 114.009 60.848 -36.7549 110.106 71.4299 -37.8693 102.893 80.1006 -36.7549 125.124 62.7591 -36.7549 107.783 80.1006 -37.8693 125.124 57.8696 -36.7549 133.795 65.0824 -36.7549 110.106 88.7713 -37.8693 136.24 60.848 -36.7549 140.142 71.4299 -37.8693 105.872 91.2161 -37.8693 144.377 68.9851 -36.7549 116.453 95.1188 -37.8693 114.009 99.3532 -37.8693 147.355 80.1006 -36.7549 125.124 97.4421 -36.7549 142.466 80.1006 -37.8693 125.124 102.332 -36.7549 140.142 88.7713 -36.7549 133.795 95.1188 -37.8693 144.377 91.2161 -37.8693 136.24 99.3532 -26.9773 149.316 80.1006 -32.5756 144.146 69.1185 -32.5756 147.088 80.1006 -26.9773 146.075 68.0048 -32.5756 144.146 91.0827 -26.9773 146.075 92.1964 -26.9773 137.22 59.1501 -26.9773 137.22 101.051 -32.5756 136.106 61.0791 -32.5756 136.106 99.1221 -26.9773 125.124 104.292 -26.9773 125.124 55.9091 -32.5756 125.124 102.065 -32.5756 125.124 58.1364 -32.5756 114.142 99.1221 -26.9773 113.028 101.051 -32.5756 114.142 61.0791 -32.5756 106.103 91.0827 -26.9773 104.174 92.1963 -26.9773 113.028 59.1501 -26.9773 100.933 80.1006 -32.5756 103.16 80.1006 -32.5756 106.103 69.1185 -26.9773 104.174 68.0048 -26.9773 100.933 80.1006 -32.5756 103.16 80.1006 -36.7549 110.106 88.7713 -36.7549 110.106 71.4299 -36.7549 107.783 80.1006 -36.7549 116.453 65.0824 -36.7549 125.124 62.7591 -36.7549 116.453 95.1188 -36.7549 125.124 97.4421 -36.7549 133.795 65.0824 -36.7549 140.142 71.4299 -36.7549 133.795 95.1188 -36.7549 140.142 88.7713 -36.7549 142.466 80.1006 36.7194 133.795 95.1188 36.7194 140.142 71.4299 36.7194 140.142 88.7713 36.7194 125.124 97.4421 36.7194 142.466 80.1006 36.7194 133.795 65.0824 36.7194 125.124 62.7591 36.7194 116.453 95.1188 36.7194 110.106 88.7713 36.7194 116.453 65.0824 36.7194 110.106 71.4299 36.7194 107.783 80.1006 1.9115 93.8831 62.0636 1.9115 107.087 48.8595 4.3877 95.8647 63.2076 1.9115 89.0501 80.1006 4.3877 108.231 50.8411 4.3877 91.3383 80.1006 1.9115 125.124 44.0265 4.3877 125.124 46.3147 4.3877 142.017 50.8411 1.9115 143.161 48.8595 4.3877 154.384 63.2076 1.9115 156.365 62.0636 1.9115 161.198 80.1006 4.3877 158.91 80.1006 4.3877 154.384 96.9936 1.9115 156.365 98.1376 1.9115 143.161 111.342 4.3877 142.017 109.36 1.9115 125.124 116.175 4.3877 125.124 113.886 4.3877 108.231 109.36 1.9115 107.087 111.342 1.9115 93.8831 98.1376 4.3877 95.8647 96.9935 1.9115 89.0501 80.1006 4.3877 91.3383 80.1006 4.3877 95.8647 63.2076 15.7274 109.586 53.1872 15.7274 98.2108 64.5621 4.3877 108.231 50.8411 4.3877 91.3383 80.1006 26.9418 113.028 59.1501 15.7274 94.0473 80.1006 15.7274 125.124 49.0237 26.9418 104.174 68.0048 4.3877 125.124 46.3147 26.9418 125.124 55.9091 15.7274 140.663 53.1872 26.9418 137.22 59.1501 4.3877 142.017 50.8411 26.9418 146.075 68.0048 15.7274 152.038 64.5621 4.3877 154.384 63.2076 15.7274 156.201 80.1006 4.3877 158.91 80.1006 26.9418 149.316 80.1006 15.7274 152.038 95.6391 4.3877 154.384 96.9936 26.9418 146.075 92.1964 4.3877 142.017 109.36 15.7274 140.663 107.014 26.9418 137.22 101.051 4.3877 125.124 113.886 15.7274 125.124 111.177 26.9418 125.124 104.292 15.7274 109.586 107.014 26.9418 113.028 101.051 4.3877 108.231 109.36 15.7274 98.2108 95.6391 26.9418 104.174 92.1963 4.3877 95.8647 96.9935 15.7274 94.0473 80.1006 4.3877 91.3383 80.1006 26.9418 100.933 80.1006 32.5401 136.106 61.0791 37.8338 125.124 57.8696 32.5401 125.124 58.1364 37.8338 136.24 60.848 32.5401 144.146 69.1185 32.5401 114.142 61.0791 37.8338 144.377 68.9851 37.8338 114.009 60.848 32.5401 106.103 69.1185 37.8338 105.872 68.9851 37.8338 147.355 80.1006 32.5401 147.088 80.1006 37.8338 102.893 80.1006 32.5401 103.16 80.1006 32.5401 144.146 91.0827 37.8338 144.377 91.2161 37.8338 136.24 99.3532 32.5401 136.106 99.1221 37.8338 125.124 102.332 32.5401 125.124 102.065 32.5401 114.142 99.1221 37.8338 114.009 99.3532 32.5401 106.103 91.0827 37.8338 105.872 91.2161 37.8338 102.893 80.1006 32.5401 103.16 80.1006 37.8338 125.124 57.8696 36.7194 133.795 65.0824 36.7194 125.124 62.7591 37.8338 136.24 60.848 37.8338 114.009 60.848 36.7194 116.453 65.0824 36.7194 140.142 71.4299 37.8338 144.377 68.9851 37.8338 105.872 68.9851 36.7194 110.106 71.4299 37.8338 147.355 80.1006 36.7194 142.466 80.1006 37.8338 102.893 80.1006 36.7194 140.142 88.7713 36.7194 107.783 80.1006 37.8338 144.377 91.2161 36.7194 110.106 88.7713 37.8338 136.24 99.3532 36.7194 133.795 95.1188 37.8338 105.872 91.2161 37.8338 125.124 102.332 36.7194 125.124 97.4421 36.7194 116.453 95.1188 37.8338 114.009 99.3532 32.5401 106.103 91.0827 26.9418 100.933 80.1006 32.5401 103.16 80.1006 26.9418 104.174 92.1963 32.5401 114.142 99.1221 26.9418 113.028 101.051 26.9418 125.124 104.292 32.5401 125.124 102.065 32.5401 136.106 99.1221 26.9418 137.22 101.051 32.5401 144.146 91.0827 26.9418 146.075 92.1964 26.9418 149.316 80.1006 32.5401 147.088 80.1006 32.5401 144.146 69.1185 26.9418 146.075 68.0048 26.9418 137.22 59.1501 32.5401 136.106 61.0791 26.9418 125.124 55.9091 32.5401 125.124 58.1364 32.5401 114.142 61.0791 26.9418 113.028 59.1501 32.5401 106.103 69.1185 26.9418 104.174 68.0048 26.9418 100.933 80.1006 32.5401 103.16 80.1006 26.9418 100.933 80.1006 -7.32898 -29.6672 -267.313 -25.8392 -43.1775 -280.459 -29.1369 -29.6672 -267.313 -7.32898 -33.1194 -263.765 -10.6267 -43.1775 -280.459 -7.32898 -29.6672 -267.313 -7.32898 -29.6672 -267.313 -29.1369 -29.6672 -267.313 -29.1369 -33.1194 -263.765 -7.32898 -33.1194 -263.765 -7.32898 -33.1194 -263.765 -25.8392 -46.6296 -276.911 -10.6267 -46.6296 -276.911 7.13391 -29.6672 -267.313 28.9417 -29.6672 -267.313 25.644 -43.1775 -280.459 10.4315 -43.1775 -280.459 7.13391 -33.1194 -263.765 10.4315 -43.1775 -280.459 10.4315 -46.6296 -276.911 7.13391 -33.1194 -263.765 10.4315 -46.6296 -276.911 25.644 -46.6296 -276.911 -10.6267 -43.1775 -280.459 -10.6267 -46.6296 -276.911 -25.8392 -43.1775 -280.459 -10.6267 -46.6296 -276.911 -25.8392 -46.6296 -276.911 -10.6267 -43.1775 -280.459 -29.1369 -33.1194 -263.765 -25.8392 -43.1775 -280.459 -25.8392 -46.6296 -276.911 -29.1369 -29.6672 -267.313 -29.1369 -33.1194 -263.765 25.644 -43.1775 -280.459 28.9417 -33.1194 -263.765 25.644 -46.6296 -276.911 28.9417 -29.6672 -267.313 25.644 -46.6296 -276.911 10.4315 -46.6296 -276.911 10.4315 -43.1775 -280.459 25.644 -43.1775 -280.459 7.13391 -29.6672 -267.313 28.9417 -29.6672 -267.313 7.13391 -29.6672 -267.313 7.13391 -33.1194 -263.765 28.9417 -33.1194 -263.765 28.9417 -33.1194 -263.765</float_array>
          <technique_common>
            <accessor source="#GeometrySource-array" count="7178" stride="3">
              <param name="X" type="float"/>
              <param name="Y" type="float"/>
              <param name="Z" type="float"/>
            </accessor>
          </technique_common>
        </source>
        <source id="GeometrySource1" name="menkmackspaceship_MenkMackSpaceShipNrm">
          <float_array id="GeometrySource1-array" count="21534">-0.903385 0.376945 -0.204469 -0.891639 0.404912 -0.202548 -0.910789 0.365509 -0.192004 -0.826009 0.512308 -0.235055 -0.918638 0.345269 -0.192076 -0.879395 0.430974 -0.2023 -0.820549 0.524741 -0.226596 -0.902602 0.375904 -0.209774 -0.813269 0.539708 -0.217505 -0.749228 0.618579 -0.23668 -0.836775 0.498926 -0.225566 -0.808704 0.547354 -0.21541 -0.765248 0.603645 -0.223625 -0.711664 0.65416 -0.256142 -0.870957 0.447851 -0.202148 -0.766122 0.603492 -0.221029 -0.679899 0.694282 -0.236029 -0.902282 0.38486 -0.194344 -0.802567 0.555439 -0.217654 -0.631614 0.727324 -0.268448 -0.857091 0.473203 -0.203653 -0.894422 0.402434 -0.195079 -0.617934 0.750302 -0.234956 -0.793406 0.561759 -0.234382 -0.902742 0.382792 -0.196285 -0.575258 0.807943 -0.127699 -0.841432 0.496088 -0.214216 -0.694094 0.662798 -0.280951 -0.651016 0.744235 -0.149308 -0.67514 0.673046 -0.301985 -0.746996 0.62551 -0.225245 -0.569461 0.814177 -0.113271 -0.898108 0.389063 -0.205016 -0.581632 0.741169 -0.33522 -0.482368 0.868675 -0.112809 -0.483734 0.867907 -0.112866 -0.937706 0.288681 -0.193315 -0.64092 0.75804 -0.120818 -0.351894 0.929607 -0.109551 -0.937704 0.288689 -0.193313 -0.731292 0.662349 -0.162807 -0.353856 0.928866 -0.109514 -0.690753 0.710812 -0.132692 -0.000000 0.993347 -0.115157 -0.000000 0.993339 -0.115227 0.353856 0.928866 -0.109514 0.351894 0.929607 -0.109551 0.483734 0.867907 -0.112866 0.482368 0.868675 -0.112809 0.575258 0.807943 -0.127699 0.56946 0.814177 -0.113271 0.651016 0.744235 -0.149308 0.679899 0.694282 -0.23603 0.640919 0.758041 -0.120818 0.617934 0.750302 -0.234956 0.731293 0.662349 -0.162804 0.690752 0.710815 -0.132682 0.631613 0.727324 -0.268448 0.836775 0.498927 -0.225565 0.711664 0.654161 -0.256142 0.902602 0.375904 -0.209776 0.826008 0.512308 -0.235058 0.903385 0.376945 -0.204469 0.918638 0.345268 -0.192076 0.749228 0.61858 -0.23668 0.91079 0.365509 -0.192004 0.82055 0.524739 -0.226599 0.891639 0.404911 -0.202549 0.765223 0.603683 -0.22361 0.813269 0.539708 -0.217506 0.766067 0.603539 -0.221092 0.879395 0.430974 -0.202301 0.808704 0.547354 -0.21541 0.802567 0.555439 -0.217653 0.870957 0.447851 -0.202149 0.902278 0.384826 -0.194433 0.746996 0.62551 -0.225245 0.894422 0.402434 -0.195079 0.694093 0.662798 -0.280951 0.857091 0.473203 -0.203653 0.902742 0.382792 -0.196284 0.793405 0.561756 -0.23439 0.841432 0.496088 -0.214216 0.898108 0.389063 -0.205017 0.67514 0.673045 -0.301987 0.937706 0.288681 -0.193315 0.581632 0.741169 -0.33522 0.937704 0.288689 -0.193311 0.588226 0.736934 -0.333046 0.478556 0.79381 -0.375299 0.481616 0.792608 -0.373923 0.359232 0.835336 -0.416132 0.365819 0.833366 -0.41434 0.000000 0.890818 -0.454359 0.000000 0.890834 -0.454328 -0.365819 0.833366 -0.41434 -0.359231 0.835336 -0.416133 -0.481616 0.792608 -0.373923 -0.478556 0.79381 -0.375299 -0.588225 0.736934 -0.333045 0.433914 -0.894243 0.109766 0.304984 -0.943276 0.131209 0.391826 -0.914941 0.096717 0.332357 -0.942536 0.03414 0.061121 -0.994957 0.079531 0.226662 -0.969097 0.097344 0 -0.999948 -0.010201 -0.253588 -0.964824 0.069331 0.000000 -0.998014 0.062991 0 -0.996187 0.087249 -0.284544 -0.957178 0.053341 0.000000 -0.999663 -0.025976 0.455213 -0.884509 0.102106 0.204335 -0.971022 0.123953 -0.332356 -0.942536 0.03414 -0.000000 -0.99271 0.120532 -0.280308 -0.957628 0.066153 0 -0.99188 0.12718 0.400674 -0.912311 0.084549 -0.455213 -0.884509 0.102106 0.210412 -0.931941 0.295317 0.481681 -0.8755 0.038512 -0.433908 -0.894245 0.109768 -0.400675 -0.912311 0.084551 -0.481681 -0.8755 0.038512 0.000003 -0.998573 0.053396 -0.391827 -0.914943 0.096705 -0.303786 -0.952227 0.031271 -0.450501 -0.892693 0.01217 0.000000 -0.994155 -0.10796 -0.304985 -0.943275 0.131213 -0.429887 -0.902057 0.038604 -0.298765 -0.950575 -0.084531 -0.06112 -0.994957 0.079531 -0.447487 -0.893364 -0.040706 0.253543 -0.964836 0.069339 -0.226662 -0.969097 0.097344 -0.449046 -0.892051 -0.051026 0.284544 -0.957177 0.053348 -0.313261 -0.946067 -0.08261 -0.204335 -0.971021 0.123954 0.000000 -0.99466 -0.103203 0.280301 -0.957633 0.066113 -0.000003 -0.946637 0.322301 -0.210414 -0.931942 0.295315 0.298765 -0.950575 -0.084532 0.122714 -0.946167 0.299515 0.313261 -0.946067 -0.082611 -0.26901 -0.908767 0.319025 -0.000006 -0.93667 0.350214 0.449047 -0.89205 -0.051026 -0.07302 -0.97059 0.229399 0.26901 -0.908767 0.319025 0.447486 -0.893364 -0.040703 -0.422512 -0.850592 0.313013 -0.122709 -0.94617 0.299508 0.59704 -0.802111 0.01269 -0.411537 -0.889495 0.198582 0.073018 -0.97059 0.229399 -0.683372 -0.716889 0.138107 0.422514 -0.850587 0.313023 -0.812329 -0.576018 0.091242 -0.437294 -0.67805 0.590781 0.411536 -0.889498 0.198574 -0.000007 -0.874719 0.48463 -0.862958 -0.504042 0.035279 -0.435456 -0.887824 0.148817 0.683375 -0.716886 0.138106 0.000011 -0.990417 0.13811 -0.427806 -0.903616 0.021473 0.437294 -0.67805 0.590781 0.000002 -0.731911 0.6814 0 -0.999947 0.010307 0.435466 -0.887819 0.148815 0.427806 -0.903616 0.021473 0.698439 -0.714856 0.034123 0.862729 -0.504444 0.035152 0.81233 -0.576015 0.091244 -0.39583 0.879427 -0.264437 -0.000000 0.960588 -0.277975 -0.000000 0.960634 -0.277818 -0.392958 0.880699 -0.264488 0.39583 0.879427 -0.264436 0.392959 0.880698 -0.264488 -0.474441 0.840414 -0.261934 -0.474412 0.840423 -0.261959 0.474406 0.840425 -0.261964 0.474412 0.840423 -0.261959 0.001395 -0.164056 -0.98645 -0.000002 -0.194157 -0.98097 0.000000 -0.194177 -0.980967 -0.005958 -0.155095 -0.987882 -0.001396 -0.164057 -0.98645 -0.051059 -0.117167 -0.991799 0.005958 -0.155096 -0.987881 -0.05702 -0.114049 -0.991838 0.051059 -0.117168 -0.991799 -0.045568 -0.117957 -0.991973 -0.034161 -0.123152 -0.9918 0.05702 -0.114049 -0.991838 -0.005961 -0.135911 -0.990703 0.045566 -0.117957 -0.991973 0.034164 -0.123153 -0.9918 -0.005964 -0.135891 -0.990706 0.005971 -0.135863 -0.99071 0.005972 -0.135892 -0.990706 0.637727 0.744622 -0.197085 0.70726 0.674506 -0.211719 0.679019 0.701383 -0.216784 0.548797 0.814835 -0.186723 0.71578 0.663784 -0.21691 0.587963 0.781395 -0.209097 0.508032 0.845438 -0.164735 0.413099 0.893253 -0.177338 0.577286 0.79618 -0.181211 0.688915 0.688004 -0.228138 0.423122 0.883607 -0.200516 0.385693 0.912125 -0.138816 0.485394 0.860026 -0.157316 -0.000000 0.982683 -0.185297 -0.000000 0.99171 -0.128494 0.363333 0.922695 -0.128929 0 0.976022 -0.217671 -0.000000 0.993777 -0.111387 -0.423165 0.883584 -0.200526 -0.413099 0.893253 -0.177338 -0.385694 0.912124 -0.138814 -0.587963 0.781395 -0.209097 -0.548797 0.814835 -0.186722 -0.363333 0.922695 -0.128931 -0.679019 0.701382 -0.216785 -0.508033 0.845438 -0.164735 -0.637727 0.744622 -0.197085 -0.688915 0.688004 -0.228138 -0.485394 0.860026 -0.157316 -0.707219 0.674569 -0.211658 -0.609787 0.758593 -0.22956 -0.71578 0.663784 -0.21691 -0.577286 0.796181 -0.181211 -0.688358 0.685545 -0.237049 -0.734066 0.641168 -0.223717 -0.555633 0.813634 -0.17109 -0.59648 0.763336 -0.248052 -0.734159 0.639002 -0.229539 -0.651033 0.710612 -0.266808 -0.453232 0.859984 -0.234539 -0.668768 0.700606 -0.248799 -0.453746 0.850755 -0.265201 -0.593612 0.750679 -0.29001 -0.592614 0.761618 -0.262196 0.000000 0.966507 -0.256641 -0.613883 0.737591 -0.281258 0 0.955929 -0.293598 -0.448882 0.833342 -0.322563 -0.58586 0.750606 -0.305546 0.453746 0.850754 -0.265201 -0.447617 0.825289 -0.344292 0.000000 0.931826 -0.362906 0.453232 0.859984 -0.234539 0 0.920487 -0.390773 0.448882 0.833342 -0.322563 0.59648 0.763335 -0.248054 0.447617 0.825289 -0.344292 0.593612 0.750679 -0.290009 0.609786 0.758593 -0.229559 0.58586 0.750606 -0.305546 0.651033 0.710613 -0.266807 0.688358 0.685545 -0.237047 0.613884 0.73759 -0.281259 0.734159 0.639002 -0.229539 0.592616 0.761613 -0.262205 0.668768 0.700605 -0.248799 0.734066 0.641169 -0.223717 -0.138491 0.970068 -0.199468 -0.10237 0.976151 -0.19144 -0.138468 0.97007 -0.199476 -0.107585 0.975355 -0.192636 -0.059226 0.981119 -0.184112 -0.057724 0.981214 -0.184084 -0.031036 0.982355 -0.184431 -0.02741 0.982441 -0.184551 -0.007361 0.981571 -0.190957 -0.007958 0.981287 -0.192388 -0.012361 0.979031 -0.203336 -0.012348 0.979032 -0.203333 0.143644 -0.370305 -0.917737 0.143659 -0.370306 -0.917734 0.143645 -0.370305 -0.917736 0.14366 -0.370306 -0.917734 0.466947 -0.881582 -0.069089 0.466989 -0.88156 -0.069094 0.466966 -0.881572 -0.069093 0.466968 -0.881571 -0.069095 -0.821722 -0.536271 0.192838 -0.821718 -0.536279 0.192833 -0.82171 -0.536292 0.192834 -0.821736 -0.536245 0.192852 -0.020723 0.784084 -0.620309 -0.020693 0.784086 -0.620307 -0.020703 0.784085 -0.620308 -0.020732 0.784081 -0.620313 -0.65826 -0.752033 -0.033765 -0.616202 -0.787521 -0.010255 -0.280395 -0.957603 0.06614 -0.688134 -0.722935 -0.061937 -0.284634 -0.957152 0.053332 -0.122723 -0.946178 0.299477 -0.603196 -0.797532 -0.009838 -0.253624 -0.964816 0.069313 -0.58993 -0.807429 0.006399 0.061131 -0.994958 0.079514 0.280386 -0.95761 0.066088 0.688129 -0.722939 -0.061947 0.122721 -0.94618 0.299471 0.658259 -0.752034 -0.033766 0.616202 -0.787521 -0.010254 0.284634 -0.957151 0.053338 0.603196 -0.797532 -0.009838 0.253625 -0.964816 0.069316 0.589967 -0.807402 0.00641 -0.061131 -0.994958 0.079513 0.007359 0.981571 -0.190958 0.02741 0.982441 -0.184551 0.007957 0.981287 -0.192388 0.030989 0.982356 -0.184434 0.012361 0.979031 -0.203334 0.057724 0.981214 -0.184084 0.012348 0.979032 -0.203332 0.059226 0.981119 -0.184113 0.10237 0.976151 -0.191441 0.107632 0.975352 -0.192626 0.138491 0.970068 -0.199471 0.138466 0.970071 -0.199473 0.218549 0.401295 -0.889494 0.28259 0.440169 -0.852288 0.234285 0.411032 -0.881001 0.2826 0.440181 -0.852278 0.000002 0.370617 -0.928786 -0.000003 0.370594 -0.928795 -0.218549 0.401296 -0.889493 -0.234284 0.411032 -0.881002 -0.282586 0.440171 -0.852288 -0.282598 0.440182 -0.852278 -0.426766 0.769612 0.474941 -0.418172 0.749442 0.513292 -0.426801 0.769608 0.474915 -0.417826 0.748657 0.514718 -0.411147 0.766387 0.493568 -0.410996 0.76946 0.488891 -0.30489 0.846651 0.436147 -0.348323 0.827383 0.440577 -0.000001 0.896764 0.442508 -0.000001 0.896775 0.442487 0.304891 0.84665 0.436147 0.348322 0.827384 0.440577 0.410995 0.76946 0.488891 0.411147 0.766386 0.493569 0.417825 0.748657 0.514718 0.418169 0.749445 0.51329 0.426803 0.769611 0.474909 0.426794 0.769615 0.47491 0 0.843906 0.536491 0.297282 0.790886 0.534904 -0.000001 0.843893 0.536511 0.311628 0.783306 0.537884 -0.297285 0.790885 0.534904 0.399168 0.710462 0.579576 0.396386 0.713698 0.577506 -0.31163 0.783305 0.537884 0.447346 0.62537 0.639369 0.453813 0.599512 0.659272 -0.399169 0.710461 0.579577 0.394725 0.416688 0.818879 -0.396383 0.7137 0.577506 0.37187 0.37517 0.849094 -0.447347 0.62537 0.63937 -0.453812 0.599512 0.659272 0.330097 0.301527 0.894493 -0.394728 0.416687 0.818878 -0.371869 0.37517 0.849094 0.33011 0.301547 0.894481 -0.330102 0.301525 0.894491 -0.330108 0.301548 0.894482 -0.290242 0.949138 -0.122052 -0.259956 0.953014 -0.155523 -0.290236 0.94914 -0.12205 -0.257939 0.953207 -0.15768 -0.22487 0.955059 -0.193121 -0.224867 0.955061 -0.193116 0.000000 0.575203 0.818011 -0.178395 0.59384 0.784557 -0.201259 0.602298 0.772484 0 0.575204 0.81801 0.178398 0.593839 0.784557 -0.258753 0.621804 0.739193 -0.258754 0.621828 0.739173 0.201256 0.602302 0.772482 0.258745 0.621809 0.739192 0.258767 0.621816 0.739178 0.207522 -0.264535 0.941783 0.20749 -0.264579 0.941778 0.207512 -0.264547 0.941782 0.207486 -0.264585 0.941777 -0.365762 0.662082 -0.654115 -0.434077 0.63871 -0.635317 -0.434079 0.63871 -0.635315 -0.372891 0.659831 -0.652362 -0.251472 0.686143 -0.68262 -0.261639 0.684997 -0.679945 0 0.704423 -0.709781 -0.000000 0.70442 -0.709783 0.251472 0.686143 -0.68262 0.261638 0.684996 -0.679946 0.372891 0.659831 -0.652362 0.365795 0.662097 -0.654081 0.434076 0.63871 -0.635317 0.434078 0.63871 -0.635315 0.224872 0.955059 -0.193119 0.259956 0.953014 -0.155522 0.257939 0.953207 -0.15768 0.224868 0.955058 -0.193127 0.29023 0.949142 -0.12205 0.290236 0.94914 -0.122049 0.821718 -0.536279 0.192835 0.82172 -0.536271 0.192844 0.82171 -0.536291 0.192833 0.821737 -0.536244 0.19285 -0.59704 -0.802111 0.01269 -0.610348 -0.792121 0.004367 -0.650906 -0.757915 0.043431 -0.369849 -0.927002 0.062275 0.4505 -0.892694 0.012171 0.303784 -0.952228 0.031273 0.429887 -0.902057 0.038609 0.650905 -0.757916 0.043428 0.369852 -0.927002 0.062263 0.610349 -0.792121 0.004366 0.020692 0.784087 -0.620306 0.020722 0.784083 -0.62031 0.020749 0.784079 -0.620314 0.02073 0.784083 -0.62031 -0.466947 -0.881582 -0.069089 -0.466989 -0.88156 -0.069093 -0.466969 -0.881571 -0.069083 -0.466966 -0.881572 -0.069092 -0.143659 -0.370306 -0.917734 -0.143644 -0.370305 -0.917737 -0.143646 -0.370304 -0.917737 -0.14366 -0.370305 -0.917734 -0.410483 -0.884202 -0.222916 -0.410464 -0.884209 -0.222922 -0.410425 -0.884226 -0.222926 -0.410477 -0.884203 -0.222919 0.410482 -0.884201 -0.22292 0.410462 -0.88421 -0.222919 0.410477 -0.884205 -0.222912 0.410423 -0.884227 -0.222927 0.465801 0.860151 -0.207774 0.465834 0.860133 -0.207771 0.465795 0.860154 -0.207774 0.465801 0.860151 -0.207774 -0.69844 -0.714855 0.034125 -0.207491 -0.26458 0.941778 -0.207493 -0.264573 0.941779 -0.207512 -0.264547 0.941782 -0.207512 -0.264545 0.941783 -0.46584 0.860131 -0.207771 -0.465846 0.860127 -0.20777 -0.465797 0.860153 -0.207774 -0.465807 0.860148 -0.207773 0.555633 0.813634 -0.17109 -0.857891 0.513569 -0.016431 -0.857891 0.513569 -0.016431 -0.79446 0.606921 -0.021895 -0.792324 0.609702 -0.022063 -0.607654 0.793722 -0.027612 -0.607262 0.794023 -0.027584 -0.484983 0.874315 -0.019118 -0.483568 0.875101 -0.018962 -0.352921 0.93561 -0.008986 -0.353135 0.935529 -0.009009 0 0.999993 -0.003826 0 0.999993 -0.003731 0.352921 0.93561 -0.008986 0.353171 0.935516 -0.008976 0.483569 0.875101 -0.018961 0.484983 0.874315 -0.019118 0.607301 0.793993 -0.02758 0.607654 0.793722 -0.027612 0.79446 0.606921 -0.021895 0.792324 0.609702 -0.022063 0.857892 0.513568 -0.016429 0.857891 0.513569 -0.016431 -0.269477 0.740049 0.616205 0.000000 0.796824 0.604211 0.000003 0.796825 0.604211 -0.285092 0.728315 0.623121 0.269491 0.740077 0.616166 0.285091 0.728315 0.623121 -0.365362 0.656998 0.659443 0.365361 0.656998 0.659442 -0.357874 0.664555 0.655968 0.357875 0.664554 0.655968 0.438878 0.597915 0.670734 -0.438877 0.597915 0.670735 0.45349 0.589643 0.668332 -0.453477 0.589683 0.668306 -0.593221 0.455884 0.66352 0.59322 0.455884 0.663521 -0.609705 0.434412 0.662983 0.609703 0.434412 0.662984 0.654497 0.370988 0.658789 -0.654498 0.370986 0.658788 0.654495 0.37099 0.658789 -0.654499 0.370985 0.658788 0.00022 -0.33223 -0.943198 0 -0.382791 -0.923835 0.000024 -0.333787 -0.942649 0 -0.382791 -0.923835 -0.026623 -0.326856 -0.944699 -0.027783 -0.324359 -0.945526 0.041943 -0.328825 -0.943459 0.000647 -0.299987 -0.953943 0.033647 -0.33962 -0.939961 -0.035637 -0.307536 -0.950869 0.000246 -0.299926 -0.953962 0.058722 -0.306643 -0.950011 -0.035627 -0.307535 -0.95087 0.058736 -0.306643 -0.950011 -0.000000 0 1 -0.000000 0 1 -0.000000 0 1 -0.000000 0 1 0.707079 0.707134 0 0.707078 0.707136 0 0.707078 0.707136 0 0.70708 0.707134 0 -0.278059 -0.278042 -0.919443 -0.27804 -0.278069 -0.919441 -0.278043 -0.278065 -0.919441 -0.278063 -0.278037 -0.919444 -0.463092 -0.463061 0.755725 -0.463062 -0.463098 0.755721 -0.463057 -0.463104 0.75572 -0.463097 -0.463055 0.755726 -0.70707 -0.707144 0 -0.707072 -0.707142 0 -0.707072 -0.707142 0 -0.70707 -0.707144 0 0.707034 -0.707179 0 0.708014 -0.706198 0.000000 0.70136 -0.712807 0.000000 0.715621 -0.698489 0.000000 0.701361 -0.712806 0.000000 0.715621 -0.698489 0.000000 0 -1 -0.000043 0 -1 -0.000068 0 -1 -0.000068 0 -1 -0.000032 0 -1 -0.000064 0 -1 -0.000071 0 -1 0 0 -1 -0.000068 0 -1 -0.000071 0 -1 0 0 -1 -0.000064 0 -1 -0.000071 0 -1 -0.000068 0 -1 -0.000071 0.009424 0.071847 0.997371 0 0.072049 0.997401 0 0.072049 0.997401 0.009436 0.071848 0.997371 0.040952 0.071127 0.996626 0.040962 0.071125 0.996626 0.001739 0.743977 -0.668203 0.001739 0.743976 -0.668204 0.001738 0.743978 -0.668202 0.001737 0.743979 -0.668201 0.001742 0.743976 -0.668205 0.00174 0.743976 -0.668204 0.001741 0.743976 -0.668204 0.001742 0.743976 -0.668204 0.001743 0.743975 -0.668205 0.001737 0.743975 -0.668205 0.001743 0.743975 -0.668205 0.001737 0.743975 -0.668206 0.001734 0.743976 -0.668204 0.001733 0.743976 -0.668204 -0.709164 0.705043 -0.000000 -0.709162 0.705045 -0.000000 -0.709165 0.705043 -0.000000 -0.709162 0.705045 -0.000000 -0.709166 0.705042 -0.000000 -0.709165 0.705042 -0.000000 0 0.776271 -0.630399 0 0.776271 -0.630399 0 0.776271 -0.630399 0 0.776272 -0.630399 0.996761 0.037956 -0.070894 0.996851 -0.022625 -0.075999 0.997206 0.017588 -0.072606 0.996855 -0.02264 -0.075949 0.994632 0.07862 -0.067272 0.994633 0.078619 -0.067268 -0.000305 -0.980837 -0.194827 -0.00081 -0.980795 -0.195041 -0.00044 -0.980826 -0.194884 -0.000732 -0.980801 -0.195008 -0.996757 0.038044 -0.070909 -0.994622 0.078698 -0.067329 -0.994621 0.078702 -0.067338 -0.9972 0.0175 -0.072697 -0.996847 -0.022609 -0.076061 -0.996848 -0.022614 -0.076043 0 0.96034 -0.278831 0 0.96034 -0.278831 0 0.96034 -0.278831 0 0.96034 -0.278831 -0.996766 0.037905 -0.07086 -0.994643 0.078548 -0.067193 -0.994643 0.07855 -0.067198 -0.997208 0.017582 -0.07258 -0.996842 -0.022584 -0.076132 -0.996848 -0.022612 -0.076038 0 0.96034 -0.278831 0 0.96034 -0.278831 0 0.96034 -0.278831 0 0.96034 -0.278831 0.996773 0.037922 -0.070743 0.996849 -0.022617 -0.076026 0.99721 0.017588 -0.072543 0.996852 -0.022626 -0.075995 0.994656 0.078457 -0.067116 0.994656 0.078456 -0.067115 -0.00493 -0.981013 -0.193881 -0.004964 -0.981015 -0.193867 -0.004905 -0.98101 -0.193893 -0.004957 -0.981015 -0.193871 0.000000 0 -1 0.000000 0 -1 0.000000 0 -1 0.000000 0 -1 0 -0.267825 -0.963468 0 -0.267825 -0.963468 0 -0.267825 -0.963468 0 -0.267824 -0.963468 -0.6061 -0.795389 -0.000053 -0.606117 -0.795375 -0.000057 -0.606102 -0.795387 -0.000053 -0.606136 -0.795361 -0.000025 -0.606119 -0.795374 -0.000057 -0.606138 -0.79536 -0.000025 -0.606139 -0.795359 0 -0.606138 -0.795359 0 -0.736529 -0.208616 -0.643432 -0.73654 -0.208609 -0.643422 -0.736545 -0.208608 -0.643416 -0.736552 -0.208601 -0.64341 -1 0 0 -1 0 0.000000 -1 0 -0.000000 -1 0 0 -1 0 -0.000000 -1 0 -0.000000 -1 0 0 -1 0 0 -1 0 0 -1 0 0.000000 -1 0 -0.000000 -1 0 -0.000000 -1 0 0 -1 0 0 -0.999858 0.003453 0.016467 -1 0 0 -1 0 0 -1 0 0 -0.999873 0.003266 0.015576 -1 0 0 -0.472438 -0.004233 0.881354 -0.472358 -0.004221 0.881397 -0.472419 -0.00423 0.881364 -0.472455 -0.004235 0.881345 -0.874796 0.484492 0.000041 -0.874793 0.484496 0.000028 -0.874793 0.484497 0.000028 -0.874796 0.484492 0.000041 -0.909896 0.385024 -0.154422 -0.912804 0.365955 -0.181291 -0.909913 0.247734 -0.332696 -0.909899 0.384996 -0.154475 -0.912801 0.36593 -0.181355 -0.909901 0.247747 -0.332717 -0.874751 -0.484573 -0.000178 -0.87475 -0.484574 -0.000119 -0.874751 -0.484572 -0.000622 -0.874591 -0.48486 -0.001015 -0.87475 -0.484575 -0.000119 -0.87476 -0.484556 -0.001159 -0.998395 0.01164 0.055418 -0.998844 0.009867 0.047046 -0.999858 0.003457 0.016513 -1 0 0 -0.999873 0.003255 0.015609 -1 0 0 -1 0 0 -1 0 -0.000000 -1 0 0 -1 0 -0.000000 -1 0 -0.000000 0.5614 0.827545 0.000264 0.561415 0.827534 0.000262 0.561416 0.827534 0.000262 0.561397 0.827546 0.000263 0 -0.000000 -1 0 -0.000000 -1 0 -0.000000 -1 0 -0.000000 -1 0.140694 0.990053 0.000706 0.14073 0.990048 0.00069 0.097943 0.995192 0.000676 0.043803 0.99904 0.000679 -0.140297 0.990109 0.000678 -0.194962 0.980811 0.000671 -0.43527 0.9003 0.000622 -0.439354 0.898314 0.000622 -0.634782 0.772691 0.000207 -0.650315 0.759665 0.000117 -0.83879 0.544455 -0.000928 -0.874456 0.485103 -0.001093 -0.967674 0.252188 -0.002847 -0.980993 0.193998 -0.004121 -0.998766 0.049028 -0.007883 -0.999013 -0.043089 -0.010745 -0.943115 -0.332205 -0.013185 -0.887082 -0.461469 -0.011507 -0.816059 -0.577888 -0.009658 -0.816072 -0.57787 -0.009651 -0.277336 0.731122 -0.623334 -0.330787 0.700797 -0.632031 -0.395228 0.659474 -0.639444 -0.277341 0.731122 -0.623331 -0.497355 0.583753 -0.641771 -0.532444 0.555085 -0.639049 -0.586128 0.505839 -0.632915 -0.598068 0.493159 -0.631751 -0.625649 0.46138 -0.629041 -0.627479 0.458685 -0.629189 -0.668967 0.413057 -0.617954 -0.669709 0.412265 -0.617679 -0.781772 0.262938 -0.565416 -0.801904 0.226428 -0.552883 -0.861421 0.090323 -0.499796 -0.884767 0.010196 -0.465921 -0.896959 -0.277712 -0.344007 -0.832345 -0.503758 -0.231148 -0.787178 -0.590574 -0.177688 -0.787137 -0.590618 -0.177723 -0.412309 0.887004 0.207905 -0.387984 0.893022 0.227989 -0.244718 0.961609 0.124185 -0.733325 0.480884 0.480609 -0.262082 0.961263 0.085361 -0.237821 0.962644 0.129455 -0.759975 0.495109 0.421076 -0.452866 0.876869 0.161285 -0.064503 0.997588 0.025657 -0.849761 0.166165 0.500296 -0.2741 0.961125 0.03328 -0.060105 0.997893 0.024429 -0.078225 0.996898 0.008661 -0.79583 0.522783 0.305537 -0.100739 0.994892 -0.006413 0.025564 0.999386 -0.023944 -0.896497 0.251783 0.364554 -0.489241 0.867364 0.091232 -0.078221 0.996898 0.008678 -0.795829 0.522798 0.305513 -0.11508 0.993207 -0.017223 -0.810448 -0.465734 0.355339 -0.817501 0.546855 0.18067 -0.491507 0.87083 0.008748 -0.758259 -0.439211 0.481806 -0.924701 0.31238 0.217596 -0.269021 0.963051 -0.012697 -0.825381 0.562242 0.05128 -0.896509 0.251788 0.364521 -0.938806 0.337183 0.070364 -0.833086 -0.515048 0.201724 -0.844061 -0.531159 0.073697 -0.810495 -0.465695 0.355284 -0.039569 0.999071 -0.017042 -0.020137 0.99961 -0.019351 0.000788 0.999757 -0.022042 -0.485188 0.870763 -0.079775 -0.284944 0.952343 -0.108853 -0.492611 0.851811 -0.178194 -0.270768 0.96059 -0.062855 -0.295444 0.940613 -0.167215 -0.123423 0.99156 -0.03969 -0.140682 0.987375 -0.072794 -0.136866 0.989131 -0.053736 -0.129966 0.986283 -0.101758 -0.813783 0.574125 -0.090209 -0.056109 0.998021 -0.028372 -0.279975 0.927836 -0.246445 -0.115069 0.993208 -0.017217 -0.068716 0.997148 -0.031221 -0.481381 0.82876 -0.285359 -0.039601 0.99907 -0.017042 -0.434153 0.810792 -0.392591 -0.784674 0.572362 -0.238094 -0.373219 0.803046 -0.46457 -0.720908 0.571152 -0.392526 -0.523934 0.605188 -0.599367 -0.901959 0.348018 -0.255642 -0.624431 0.581587 -0.521385 -0.430451 0.624516 -0.651684 -0.836795 0.332553 -0.434952 -0.741094 0.331077 -0.584095 -0.316555 0.799396 -0.510646 -0.796666 -0.569798 -0.201625 -0.624464 0.581586 -0.521347 -0.256536 0.915157 -0.310929 -0.7241 -0.594831 -0.349079 -0.741116 0.331093 -0.584058 -0.626133 -0.625892 -0.464991 0.886022 -0.007379 -0.463584 0.886073 -0.007152 -0.46349 0.886108 -0.006995 -0.463425 0.886011 -0.007429 -0.463604 0.886109 -0.006996 -0.463425 0.886108 -0.006996 -0.463425 0.886162 -0.005955 -0.463338 0.886313 -0.006786 -0.463036 0.886109 -0.006997 -0.463424 0.886215 -0.007367 -0.463216 0.885652 -0.005302 -0.46432 0.886093 -0.007121 -0.463453 0.886108 -0.006993 -0.463426 0.885803 -0.008047 -0.463992 0.886108 -0.006995 -0.463426 0.886284 -0.008772 -0.463059 0.886107 -0.006987 -0.463428 0.886082 -0.010544 -0.463408 0.886108 -0.00699 -0.463425 0.886108 -0.006987 -0.463427 0.992992 0.00095 0.118178 0.999759 -0.000016 0.02193 0.992961 0.00036 0.118439 0.999759 -0.000000 0.021978 0.953966 0.00126 0.299912 0.99976 -0.000000 0.021914 0.953739 -0.000000 0.300635 0.954194 0.002305 0.299181 0.992882 0.000000 0.119104 0.883247 0.000889 0.468907 0.882527 0.001071 0.47026 0.856466 0.000057 0.516203 0.88166 0.001255 0.471884 0.858316 0.001108 0.51312 0.85447 -0.001058 0.519501 0.936404 -0.000248 -0.350924 0.926342 -0.019508 -0.376177 0.93667 -0.000000 -0.350212 0.918373 -0.018503 -0.395284 0.97187 0.000015 -0.235516 0.936667 0 -0.35022 0.916508 -0.03239 -0.398702 0.969136 -0.000239 -0.246528 0.968034 -0.000343 -0.250818 0.929434 -0.002741 -0.36898 0.936278 -0.000381 -0.35126 0.971852 0.000147 -0.235591 0.928287 -0.028723 -0.370753 0.993896 -0.000682 -0.110321 0.915323 -0.006537 -0.402667 0.9914 -0.00019 -0.130869 0.911259 -0.009973 -0.411714 0.995777 0.00016 -0.091804 0.99806 -0.000221 -0.062261 0.99281 0.000524 0.119701 0.99281 0.000524 0.119703 0.96336 -0.000000 0.268213 0.963351 -0.000000 0.268243 0.913296 -0.000000 0.407296 0.913297 0.000001 0.407295 0.876236 0.000005 0.481882 0.871627 0.000171 0.49017 0.818318 -0.000019 0.574766 0.821686 0.000288 0.569941 0.858897 -0.000029 0.512148 0.770465 -0.000581 0.637482 0.820723 -0.000151 0.571327 0.769954 -0.000607 0.638099 0.727834 -0.001247 0.685752 0.865633 -0.010438 0.500571 0.726866 -0.001274 0.686778 0.768494 -0.000734 0.639856 0.818224 -0.001887 0.574896 0.724007 -0.001344 0.689791 0.908331 -0.022316 0.417657 0.768043 -0.000811 0.640397 0.908777 -0.022226 0.41669 0.963619 -0.010192 0.267084 0.723045 -0.001361 0.6908 0.963689 -0.010178 0.266834 0.992848 -0.003647 0.119327 0.992848 -0.003642 0.119331 0.999883 -0.000809 -0.015291 0.003086 0.999995 0.000717 0.003011 0.999995 0.000376 0.00297 0.999995 0.000953 0.002993 0.999995 0.000345 0.002938 0.999995 0.001487 0.003069 0.999995 0.000108 0.003084 0.999994 0.001448 0.003103 0.999995 0.000133 0.003012 0.999994 0.001702 0.003116 0.999994 0.001645 -0.131668 0.981338 -0.14014 -0.109714 0.980657 -0.162093 -0.224152 0.904271 -0.363388 -0.057083 0.997021 -0.051869 -0.129984 0.986278 -0.101786 -0.202728 0.902228 -0.380639 -0.064477 0.99701 -0.042596 -0.091932 0.984206 -0.151287 -0.048745 0.996934 -0.061209 -0.29319 0.798565 -0.525675 -0.399643 0.62723 -0.668482 -0.476947 0.423638 -0.770099 -0.517713 0.411564 -0.750059 -0.421968 -0.643255 -0.638879 -0.635371 0.368784 -0.678456 -0.449258 -0.654213 -0.608417 -0.534626 -0.652036 -0.537609 -0.626141 -0.625878 -0.464999 -0.72409 -0.594849 -0.349068 -0.621986 -0.768646 -0.149389 -0.796665 -0.569796 -0.201635 -0.543714 -0.800517 -0.252086 -0.626123 -0.62589 -0.465006 -0.675798 -0.73581 -0.043366 -0.453647 -0.827555 -0.330693 -0.842823 -0.535221 -0.056455 -0.365408 -0.854531 -0.369124 -0.534599 -0.652057 -0.537612 -0.844051 -0.531182 0.073649 -0.44921 -0.654215 -0.608452 -0.669272 -0.740449 0.061726 -0.83309 -0.515058 0.201682 -0.297828 -0.871293 -0.39006 -0.650708 -0.742069 0.160975 -0.273301 -0.876791 -0.395656 -0.422015 -0.643267 -0.638836 -0.81048 -0.465715 0.35529 -0.653076 -0.700935 0.286674 -0.758246 -0.439258 0.481784 -0.635197 -0.656062 0.407563 -0.722324 -0.454031 0.521635 -0.614864 -0.650418 0.445982 0.897995 0.028076 0.43911 0.897997 0.028081 0.439104 0.897995 0.028076 0.439109 0.897998 0.028081 0.439102 0.897995 0.028075 0.439109 -0.056412 0.001326 0.998407 -0.056451 0.001331 0.998404 -0.056449 0.001329 0.998405 -0.056439 0.001332 0.998405 0.000314 -1 0.000768 0.000353 -1 0.000759 0.000307 -1 0.00077 0.000294 -1 0.000773 0.004383 0.698335 0.715758 0.004351 0.69832 0.715772 0.00435 0.69832 0.715773 0.004373 0.69833 0.715763 0.002571 -0.778422 0.627736 0 -0.778263 0.627939 0 -0.778263 0.627939 0.002528 -0.778419 0.627739 0.00973 -0.778838 0.627149 0.009714 -0.778838 0.62715 0.993493 -0.015725 0.112807 0.999034 -0.0273 0.034434 0.998034 -0.021541 0.058857 0.999033 -0.027312 0.034461 -0.136843 0.989136 -0.053708 -0.070735 0.996969 -0.032399 -0.0645 0.99701 -0.042554 -0.068731 0.997147 -0.031215 -0.227527 -0.000445 0.973772 -0.227507 -0.000274 0.973776 -0.22739 -0.000269 0.973804 -0.227445 -0.000493 0.973791 -0.227517 -0.000021 0.973774 -0.227495 -0.000007 0.973779 -0.932033 0.351078 -0.089774 -0.938804 0.337193 0.070337 -0.784676 0.572378 -0.238048 -0.825367 0.562266 0.051241 -0.901961 0.348036 -0.25561 -0.844064 -0.531159 0.07366 -0.84281 -0.535245 -0.05643 -0.796677 -0.569788 -0.201612 0.000789 0.999756 -0.022054 0.020059 0.999573 -0.021266 -0.000288 1 0.0004 -0.000653 1 0.000411 -0.000285 1 0.000399 0.000012 1 0.000267 -0.000263 1 0.00071 0.000146 1 0.000873 0.000365 1 0.000333 0.000587 0.999996 0.002925 0.00023 1 0.00092 0.000637 0.999996 0.002618 -0.000003 1 0.000356 0.000719 0.999999 0.001267 0 1 0.00036 0.000634 0.999999 0.000974 0.932747 -0.004113 -0.360507 0.820783 -0.486201 -0.299873 0.862052 -0.465277 -0.200956 0.86144 -0.465607 -0.202807 0.820704 -0.486258 -0.299996 0.821056 -0.448624 -0.352992 0.898163 -0.438453 -0.032608 0.820871 -0.449076 -0.352848 0.897953 -0.438714 -0.034779 0.832197 -0.420199 -0.361774 0.832202 -0.42019 -0.361773 0.902381 -0.414167 0.119056 0.902513 -0.414766 0.115932 0.885555 -0.3872 0.256649 0.885617 -0.387231 0.256388 0.847944 -0.368958 0.380605 0.848368 -0.369012 0.379608 0.813184 -0.366007 0.452516 0.813388 -0.365987 0.452166 0.765571 -0.369097 0.526942 0.755158 -0.370814 0.540586 0.707255 -0.359914 0.608483 0.699675 -0.357175 0.618773 0.658362 -0.341899 0.67057 0.658388 -0.341871 0.670559 0.492981 0.583603 -0.645272 0.522479 0.531738 -0.666536 0.492992 0.5836 -0.645268 0.513578 0.548004 -0.660249 0.548828 0.457929 -0.699349 0.554347 0.416549 -0.720546 0.558448 0.376569 -0.739143 0.558452 0.376566 -0.739141 0.93179 -0.225017 0.28484 0.853627 -0.285178 0.435883 0.818942 -0.429235 0.380909 0.883669 -0.398483 0.245643 0.970859 -0.170547 0.168366 0.768592 -0.40922 0.491738 0.659458 -0.6894 0.299738 0.897395 -0.408678 0.166328 0.802618 -0.311398 0.508759 0.711249 -0.675799 0.193444 0.612846 -0.677159 0.407277 0.709803 -0.68948 0.144213 0.501467 -0.793872 0.343947 0.611305 -0.774704 0.161678 0.559414 -0.791784 0.245225 0.633563 -0.762108 0.133375 0.000002 -0.997045 0.076817 -0.000001 -0.884143 0.467216 -0.000000 -0.999329 0.036625 0.000000 -0.858637 0.512583 0 -0.924584 -0.380979 0 -0.598477 0.80114 0.000012 -0.914446 -0.404708 0.000001 -0.545955 0.837815 -0.000012 -0.62551 -0.780216 0 -0.195525 0.980699 0.00001 -0.624689 -0.780874 0.000000 -0.130121 0.991498 0.00001 0.246456 0.969154 -0.000000 0.321788 0.946812 0.000000 0.646394 0.763004 -0.000001 0.710599 0.703597 0.000000 0.909342 0.416049 0.000000 0.947376 0.320123 0.000000 0.999968 0.007998 0 0.998151 0.060789 0.000001 0.960739 -0.277452 0 0.917711 -0.39725 -0.000000 0.75076 -0.660575 0 0.679676 -0.733513 0.000002 0.354225 -0.93516 0 0.296989 -0.954881 0.000001 -0.160131 -0.987096 0 -0.187444 -0.982275 -0.000008 -0.625477 -0.780242 0.00001 -0.624616 -0.780932 -0.51749 -0.770948 -0.371272 -0.517496 -0.855686 -0.000025 -0.517493 -0.855687 -0.000025 -0.51749 -0.77095 -0.371268 -0.517488 -0.533516 -0.669004 -0.517488 -0.533514 -0.669006 -0.517483 -0.190411 -0.834239 -0.517482 -0.190413 -0.834239 -0.517484 0.190414 -0.834238 -0.517482 0.190412 -0.83424 -0.517492 0.533513 -0.669004 -0.517496 0.533513 -0.669001 -0.51748 0.770955 -0.371272 -0.51748 0.770953 -0.371275 -0.517485 0.855693 -0.000000 -0.517489 0.85569 -0.000001 -0.517477 0.770955 0.371277 -0.517477 0.770957 0.371271 -0.517493 0.533513 0.669003 -0.517496 0.533515 0.668999 -0.517494 0.190409 0.834233 -0.517494 0.190405 0.834234 -0.517494 -0.190406 0.834234 -0.517493 -0.190405 0.834234 -0.517489 -0.533516 0.669004 -0.517488 -0.533516 0.669005 -0.517487 -0.770953 0.371267 -0.517487 -0.77095 0.371273 -0.517488 -0.85569 0.000023 -0.517499 -0.855684 0.000023 -0.722341 -0.453976 0.52166 -0.817411 0.123948 0.562562 -0.886502 0.391761 -0.246245 -0.822385 0.421466 -0.382165 -0.933633 0.217304 -0.284794 -0.65603 0.693248 -0.298382 -0.971747 0.164848 -0.168914 -0.856651 0.275437 -0.436215 -0.610663 0.679784 -0.406182 -0.772077 0.400119 -0.493763 -0.707366 0.680192 -0.192283 -0.49323 0.800951 -0.339413 -0.805567 0.301021 -0.510341 -0.899882 0.403017 -0.166705 -0.550722 0.798951 -0.241627 -0.704927 0.694717 -0.142992 -0.602577 0.78203 -0.159157 -0.624947 0.769545 -0.131306 -0.209164 -0.977587 0.023945 -0.209253 -0.977568 0.02396 -0.209242 -0.97757 0.023967 -0.20916 -0.977588 0.023944 0.346178 -0.23193 0.909049 0.324242 -0.23328 0.916759 0.231787 -0.48606 0.842627 0.373884 -0.139953 0.916855 0.245014 -0.489909 0.836634 0.337829 -0.172116 0.925337 0.199706 -0.551272 0.810072 0.065673 -0.560447 0.825582 0.147548 -0.338212 0.929431 0.219658 -0.546927 0.80785 0.011915 -0.616845 0.786994 0.188646 -0.251196 0.949375 -0.164006 -0.629021 0.759891 0.217672 -0.552931 0.804293 -0.101403 -0.329031 0.938859 -0.134549 -0.444592 0.88557 -0.221731 -0.689975 0.689035 -0.261763 -0.382283 0.886194 -0.321665 -0.738484 0.592598 -0.294011 -0.664398 0.68712 -0.243589 -0.721659 0.647976 -0.326884 -0.687807 0.648127 -0.275664 -0.527478 0.803602 -0.031317 -0.653701 0.756105 -0.334144 -0.753126 0.5667 0.188939 -0.565514 0.802805 -0.332741 -0.760816 0.557174 -0.325036 -0.589371 0.73959 -0.339353 -0.771317 0.538433 -0.288287 -0.44288 0.848969 0.001469 -0.999606 0.028012 0.001474 -0.999607 0.028011 0.001491 -0.999607 0.028008 0.001453 -0.999606 0.028013 0.005429 -0.999641 0.026227 0.005443 -0.999641 0.026225 0.005447 -0.999641 0.026225 0.005459 -0.999641 0.026224 0.009041 -0.999655 0.024643 0.00915 -0.999656 0.024589 0.009095 -0.999656 0.024616 0.009051 -0.999656 0.024638 0.429723 -0.053325 0.901385 0.429714 -0.053203 0.901397 0.429716 -0.053237 0.901393 0.429722 -0.053313 0.901386 0.432176 0.017194 0.901625 0.432179 0.017225 0.901623 0.432179 0.017217 0.901624 0.432176 0.017193 0.901625 0.428135 0.057012 0.901915 0.428135 0.057012 0.901915 0.428138 0.057033 0.901912 0.428138 0.057034 0.901912 0 -0.000003 1 0 0.000001 1 0 0.000000 1 0 -0.000003 1 0.003488 -0.999988 0.003306 0.003452 -0.999988 0.003389 0.003551 -0.999989 0.003158 0.003474 -0.999988 0.003339 0.005952 -0.999981 0.001832 0.005939 -0.999981 0.001848 0.005933 -0.999981 0.001855 0.005969 -0.999981 0.001813 0.004194 -0.999983 0.003948 0.003926 -0.999984 0.004156 0.003411 -0.999984 0.004577 0.003852 -0.999984 0.004205 0.004238 -0.999983 0.003883 0.00332 -0.999984 0.004635 0.005841 -0.999982 -0.001293 0.005864 -0.999983 -0.000521 0.005859 -0.999983 -0.00034 0.005855 -0.999982 -0.00125 0.005536 -0.999982 -0.002226 0.00577 -0.999983 0.000517 0.005583 -0.999982 -0.002201 0.005685 -0.999984 0.000716 0.005356 -0.999981 -0.003043 0.005282 -0.999985 0.001693 0.005408 -0.999981 -0.002952 0.005259 -0.999984 0.001893 0.005541 -0.999979 -0.003269 0.005513 -0.999979 -0.003298 0.004866 -0.999984 0.002728 0.004869 -0.999985 0.002646 0.005409 -0.999981 -0.002946 0.005519 -0.999981 -0.002952 0.005475 -0.999981 -0.00295 0.00537 -0.999981 -0.002944 0.005856 -0.999981 -0.001704 0.005806 -0.999982 -0.001665 0.005782 -0.999982 -0.001647 0.005877 -0.999981 -0.001721 0.00587 -0.999982 -0.001034 0.005929 -0.999982 -0.001022 0.00591 -0.999982 -0.001026 0.005853 -0.999982 -0.001037 0.005876 -0.999983 -0.000122 0.005947 -0.999982 -0.00009 0.005919 -0.999982 -0.000103 0.005851 -0.999983 -0.000133 0.00562 -0.999984 0.000992 0.005725 -0.999983 0.000968 0.005773 -0.999983 0.000957 0.005565 -0.999984 0.001005 0.005205 -0.999984 0.002012 0.004956 -0.999986 0.001801 0.005025 -0.999986 0.001859 0.005283 -0.999984 0.002078 0.004397 -0.999986 0.002887 0.004406 -0.999986 0.002889 0.004411 -0.999986 0.002889 0.004391 -0.999986 0.002886 0.004132 -0.999985 0.003634 0.003989 -0.999986 0.003602 0.003856 -0.999986 0.003571 0.00428 -0.999984 0.003668 0.003677 -0.999984 0.004313 0.003662 -0.999984 0.00431 0.003599 -0.999984 0.004298 0.003745 -0.999984 0.004325 0.002919 -0.999985 0.004632 0.002964 -0.999985 0.004524 0.003087 -0.999986 0.00423 0.002957 -0.999985 0.004542 0.004396 -0.999982 0.004142 0.004396 -0.999982 0.004142 0.004396 -0.999982 0.004142 0.004089 -0.999983 0.004135 0.004144 -0.999983 0.004124 0.003979 -0.999983 0.004157 0.004245 -0.999983 0.004104 0.004681 -0.999983 0.003382 0.004682 -0.999983 0.003395 0.004681 -0.999983 0.003377 0.004681 -0.999983 0.003362 0.008822 -0.999954 -0.003719 0.009295 -0.999949 -0.00392 0.008821 -0.999954 -0.00372 0.00906 -0.999952 -0.003822 0.003032 -0.99998 0.005596 0.003009 -0.99998 0.005492 0.003039 -0.99998 0.00563 0.002992 -0.999981 0.005415 0.003998 -0.999981 0.00472 0.003928 -0.999981 0.004755 0.004065 -0.999981 0.004687 0.003904 -0.999981 0.004767 0.005592 -0.999984 0.001248 0.00563 -0.999983 0.001232 0.005707 -0.999983 0.001198 0.005815 -0.999982 0.001154 0.005905 -0.999983 0.000303 0.005876 -0.999983 0.00032 0.005831 -0.999983 0.000346 0.005945 -0.999982 0.00028 0.005969 -0.999982 -0.000746 0.005947 -0.999982 -0.000728 0.005916 -0.999982 -0.000703 0.005996 -0.999982 -0.000768 0.005785 -0.999982 -0.001811 0.005778 -0.999982 -0.001812 0.005791 -0.999982 -0.001809 0.005773 -0.999982 -0.001813 0.005655 -0.999981 -0.002454 0.005625 -0.999981 -0.002463 0.00574 -0.999981 -0.002431 0.005543 -0.999982 -0.002485 0.005376 -0.999983 -0.002448 0.005563 -0.999982 -0.002417 0.005715 -0.999981 -0.002389 0.005288 -0.999983 -0.002462 0.005878 -0.999978 -0.003228 0.005658 -0.999978 -0.00352 0.00563 -0.999978 -0.003557 0.005952 -0.999977 -0.003131 0.004721 -0.999982 -0.003618 0.004764 -0.999982 -0.003771 0.004745 -0.999982 -0.0037 0.004674 -0.999983 -0.00345 0.10753 0.000218 -0.994202 0.10757 -0.001213 -0.994197 0.107678 -0.00114 -0.994185 0.107282 0.000255 -0.994229 0.106684 0.001672 -0.994292 0.106814 0.001591 -0.994278 0.1001 0.994467 0.031857 0.104232 0.994221 0.025708 0.105148 0.994159 0.024343 0.099001 0.994524 0.033486 0.109384 0.993836 0.018008 0.097475 0.994596 0.035751 0.109383 0.993837 0.018006 0.097475 0.994596 0.035751 -0.029399 -0.999475 -0.01363 -0.030547 -0.999462 -0.011917 -0.030218 -0.999466 -0.012403 -0.029806 -0.999471 -0.013024 -0.031283 -0.999452 -0.010849 -0.032232 -0.999436 -0.009443 -0.031283 -0.999452 -0.010849 -0.032232 -0.999436 -0.009444 -1 0.000000 -0.000000 -1 0.000000 -0.000000 -1 0.000000 0.000002 -1 0.000000 -0.000003 -1 0.000000 0.000000 -1 0.000000 0 -1 0.000000 -0.000000 -1 0.000000 0.000000 -1 0.000000 0 -1 0.000000 -0.000001 -1 0.000000 0.000000 -1 0.000000 0.000005 -1 0.000000 0 -1 0.000000 0 0.155009 -0.986871 0.045373 0.157501 -0.987328 0.0194 0.157981 -0.987273 0.018296 0.154977 -0.986855 0.04582 0.160003 -0.987102 0.00531 0.159879 -0.987123 0.005216 0.15508 -0.985016 0.075457 0.155352 -0.984848 0.077065 0.157612 -0.983373 0.0902 0.157666 -0.983367 0.09017 -0.668494 0.55536 -0.494662 -0.668485 0.555365 -0.494669 -0.668481 0.555369 -0.494669 -0.668479 0.555368 -0.494674 0.001842 -0.999504 0.031427 0.001822 -0.999505 0.031423 0.001816 -0.999505 0.031422 0.001828 -0.999504 0.031424 -0.107291 0.978838 0.174256 -0.107296 0.978838 0.174252 -0.598949 0.787246 -0.146641 0.418067 0.794082 0.441195 -0.598942 0.787253 -0.146637 0.418065 0.794084 0.441195 -0.869089 0.2925 -0.398908 -0.869089 0.2925 -0.398908 0.77647 0.30355 0.552225 -0.81454 -0.316443 -0.486198 -0.814545 -0.316429 -0.486198 0.776465 0.303561 0.552225 -0.456142 -0.80696 -0.375168 0.831012 -0.305376 0.464934 -0.45614 -0.80696 -0.375168 0.831012 -0.305379 0.464933 0.560865 -0.800128 0.212663 0.069188 -0.991713 -0.108253 0.560873 -0.80012 0.21267 0.069254 -0.991713 -0.108207 0.069185 -0.991713 -0.108256 0.069258 -0.991712 -0.108218 0.484975 -0.256487 -0.83607 0.635463 0.504453 -0.584563 0.698814 -0.202804 -0.685952 0.41186 0.55975 -0.719063 0.852654 0.311196 -0.419688 0.296074 0.800211 -0.521539 0.247639 -0.205819 -0.946738 0.417808 -0.558812 -0.716356 0.905573 0.334495 -0.260865 0.184269 0.501423 -0.845352 0.756883 -0.426683 -0.495044 0.658397 0.672792 -0.337438 0.055483 -0.431392 -0.900457 0.943192 -0.085466 -0.321067 -0.043006 0.668078 -0.742847 -0.034597 -0.034557 -0.998804 0.883073 -0.028397 -0.468376 -0.065054 0.305012 -0.950124 -0.191695 -0.093092 -0.97703 -0.229314 0.326866 -0.916828 0.420372 0.794974 0.437383 0.420374 0.794973 0.437383 0.632184 0.578559 0.515377 -0.105075 0.979757 0.170396 0.632183 0.578559 0.515377 -0.105073 0.979757 0.170397 -0.596808 0.788134 -0.150551 -0.596797 0.788144 -0.150542 -0.767918 0.569152 -0.293884 -0.767918 0.569152 -0.293884 0.071431 -0.991121 -0.112145 -0.453979 -0.806334 -0.379115 0.071429 -0.991121 -0.112151 -0.453976 -0.806336 -0.379115 -0.664144 -0.589366 -0.459958 -0.664143 -0.589367 -0.459957 -0.894164 -0.015954 -0.447455 -0.894165 -0.015957 -0.447454 -0.894164 -0.015953 -0.447456 -0.894165 -0.015958 -0.447454 0.563207 -0.799495 0.20882 0.0715 -0.991121 -0.112099 0.071509 -0.991119 -0.112111 0.563196 -0.799505 0.208812 0.735958 -0.579959 0.349303 0.735959 -0.579957 0.349304 0.217579 -0.974988 -0.045357 0.217526 -0.975 -0.045367 0.21755 -0.974994 -0.045362 0.217561 -0.974992 -0.04536 0.60637 0.165801 -0.777706 0.606371 0.165799 -0.777705 0.606374 0.165795 -0.777704 0.606368 0.165804 -0.777707 0.043281 0.971355 0.233658 0.043182 0.971363 0.233644 0.043214 0.971361 0.233648 0.043208 0.971361 0.233647 -0.606371 -0.165804 0.777704 -0.606371 -0.165804 0.777704 -0.606371 -0.165804 0.777704 -0.606372 -0.165804 0.777704 -0.233818 0.969497 0.073514 -0.233811 0.969498 0.073523 -0.233796 0.9695 0.073542 -0.233807 0.969499 0.073528 0.369558 0.164208 -0.914583 0.369555 0.164212 -0.914584 0.36956 0.164206 -0.914583 0.369564 0.164201 -0.914582 -0.059501 -0.976841 -0.205528 -0.059404 -0.97687 -0.205416 -0.059489 -0.976844 -0.205514 -0.059421 -0.976865 -0.205435 -0.092303 0.984633 0.148248 -0.584308 0.792906 -0.172873 -0.584302 0.792911 -0.172869 -0.092303 0.984633 0.148246 0.433433 0.799746 0.415383 -0.854644 0.297804 -0.42532 -0.854642 0.297807 -0.42532 0.433432 0.799747 0.415381 -0.800061 -0.311559 -0.512673 -0.800057 -0.311572 -0.512671 0.792087 0.308873 0.526493 -0.441402 -0.802441 -0.401562 0.792091 0.308863 0.526494 -0.441404 -0.802441 -0.401562 0.846673 -0.300499 0.439141 0.846674 -0.300497 0.439141 0.084286 -0.987327 -0.134464 0.576341 -0.795598 0.186697 0.576333 -0.795605 0.18669 0.084295 -0.987325 -0.134476 0.084389 -0.987327 -0.134403 0.084395 -0.987324 -0.134418 -0.912485 -0.337745 0.230869 -0.657385 -0.686881 0.309902 -0.912486 -0.337741 0.230867 -0.657386 -0.686879 0.309905 -0.951313 0.095688 0.292999 -0.283479 -0.818378 0.499897 -0.951312 0.095688 0.293 -0.759031 0.44784 0.472559 -0.283469 -0.818397 0.499872 -0.759031 0.44784 0.472559 -0.409083 0.584209 0.700965 -0.409081 0.58421 0.700964 -0.035148 0.452701 0.890969 -0.035144 0.452697 0.890972 0.219955 0.103557 0.969998 0.219957 0.103557 0.969998 0.258782 -0.329861 0.907868 0.258781 -0.329865 0.907867 0.066503 -0.682014 0.728309 0.0665 -0.682016 0.728307 -0.283412 -0.818398 0.499902 -0.283427 -0.818378 0.499927 -0.244936 -0.867085 0.433785 -0.650798 -0.72434 0.227582 -0.650796 -0.724342 0.227581 -0.244933 -0.867088 0.433782 -0.927691 -0.345374 0.141795 -0.927693 -0.345368 0.141797 -0.969834 0.125081 0.20923 -0.969834 0.12508 0.209231 -0.761127 0.507312 0.404129 -0.761123 0.507314 0.404134 -0.381282 0.655334 0.652044 -0.381282 0.655336 0.652042 0.024601 0.512593 0.858279 0.024602 0.512589 0.858281 0.301487 0.133621 0.944061 0.301485 0.133617 0.944062 0.343633 -0.336824 0.876622 0.343632 -0.336823 0.876623 0.134924 -0.719059 0.681726 0.134918 -0.719062 0.681724 -0.244878 -0.867086 0.433816 -0.24489 -0.867072 0.433838 -0.437428 -0.801123 -0.408482 -0.43743 -0.801123 -0.408482 0.088275 -0.986011 -0.141384 -0.796103 -0.310225 -0.519597 0.088259 -0.986016 -0.141363 -0.796101 -0.310229 -0.519597 -0.850688 0.29916 -0.432242 -0.850687 0.299161 -0.432244 -0.580344 0.794278 -0.179787 -0.580344 0.794278 -0.179784 -0.088323 0.986012 0.141346 -0.088322 0.986012 0.14135 0.437434 0.801119 0.408485 0.437437 0.801118 0.408485 0.796104 0.310227 0.519594 0.796102 0.31023 0.519595 0.850688 -0.299161 0.432243 0.850687 -0.299167 0.43224 0.580336 -0.794285 0.179783 0.58034 -0.79428 0.179791 0.088385 -0.98601 -0.141324 0.088332 -0.986016 -0.141318 -0.492594 -0.166569 0.85417 -0.492591 -0.166569 0.854172 -0.492595 -0.166569 0.854169 -0.492596 -0.166569 0.854169 -0.492593 -0.166568 0.85417 -0.492589 -0.16657 0.854172 -0.492596 -0.166567 0.854169 -0.49258 -0.166576 0.854176 -0.492593 -0.166566 0.854171 -0.492613 -0.16656 0.854161 0.834152 -0.004337 0.551517 0.834153 -0.004329 0.551516 0.834153 -0.004335 0.551517 0.834153 -0.004327 0.551516 -0.369557 -0.164205 0.914584 -0.369557 -0.164205 0.914584 -0.369558 -0.164205 0.914584 -0.369556 -0.164205 0.914585 -0.822398 -0.264009 0.503946 -0.894418 -0.265153 0.360153 -0.894358 -0.265152 0.360303 -0.822485 -0.264009 0.503803 -0.776199 -0.263346 0.572857 -0.939021 -0.264249 0.220028 -0.776194 -0.263327 0.572872 -0.939087 -0.264246 0.219751 -0.958885 -0.264657 0.102448 -0.95888 -0.264657 0.102497 -0.961398 -0.265054 -0.073889 -0.961397 -0.265054 -0.073904 -0.931474 -0.264974 -0.249288 -0.931492 -0.264973 -0.249222 -0.866642 -0.265419 -0.422474 -0.866709 -0.265418 -0.422337 -0.766274 -0.264411 -0.585586 -0.766329 -0.264411 -0.585514 -0.665618 -0.264035 -0.698024 -0.665727 -0.264035 -0.697921 -0.585436 -0.263237 -0.766793 -0.585384 -0.263284 -0.766816 -0.553728 -0.263055 -0.790055 -0.553823 -0.262982 -0.790013 0.572124 -0.258995 0.778201 0.696238 -0.261016 0.668673 0.696093 -0.261018 0.668822 0.572089 -0.259016 0.778219 0.786763 -0.258638 0.560455 0.786693 -0.258626 0.56056 0.840495 -0.258755 0.476039 0.840486 -0.258756 0.476056 0.881223 -0.258456 0.395785 0.881292 -0.258456 0.395632 0.924996 -0.258888 0.278137 0.925033 -0.258886 0.278014 0.956464 -0.258988 0.134546 0.95647 -0.258988 0.134503 0.9654 -0.259081 -0.029664 0.965398 -0.259081 -0.029719 0.943056 -0.259248 -0.208413 0.943026 -0.259247 -0.208548 0.909944 -0.258511 -0.324307 0.909896 -0.258608 -0.324363 0.881871 -0.258468 -0.394333 0.881862 -0.258459 -0.394358 0.873869 -0.258468 -0.411761 0.873862 -0.258482 -0.411767 0.416976 -0.25979 0.871 0.416984 -0.259763 0.871004 0.416986 -0.259757 0.871005 0.416974 -0.259794 0.870999 0.856599 -0.258853 -0.446356 0.856602 -0.258835 -0.446361 0.856602 -0.258833 -0.446362 0.856598 -0.258856 -0.446356 0.999997 -0.001063 -0.002364 0.706099 0.708004 -0.012453 0.999997 0.000005 -0.002376 0.703599 0.710487 -0.012485 0.705995 -0.708158 0.009092 -0.002192 0.999882 -0.015209 -0.008088 0.999852 -0.015194 0.702596 -0.71153 0.009152 -0.708347 0.705806 -0.009051 -0.711693 0.702433 -0.009011 -0.00207 -0.999882 0.015217 -0.999997 -0.000259 0.002369 -0.008028 -0.999852 0.015231 -0.999997 -0.000971 0.002421 -0.707945 -0.706158 0.012432 -0.710603 -0.703484 0.012396 -0.999997 -0.000277 0.002371 -0.999997 -0.001042 0.002417 0.935397 -0.004669 -0.35357 0.662127 0.651839 -0.369722 0.66107 0.652873 -0.369787 0.935378 -0.00476 -0.353616 0.003622 0.919076 -0.394063 0.005814 0.919092 -0.394 0.661331 -0.660697 -0.355134 -0.643786 0.64456 -0.412411 0.660226 -0.66176 -0.355211 -0.644905 0.643444 -0.412403 -0.910177 -0.005603 -0.414182 0.003876 -0.927568 -0.373635 -0.910171 -0.00552 -0.414196 0.005984 -0.927582 -0.373573 -0.642715 -0.654547 -0.398103 -0.643772 -0.653482 -0.398145 -0.910187 -0.00566 -0.414158 -0.910188 -0.005603 -0.414159 0.977267 -0.000317 0.212011 0.691139 0.716898 0.091561 0.991838 -0.002403 0.127484 0.680342 0.716049 0.156233 0.690028 -0.718658 0.085975 -0.019867 0.999773 0.007734 0.683585 -0.716404 0.139562 0.706172 -0.706955 0.039172 0.705904 0.707823 0.026193 0.656789 0.721046 0.220728 -0.014458 -0.99978 -0.015203 0.99893 0.000747 0.046238 -0.021751 0.999763 0.000955 -0.018677 -0.999806 -0.006221 0.661412 -0.720472 0.208456 -0.70132 0.698187 -0.143826 -0.000721 0.999957 -0.009195 -0.000362 -0.999958 0.009139 0.950924 0.001164 0.309421 -0.026195 0.999657 0.000761 -0.683887 0.696531 -0.217122 -0.977251 -0.000734 -0.212086 -0.017164 0.999825 -0.007483 -0.950432 0.0026 -0.310922 -0.991792 -0.003589 -0.127815 -0.648899 0.698827 -0.300951 0.631805 0.717088 0.294292 -0.713198 0.69526 -0.089231 -0.621858 0.706408 -0.338053 0.906565 -0.000399 0.422066 -0.000612 0.999996 -0.002712 -0.907026 0.002307 -0.421069 0.879574 -0.001687 0.47576 -0.706674 0.706453 -0.039189 -0.879571 0.001153 -0.475767 -0.998931 -0.00045 -0.046227 0.62214 0.707694 0.33483 0.631029 -0.71811 0.293464 0.618809 -0.709848 0.336439 -0.004996 -0.999987 -0.000273 -0.019509 -0.999766 -0.009352 -0.022701 -0.999597 -0.017021 -0.651212 -0.695915 -0.302697 -0.68295 -0.693366 -0.22983 -0.624767 -0.704716 -0.336217 -0.697011 -0.699062 -0.15965 -0.950423 0.002537 -0.310949 -0.977241 -0.000834 -0.212129 -0.907023 0.002234 -0.421075 -0.991793 -0.003644 -0.127802 -0.879593 0.001069 -0.475727 -0.708467 -0.699467 -0.093917 -0.998929 -0.000531 -0.046267 -0.706496 -0.70723 -0.026241 0.857888 -0.001561 0.513835 0.602356 -0.711882 0.361097 0.857888 -0.001334 0.513835 0.604521 0.709704 0.361766 0.604751 -0.709118 0.36253 0.60672 0.70715 0.363083 -0.003102 -0.999994 -0.001417 -0.000417 1 -0.000687 -0.007694 -0.999962 -0.004167 -0.004971 0.999982 -0.003416 -0.608365 -0.705228 -0.364069 -0.606566 0.707009 -0.363615 -0.610534 -0.702683 -0.365355 -0.609003 0.704155 -0.365077 -0.85789 0.001011 -0.513832 -0.857889 0.001035 -0.513834 -0.857897 0.001208 -0.513821 -0.857898 0.00128 -0.513819 0.250405 0.597128 0.76206 0.464531 -0.000252 0.885557 0.464285 -0.000653 0.885685 0.25138 0.596033 0.762596 -0.26799 0.843301 0.465859 0.247198 -0.597106 0.763123 -0.265708 0.843297 0.467172 -0.783467 0.596804 0.17322 0.248512 -0.595589 0.763882 -0.784781 0.595305 0.172427 -0.271734 -0.840998 0.46785 -0.998623 0.002056 0.05242 -0.269463 -0.840999 0.469159 -0.785863 -0.593192 0.174768 -0.998623 0.001701 0.052439 -0.786855 -0.592052 0.174168 -0.998622 0.001971 0.052435 -0.998623 0.001593 0.052433 0.999997 -0.001065 -0.002364 0.70617 0.707933 -0.012454 0.999997 0.000004 -0.002376 0.703601 0.710485 -0.012486 0.705915 -0.708238 0.009098 -0.002187 0.999882 -0.015208 -0.008142 0.999851 -0.015194 0.702628 -0.711498 0.009154 -0.708265 0.705889 -0.009053 -0.711582 0.702545 -0.009016 -0.002126 -0.999882 0.015219 -0.999997 -0.000214 0.002367 -0.008029 -0.999852 0.015235 -0.999997 -0.000971 0.002423 -0.707981 -0.706122 0.012433 -0.710634 -0.703452 0.012399 -0.999997 -0.000277 0.002373 -0.999997 -0.001042 0.002417 0.872303 -0.007012 -0.488916 0.618799 0.603253 -0.503163 0.616851 0.605204 -0.503212 0.872301 -0.007188 -0.488917 0.004903 0.852439 -0.522804 0.008646 0.852459 -0.522722 0.617654 -0.616536 -0.488249 -0.596094 0.597416 -0.536439 0.615877 -0.618281 -0.488287 -0.597874 0.595638 -0.536434 -0.844064 -0.007603 -0.536188 0.005088 -0.864861 -0.501986 -0.84404 -0.007776 -0.536224 0.008889 -0.864882 -0.501897 -0.594639 -0.611582 -0.521893 -0.84406 -0.007689 -0.536194 -0.596616 -0.60958 -0.521979 -0.844051 -0.007837 -0.536206 0.977267 -0.00032 0.212011 0.693862 0.71733 0.063193 0.995288 -0.002615 0.096927 0.68038 0.716011 0.156242 0.692122 -0.719204 0.060929 -0.019883 0.999772 0.007731 0.683617 -0.716371 0.139569 0.706389 -0.7078 -0.005783 0.705901 0.708018 -0.02036 0.65679 0.721047 0.220724 -0.014466 -0.99978 -0.015205 1 0.00039 -0.0006 -0.020535 0.99961 -0.018913 -0.017848 -0.999605 -0.021729 0.661411 -0.720473 0.208455 -0.70133 0.698175 -0.143828 -0.001096 0.998566 -0.05352 -0.000869 -0.999454 -0.033034 0.950925 0.001166 0.309421 -0.026198 0.999656 0.000759 -0.683889 0.696531 -0.217118 -0.977251 -0.000782 -0.212086 -0.017213 0.999824 -0.007502 -0.950433 0.002604 -0.31092 -0.991054 -0.003724 -0.133413 -0.648885 0.698836 -0.300959 0.631805 0.717087 0.294295 -0.712438 0.694609 -0.099752 -0.621861 0.706405 -0.338056 0.906587 -0.000399 0.422019 -0.000599 0.999996 -0.002672 -0.907024 0.002304 -0.421072 0.879574 -0.001697 0.475759 -0.705206 0.704401 -0.080643 -0.879569 0.001158 -0.475769 -0.996302 -0.000607 -0.085912 0.622135 0.707695 0.334839 0.631025 -0.718113 0.293463 0.618815 -0.709838 0.336449 -0.005 -0.999987 -0.000254 -0.019518 -0.999766 -0.009352 -0.022695 -0.999598 -0.017019 -0.651219 -0.69591 -0.302693 -0.682944 -0.693372 -0.229834 -0.624735 -0.70476 -0.336184 -0.697009 -0.699064 -0.159649 -0.950423 0.002546 -0.310951 -0.977242 -0.000843 -0.212125 -0.907024 0.00223 -0.421073 -0.991055 -0.003793 -0.133401 -0.879592 0.001074 -0.475729 -0.707829 -0.699047 -0.101543 -0.996299 -0.000668 -0.085953 -0.705382 -0.705724 -0.066252 0.857888 -0.001566 0.513835 0.60239 -0.711843 0.361118 0.857887 -0.00133 0.513837 0.604558 0.709659 0.361792 0.60472 -0.709153 0.362513 0.606716 0.707152 0.363088 -0.003103 -0.999994 -0.001411 -0.000419 1 -0.000688 -0.007693 -0.999962 -0.00416 -0.004916 0.999982 -0.003384 -0.608464 -0.705112 -0.364127 -0.606601 0.706966 -0.36364 -0.610599 -0.702608 -0.365392 -0.609004 0.704153 -0.365081 -0.857891 0.00101 -0.513831 -0.857887 0.001029 -0.513837 -0.857897 0.001208 -0.513821 -0.857897 0.00128 -0.513819 0.250417 0.597128 0.762056 0.464532 -0.000259 0.885556 0.464334 -0.000654 0.88566 0.251388 0.596029 0.762596 -0.267993 0.843298 0.465863 0.247195 -0.597105 0.763125 -0.265728 0.843294 0.467166 -0.783473 0.596795 0.173223 0.248517 -0.595591 0.763879 -0.784784 0.595299 0.172435 -0.271724 -0.841003 0.467847 -0.998623 0.002052 0.052422 -0.269447 -0.841004 0.46916 -0.785865 -0.59319 0.174765 -0.998623 0.001693 0.052437 -0.786855 -0.592052 0.174166 -0.998623 0.001972 0.052431 -0.998623 0.001593 0.052434 0.971627 0.002402 0.236505 0.672128 0.719686 0.174057 0.971645 -0.002678 0.236431 0.69955 0.691458 0.180319 0.673124 -0.72347 0.153283 0.705254 -0.690295 0.161586 0.018727 0.999642 0.019121 0.023205 -0.999691 -0.008919 -0.042028 0.999107 0.004328 -0.03766 -0.999009 -0.023722 -0.683472 0.713125 -0.155943 -0.68038 -0.711429 -0.175929 -0.715317 0.679238 -0.164187 -0.707862 -0.682443 -0.182218 -0.971618 -0.003998 -0.236521 -0.971642 0.000854 -0.236456 -0.680422 -0.711386 -0.175945 -0.7079 -0.682397 -0.182243 0.126264 0.005824 -0.99198 0.126264 0.005844 -0.99198 0.126263 0.005814 -0.99198 0.126264 0.005853 -0.991979 -0.096813 -0.002671 0.995299 -0.096813 -0.002683 0.995299 -0.096813 -0.002689 0.995299 -0.096813 -0.002665 0.995299 0.97163 0.002064 0.236496 0.67217 0.719645 0.174067 0.971645 -0.002351 0.236434 0.699549 0.69146 0.180319 0.673081 -0.723512 0.153272 0.705214 -0.690338 0.161576 0.018731 0.999642 0.019127 0.023214 -0.999691 -0.008911 -0.041967 0.99911 0.004349 -0.037709 -0.999007 -0.023728 -0.683469 0.71313 -0.155937 -0.680374 -0.711437 -0.17592 -0.715314 0.679243 -0.164181 -0.707863 -0.682446 -0.182201 -0.971619 -0.003938 -0.236517 -0.971642 0.00084 -0.236453 -0.680425 -0.711386 -0.175931 -0.707903 -0.682396 -0.182233 0.126264 0.005824 -0.99198 0.126263 0.005839 -0.99198 0.126262 0.005819 -0.99198 0.126264 0.005853 -0.991979 0.12626 0.00583 -0.99198 0.12626 0.005829 -0.99198 -0.445407 0.646253 -0.619653 -0.445416 0.646248 -0.619651 -0.445408 0.646253 -0.619653 -0.445417 0.646248 -0.619651 -0.393066 0.91951 0.000585 -0.393064 0.919511 0.000584 -0.393066 0.91951 0.000585 -0.393063 0.919511 0.000584 0 0.776271 -0.630399 0 0.776271 -0.630399 0 0.776271 -0.630399 0 0.776271 -0.630399 -0.637998 -0.421988 0.644115 -0.638002 -0.421986 0.644113 -0.638017 -0.421977 0.644104 -0.638022 -0.421973 0.644102 -0.569477 -0.138481 0.810259 -0.569769 -0.247771 0.783564 -0.57052 -0.190298 0.798933 -0.569482 -0.138476 0.810256 -0.557486 -0.333055 0.76045 -0.551896 -0.354647 0.754743 -0.539229 -0.399464 0.741391 -0.539228 -0.399465 0.741391 0.00421 -0.999982 0.004273 0.004362 -0.999982 0.004169 0.004394 -0.999982 0.004146 0.004201 -0.999982 0.004278 -0.605868 0.795565 0.000146 -0.606577 0.795025 0.000541 -0.606644 0.794973 0.000805 -0.605851 0.795578 0.000123 -0.605839 0.795588 0 -0.608392 0.793633 0.002186 -0.60841 0.79362 0.002194 -0.605839 0.795587 0 -0.440012 -0.897966 0.006765 -0.440036 -0.897955 0.006761 -0.44003 -0.897958 0.006761 -0.440033 -0.897956 0.006761 -0.925401 -0.238686 -0.294385 -0.925407 -0.23868 -0.294369 -0.925407 -0.238678 -0.294372 -0.925407 -0.238681 -0.294368 -0.897833 -0.342032 0.277326 -0.897811 -0.342059 0.277364 -0.897815 -0.342055 0.277356 -0.897837 -0.342027 0.277319 0.000000 0 -1 0.000000 0 -1 0.000000 0 -1 0.000000 -0.000000 -1 -0.707103 -0.707111 0 -0.707102 -0.707111 0 -0.707103 -0.70711 0 -0.707102 -0.707111 0 -0.000000 0 1 -0.000000 0 1 -0.000000 0 1 -0.000000 0 1 0.707104 0.70711 0 0.707103 0.707111 0 0.707104 0.70711 0 0.707103 0.707111 0 0.000093 0.562238 -0.826976 -0.000073 0.562275 -0.82695 0.000073 0.562275 -0.82695 -0.000093 0.562238 -0.826976 0.000128 0.562105 -0.827066 -0.000128 0.562105 -0.827066 0 0.561972 -0.827156 0 0.561971 -0.827157 -1 0 -0.000000 -1 0 0 -1 0 0 -1 0 0 -1 0 0.000000 -1 0 0 0 -0.999999 -0.001105 0 -1 -0.00053 0 -1 -0.00053 0 -1 -0.00053 0 -0.999999 -0.001297 0 -1 -0.00053 -1 0 0 -1 0 0 -1 0 0 -1 0 0.000000 -1 0 0 -1 0 0 1 0 0 1 0 0 1 0 0 1 0 0 1 0 0 1 0 0 0 0.797851 -0.602855 0 0.812663 -0.582733 0 0.812662 -0.582736 0 0.797851 -0.602855 0 0.870327 -0.492474 0 0.870327 -0.492474 0 0.462753 0.886487 0 0.462757 0.886485 0 0.462754 0.886487 0 0.462757 0.886485 -0.000001 0.456392 0.889779 -0.000002 0.456389 0.88978 0 0.456386 0.889782 -0.000001 0.456394 0.889778 0 0.456395 0.889777 0 0.456395 0.889777 0 0.999993 -0.00367 0 0.999993 -0.00367 0 0.999993 -0.00367 0 0.999993 -0.00367 0.000011 0.755728 -0.654886 0.00051 0.755716 -0.6549 0.000161 0.755724 -0.65489 0 0.755728 -0.654886 -0.000492 0.755716 -0.6549 -0.000011 0.755728 -0.654886 0 0.755728 -0.654885 -0.000506 0.755715 -0.6549 0 0.999993 -0.00367 0 0.999993 -0.00367 0 0.999993 -0.00367 0 0.999993 -0.00367 0 0.003892 0.999992 0 0.003891 0.999992 0 0.003892 0.999992 0 0.00389 0.999992 0.000002 0.45639 0.88978 0.000001 0.456392 0.889779 0 0.456386 0.889782 0.000001 0.456394 0.889778 0 0.456395 0.889777 0 0.456394 0.889778 0.994979 0.091513 -0.040524 0.991464 0.13038 -0.000064 0.99147 0.130333 -0.00004 0.995365 0.081806 -0.050567 0.995543 0.075291 -0.056785 0.995549 0.075273 -0.05671 0.99609 0.073135 -0.049559 -0.995014 0.091196 -0.040388 -0.995583 0.074831 -0.056693 -0.99559 0.074807 -0.056601 -0.995406 0.081394 -0.050417 -0.996168 0.072361 -0.049122 -0.991425 0.13068 -0.000219 -0.99147 0.130337 -0.00004 0.999997 -0.002629 -0.000068 0.999997 -0.002565 -0.000003 0.999997 -0.002595 -0.000033 0.999997 -0.002661 -0.000101 0 0.728223 -0.68534 0 0.728223 -0.68534 0 0.728223 -0.68534 0 0.728223 -0.68534 -0.999997 0.002629 0.000068 -0.999997 0.002595 0.000033 -0.999997 0.002565 0.000003 -0.999997 0.002661 0.000101 1 0 0 1 0 0 1 0 0 1 0 0 1 0 0.000000 1 0 0 0 -0.349003 0.937122 0 -0.349004 0.937121 0 -0.349003 0.937122 0 -0.349002 0.937122 0 0.570905 -0.821016 0 0.570903 -0.821018 0 0.570902 -0.821018 0 0.570907 -0.821015 -0.427597 -0.321091 0.845021 -0.427617 -0.321085 0.845014 -0.427623 -0.321083 0.845012 -0.427582 -0.321096 0.845027 -0.397027 0.42096 0.815575 -0.397147 0.420854 0.815571 -0.397167 0.420836 0.81557 -0.397079 0.420913 0.815573 -0.486288 0.719112 -0.49639 -0.486491 0.718708 -0.496775 -0.486233 0.719123 -0.496427 -0.486298 0.719116 -0.496373 0 0.992687 0.120719 0 0.992687 0.120715 0 0.992687 0.120716 0 0.992687 0.12072 0.486293 0.719115 -0.496379 0.486263 0.719118 -0.496404 0.486265 0.719118 -0.496403 0.486273 0.719113 -0.496402 0.397032 0.420959 0.815573 0.397245 0.420771 0.815566 0.397118 0.420884 0.81557 0.397119 0.420882 0.81557 0.427597 -0.321092 0.845021 0.427629 -0.32108 0.84501 0.427622 -0.321083 0.845012 0.427625 -0.321084 0.84501 0 -0.851222 0.524806 0 -0.851222 0.524806 0 -0.851222 0.524806 0 -0.851222 0.524806 0.000001 0.999843 -0.017697 0 0.999844 -0.017687 0 0.999999 0.001327 0 0.987375 -0.158401 0 0.999999 0.001327 0 0.987375 -0.1584 1 0.000018 0.000015 1 0.000031 -0.000001 1 0.000028 -0.00001 1 0.000013 0.000016 1 0.00002 -0.000024 -1 -0.000019 -0.000016 -1 -0.000033 0.000000 -1 -0.000014 -0.000017 -1 -0.00003 0.00001 -1 -0.000021 0.000025 1 0 0.000000 1 0 0.000000 1 0 0 1 0 0 1 0 -0.000000 -1 0 0 -1 0 0 -1 0 0 -1 0 0 -1 0 0 0 -0.005067 -0.999987 0 -0.005067 -0.999987 0 -0.005067 -0.999987 0 -0.005067 -0.999987 0.000001 0.904364 -0.426763 0.000002 0.904361 -0.426769 0 0.90436 -0.42677 0.000002 0.904363 -0.426764 -0.000002 0.904363 -0.426764 -0.000000 0.904363 -0.426763 -0.000001 0.904361 -0.426769 0 0.904359 -0.426772 0 -0.005066 -0.999987 0 -0.005066 -0.999987 0 -0.005066 -0.999987 0 -0.005066 -0.999987 0 0.957014 0.290043 0 0.957014 0.290043 0 0.957014 0.290043 0 0.957014 0.290043 -0.993824 0.106693 0.0305 -0.993823 0.106705 0.030503 -0.993821 0.106723 0.030505 -0.993821 0.10672 0.030501 -1 0 -0.000000 -1 0 0 -1 0 0 -1 0 0 -1 0 -0.000000 -1 0 -0.000000 -1 0 0.000000 -1 0 0 1 0 0 1 0 0 1 0 -0.000000 1 0 0 1 0 0 1 0 0 1 0 0.000000 1 0 0 -0.008322 0.5287 0.848768 -0.008701 0.5281 0.849138 -0.008706 0.528101 0.849137 -0.007651 0.52957 0.848231 -0.000301 0.539704 0.841855 0.007222 0.527744 0.849373 0.006906 0.528282 0.849041 0.007232 0.527746 0.849371 0.006303 0.529041 0.848573 -0.000305 0.537885 0.843018 0.021838 -0.526189 -0.850087 0.018452 -0.530888 -0.847241 0.020987 -0.52733 -0.849401 0.021808 -0.526181 -0.850093 0 -0.556268 -0.831003 0 0.370818 -0.928706 0.000002 0.370821 -0.928704 0.000000 0.370819 -0.928705 0.000001 0.370822 -0.928704 0 0.370824 -0.928703 -0.000000 0.37082 -0.928705 -0.000002 0.370821 -0.928704 0 0.37082 -0.928705 -0.000001 0.370823 -0.928704 0 0.370824 -0.928703 0.000468 -0.350179 0.936683 0.000825 -0.350249 0.936656 0.000594 -0.350204 0.936673 0.000622 -0.350209 0.936671 -0.000894 -0.696896 -0.717172 -0.002832 -0.693587 -0.720368 -0.00294 -0.69361 -0.720344 -0.001115 -0.696562 -0.717496 0.001116 -0.696562 -0.717496 0.000895 -0.696895 -0.717173 0.002923 -0.693607 -0.720348 0.002894 -0.6936 -0.720354 0.000585 -1 -0.000623 0.000524 -1 -0.000671 0.000677 -1 -0.000551 0.000696 -1 -0.000535 -0.000585 -1 -0.000623 -0.000677 -1 -0.00055 -0.000524 -1 -0.000671 -0.000696 -1 -0.000535 0 0.985907 -0.167293 0 0.985907 -0.167293 0 0.985907 -0.167293 0 0.985907 -0.167293 0 0.9808 0.195018 0 0.981085 0.193575 0 0.9808 0.195018 0 0.981084 0.193583 0 0.984433 0.17576 0 0.984433 0.17576 0.000105 -0.759381 0.650646 0.000284 -0.759608 0.650382 0.000197 -0.759659 0.650322 0.000744 -0.759452 0.650563 -0.000197 -0.759659 0.650322 -0.000142 -0.759625 0.650361 -0.000578 -0.759434 0.650585 -0.000555 -0.759431 0.650588 1 0.000001 0.000000 1 0.000000 0.000000 1 0.000001 0.000001 1 0 0 -1 -0.000001 -0.000001 -1 -0.000000 -0.000000 -1 -0.000001 -0.000000 -1 0 0 0 -1 0.000000 0 -1 0.000000 0 -1 0.000000 0 -1 0.000000 0.000156 -0.680858 0.732415 0.000201 -0.680817 0.732453 0.000038 -0.680966 0.732315 0.000319 -0.680709 0.732554 0.000372 -0.999998 0.002145 0.000023 -0.999998 0.002187 0.000343 -0.999998 0.002149 -0.000005 -0.999998 0.002191 0.000367 -0.999998 0.001814 0.000033 -0.999998 0.001854 0.000339 -0.999998 0.001817 0.000005 -0.999998 0.001857 0.002562 -0.984417 -0.175834 0.000441 -0.984427 -0.175794 0.000441 -0.984423 -0.175815 -0.001634 -0.984411 -0.175875 0.000441 -0.986091 -0.166205 -0.002442 -0.984513 -0.175296 0.003397 -0.984517 -0.175256 0.000476 -0.986049 -0.166456 -0.004232 -0.984729 -0.174043 0.004891 -0.984702 -0.174177 -0.004232 -0.984729 -0.174042 0.004905 -0.984701 -0.174181 0.000386 -0.951367 0.308059 0.000385 -0.951367 0.308059 0.000389 -0.951367 0.30806 0.00039 -0.951367 0.30806 0.000386 -0.951367 0.308058 0.000385 -0.951367 0.308059 0.000384 -0.951367 0.308059 0.000385 -0.951367 0.308059 0.000386 -0.951367 0.308058 0.000385 -0.951367 0.308059 0.989114 -0.13787 0.051438 0.989297 -0.136956 0.050338 0.989115 -0.137855 0.051446 0.990093 -0.13289 0.045348 0.992131 -0.121276 0.03111 0.000225 -1 -0.000156 0.000131 -1 -0.000109 0.000063 -1 -0.000076 -0.000000 -1 -0.000044 0.000125 -0.66034 -0.750967 0.000294 -0.660072 -0.751202 0.000015 -0.660515 -0.750813 0.000394 -0.659914 -0.751341 -0.997915 -0.061426 0.019794 -0.998415 -0.055025 0.011857 -0.998059 -0.059713 0.017656 -0.997894 -0.06161 0.020292 -0.997885 -0.061788 0.02019 -0.000125 -0.35011 0.936709 -0.000826 -0.350249 0.936656 -0.000468 -0.350179 0.936683 -0.000481 -0.350182 0.936682 0 0.00389 0.999992 0 0.00389 0.999992 0 0.00389 0.999992 0 0.00389 0.999992 0.842058 0.278878 -0.461698 0.842058 0.278896 -0.461688 0.842062 0.278916 -0.461669 0.842057 0.278888 -0.461694 -0.000000 -0.999999 -0.001175 0.000000 -0.999999 -0.001271 0 -0.999945 -0.010523 0 -0.999945 -0.010523 -0.842057 0.278904 -0.461684 -0.842058 0.278893 -0.46169 -0.842059 0.278899 -0.461683 -0.842056 0.278888 -0.461696 0 0.37082 -0.928705 0 0.370821 -0.928704 0 0.370821 -0.928704 0 0.37082 -0.928705 -0.999736 -0.014663 -0.017693 -0.998851 -0.030582 -0.036901 -1 0 0 -0.997723 -0.043039 -0.051936 -0.997721 -0.043051 -0.051948 -1 0 0.000000 -1 0 -0.000000 -1 0 0.000001 0.998851 -0.030586 -0.036899 0.997721 -0.043049 -0.051963 0.997722 -0.043046 -0.05194 0.999736 -0.014661 -0.017692 1 0 -0.000000 1 0 0.000000 1 0 -0.000000 1 0 0.000001 0.000064 -0.932527 -0.361099 -0.000025 -0.933348 -0.358972 -0.000084 -0.932165 -0.362033 0.000013 -0.931698 -0.363235 0.000084 -0.932165 -0.362034 0.000033 -0.931699 -0.363231 0.000025 -0.933348 -0.358972 0.000007 -0.93255 -0.36104 0.709161 0.705046 -0.000000 0.709161 0.705046 -0.000000 0.709161 0.705046 -0.000000 0.709161 0.705046 -0.000000 0.709167 0.705041 -0.000000 0.709168 0.70504 -0.000000 0.709168 0.70504 -0.000000 0.709167 0.705041 -0.000000 0.000000 0 1 0.000000 -0.000000 1 0.000000 -0.000000 1 0.000000 0 1 -0.707078 0.707136 0 -0.70708 0.707134 0 -0.70708 0.707134 0 -0.707078 0.707136 0 0.278042 -0.278066 -0.919441 0.27806 -0.27804 -0.919444 0.278064 -0.278035 -0.919444 0.278039 -0.278071 -0.919441 0.463093 -0.463057 0.755727 0.463059 -0.4631 0.755721 0.463099 -0.463049 0.755728 0.463054 -0.463108 0.75572 0.707068 -0.707146 0 0.707065 -0.707148 0 0.707065 -0.707148 0 0.707068 -0.707146 0 -0.70136 -0.712808 0.000000 -0.701361 -0.712806 0.000000 -0.701361 -0.712806 0.000000 -0.70136 -0.712808 0.000000 -0.715622 -0.698488 0.000000 -0.715622 -0.698488 0.000000 -0.715622 -0.698488 0.000000 -0.715622 -0.698488 0.000000 -1 0.00042 -0.000066 -1 0.000637 0.000128 -1 0.000549 0.000048 -1 0.000273 -0.000198 0.445419 0.646248 -0.61965 0.445408 0.646253 -0.619653 0.445409 0.646252 -0.619652 0.44542 0.646247 -0.61965 1 0.000694 0.000139 1 0.000426 -0.000077 1 0.00049 -0.000025 1 0.000534 0.00001 -0.025568 0.999385 -0.023991 0.064503 0.997588 0.025659 -0.02008 0.999573 -0.021223 0.060105 0.997893 0.024428 -0.000788 0.999757 -0.022051 0.237821 0.962644 0.129455 0.078225 0.996898 0.008661 0.244763 0.9616 0.124165 0.387983 0.893023 0.227988 0.262081 0.961263 0.085361 0.412266 0.887019 0.207928 0.452865 0.87687 0.161284 0.2741 0.961125 0.033281 0.73342 0.480877 0.480471 0.489241 0.867364 0.091232 0.100739 0.994892 -0.006415 0.759977 0.49511 0.421071 0.491506 0.87083 0.008748 0.078221 0.996898 0.008678 0.849762 0.166166 0.500294 0.269021 0.963051 -0.012697 0.115079 0.993207 -0.017223 0.817411 0.123947 0.562563 0.270768 0.960591 -0.062856 0.03957 0.999071 -0.01704 0.722341 -0.453975 0.521662 0.123423 0.99156 -0.039691 0.020136 0.99961 -0.019352 0.758261 -0.439203 0.48181 0.284925 0.952354 -0.108809 0.810473 -0.465693 0.355337 0.13683 0.989138 -0.053703 -0.000787 0.999757 -0.022041 0.896497 0.25178 0.364555 0.056083 0.998022 -0.028413 0.795829 0.522782 0.305541 0.068717 0.997148 -0.031221 0.039601 0.99907 -0.017041 0.115067 0.993209 -0.017219 0.795829 0.5228 0.305511 0.8175 0.546856 0.18067 0.924699 0.312381 0.2176 0.825379 0.562245 0.051278 0.896509 0.251786 0.364519 0.938807 0.337179 0.070364 0.833103 -0.515049 0.201653 0.84406 -0.531164 0.073674 0.810489 -0.4657 0.355291 0.485188 0.870763 -0.079775 0.813783 0.574126 -0.090208 0.49261 0.851811 -0.178193 0.825368 0.562265 0.051239 0.295402 0.94063 -0.167194 0.938804 0.337195 0.070328 0.784681 0.572371 -0.238046 0.481338 0.828786 -0.285356 0.932031 0.351081 -0.089782 0.279974 0.927836 -0.246445 0.784675 0.572361 -0.238094 0.844061 -0.531162 0.07368 0.434154 0.810791 -0.392592 0.129966 0.986283 -0.101757 0.842814 -0.535238 -0.056428 0.373218 0.803046 -0.46457 0.140682 0.987375 -0.072794 0.901963 0.348032 -0.255611 0.523934 0.605188 -0.599367 0.256535 0.915157 -0.31093 0.064477 0.99701 -0.042596 0.624432 0.581587 -0.521384 0.131667 0.981338 -0.140141 0.316554 0.799396 -0.510646 0.741095 0.331077 -0.584095 0.129949 0.986286 -0.101752 0.430452 0.624517 -0.651683 0.224158 0.904288 -0.363341 0.057118 0.997021 -0.051836 0.399644 0.627229 -0.668482 0.109714 0.980657 -0.162093 0.293191 0.798565 -0.525674 0.476947 0.423638 -0.770099 0.202692 0.902222 -0.380673 0.51772 0.411564 -0.750054 0.091933 0.984206 -0.151286 0.422042 -0.643252 -0.638833 0.048709 0.996934 -0.06124 0.449202 -0.654215 -0.608457 0.635347 0.368826 -0.678455 0.534624 -0.652045 -0.537602 0.064477 0.99701 -0.042597 0.626135 -0.625881 -0.465003 -0.723019 -0.001378 0.690827 -0.724008 -0.001343 0.68979 -0.768043 -0.00081 0.640397 -0.768523 -0.00074 0.639822 -0.818223 -0.001887 0.574898 -0.726784 -0.001357 0.686864 -0.820722 -0.000151 0.571327 -0.769983 -0.00061 0.638064 -0.865634 -0.010437 0.500568 -0.727835 -0.001246 0.685751 -0.821684 0.000289 0.569943 -0.908331 -0.022312 0.417657 -0.770493 -0.000592 0.637448 -0.858922 -0.000018 0.512107 -0.908777 -0.022222 0.41669 -0.818317 0.000002 0.574768 -0.871628 0.000171 0.490168 -0.96362 -0.010181 0.267084 -0.876214 0.000002 0.481922 -0.963689 -0.010167 0.266834 -0.992854 -0.00366 0.119282 -0.913298 0.000001 0.407293 -0.992853 -0.003661 0.119287 -0.993896 -0.000582 -0.110318 -0.913297 0.000001 0.407294 -0.999883 -0.000544 -0.015289 -0.969124 -0.000034 -0.246574 -0.963351 -0.000000 0.268243 -0.971881 0.000016 -0.235471 -0.963347 -0.000000 0.268257 -0.9914 -0.000189 -0.130868 -0.936404 -0.000247 -0.350924 -0.992804 0.00052 0.11975 -0.971852 0.000148 -0.235591 -0.936261 -0.000382 -0.351305 -0.93667 -0.000000 -0.350213 -0.995777 0.000133 -0.091802 -0.918372 -0.018457 -0.395287 -0.926343 -0.019509 -0.376176 -0.968034 -0.000385 -0.250817 -0.915324 -0.006539 -0.402664 -0.936667 -0.000002 -0.350221 -0.91126 -0.009974 -0.411711 -0.916509 -0.032387 -0.3987 -0.929451 -0.002757 -0.368936 -0.928288 -0.028719 -0.370752 -0.932747 -0.004113 -0.360507 0.227518 -0.000022 0.973774 0.227321 -0.000268 0.97382 0.22739 -0.000269 0.973804 0.227496 -0.000008 0.973779 0.227527 -0.000445 0.973772 0.227404 -0.000516 0.973801 -0.155008 -0.986871 0.045373 -0.157804 -0.987282 0.01927 -0.154977 -0.986855 0.04582 -0.157981 -0.987273 0.018296 -0.155079 -0.985016 0.075457 -0.160079 -0.98709 0.005367 -0.155352 -0.984849 0.077065 -0.15988 -0.987123 0.005217 -0.157696 -0.983364 0.090153 -0.157667 -0.983367 0.09017 -0.99281 0.000524 0.119702 -0.99806 -0.000224 -0.062258 -0.707254 -0.359914 0.608484 -0.658394 -0.341866 0.670556 -0.699674 -0.357177 0.618774 -0.658387 -0.341869 0.670561 -0.755157 -0.370814 0.540587 -0.765571 -0.369096 0.526943 -0.813389 -0.365986 0.452164 -0.813184 -0.366004 0.452518 -0.848368 -0.369013 0.379606 -0.847945 -0.36896 0.380601 -0.885617 -0.387231 0.256389 -0.885554 -0.387201 0.256649 -0.902512 -0.414768 0.11593 -0.90238 -0.414169 0.119057 -0.898156 -0.438463 -0.03265 -0.897954 -0.438713 -0.034777 -0.861444 -0.465602 -0.202806 -0.862053 -0.465276 -0.200955 -0.82078 -0.486205 -0.299874 -0.820701 -0.486263 -0.299997 -0.821056 -0.448622 -0.352994 -0.820873 -0.449072 -0.352848 -0.832197 -0.4202 -0.361774 -0.8322 -0.420192 -0.361776 -0.003084 0.999994 0.001448 -0.002971 0.999995 0.000953 -0.002938 0.999995 0.001487 -0.003013 0.999994 0.001702 -0.003116 0.999994 0.001644 -0.003086 0.999995 0.000717 -0.003011 0.999995 0.000376 -0.002993 0.999995 0.000345 -0.003069 0.999995 0.000108 -0.003103 0.999995 0.000133 -0.953966 0.001259 0.299912 -0.992998 0.000946 0.11813 -0.954194 0.002301 0.299181 -0.992941 0.00043 0.118605 -0.882526 0.001071 0.470263 -0.99976 -0.000017 0.021927 -0.88168 0.00126 0.471847 -0.883246 0.000889 0.468909 -0.953739 0.000282 0.300636 -0.856464 0.000057 0.516208 -0.858404 0.001031 0.512973 -0.992893 -0.000000 0.11901 -0.854469 -0.001059 0.519502 -0.99976 -0.000000 0.021909 -0.999758 -0.000000 0.021979 0.543713 -0.800518 -0.252087 0.626128 -0.625889 -0.465002 0.724106 -0.59485 -0.349033 0.453648 -0.827555 -0.33069 0.621989 -0.768643 -0.149389 0.36541 -0.854531 -0.369125 0.79667 -0.569793 -0.201625 0.449244 -0.654214 -0.608427 0.534631 -0.652054 -0.537583 0.675796 -0.735812 -0.043367 0.842824 -0.535224 -0.056423 0.297827 -0.871294 -0.39006 0.84405 -0.531182 0.073654 0.273297 -0.876714 -0.395831 0.421983 -0.643268 -0.638856 0.669272 -0.740449 0.061726 0.833088 -0.515058 0.201692 0.650708 -0.742069 0.160974 0.810478 -0.465713 0.355298 0.653078 -0.700933 0.286672 0.758244 -0.439256 0.481788 0.635198 -0.65606 0.407565 0.722331 -0.454029 0.521628 0.614865 -0.650416 0.445982 -0.886284 -0.008777 -0.463059 -0.886109 -0.006999 -0.463424 -0.886109 -0.006997 -0.463425 -0.886083 -0.010547 -0.463407 -0.886368 -0.007416 -0.462922 -0.885812 -0.007951 -0.463976 -0.886108 -0.006993 -0.463425 -0.886093 -0.007121 -0.463454 -0.885626 -0.005872 -0.464361 -0.886108 -0.006996 -0.463425 -0.886007 -0.006 -0.463634 -0.886109 -0.006995 -0.463425 -0.886108 -0.006997 -0.463425 -0.886107 -0.006994 -0.463427 -0.886441 -0.006594 -0.462794 -0.886109 -0.006994 -0.463425 -0.886108 -0.006995 -0.463426 -0.886074 -0.007151 -0.46349 -0.886091 -0.007074 -0.463458 -0.886012 -0.007426 -0.463604 0.136843 0.989136 -0.053708 0.070735 0.996969 -0.032399 0.068731 0.997147 -0.031216 0.822385 0.421466 -0.382164 0.886502 0.391761 -0.246245 0.933634 0.217304 -0.284794 0.656029 0.693249 -0.298382 0.856652 0.275434 -0.436215 0.971779 0.164781 -0.168801 0.70733 0.680221 -0.192309 0.772078 0.400117 -0.493763 0.899865 0.40306 -0.166688 0.550722 0.79895 -0.241628 0.610663 0.679785 -0.406181 0.704927 0.694717 -0.14299 0.49323 0.800951 -0.339412 0.60258 0.782037 -0.15911 0.624945 0.769547 -0.131305 -0.492978 0.583609 -0.645269 -0.522472 0.531746 -0.666535 -0.513608 0.547988 -0.66024 -0.49299 0.583601 -0.645268 -0.548861 0.457912 -0.699334 -0.55438 0.416526 -0.720534 -0.558458 0.376559 -0.73914 -0.558464 0.376554 -0.739138 -0.93179 -0.225014 0.284843 -0.818934 -0.429215 0.380947 -0.853627 -0.285177 0.435885 -0.88367 -0.39848 0.245644 -0.768591 -0.409221 0.491739 -0.659457 -0.6894 0.299739 -0.97086 -0.170544 0.168365 -0.612848 -0.677158 0.407277 -0.711249 -0.675799 0.193443 -0.897395 -0.408677 0.166327 -0.501468 -0.79387 0.343948 -0.559414 -0.791784 0.245224 -0.709831 -0.689448 0.144228 -0.611305 -0.774704 0.161677 -0.633563 -0.762109 0.133372 0.000000 -0.88262 0.470088 -0.000001 -0.857501 0.514482 -0.000000 -0.996902 0.078659 0.000000 -0.595475 0.803374 0.000000 -0.999314 0.037022 0.000000 -0.535053 0.844819 0.000001 -0.919915 -0.392117 0.000000 -0.912068 -0.410039 0 -0.204687 0.978828 -0.000085 -0.59652 -0.802598 0.000002 -0.57527 -0.817963 0.000000 -0.153253 0.988187 0 0.248564 0.968616 -0.000001 0.310641 0.950527 -0.000000 0.648871 0.760899 0.000001 0.726137 0.68755 -0.000000 0.90828 0.418363 0 0.943448 0.33152 -0.000000 0.999974 0.007178 0 0.998504 0.054677 0.000001 0.959499 -0.281711 -0.000000 0.916749 -0.399463 -0.000000 0.748701 -0.662907 -0.000000 0.675661 -0.737213 -0.000001 0.324533 -0.945874 -0.000000 0.276392 -0.961045 -0.000000 -0.159853 -0.987141 0.000001 -0.194744 -0.980854 0.000008 -0.5752 -0.818013 -0.000008 -0.596449 -0.802651 0.517492 -0.855688 -0.000000 0.5175 -0.770953 -0.371249 0.517491 -0.855689 -0.000000 0.517503 -0.770952 -0.371247 0.517491 -0.770948 0.371272 0.517492 -0.770951 0.371265 0.517493 -0.533514 0.669002 0.517492 -0.533514 0.669002 0.517497 -0.190404 0.834232 0.517498 -0.190404 0.834232 0.517497 0.190408 0.834231 0.517497 0.190404 0.834232 0.517496 0.533511 0.669002 0.517499 0.533512 0.668998 0.517481 0.770955 0.37127 0.51748 0.770953 0.371276 0.517489 0.85569 -0.000000 0.517493 0.855687 -0.000001 0.517483 0.770951 -0.371276 0.517484 0.770952 -0.371272 0.517495 0.533511 -0.669003 0.517499 0.533511 -0.668999 0.517487 0.190413 -0.834237 0.517485 0.190411 -0.834238 0.517485 -0.190412 -0.834237 0.517487 -0.19041 -0.834237 0.517492 -0.533515 -0.669002 0.517493 -0.533514 -0.669003 0.517495 -0.770937 -0.371287 0.517485 -0.770943 -0.371291 -0.00577 -0.999983 0.000517 -0.005685 -0.999984 0.000717 -0.005281 -0.999985 0.001694 -0.005859 -0.999983 -0.00034 -0.005864 -0.999983 -0.000521 -0.005256 -0.999984 0.001941 -0.00584 -0.999982 -0.001293 -0.004866 -0.999984 0.002728 -0.005855 -0.999982 -0.00125 -0.005536 -0.999982 -0.002226 -0.004868 -0.999985 0.002646 -0.005583 -0.999982 -0.002201 -0.005417 -0.999981 -0.002969 -0.005786 -0.99998 -0.002659 -0.005541 -0.999979 -0.003269 -0.005513 -0.999979 -0.003298 -0.432177 0.017194 0.901625 -0.432179 0.017224 0.901623 -0.432176 0.017193 0.901625 -0.432178 0.017217 0.901624 -0.428135 0.057015 0.901915 -0.428138 0.057035 0.901912 -0.428139 0.057038 0.901911 -0.428135 0.057015 0.901914 -0.003683 -0.999989 0.002849 -0.003452 -0.999988 0.003389 -0.003525 -0.999989 0.003218 -0.003473 -0.999988 0.003339 -0.005952 -0.999981 0.001832 -0.005964 -0.999981 0.001819 -0.005939 -0.999981 0.001848 -0.005937 -0.999981 0.001849 -0.003492 -0.999984 0.004526 -0.00332 -0.999984 0.004635 -0.003922 -0.999984 0.00415 -0.004194 -0.999983 0.003949 -0.00422 -0.999983 0.003899 -0.004312 -0.999983 0.003822 0.836802 0.332554 -0.434936 0.796639 -0.569814 -0.201689 0.724104 -0.594826 -0.349078 0.901956 0.348021 -0.255649 0.741119 0.331088 -0.584058 0.720909 0.571151 -0.392527 0.624465 0.581581 -0.521351 0.62614 -0.625866 -0.465016 -0.107296 0.000256 -0.994227 -0.106603 0.001723 -0.9943 -0.106774 0.001616 -0.994282 -0.107235 0.000261 -0.994234 -0.107294 -0.001401 -0.994226 -0.107678 -0.00114 -0.994185 -0.005475 -0.999981 -0.002949 -0.005409 -0.999981 -0.002946 -0.00537 -0.999981 -0.002943 -0.005519 -0.999981 -0.002952 -0.005806 -0.999982 -0.001665 -0.005855 -0.999981 -0.001704 -0.005782 -0.999982 -0.001647 -0.005877 -0.999981 -0.001721 -0.00591 -0.999982 -0.001025 -0.00587 -0.999982 -0.001033 -0.005852 -0.999982 -0.001037 -0.005929 -0.999982 -0.001022 -0.005918 -0.999982 -0.000102 -0.005876 -0.999983 -0.000121 -0.00585 -0.999983 -0.000132 -0.005947 -0.999982 -0.00009 -0.005619 -0.999984 0.000992 -0.005724 -0.999983 0.000968 -0.005564 -0.999984 0.001005 -0.005446 -0.999985 0.001032 -0.004956 -0.999986 0.001801 -0.005205 -0.999984 0.002012 -0.005024 -0.999986 0.001859 -0.005283 -0.999984 0.002078 -0.004397 -0.999986 0.002887 -0.004406 -0.999986 0.002889 -0.004391 -0.999986 0.002886 -0.004411 -0.999986 0.00289 -0.003989 -0.999986 0.003602 -0.004131 -0.999985 0.003634 -0.003856 -0.999986 0.003571 -0.004279 -0.999984 0.003668 -0.003662 -0.999984 0.00431 -0.003677 -0.999984 0.004313 -0.003599 -0.999984 0.004298 -0.003745 -0.999984 0.004326 -0.002919 -0.999985 0.004632 -0.002964 -0.999985 0.004524 -0.00292 -0.999985 0.004631 -0.003087 -0.999986 0.00423 -0.004088 -0.999983 0.004135 -0.004144 -0.999983 0.004124 -0.004245 -0.999983 0.004104 -0.003979 -0.999983 0.004157 -0.004681 -0.999983 0.003382 -0.004681 -0.999983 0.003377 -0.004681 -0.999983 0.003396 -0.004681 -0.999983 0.003362 -0.008822 -0.999954 -0.003719 -0.009295 -0.999949 -0.00392 -0.009104 -0.999951 -0.003841 -0.008953 -0.999953 -0.003777 -0.003031 -0.99998 0.005596 -0.003039 -0.99998 0.00563 -0.003009 -0.99998 0.005492 -0.003063 -0.999979 0.005743 -0.003998 -0.999981 0.00472 -0.003927 -0.999981 0.004755 -0.003818 -0.999981 0.00481 -0.004065 -0.999981 0.004687 -0.00563 -0.999983 0.001232 -0.005592 -0.999984 0.001248 -0.005707 -0.999983 0.001199 -0.005815 -0.999982 0.001154 -0.005905 -0.999983 0.000303 -0.005876 -0.999983 0.00032 -0.005945 -0.999982 0.00028 -0.005831 -0.999983 0.000346 -0.005968 -0.999982 -0.000746 -0.005947 -0.999982 -0.000728 -0.005996 -0.999982 -0.000768 -0.005916 -0.999982 -0.000703 -0.005791 -0.999982 -0.001809 -0.005778 -0.999982 -0.001812 -0.005785 -0.999982 -0.00181 -0.005772 -0.999982 -0.001813 -0.00574 -0.999981 -0.002431 -0.005624 -0.999981 -0.002462 -0.005655 -0.999981 -0.002454 -0.005543 -0.999982 -0.002485 -0.005242 -0.999983 -0.00247 -0.005232 -0.999983 -0.00247 -0.005376 -0.999983 -0.002448 -0.005761 -0.999981 -0.002383 -0.005658 -0.999978 -0.00352 -0.005878 -0.999978 -0.003228 -0.005833 -0.999978 -0.003289 -0.005952 -0.999977 -0.00313 -0.004676 -0.999983 -0.003447 -0.004721 -0.999982 -0.003618 -0.004834 -0.99998 -0.004023 -0.004674 -0.999983 -0.00345 0.796665 -0.569794 -0.201641 -0.004361 -0.999982 0.004169 -0.00421 -0.999982 0.004273 -0.004394 -0.999982 0.004146 -0.004201 -0.999982 0.004279 -0.099191 0.994514 0.033208 -0.097475 0.994596 0.03575 -0.099779 0.994484 0.032335 -0.097475 0.994596 0.03575 -0.104261 0.994219 0.025668 -0.105095 0.994162 0.024423 -0.109386 0.993836 0.018009 -0.109385 0.993836 0.018008 0.031283 -0.999452 -0.010848 0.029996 -0.999469 -0.012747 0.031283 -0.999452 -0.010848 0.029399 -0.999475 -0.013629 0.030218 -0.999466 -0.012403 0.030547 -0.999462 -0.011917 0.032232 -0.999436 -0.009443 0.032233 -0.999436 -0.009443 1 0.000000 0.000000 1 0.000000 -0.000001 1 0.000000 -0.000001 1 0.000000 -0.000000 1 0.000000 -0.000000 1 0.000000 -0.000005 1 0.000000 -0.000007 1 0.000000 0.000000 1 0.000000 0.000000 1 0.000000 -0.000000 1 0.000000 0.000001 1 0.000000 0.000003 1 0.000000 0.000005 1 0.000000 0.000007 0.569481 -0.138476 0.810257 0.570522 -0.190295 0.798932 0.569477 -0.13848 0.810259 0.56977 -0.24777 0.783564 0.557566 -0.333015 0.760409 0.551896 -0.354649 0.754742 0.539233 -0.399466 0.741387 0.539234 -0.399465 0.741387 0.805567 0.301058 -0.51032 -0.42973 -0.05343 0.901375 -0.429723 -0.053326 0.901385 -0.429725 -0.053361 0.901382 -0.429721 -0.0533 0.901387 -0.802617 -0.311401 0.508758 -0.004127 -0.999982 0.004282 -0.004127 -0.999982 0.004282 -0.004127 -0.999982 0.004282 0.822399 -0.264006 0.503945 0.894419 -0.265147 0.360154 0.822487 -0.264006 0.503802 0.894359 -0.265147 0.360304 0.776201 -0.263343 0.572854 0.939135 -0.26424 0.21955 0.776197 -0.263324 0.572869 0.939088 -0.26424 0.219751 0.958885 -0.264657 0.102449 0.95888 -0.264656 0.102498 0.961393 -0.265058 -0.073939 0.961396 -0.265058 -0.073906 0.931474 -0.264975 -0.249289 0.931491 -0.264975 -0.249223 0.866644 -0.265417 -0.422472 0.86671 -0.265418 -0.422335 0.766274 -0.264411 -0.585586 0.766359 -0.264411 -0.585475 0.665617 -0.264038 -0.698025 0.665725 -0.264038 -0.697921 0.585459 -0.263316 -0.766748 0.585391 -0.263239 -0.766826 0.553726 -0.263056 -0.790056 0.553824 -0.26298 -0.790013 -0.572121 -0.258995 0.778202 -0.696238 -0.261014 0.668674 -0.572088 -0.259016 0.77822 -0.696093 -0.261018 0.668823 -0.786769 -0.258604 0.560463 -0.786688 -0.258639 0.56056 -0.840493 -0.258759 0.476042 -0.840484 -0.25876 0.476057 -0.881222 -0.258462 0.395785 -0.881313 -0.258451 0.395589 -0.924995 -0.258892 0.278136 -0.925032 -0.258892 0.278014 -0.95647 -0.258989 0.134501 -0.956469 -0.258989 0.134504 -0.9654 -0.25908 -0.029664 -0.965401 -0.25908 -0.029626 -0.943056 -0.259247 -0.208413 -0.943027 -0.259247 -0.208548 -0.909919 -0.258609 -0.324298 -0.90992 -0.258512 -0.324372 -0.881869 -0.258474 -0.394333 -0.88186 -0.258468 -0.394358 -0.873869 -0.258468 -0.411761 -0.873864 -0.258479 -0.411766 -0.416975 -0.259788 0.871 -0.416983 -0.259763 0.871004 -0.416974 -0.259792 0.871 -0.416984 -0.259758 0.871005 -0.856602 -0.258835 -0.446361 -0.856599 -0.258853 -0.446356 -0.856602 -0.258833 -0.446361 -0.856598 -0.258856 -0.446355 -0.999997 -0.000738 -0.00237 -0.706175 0.707928 -0.012453 -0.703598 0.710488 -0.012485 -0.999997 -0.00034 -0.002373 -0.705952 -0.708201 0.009095 0.0022 0.999882 -0.01521 0.008089 0.999852 -0.015195 -0.702637 -0.711489 0.009153 0.708346 0.705807 -0.009052 0.002123 -0.999882 0.015218 0.711653 0.702473 -0.008993 0.999997 -0.000252 0.002368 0.008081 -0.999851 0.015232 0.999997 -0.000968 0.002414 0.707981 -0.706122 0.01243 0.710641 -0.703446 0.012388 0.999997 -0.000284 0.002371 0.999997 -0.001044 0.002416 -0.662124 0.651841 -0.369723 -0.935383 -0.004773 -0.353604 -0.66107 0.652869 -0.369795 -0.935378 -0.004754 -0.353618 -0.003622 0.919077 -0.394062 -0.661374 -0.660658 -0.355128 -0.660218 -0.66174 -0.355264 -0.00582 0.919093 -0.393999 -0.003879 -0.927568 -0.373634 -0.005994 -0.927582 -0.373572 0.643794 0.644554 -0.412407 0.642719 -0.654544 -0.398101 0.644915 0.643472 -0.412345 0.643771 -0.653488 -0.398135 0.910176 -0.005611 -0.414184 0.910196 -0.005548 -0.414142 0.910195 -0.005654 -0.414141 0.910181 -0.005586 -0.414173 -0.977267 -0.000312 0.212014 -0.691139 0.716898 0.091567 -0.68038 0.716011 0.156241 -0.991837 -0.002405 0.127486 -0.950925 0.001165 0.309418 0.019865 0.999773 0.007735 -0.705899 0.707828 0.026197 -0.683589 -0.716399 0.139566 0.021749 0.999763 0.000954 0.000716 0.999958 -0.009195 -0.690023 -0.718663 0.085974 -0.661412 -0.720472 0.208455 0.706604 0.70652 -0.039242 -0.99893 0.00059 0.046239 0.014457 -0.99978 -0.015203 0.713192 0.695266 -0.089231 -0.706173 -0.706956 0.039164 0.018681 -0.999806 -0.006222 0.701354 0.69815 -0.143838 0.000349 -0.999958 0.009139 0.696973 -0.699101 -0.159645 0.706506 -0.707221 -0.02623 0.0227 -0.999597 -0.017021 0.026195 0.999657 0.00076 0.708467 -0.699466 -0.093918 0.682919 -0.693386 -0.229865 0.683889 0.696531 -0.217121 0.998929 -0.000511 -0.046262 0.977249 -0.000835 -0.212095 0.651211 -0.695914 -0.3027 0.977241 -0.000733 -0.212131 0.991794 -0.003642 -0.127796 0.950427 0.002541 -0.310938 0.950432 0.002599 -0.310923 0.991792 -0.003563 -0.127813 0.648862 0.698846 -0.300987 0.907025 0.002298 -0.421071 0.017162 0.999825 -0.007482 0.998931 -0.000456 -0.046227 0.621846 0.706412 -0.338067 -0.65679 0.721045 0.220729 0.879578 0.001171 -0.475754 0.000591 0.999996 -0.002754 -0.631805 0.717086 0.294295 -0.622168 0.707686 0.334795 -0.879579 -0.001689 0.475749 -0.906569 -0.000394 0.422059 -0.63103 -0.718108 0.293464 -0.61879 -0.709846 0.336479 0.019552 -0.999765 -0.009375 0.005036 -0.999987 -0.000212 0.624738 -0.704761 -0.336176 0.907024 0.002245 -0.421074 0.879571 0.001095 -0.475766 -0.602386 -0.711847 0.361116 0.003101 -0.999994 -0.001418 0.007653 -0.999962 -0.004143 -0.604714 -0.70916 0.362509 -0.857888 -0.001329 0.513834 0.608394 -0.705189 -0.364094 0.610596 -0.7026 -0.365412 -0.857887 -0.001552 0.513836 0.857888 0.000968 -0.513836 -0.604585 0.70963 0.361803 0.857894 0.001206 -0.513826 -0.606716 0.707155 0.363081 0.00037 1 -0.000661 0.005012 0.999982 -0.003441 0.606571 0.707003 -0.363619 0.609001 0.704159 -0.365073 0.85789 0.001034 -0.513833 0.857951 0.001261 -0.51373 -0.250406 0.597128 0.76206 -0.464527 -0.00025 0.885559 -0.251347 0.596052 0.762592 -0.464274 -0.000653 0.885691 0.26799 0.843302 0.465857 -0.247168 -0.597069 0.763162 0.265756 0.843296 0.467147 0.783464 0.596807 0.173224 -0.248512 -0.595586 0.763884 0.784779 0.595308 0.172425 0.998621 0.002066 0.052466 0.271739 -0.840993 0.467855 0.998623 0.001707 0.052435 0.269469 -0.840995 0.469163 0.78589 -0.59316 0.174754 0.786862 -0.592039 0.174179 0.998622 0.001976 0.052442 0.998623 0.001607 0.052431 -0.999997 -0.00074 -0.002371 -0.706129 0.707974 -0.012459 -0.7036 0.710487 -0.012487 -0.999997 -0.000006 -0.002381 -0.705911 -0.708242 0.0091 0.002194 0.999882 -0.015211 0.008088 0.999852 -0.015195 -0.702552 -0.711574 0.009159 0.708264 0.70589 -0.009056 0.002123 -0.999882 0.015222 0.71162 0.702507 -0.008995 0.999997 -0.000254 0.002365 0.008027 -0.999852 0.015236 0.999997 -0.000966 0.002416 0.707977 -0.706126 0.012434 0.710594 -0.703493 0.012391 0.999997 -0.000284 0.002371 0.999997 -0.001045 0.002416 -0.618799 0.603256 -0.503161 -0.872307 -0.007071 -0.488908 -0.616851 0.605204 -0.503213 -0.872304 -0.007205 -0.488911 -0.004847 0.852439 -0.522804 -0.617686 -0.6165 -0.488253 -0.615858 -0.618317 -0.488266 -0.008599 0.852462 -0.522719 -0.005091 -0.864861 -0.501986 -0.008831 -0.864879 -0.501902 0.596095 0.597416 -0.536438 0.594638 -0.611581 -0.521895 0.597876 0.595634 -0.536437 0.596612 -0.609616 -0.52194 0.844033 -0.007604 -0.536238 0.844064 -0.007778 -0.536186 0.844059 -0.007689 -0.536195 0.844049 -0.007837 -0.53621 -0.977267 -0.000315 0.212014 -0.693862 0.717329 0.063195 -0.680382 0.716009 0.156242 -0.995288 -0.002621 0.096928 -0.950925 0.001166 0.309418 0.019881 0.999773 0.007732 -0.705969 0.707949 -0.020403 -0.683585 -0.716403 0.139563 0.020535 0.99961 -0.018913 0.001094 0.998566 -0.053521 -0.692118 -0.719208 0.060933 -0.661412 -0.720473 0.208454 0.70517 0.704434 -0.080666 -1 0.000454 -0.000513 0.014413 -0.999781 -0.015194 0.712429 0.694619 -0.099746 -0.706384 -0.707806 -0.005778 0.017851 -0.999605 -0.021729 0.996303 -0.000598 -0.085907 0.000867 -0.999454 -0.033033 0.697008 -0.699065 -0.159651 0.991054 -0.003748 -0.133412 0.705383 -0.705724 -0.066244 0.022647 -0.999599 -0.016994 0.701329 0.698177 -0.143829 0.70783 -0.699046 -0.101542 0.682945 -0.693372 -0.229829 0.977241 -0.000732 -0.212132 0.996301 -0.000668 -0.085933 0.97725 -0.000795 -0.212091 0.651218 -0.695909 -0.302698 0.991055 -0.003791 -0.1334 0.950438 0.002548 -0.310904 0.019512 -0.999766 -0.00935 0.907024 0.002241 -0.421073 0.624778 -0.704725 -0.336178 -0.631026 -0.718112 0.293464 0.005041 -0.999987 -0.000191 0.87957 0.0011 -0.475768 -0.906569 -0.000397 0.422058 -0.618769 -0.709875 0.336457 -0.656791 0.721046 0.220724 -0.879579 -0.001699 0.47575 -0.631807 0.717084 0.294297 -0.622165 0.707687 0.3348 0.017211 0.999824 -0.007502 0.000614 0.999996 -0.00276 0.026198 0.999656 0.000759 0.621848 0.706409 -0.33807 0.683892 0.696529 -0.217117 0.648884 0.698837 -0.300958 0.907023 0.002294 -0.421074 0.950432 0.002603 -0.310921 0.879578 0.001178 -0.475753 0.606573 0.706999 -0.363623 0.004957 0.999982 -0.003409 0.60901 0.704157 -0.36506 0.00042 1 -0.00069 0.857888 0.001029 -0.513835 -0.604522 0.709702 0.361769 0.857951 0.001262 -0.51373 -0.606713 0.707157 0.363082 -0.857888 -0.001325 0.513835 -0.857887 -0.001557 0.513835 -0.602319 -0.711923 0.361078 -0.604718 -0.709156 0.362511 0.003054 -0.999994 -0.001384 0.007652 -0.999962 -0.004136 0.608395 -0.70519 -0.364092 0.610594 -0.702604 -0.365408 0.857888 0.000968 -0.513836 0.857894 0.001206 -0.513826 -0.250417 0.597129 0.762056 -0.464528 -0.000256 0.885558 -0.251401 0.59602 0.7626 -0.464323 -0.000653 0.885666 0.267994 0.843298 0.465862 -0.247193 -0.597099 0.763131 0.265729 0.843292 0.467168 -0.248517 -0.595589 0.763881 0.271731 -0.840998 0.467852 0.783469 0.596798 0.17323 0.269453 -0.841 0.469163 0.784797 0.59527 0.172476 0.99862 0.002062 0.052471 0.785859 -0.593191 0.174787 0.998623 0.001699 0.052433 0.786863 -0.592038 0.174179 0.998622 0.001978 0.052443 0.998623 0.001608 0.052432 -0.67213 0.719684 0.174059 -0.971631 0.002059 0.236494 -0.971642 -0.002347 0.236444 -0.69955 0.691458 0.180321 -0.018727 0.999642 0.01912 -0.673126 -0.723469 0.153278 -0.705211 -0.690342 0.161569 0.042027 0.999107 0.004327 -0.023209 -0.999691 -0.008918 0.037657 -0.999009 -0.023721 0.683467 0.713128 -0.15595 0.680375 -0.71143 -0.175944 0.71531 0.679244 -0.164194 0.707863 -0.682445 -0.182204 0.971614 -0.003998 -0.236537 0.971638 0.000744 -0.236474 0.680408 -0.711394 -0.175964 0.707888 -0.682413 -0.182229 -0.126255 0.005871 -0.99198 -0.126255 0.005865 -0.99198 -0.126255 0.005856 -0.991981 -0.126255 0.005874 -0.99198 0.096813 -0.002685 0.995299 0.096813 -0.002692 0.995299 0.096813 -0.002682 0.995299 0.096813 -0.002702 0.995299 -0.672172 0.719642 0.174069 -0.971627 0.002393 0.236505 -0.971645 -0.002689 0.236429 -0.699625 0.691378 0.180339 -0.018732 0.999642 0.019126 -0.673123 -0.723472 0.153277 -0.705209 -0.690345 0.161569 0.041966 0.99911 0.004347 -0.023216 -0.999691 -0.008912 0.037652 -0.999009 -0.023715 0.683464 0.713133 -0.155945 0.68037 -0.711437 -0.175936 0.715306 0.679249 -0.16419 0.707866 -0.682447 -0.182186 0.971616 -0.003827 -0.236531 0.971638 0.000898 -0.236471 0.680412 -0.711394 -0.175949 0.707891 -0.682413 -0.182215 -0.126255 0.005871 -0.99198 -0.126255 0.005865 -0.99198 -0.126256 0.005856 -0.991981 -0.126255 0.005875 -0.99198 0.096813 -0.002685 0.995299 0.096813 -0.002692 0.995299 0.096813 -0.002682 0.995299 0.096813 -0.002702 0.995299 -0.000000 0 -1 -0.000000 0 -1 -0.000000 0 -1 -0.000000 0 -1 0.707103 -0.707111 0 0.707104 -0.70711 0 0.707103 -0.707111 0 0.707104 -0.70711 0 0.000000 0 1 0.000000 0 1 0.000000 0 1 0.000000 0 1 -0.707103 0.70711 0 -0.707104 0.70711 0 -0.707103 0.70711 0 -0.707104 0.70711 0 0 0.866025 -0.500001 0 1 0.000003 0 0.866025 -0.500001 0 0.499996 -0.866028 0 1 -0.000003 0 0.500002 -0.866024 0 0.866025 0.500001 0 0.000000 -1 0 0.000000 -1 0 0.866025 0.500001 0 -0.500003 -0.866024 0 0.499999 0.866026 0 0.499999 0.866026 0 -0.499997 -0.866027 0 -0.000003 1 0 -0.866027 -0.499997 0 -0.866024 -0.500003 0 0.000003 1 -0.000012 -1 -0.000055 0 -0.5 0.866026 0.000012 -1 -0.000055 0 -0.5 0.866026 0 -0.866027 0.499997 0 -0.866024 0.500003 -0.000012 -1 0.000055 0.000012 -1 0.000055 -0.678674 -0.636047 -0.367214 -0.678673 -0.367219 -0.636045 -0.678673 -0.36722 -0.636044 -0.678674 -0.636043 -0.367221 -0.678676 -0.734438 -0.000059 -0.678677 0.000000 -0.734437 -0.678668 -0.734446 -0.000059 -0.678677 0.000000 -0.734437 -0.678669 0.367222 -0.636047 -0.678668 0.367221 -0.636049 -0.678673 0.636048 -0.367214 -0.678674 0.636043 -0.367221 -0.678669 0.734444 0.000000 -0.678668 0.734445 0.000000 -0.678676 0.636042 0.367219 -0.678676 0.636045 0.367214 -0.67867 0.367223 0.636046 -0.67867 0.36722 0.636048 -0.67866 0 0.734453 -0.678658 -0.000000 0.734455 -0.678674 -0.367219 0.636043 -0.678675 -0.367219 0.636043 -0.678676 -0.636045 0.367213 -0.678676 -0.636042 0.367219 -0.678673 -0.734441 0.000014 -0.678668 -0.734445 0.000061 -0.23236 -0.842323 -0.486314 -0.370305 -0.464456 -0.804459 -0.232352 -0.486315 -0.842324 -0.370266 -0.804474 -0.464461 -0.232348 -0.972633 -0.000055 -0.232351 0.000000 -0.972632 -0.370266 -0.928926 -0.000043 -0.370273 0.000000 -0.928923 -0.52323 -0.426096 -0.73802 -0.523227 -0.738025 -0.426091 -0.370279 0.46446 -0.804469 -0.523212 -0.852203 -0.000042 -0.523233 0.000000 -0.852189 -0.232356 0.486316 -0.842323 -0.523229 0.426095 -0.73802 -0.370297 0.804463 -0.464456 -0.232357 0.842322 -0.486317 -0.523227 0.738023 -0.426092 -0.232356 0.972631 0.000000 -0.370222 0.928943 -0.000000 -0.523226 0.852194 0.000000 -0.370306 0.804459 0.464456 -0.523227 0.738021 0.426098 -0.232357 0.842322 0.486317 -0.370265 0.464464 0.804473 -0.523227 0.426093 0.738023 -0.232356 0.48632 0.842321 -0.370277 0.000000 0.928922 -0.232359 0.000000 0.97263 -0.370256 -0.464467 0.804476 -0.523225 -0.000000 0.852195 -0.232353 -0.486318 0.842322 -0.523227 -0.426098 0.73802 -0.232359 -0.842323 0.486314 -0.370316 -0.804456 0.464452 -0.232337 -0.972635 0.000056 -0.523226 -0.738024 0.426092 -0.370261 -0.928928 0.000044 -0.523217 -0.852199 0.000043 0.050366 -0.499354 -0.864933 0.050348 -0.864928 -0.499364 0.050342 -0.864929 -0.499364 0.050366 -0.499361 -0.864929 0.050342 0.000000 -0.998732 0.050357 -0.998731 -0.000021 0.050332 0.000000 -0.998733 0.050334 -0.998732 -0.000068 0.050365 0.499361 -0.864929 0.050366 0.499354 -0.864933 0.050348 0.864928 -0.499364 0.050341 0.864928 -0.499364 0.050353 0.998731 -0.000000 0.050357 0.998731 -0.000001 0.050347 0.864927 0.499366 0.050343 0.864927 0.499367 0.05035 0.499361 0.864929 0.050354 0.499363 0.864928 0.050353 -0.000000 0.998732 0.050355 -0.000000 0.998731 0.050352 -0.499365 0.864928 0.050353 -0.499373 0.864923 0.050344 -0.86493 0.499361 0.050344 -0.864925 0.49937 0.050361 -0.998731 0.000023 0.05033 -0.998733 0.000021 -0.974996 0.192452 0.111111 -0.974996 0.111112 0.19245 -0.974996 0.192453 0.11111 -0.974996 0.111111 0.192451 -0.974996 0.222223 -0.000000 -0.974995 0 0.222227 -0.974996 0.222222 -0.000000 -0.974995 -0.000000 0.222228 -0.974995 0.192453 -0.11111 -0.974996 0.192452 -0.111112 -0.974996 -0.11111 0.192451 -0.974996 0.111113 -0.19245 -0.974996 -0.111111 0.192451 -0.974996 0.111111 -0.19245 -0.974996 -0.192452 0.111112 -0.974996 -0.192453 0.111111 -0.974996 0.000000 -0.222222 -0.974996 -0.222222 -0.000000 -0.974996 0.000000 -0.222221 -0.974996 -0.222222 -0.000000 -0.974996 -0.19245 -0.111111 -0.974996 -0.11111 -0.19245 -0.974996 -0.19245 -0.111111 -0.974996 -0.111112 -0.19245 -0.369673 0.000000 -0.929162 -0.369685 -0.464569 -0.80468 -0.369684 -0.464575 -0.804676 -0.369668 0.000000 -0.929164 -0.369684 0.464575 -0.804676 -0.369673 -0.80468 -0.464578 -0.369671 -0.80468 -0.46458 -0.369685 0.464569 -0.804679 -0.36966 -0.929167 -0.000043 -0.369661 -0.929167 -0.000044 -0.369675 0.804677 -0.464581 -0.369671 0.804677 -0.464583 -0.36968 0.929159 -0.000000 -0.369686 0.929157 -0.000000 -0.369669 0.804678 0.464584 -0.369664 0.804681 0.464583 -0.36967 0.464577 0.804681 -0.369674 0.464578 0.804679 -0.36968 -0.000000 0.929159 -0.369685 -0.000000 0.929157 -0.369674 -0.464581 0.804677 -0.369672 -0.464579 0.804679 -0.369672 -0.80468 0.464578 -0.369673 -0.804678 0.464581 -0.369651 -0.929171 0.000045 -0.369671 -0.929163 0.000046 -1 0 0 -1 0 0 -1 0 0 -1 0 0 -1 0 0 -1 0 0 -1 0 -0.000000 -1 0 0.000000 -1 0 0 -1 0 0 -1 0 0 -1 0 0.000000 1 0 0.000000 1 0 -0.000000 1 0 0.000001 1 0 0 1 0 0 1 0 0 1 0 0 1 0 0 1 0 0 1 0 0 1 0 0.000000 1 0 -0.000000 0.678673 -0.636047 -0.367214 0.678673 -0.36722 -0.636045 0.678674 -0.636043 -0.367221 0.678673 -0.367221 -0.636044 0.678674 -0.734439 -0.00006 0.678676 0 -0.734437 0.678671 -0.734443 -0.000059 0.678669 0.367223 -0.636047 0.678677 0 -0.734437 0.678668 0.367221 -0.636049 0.678674 0.636047 -0.367214 0.678674 0.636043 -0.367221 0.678669 0.734444 0.000000 0.678668 0.734445 0.000000 0.678676 0.636041 0.367219 0.678676 0.636045 0.367213 0.67867 0.367223 0.636046 0.67867 0.36722 0.636048 0.67866 -0.000000 0.734453 0.678658 -0.000000 0.734454 0.678674 -0.367219 0.636043 0.678675 -0.36722 0.636042 0.678676 -0.636045 0.367213 0.678676 -0.636042 0.367219 0.678675 -0.734439 0.000013 0.678665 -0.734448 0.000061 0.232358 -0.842323 -0.486314 0.370306 -0.464454 -0.80446 0.370266 -0.804475 -0.46446 0.232351 -0.486315 -0.842325 0.523232 -0.426095 -0.738018 0.23235 0.000000 -0.972632 0.370273 -0.000000 -0.928923 0.232371 -0.972627 -0.000055 0.370279 0.46446 -0.804469 0.523228 -0.738024 -0.42609 0.370262 -0.928927 -0.000042 0.232354 0.486316 -0.842323 0.523236 0.000000 -0.852188 0.523219 -0.852198 -0.000041 0.370297 0.804462 -0.464457 0.523231 0.426095 -0.738019 0.232356 0.842322 -0.486317 0.523229 0.738022 -0.426092 0.232355 0.972631 0.000000 0.370325 0.928902 -0.000000 0.370306 0.804459 0.464456 0.523228 0.852193 0.000000 0.523229 0.738019 0.426098 0.232356 0.842322 0.486317 0.370265 0.464463 0.804473 0.232355 0.486319 0.842321 0.523229 0.426091 0.738023 0.232358 0.000000 0.97263 0.370277 0.000000 0.928921 0.370256 -0.464467 0.804476 0.232352 -0.486318 0.842322 0.523227 -0.000000 0.852193 0.232358 -0.842323 0.486314 0.523229 -0.426097 0.738019 0.370317 -0.804456 0.464452 0.232346 -0.972633 0.000056 0.523228 -0.738023 0.426092 0.370266 -0.928926 0.000044 0.523214 -0.852202 0.000043 -0.050366 -0.499354 -0.864933 -0.050348 -0.864928 -0.499364 -0.050366 -0.499361 -0.864929 -0.050342 -0.864928 -0.499364 -0.050342 0.000000 -0.998732 -0.050362 -0.998731 -0.000021 -0.050332 0.000000 -0.998733 -0.050331 -0.998733 -0.000068 -0.050365 0.499361 -0.864929 -0.050366 0.499354 -0.864933 -0.050348 0.864928 -0.499364 -0.050342 0.864928 -0.499364 -0.050352 0.998731 -0.000000 -0.050357 0.998731 -0.000001 -0.050347 0.864927 0.499366 -0.050343 0.864927 0.499367 -0.050351 0.499362 0.864929 -0.050354 0.499363 0.864928 -0.050353 -0.000000 0.998732 -0.050356 -0.000000 0.998731 -0.050352 -0.499365 0.864928 -0.050353 -0.499373 0.864923 -0.050344 -0.86493 0.499361 -0.050344 -0.864925 0.49937 -0.050358 -0.998731 0.000023 -0.050334 -0.998732 0.000021 0.974998 0.192443 0.111105 0.974999 0.111106 0.192441 0.974998 0.192442 0.111105 0.974999 0.222211 -0.000000 0.974999 0.222211 -0.000000 0.974999 0.111105 0.192441 0.974998 0.192443 -0.111105 0.974998 -0.000000 0.222215 0.974998 0.192442 -0.111106 0.974999 0.111106 -0.19244 0.974997 -0.000000 0.222216 0.974999 0.111105 -0.19244 0.974999 -0.111105 0.192441 0.974999 0.000000 -0.22221 0.974999 -0.111106 0.19244 0.974999 -0.000000 -0.22221 0.974998 -0.192442 0.111106 0.974999 -0.111105 -0.19244 0.974998 -0.192443 0.111105 0.974999 -0.111105 -0.19244 0.974999 -0.222211 -0.000000 0.974999 -0.19244 -0.111105 0.974999 -0.222211 -0.000000 0.974999 -0.19244 -0.111106 0.369674 0.464578 0.804679 0.369681 -0.000000 0.929159 0.369685 -0.000000 0.929157 0.36967 0.464577 0.804681 0.369669 0.804678 0.464584 0.369674 -0.464581 0.804677 0.369664 0.804681 0.464584 0.36968 0.929159 -0.000000 0.369672 -0.464579 0.804679 0.369686 0.929157 -0.000000 0.369672 -0.80468 0.464578 0.369676 0.804677 -0.464581 0.369673 -0.804678 0.464581 0.369671 0.804677 -0.464583 0.369685 0.464569 -0.804679 0.369661 -0.929167 0.000045 0.369661 -0.929167 0.000046 0.369684 0.464575 -0.804676 0.369673 0.000000 -0.929162 0.369668 0.000000 -0.929164 0.369684 -0.464575 -0.804676 0.369685 -0.464569 -0.804679 0.369673 -0.80468 -0.464578 0.36967 -0.80468 -0.46458 0.36965 -0.929171 -0.000043 0.369671 -0.929163 -0.000044 -0.959853 0.280008 -0.016662 -0.959843 0.280044 -0.016652 -0.955008 0.296296 -0.012995 -0.947939 0.318315 -0.009355 -0.914418 0.404772 -0.000311 -0.901048 0.433705 -0.003459 -0.801783 0.597613 -0.001442 -0.942245 0.33449 -0.017051 -0.781081 0.624425 -0.002565 -0.646516 0.762894 -0.00306 -0.899353 0.437014 -0.013544 -0.629558 0.776951 -0.002179 -0.779006 0.626998 -0.004878 -0.626437 0.779472 0.000136 -0.490225 0.871592 -0.002693 -0.474937 0.88002 0.000158 -0.47629 0.879286 -0.001961 0.000000 0.999997 -0.002523 0.000000 0.999997 -0.002243 0.476333 0.879263 -0.001968 0.490185 0.871614 -0.002708 0 1 0 0.629558 0.776951 -0.002179 0.474893 0.880043 0.000159 0.646592 0.76283 -0.003063 0.626437 0.779472 0.000136 0.781081 0.624425 -0.002565 0.779006 0.626998 -0.004877 0.801783 0.597613 -0.001442 0.901069 0.433661 -0.003452 0.914418 0.404772 -0.000311 0.899353 0.437014 -0.013544 0.947939 0.318315 -0.009356 0.942245 0.33449 -0.017051 0.955008 0.296296 -0.012995 0.959842 0.280045 -0.016656 0.959853 0.280009 -0.016665 0.00001 0.500536 -0.865716 -0.058515 0.475748 -0.877633 -0.06236 0.474048 -0.878288 0.000011 0.500537 -0.865715 0.000005 0.500536 -0.865716 -0.096881 0.458354 -0.883474 0.000003 0.500536 -0.865716 -0.096899 0.458347 -0.883475 0.000001 0.500538 -0.865715 -0.000000 0.500539 -0.865714 -0.000005 0.500542 -0.865713 -0.000007 0.500543 -0.865712 -0.000000 0.500541 -0.865713 -0.000000 0.500539 -0.865714 0.000004 0.500542 -0.865713 0.000007 0.500543 -0.865712 0.000000 0.500539 -0.865714 -0.000001 0.500538 -0.865714 -0.000002 0.500536 -0.865716 -0.000005 0.500536 -0.865716 -0.000012 0.500537 -0.865715 -0.00001 0.500536 -0.865716 0.058515 0.475749 -0.877632 0.06236 0.474047 -0.878289 0.09688 0.458353 -0.883474 0.0969 0.458347 -0.883475 0 -0.000001 1 0 -0.000000 1 0 0 1 0 -0.000002 1 0 0 1 0 0 1 0 0 1 0 0 1 0 0 1 0 0 1 0 0 1 0 0.000002 1 0 -0.000000 1 0 -0.000002 1 0 0.000003 1 0 -0.000001 1 0 0 1 0 -0.000000 1 0 -0.000002 1 0.931617 -0.341385 0.124679 0.931619 -0.341383 0.124678 0.860443 -0.496222 0.115769 0.857086 -0.502155 0.115083 0.779382 -0.617287 0.107334 0.775015 -0.622822 0.106976 0.637265 -0.764088 0.100314 0.633668 -0.767091 0.100181 0.479497 -0.871993 0.098546 0.481567 -0.870857 0.09849 0.391932 -0.914501 0.100385 0.391879 -0.914521 0.100406 0 0.998324 0.057875 0 0.998324 0.057875 0 0.998324 0.057875 0 0.998324 0.057875 0 0.998324 0.057875 0 0.998324 0.057875 0.87665 -0.480674 0.02093 0.714508 -0.698751 0.035007 0.596391 -0.801595 0.041988 0.87661 -0.480742 0.021017 0.326179 -0.944529 0.03838 0.304979 -0.951664 0.036368 -0.000000 -0.999631 0.027152 -0.000001 -0.999632 0.027136 -0.304981 -0.951664 0.03636 -0.326179 -0.944529 0.03838 -0.596366 -0.801612 0.042019 -0.714508 -0.698751 0.035007 -0.876628 -0.480714 0.020916 -0.876626 -0.480717 0.020916 -0.016702 0.279173 -0.960096 0.012185 0.114363 -0.993364 0.069052 0.267083 -0.961196 0.009211 0.029643 -0.999518 -0.180701 0.646436 -0.741261 0.000001 0.101283 -0.994858 0.007208 0.041358 -0.999118 -0.195799 0.576381 -0.793378 0 0.069581 -0.997576 0.012821 0.043063 -0.99899 -0.239232 0.6938 -0.679271 -0.012191 0.11436 -0.993365 0.012393 0.044976 -0.998911 0.015023 0.030384 -0.999425 -0.069057 0.26708 -0.961197 -0.003255 0.048642 -0.998811 0.013605 0.005581 -0.999892 0.016698 0.279174 -0.960095 -0.00694 0.045027 -0.998962 0.1807 0.646435 -0.741262 -0.009211 0.029643 -0.999518 0.195793 0.576383 -0.793378 -0.012705 0.043217 -0.998985 0.239229 0.693799 -0.679273 -0.013605 0.005581 -0.999892 -0.015023 0.030384 -0.999425 -0.007979 0.050004 -0.998717 -0.005885 0.052337 -0.998612 -0.000000 0.919902 0.392149 0.459952 0.79666 0.392144 0.459956 0.796659 0.392142 -0.000000 0.9199 0.392152 -0.459952 0.79666 0.392144 0.796661 0.459948 0.392146 0.796657 0.459955 0.392147 -0.459955 0.796659 0.392143 0.919901 0.000001 0.392151 0.919901 0.000001 0.392151 -0.796663 0.459946 0.392145 0.796656 -0.459953 0.392151 0.796656 -0.459953 0.392151 -0.796659 0.459953 0.392146 0.459948 -0.796659 0.392151 -0.919901 0.000001 0.392151 -0.9199 0.000001 0.392152 0.459952 -0.796657 0.39215 -0.796658 -0.459949 0.392151 0.000064 -0.919908 0.392135 0.000063 -0.919901 0.39215 -0.796659 -0.45995 0.39215 -0.459947 -0.796659 0.392152 -0.459949 -0.796657 0.392153 -0.000064 -0.919904 0.392145 -0.000064 -0.919905 0.392141 -0.000000 0.966011 -0.258503 -0.000000 0.966011 -0.2585 0.482998 0.836595 -0.2585 -0.482997 0.836595 -0.258501 0.483005 0.836591 -0.258501 -0.483007 0.83659 -0.2585 0.836589 0.483007 -0.258502 -0.836591 0.483004 -0.258501 -0.83659 0.483006 -0.258501 0.836587 0.483008 -0.258505 -0.966011 0.000001 -0.258501 0.96601 0.000001 -0.258504 0.966011 0.000001 -0.258502 -0.966011 0.000001 -0.258502 0.836588 -0.483008 -0.258504 -0.83659 -0.483005 -0.258503 0.836588 -0.483007 -0.258506 -0.83659 -0.483005 -0.258501 0.483005 -0.83659 -0.258504 -0.483006 -0.836589 -0.258505 0.482998 -0.836593 -0.258504 -0.482997 -0.836593 -0.258505 -0.000029 -0.966009 -0.25851 0.000029 -0.966006 -0.258521 -0.000029 -0.966007 -0.258517 0.000028 -0.966009 -0.258507 0 0 1 0 0 1 0 0 1 0 0 1 0 0 1 0 0 1 0 0 1 0 0 1 0 0 1 0 0 1 0 0 1 0 0 1 0 0 1 0 0 1 0 0 1 0 0 1 0 0 1 0 0 1 0 0.000001 1 0 0.000000 1 0 0.000001 1 0 0 1 0 0 1 0 0 1 0 0 1 -0.629528 -0.363457 0.686726 -0.726918 -0.000001 0.686724 -0.62953 -0.363462 0.686723 -0.726916 -0.000003 0.686726 -0.363454 -0.629533 0.686724 -0.363458 -0.629531 0.686723 -0.629529 0.363455 0.686727 -0.000041 -0.726918 0.686725 -0.62953 0.363461 0.686723 -0.000046 -0.726925 0.686716 -0.363454 0.629533 0.686724 -0.363459 0.629532 0.686722 0.000001 0.726918 0.686724 0.000001 0.726918 0.686724 0.363464 0.629526 0.686725 0.363459 0.629532 0.686722 0.629533 0.363451 0.686725 0.62953 0.363457 0.686725 0.726918 -0.000001 0.686725 0.726919 -0.000001 0.686723 0.629529 -0.363464 0.686723 0.629528 -0.363459 0.686725 0.363454 -0.629534 0.686723 0.363465 -0.629528 0.686723 0.000044 -0.726921 0.686721 0.000048 -0.726915 0.686727 0 0 1 0 0 1 0 0 1 0 0 1 0 0 1 0 0 1 0 0 1 0 0 1 0 0 1 0 0 1 0 0 1 0 0 1 0 0.957014 0.290043 0 0.957014 0.290043 0 0.957014 0.290043 0 0.957014 0.290043 -0.018545 -0.530902 -0.84723 -0.021134 -0.527345 -0.849388 0 -0.556267 -0.831003 -0.021939 -0.52618 -0.850091 -0.021956 -0.526184 -0.850087 -0.967944 0.109829 0.22588 -0.967944 0.109802 0.225893 -0.967945 0.109841 0.22587 -0.967945 0.10979 0.225897 -0.000946 -0.335447 0.942059 -0.000863 -0.335297 0.942112 -0.000859 -0.33529 0.942115 -0.000865 -0.335302 0.94211 0.966657 0.118041 0.227248 0.966656 0.11803 0.227254 0.966656 0.118059 0.227241 0.966656 0.118018 0.22726 -0.000000 0 -1 -0.000000 0 -1 -0.000000 0 -1 -0.000000 0 -1 0 -0.851222 0.524806 0 -0.851222 0.524806 0 -0.851222 0.524806 0 -0.851222 0.524806 -0.000000 0.318095 0.948059 -0.000000 0.318094 0.948059 0 0.318094 0.948059 -0.000000 0.318096 0.948059 0.000001 0.318095 0.948059 0.000000 0.318096 0.948059 0.000001 0.318093 0.94806 0 0.318091 0.94806 0.003592 -0.971502 0.237002 0.003598 -0.971507 0.236982 0.003596 -0.971502 0.237002 0.003596 -0.971512 0.236965 0.993735 0.107512 0.030519 0.993734 0.107522 0.030516 0.993734 0.107521 0.030518 0.993733 0.107532 0.030516 -0.000001 -0.128616 0.991694 -0.000021 -0.128444 0.991717 0 -0.12863 0.991693 -0.000023 -0.128431 0.991718 0 -0.313815 -0.949484 0 -0.313815 -0.949484 0 -0.313815 -0.949484 0 -0.313815 -0.949484 -0.043803 0.99904 0.00068 -0.097942 0.995192 0.000674 -0.140695 0.990053 0.000707 0.140297 0.990109 0.000681 0.194962 0.980811 0.000677 -0.140643 0.99006 0.000728 0.43527 0.9003 0.000621 0.439354 0.898314 0.000621 0.634782 0.772691 0.000208 0.650315 0.759664 0.000116 0.83879 0.544454 -0.000928 0.874456 0.485103 -0.001094 0.967674 0.252187 -0.002845 0.980993 0.193998 -0.004122 0.998766 0.049028 -0.007883 0.999013 -0.043089 -0.010746 0.943115 -0.332205 -0.013183 0.887082 -0.46147 -0.011504 0.816059 -0.577888 -0.009657 0.816072 -0.57787 -0.009651 0.532444 0.555085 -0.639049 0.586128 0.50584 -0.632914 0.497355 0.583753 -0.641771 0.598068 0.493158 -0.631751 0.395228 0.659474 -0.639444 0.625649 0.461378 -0.629042 0.330788 0.700798 -0.63203 0.627479 0.458686 -0.629188 0.277336 0.731122 -0.623334 0.668967 0.413057 -0.617954 0.277336 0.731124 -0.623331 0.669709 0.412265 -0.617679 0.781772 0.262938 -0.565416 0.801902 0.226476 -0.552867 0.861421 0.090323 -0.499796 0.885016 0.010383 -0.465444 0.896961 -0.277712 -0.344001 0.832348 -0.503755 -0.231145 0.787149 -0.590606 -0.177711 0.787137 -0.590618 -0.177723 -0.337827 -0.172115 0.925337 -0.373883 -0.139953 0.916856 -0.324245 -0.233281 0.916758 -0.147561 -0.338221 0.929426 -0.188646 -0.251196 0.949375 -0.346177 -0.231929 0.909049 -0.065673 -0.560447 0.825583 0.101403 -0.329031 0.938859 -0.231787 -0.48606 0.842627 0.164 -0.62906 0.75986 -0.011954 -0.616818 0.787015 -0.245014 -0.489909 0.836634 0.134552 -0.44459 0.885571 0.22173 -0.689975 0.689035 -0.199706 -0.551272 0.810072 0.321668 -0.738483 0.592599 -0.18894 -0.565516 0.802803 0.261763 -0.382284 0.886194 0.294011 -0.664398 0.68712 0.243589 -0.72166 0.647974 0.275664 -0.527479 0.803602 0.326884 -0.687807 0.648127 0.031317 -0.653697 0.756108 0.288286 -0.442881 0.848969 0.334144 -0.753125 0.566701 0.325036 -0.589371 0.73959 0.339309 -0.771332 0.538439 -0.217648 -0.552967 0.804274 0.332741 -0.760816 0.557174 -0.219658 -0.546927 0.80785 0.209163 -0.977587 0.023946 0.209253 -0.977568 0.02396 0.209159 -0.977588 0.023944 0.209242 -0.97757 0.023966 -0.00083 -0.999501 0.031567 -0.000848 -0.999501 0.031569 -0.000856 -0.999501 0.031569 -0.000836 -0.999501 0.031567 -0.001495 -0.999601 0.028199 -0.001459 -0.999601 0.028204 -0.001481 -0.999601 0.028201 -0.00146 -0.999601 0.028204 -0.005452 -0.999637 0.026394 -0.005485 -0.999637 0.026391 -0.005512 -0.999637 0.026389 -0.005457 -0.999637 0.026394 -0.009162 -0.999651 0.024757 -0.009138 -0.999651 0.024769 -0.009119 -0.999651 0.024779 -0.009134 -0.999651 0.024771 -0.999699 -0.024531 -0.000000 -0.895037 0.445992 -0.000001 -0.997383 -0.072304 -0.000000 -0.876176 0.481992 -0.000000 -0.847277 -0.531151 0 -0.584629 0.811301 -0.000002 -0.800096 -0.599872 -0.000000 -0.535084 0.844799 -0.000000 -0.476107 -0.879387 0.000000 -0.044531 0.999008 0.000000 -0.392722 -0.919657 0 -0.022901 0.999738 -0.000000 0.006123 -0.999981 -0.000012 0.529471 0.848328 0 0.034878 -0.999392 -0.000021 0.561147 0.827716 -0.000001 0.89006 0.455844 0 0.91972 0.392574 -0.000001 0.99894 -0.046032 0.000000 0.990529 -0.137306 0.000000 0.849244 -0.528001 0.000000 0.795154 -0.606408 0.000000 0.486954 -0.873428 0.000000 0.43095 -0.902376 0 0.006197 -0.999981 -0.000011 0.034953 -0.999389 0.000006 -0.796662 0.459948 0.392145 -0.919901 0.000001 0.39215 -0.796657 0.459955 0.392146 -0.459952 0.79666 0.392144 -0.459956 0.796659 0.392142 -0.919901 0.000001 0.392151 0.000000 0.919902 0.39215 0.000000 0.9199 0.392153 -0.796657 -0.459953 0.39215 0.459952 0.79666 0.392145 -0.796656 -0.459953 0.39215 -0.459948 -0.796659 0.392151 0.459954 0.796659 0.392143 -0.459952 -0.796657 0.39215 0.796663 0.459947 0.392144 0.796659 0.459953 0.392145 -0.000064 -0.919904 0.392145 0.919901 0.000001 0.39215 -0.000063 -0.919905 0.392141 0.9199 0.000001 0.392152 0.796658 -0.459949 0.392152 0.796658 -0.459949 0.39215 0.459947 -0.796659 0.392152 0.459949 -0.796657 0.392153 0.000064 -0.919907 0.392136 0.000064 -0.919901 0.392152 -0.836589 0.483007 -0.258503 -0.96601 0.000001 -0.258505 -0.836587 0.483008 -0.258506 -0.966011 0.000001 -0.258502 -0.483005 0.836591 -0.258501 -0.836588 -0.483008 -0.258504 -0.482998 0.836595 -0.2585 -0.836588 -0.483007 -0.258506 0.000000 0.966011 -0.258501 -0.483005 -0.83659 -0.258504 0.000000 0.966011 -0.258503 -0.482998 -0.836593 -0.258504 0.482997 0.836595 -0.258501 -0.000029 -0.966009 -0.25851 0.483007 0.83659 -0.2585 -0.000027 -0.966006 -0.258518 0.836591 0.483004 -0.258501 0.83659 0.483006 -0.2585 0.966011 0.000001 -0.2585 0.966011 0.000001 -0.258502 0.83659 -0.483004 -0.258502 0.83659 -0.483005 -0.2585 0.483007 -0.836589 -0.258504 0.482998 -0.836593 -0.258505 0.000029 -0.966006 -0.25852 0.000029 -0.96601 -0.258507 0 0.000000 1 0 0.000000 1 0 0.000000 1 0 0.000000 1 0 -0.000000 1 0 -0.000001 1 0 -0.000001 1 0 0.000000 1 0 0.000000 1 0 0.000000 1 0 0.000000 1 0 0.000000 1 0 0.000000 1 0 0.000000 1 0 0.000000 1 0 0.000000 1 0 0.000000 1 0 0.000000 1 0 0.000000 1 0 0.000000 1 0 0.000000 1 0 0.000000 1 0 0.000000 1 0 0.000000 1 0 0.000000 1 0 0.000000 1 0 0.000001 1 0 0.000001 1 0 0.000000 1 0 0.000000 1 0.629529 -0.363457 0.686726 0.62953 -0.363461 0.686723 0.726918 -0.000001 0.686724 0.363455 -0.629533 0.686724 0.726916 -0.000002 0.686726 0.363458 -0.629532 0.686722 0.629529 0.363455 0.686727 0.000041 -0.72692 0.686722 0.62953 0.363461 0.686723 0.000046 -0.726918 0.686725 0.363454 0.629533 0.686724 0.363459 0.629532 0.686722 -0.000001 0.726918 0.686724 -0.000001 0.726919 0.686723 -0.363465 0.629526 0.686725 -0.363459 0.629531 0.686722 -0.629533 0.363452 0.686725 -0.62953 0.363458 0.686725 -0.726918 -0.000000 0.686725 -0.726919 -0.000001 0.686723 -0.629529 -0.363464 0.686722 -0.629528 -0.363459 0.686726 -0.363454 -0.629534 0.686723 -0.363465 -0.629528 0.686723 -0.000044 -0.726919 0.686723 -0.000048 -0.726924 0.686718 0 0.000000 1 0 0.000000 1 0 0.000000 1 0 0.000000 1 0 0.000000 1 0 0.000000 1 0 0.000000 1 0 0.000000 1 0 0.000000 1 0 0.000000 1 0 0.000000 1 0 0.000000 1 0 0 1 0 0 1 0 0 1 0 0 1 0 -0.000000 1 0 0.000000 1 0 -0.000000 1 0 0.000001 1 0 0 1 0 0 1 0 0 1 0 0 1 -0.999041 0 0.043781 -0.999041 0 0.043781 -0.999041 0 0.043781 -0.999041 0 0.043781 0.999041 0 0.043784 0.999041 0 0.043784 0.999041 0 0.043783 0.999041 0 0.043784 -0.99839 0.002091 0.056685 -0.99839 0.002094 0.056679 -0.998401 0.002255 0.056478 -0.998401 0.002256 0.056477 0.998399 -0.002305 0.056523 0.998411 -0.002139 0.056315 0.998414 -0.002092 0.056256 0.998402 -0.002255 0.056461 -0.999041 0 0.043784 -0.999041 0 0.043784 -0.999041 0 0.043783 -0.999041 0 0.043784 0.999041 0 0.043781 0.999041 0 0.043781 0.999041 0 0.043781 0.999041 0 0.043781 0.966119 0.017172 0.257527 0.970384 0.044783 0.237379 0.958733 0.083036 0.271911 0.998032 -0.021541 0.058883 0.993492 -0.015679 0.112815 0.893873 0.19108 0.405561 0.897994 0.028077 0.439111 0.897994 0.028077 0.43911 0.893884 0.190997 0.405576 0.89799 0.028078 0.43912 0.897989 0.028085 0.439122 -0.841345 0.024055 0.539963 -0.841345 0.024056 0.539962 -0.841345 0.024056 0.539962 -0.841345 0.024055 0.539963 0.011214 -0.999927 0.004446 0.011215 -0.999927 0.004446 0.011215 -0.999927 0.004446 0.011213 -0.999927 0.004446 0.624334 -0.675079 -0.393035 0.624332 -0.675081 -0.393033 0.624333 -0.675079 -0.393034 0.624332 -0.675082 -0.393032 0.841228 0.018019 -0.540381 0.841229 0.01802 -0.540378 0.84123 0.01802 -0.540377 0.841227 0.018018 -0.540381 -0.014915 0.999887 -0.002068 -0.014915 0.999887 -0.002068 -0.014914 0.999887 -0.002069 -0.014915 0.999887 -0.002068 0.966014 0 -0.258489 0.966014 0 -0.258489 0.966014 0 -0.258489 0.966014 0 -0.258488 -0.941541 0 0.336898 -0.941541 0 0.336897 -0.941541 0 0.336898 -0.941542 0 0.336897 0.710632 0 0.703564 0.710636 0 0.70356 0.710632 0 0.703564 0.710636 0 0.70356 0.966012 0 -0.258498 0.966012 0 -0.258499 0.966012 0 -0.258499 0.966012 0 -0.258498 -0.941544 0 0.336889 -0.941544 0 0.336889 -0.941544 0 0.33689 -0.941545 0 0.336889 0.710624 0 0.703572 0.710624 0 0.703571 0.710624 0 0.703572 0.710624 0 0.703572 0.999044 0.022742 -0.037338 0.998074 0.021527 -0.058174 0.999098 0.022829 -0.035797 0.998074 0.021511 -0.058178 0.999419 0.023467 -0.024716 0.99942 0.023446 -0.024704 0 0.014432 0.999896 0 0.014432 0.999896 0 0.014432 0.999896 0 0.014432 0.999896 0 0.014432 0.999896 0 0.014432 0.999896 0 0.014432 0.999896 0 0.014432 0.999896 0 0.195966 -0.980611 0 0.195966 -0.980611 0 0.195966 -0.980611 0 0.195966 -0.980611 0 0.195966 -0.980611 0 0.195966 -0.980611 0 0.195966 -0.980611 0 0.195966 -0.980611 0.998844 0.00987 0.047044 1 0 0 0.998396 0.011628 0.055417 1 0 0 0.999858 0.003456 0.01651 1 0 0 0.999873 0.003245 0.015607 1 0 0 1 0 0 1 0 0 1 0 -0.000000 0 -0.332229 -0.943199 0 -0.382791 -0.923835 0 -0.382791 -0.923835 -0.000213 -0.333788 -0.942648 -0.041944 -0.328824 -0.943459 0.026623 -0.326856 -0.944699 -0.000641 -0.299986 -0.953943 -0.033668 -0.339661 -0.939945 0.027781 -0.324359 -0.945526 -0.000713 -0.299997 -0.95394 -0.05873 -0.306643 -0.950011 0.035637 -0.307535 -0.950869 0.035627 -0.307534 -0.95087 -0.058744 -0.306643 -0.95001 -0.000365 1 0.000333 0.000003 1 0.000356 0 1 0.00036 -0.000348 1 0.000606 -0.000146 1 0.000873 -0.000634 0.999999 0.000974 -0.000012 1 0.000267 -0.000637 0.999996 0.002618 -0.000718 0.999999 0.001267 0.000247 1 0.000805 -0.000587 0.999996 0.002925 0.000653 1 0.000411 0.000288 1 0.000399 0.00033 1 0.000412 0 -1 -0.000068 0 -1 -0.000071 0 -1 -0.000071 0 -1 -0.000068 0 -1 -0.000071 0 -1 -0.000064 0 -1 -0.000068 0 -1 -0.000064 0 -1 -0.000043 0 -1 -0.000071 0 -1 -0.000068 0 -1 -0.000032 0 -1 0 0 -1 0 0 -0.267826 -0.963467 0 -0.267826 -0.963467 0 -0.267826 -0.963467 0 -0.267826 -0.963467 -0.996851 -0.022625 -0.075999 -0.996851 -0.022626 -0.075995 -0.996763 0.037987 -0.070856 -0.997206 0.017588 -0.072606 -0.994632 0.07862 -0.067272 -0.994633 0.078619 -0.067268 0.000808 -0.980795 -0.195041 0.000304 -0.980838 -0.194827 0.00044 -0.980826 -0.194884 0.001038 -0.980775 -0.195138 0.994626 0.078681 -0.067295 0.996756 0.038013 -0.070946 0.997201 0.017543 -0.072674 0.994622 0.078697 -0.06733 0.996847 -0.022609 -0.07606 0.996848 -0.022614 -0.076043 0 0.96034 -0.278831 0 0.96034 -0.278831 0 0.96034 -0.278831 0 0.96034 -0.278831 0.994638 0.07857 -0.067241 0.996766 0.037906 -0.07086 0.997207 0.01754 -0.072604 0.994643 0.078547 -0.067194 0.996852 -0.022625 -0.075995 0.996849 -0.022612 -0.076038 0 0.96034 -0.278831 0 0.96034 -0.278831 0 0.96034 -0.278831 0 0.96034 -0.278831 -0.996849 -0.022617 -0.076026 -0.996851 -0.022626 -0.075995 -0.996772 0.03789 -0.070779 -0.99721 0.017588 -0.072543 -0.994656 0.078457 -0.067116 -0.994656 0.078457 -0.067115 0.004963 -0.981015 -0.193868 0.004861 -0.981007 -0.193911 0.004955 -0.981014 -0.193872 0.004887 -0.981009 -0.1939 0 0.776272 -0.630399 0 0.776272 -0.630399 0 0.776272 -0.630399 0 0.776272 -0.630399 -0.001746 0.743976 -0.668204 -0.001738 0.743978 -0.668202 -0.001739 0.743977 -0.668203 -0.001747 0.743976 -0.668204 -0.001736 0.743978 -0.668202 -0.001737 0.743976 -0.668204 -0.001739 0.743977 -0.668203 -0.001739 0.743976 -0.668204 -0.00174 0.743975 -0.668205 -0.001738 0.743975 -0.668205 -0.00174 0.743975 -0.668205 -0.001738 0.743975 -0.668205 -0.001734 0.743976 -0.668204 -0.001733 0.743976 -0.668204 0.472358 -0.00422 0.881397 0.472487 -0.00424 0.881328 0.47242 -0.00423 0.881364 0.472421 -0.00423 0.881363 0.693154 0.511153 0.508193 0.693183 0.51111 0.508197 0.693167 0.511133 0.508195 0.693172 0.511126 0.508196 0.440033 -0.897956 0.006763 0.440029 -0.897958 0.00676 0.440012 -0.897966 0.006767 0.440035 -0.897955 0.006761 0.999873 0.003266 0.015576 1 0 0 1 0 0 1 0 0 1 0 0 1 0 0 1 0 0 0.999858 0.003454 0.016467 1 0 0.000000 1 0 0.000000 1 0 0 1 0 0.000000 1 0 -0.000000 1 0 0 1 0 0 1 0 0 1 0 -0.000000 1 0 -0.000000 1 0 -0.000000 1 0 0 0.874751 -0.484572 -0.000142 0.87475 -0.484574 -0.000119 0.874761 -0.484555 -0.000321 0.87475 -0.484575 -0.000119 0.874591 -0.484859 -0.001015 0.874546 -0.484942 -0.000974 0.909914 0.247733 -0.332693 0.912811 0.365912 -0.181344 0.909897 0.385 -0.154477 0.909903 0.247746 -0.332713 0.909895 0.385026 -0.154423 0.874793 0.484497 0.000028 0.874793 0.484497 0.000028 0.912805 0.365953 -0.181289 0.874796 0.484492 0.000041 0.874796 0.484492 0.000041 0.606102 -0.795387 -0.000053 0.606119 -0.795374 -0.000057 0.606117 -0.795375 -0.000057 0.6061 -0.795389 -0.000053 0.606137 -0.795361 -0.000025 0.606138 -0.79536 -0.000025 0.606139 -0.795359 0 0.606139 -0.795359 0 -0.000353 -1 0.000759 -0.000314 -1 0.000768 -0.000307 -1 0.000769 -0.000247 -1 0.000784 -0.897997 0.028079 0.439106 -0.897995 0.028076 0.439109 -0.897997 0.02808 0.439104 -0.897995 0.028076 0.43911 -0.897995 0.028075 0.439109 -0.009423 0.071847 0.997371 -0.009433 0.071848 0.997371 -0.040947 0.071129 0.996626 0 0.072049 0.997401 -0.041009 0.071119 0.996625 0 0.072049 0.997401 -0.998031 -0.021576 0.058891 -0.999033 -0.027316 0.034458 -0.999034 -0.027302 0.034432 -0.993493 -0.015726 0.112804 -0.002569 -0.778422 0.627736 -0.00973 -0.778838 0.62715 -0.009758 -0.778839 0.627147 -0.002528 -0.778419 0.627739 0 -0.778263 0.627938 0 -0.778263 0.627938 0.605838 0.795588 0 0.606245 0.795278 0.000211 0.605851 0.795578 0.000123 0.605838 0.795588 0 0.606694 0.794935 0.000664 0.606644 0.794973 0.000805 0.608393 0.793633 0.002186 0.608374 0.793648 0.002178 0.668479 0.555368 -0.494673 0.668494 0.555361 -0.494661 0.668449 0.555386 -0.494693 0.668481 0.555369 -0.494669 -0.009285 -0.543621 0.83928 -0.009243 -0.543609 0.839288 -0.009267 -0.543617 0.839282 -0.009248 -0.54361 0.839287 0.736553 -0.208604 -0.643408 0.736544 -0.208605 -0.643418 0.736529 -0.208614 -0.643433 0.73654 -0.208608 -0.643422 -0.004382 0.698334 0.715758 -0.00435 0.69832 0.715773 -0.004353 0.698321 0.715772 -0.00437 0.698329 0.715764 0 0.776272 -0.630398 0 0.776272 -0.630398 0 0.776272 -0.630398 0 0.776272 -0.630398 0.056451 0.00133 0.998404 0.056412 0.001326 0.998407 0.056449 0.001328 0.998405 0.056439 0.001331 0.998405 0.638013 -0.42198 0.644106 0.638002 -0.421985 0.644113 0.637994 -0.42199 0.644118 0.637985 -0.421995 0.644123 0.897813 -0.34206 0.277357 0.897832 -0.342031 0.27733 0.897817 -0.342054 0.277352 0.897835 -0.342029 0.277323 0.925402 -0.238684 -0.294382 0.925408 -0.238679 -0.294368 0.925392 -0.238694 -0.294407 0.925407 -0.238679 -0.294371 -0.966119 0.01717 0.257526 -0.970384 0.044781 0.237382 -0.998033 -0.021525 0.058877 -0.958738 0.083042 0.271892 -0.993493 -0.015675 0.112813 -0.897994 0.028077 0.43911 -0.893878 0.191076 0.405551 -0.897994 0.028077 0.43911 -0.893875 0.191043 0.405574 -0.89799 0.028078 0.439119 -0.897989 0.028086 0.439121 0.841345 0.024055 0.539963 0.841345 0.024056 0.539962 0.841345 0.024055 0.539963 0.841345 0.024056 0.539962 -0.011214 -0.999927 0.004446 -0.011215 -0.999927 0.004446 -0.011215 -0.999927 0.004446 -0.011213 -0.999927 0.004446 -0.624333 -0.675082 -0.39303 -0.624337 -0.675076 -0.393034 -0.624332 -0.675084 -0.393029 -0.624338 -0.675074 -0.393036 -0.841228 0.018018 -0.54038 -0.84123 0.01802 -0.540376 -0.841227 0.018017 -0.540382 -0.841231 0.01802 -0.540375 0.014915 0.999887 -0.002068 0.014915 0.999887 -0.002068 0.014914 0.999887 -0.002069 0.014915 0.999887 -0.002068 -0.998074 0.021527 -0.058174 -0.999044 0.022743 -0.037338 -0.999098 0.022829 -0.035798 -0.998074 0.021513 -0.058182 -0.999419 0.023468 -0.024715 -0.99942 0.023447 -0.024702 -0.965368 -0.260892 0.000000 -0.998318 -0.057967 0 -0.951792 -0.306744 0.000000 -0.998318 -0.057967 0 -0.714591 -0.699543 0.000002 -0.652903 -0.757441 -0.000000 -0.34507 -0.938577 0.000000 -0.312939 -0.949773 -0.000000 0 -1 0.000000 0 -1 0.000000 0.312939 -0.949773 0.000000 0.34507 -0.938577 -0.000000 0.652903 -0.757441 0.000001 0.714591 -0.699543 0.000000 0.951792 -0.306744 0.000000 0.965368 -0.260892 0.000000 0.998318 -0.057967 0 0.998319 -0.057967 0 0.999058 -0.039784 0.017348 0.973879 -0.192532 0.120382 0.975457 -0.208031 0.072155 0.982249 -0.119811 0.144334 0.983797 -0.173239 0.046171 0.759039 -0.61079 0.225379 0.785519 -0.527236 0.324009 0.773597 -0.613774 0.157574 0.399919 -0.857719 0.323085 0.785661 -0.455482 0.418656 0.394237 -0.89417 0.212218 0.457144 -0.753815 0.471998 0.430583 -0.699539 0.5703 0.000092 -0.975963 0.217936 0.000375 -0.934182 0.356796 0.001232 -0.844741 0.535174 -0.39937 -0.858076 0.322816 -0.455611 -0.7548 0.471906 0.001185 -0.782584 0.622544 -0.394058 -0.89432 0.211921 -0.427931 -0.70101 0.570491 -0.758833 -0.61119 0.224985 -0.785122 -0.528117 0.323537 -0.773559 -0.613934 0.157138 -0.784586 -0.457388 0.418594 -0.973896 -0.192752 0.11989 -0.982178 -0.120587 0.144168 -0.975457 -0.208108 0.071929 -0.983813 -0.173209 0.045943 -0.999056 -0.039852 0.017265 -0.99883 -0.045874 0.015287 -0.999311 -0.037018 0.002838 -0.943758 -0.330599 0.004915 -0.999312 -0.036983 0.002865 -0.929712 -0.368252 0.005162 -0.618963 -0.785394 0.006469 -0.568718 -0.822507 0.006488 0.000027 -0.999974 0.007272 0.000051 -0.999975 0.007059 0.56876 -0.822478 0.006529 0.618969 -0.785388 0.006508 0.929719 -0.368234 0.005209 0.943762 -0.330587 0.004956 0.999311 -0.037007 0.00286 0.999312 -0.036979 0.002881 0.950007 -0.249587 0.187598 0.952248 -0.269318 0.143846 0.99975 -0.019114 0.011567 0.683498 -0.634774 0.360406 0.991866 -0.060077 0.112214 0.670871 -0.589082 0.450461 0.000769 -0.864255 0.503054 0.000861 -0.77936 0.626576 -0.67046 -0.589424 0.450625 -0.683316 -0.635023 0.360312 0.00083 -0.547181 0.837014 -0.950183 -0.249186 0.18724 -0.552056 -0.448553 0.702876 0.67089 -0.589028 0.450502 -0.952342 -0.269101 0.143628 -0.950179 -0.249166 0.187288 0.553877 -0.447815 0.701912 -0.99975 -0.019142 0.011577 -0.991773 -0.060429 0.112851 0.950007 -0.249563 0.187628 -0.991777 -0.060476 0.112785 0.991857 -0.060095 0.112287 -0.999301 -0.03729 0.002643 -0.94376 -0.330595 0.004919 -0.999311 -0.03701 0.002855 -0.929713 -0.368249 0.005162 -0.618963 -0.785393 0.006469 -0.568674 -0.822537 0.00649 0.000025 -0.999974 0.007218 0.000053 -0.999975 0.007115 0.568763 -0.822476 0.006529 0.618976 -0.785383 0.006509 0.929723 -0.368222 0.005209 0.943766 -0.330578 0.004961 0.999311 -0.037019 0.002852 0.999311 -0.037007 0.002861 0.95001 -0.24958 0.187594 0.952249 -0.269317 0.143844 0.99975 -0.019137 0.011575 0.683504 -0.634769 0.360403 0.99186 -0.060101 0.11226 0.670877 -0.589058 0.450483 0.000769 -0.864255 0.503054 0.001166 -0.779344 0.626595 0.000829 -0.547181 0.837014 -0.670457 -0.589422 0.450632 -0.683317 -0.635022 0.360312 0.55388 -0.447815 0.70191 -0.950522 -0.248382 0.186587 -0.552055 -0.448554 0.702876 -0.952345 -0.269094 0.143625 0.950003 -0.24958 0.187626 -0.991777 -0.060446 0.112807 -0.99975 -0.019134 0.011576 0.991857 -0.060065 0.112306 -0.847406 -0.523862 -0.086437 -0.849542 -0.526005 -0.039978 -0.849547 -0.525997 -0.039966 -0.84736 -0.523945 -0.086387 -0.849875 -0.526983 -0.001074 -0.849797 -0.527108 -0.001017 -0.81222 -0.428844 0.395464 -0.824377 -0.429969 0.368142 -0.824137 -0.429957 0.368694 -0.812143 -0.42919 0.395247 -0.833918 -0.430429 0.345415 -0.83392 -0.430424 0.345417 -0.613883 0.78728 -0.05777 -0.613319 0.789486 -0.023471 -0.613344 0.789427 -0.024761 -0.614031 0.787147 -0.058017 -0.612144 0.790726 0.005715 -0.611895 0.79092 0.005424 0.435291 -0.90027 -0.00603 0.436377 -0.899625 0.015836 0.436376 -0.899608 0.016779 0.435101 -0.900363 -0.005837 0.43731 -0.898402 0.040427 0.437342 -0.898384 0.04047 0.331892 -0.942666 -0.035035 0.329255 -0.942927 -0.049807 0.331937 -0.942648 -0.03512 0.334516 -0.942173 -0.020219 0.329195 -0.942953 -0.049709 0.334494 -0.942181 -0.020234 -0.520547 0.852516 0.047401 -0.516458 0.853392 0.070663 -0.516411 0.853423 0.070634 -0.520461 0.852565 0.047474 -0.512082 0.853825 0.093566 -0.512038 0.85386 0.093485 0.303189 -0.941443 -0.147519 0.306269 -0.942138 -0.136288 0.303222 -0.941418 -0.147611 0.306236 -0.942098 -0.136645 0.309181 -0.942614 -0.126037 0.308869 -0.942701 -0.126151 -0.482532 0.853186 0.198083 -0.47797 0.852021 0.213551 -0.477844 0.851946 0.214132 -0.482449 0.853225 0.198116 -0.472629 0.850393 0.231202 -0.472615 0.850414 0.23115 -0.07696 -0.047734 -0.995891 -0.076964 -0.04773 -0.995891 -0.076967 -0.047728 -0.995891 -0.076957 -0.047738 -0.995891 -0.293927 -0.074226 -0.952941 -0.293927 -0.074217 -0.952942 -0.293928 -0.074233 -0.952941 -0.293926 -0.074208 -0.952943 -0.886642 -0.429463 0.171548 -0.893461 -0.429791 0.130413 -0.893519 -0.429648 0.130486 -0.88664 -0.429494 0.171475 -0.878516 -0.428633 0.210912 -0.878606 -0.428384 0.211043 -0.609527 -0.047467 -0.791343 -0.609527 -0.047463 -0.791344 -0.609527 -0.04747 -0.791343 -0.609526 -0.04746 -0.791344 -0.308971 -0.028992 0.950629 -0.308972 -0.028989 0.950629 -0.308971 -0.028995 0.950629 -0.308971 -0.028999 0.950629 0.316438 -0.042169 0.947676 0.316438 -0.04217 0.947675 0.316438 -0.042171 0.947675 0.316438 -0.042169 0.947676 0.035462 -0.015136 0.999256 0.035462 -0.01514 0.999256 0.035462 -0.015144 0.999256 0.035462 -0.015133 0.999256 0.847381 -0.523908 -0.08641 0.849547 -0.525997 -0.039967 0.847407 -0.523861 -0.086438 0.849542 -0.526004 -0.039979 0.849875 -0.526983 -0.001074 0.849962 -0.526843 -0.001141 0.824385 -0.429997 0.368093 0.81222 -0.428844 0.395464 0.824137 -0.429957 0.368693 0.812267 -0.428631 0.395599 0.833918 -0.430429 0.345415 0.83392 -0.430424 0.345417 0.613344 0.789427 -0.024761 0.613319 0.789487 -0.023471 0.613883 0.78728 -0.05777 0.612143 0.790726 0.005715 0.614009 0.787167 -0.057979 0.611895 0.79092 0.005424 -0.436376 -0.899608 0.016778 -0.436369 -0.899627 0.015933 -0.435291 -0.90027 -0.00603 -0.437309 -0.898402 0.040427 -0.435101 -0.900363 -0.005837 -0.437342 -0.898384 0.04047 -0.331937 -0.942648 -0.03512 -0.329268 -0.942921 -0.049829 -0.329255 -0.942927 -0.049807 -0.331892 -0.942666 -0.035035 -0.334516 -0.942173 -0.020219 -0.334494 -0.942181 -0.020234 0.516486 0.85338 0.070598 0.516324 0.853435 0.071117 0.520546 0.852517 0.047401 0.512082 0.853825 0.093566 0.520561 0.852508 0.047387 0.512038 0.85386 0.093485 -0.303189 -0.941443 -0.14752 -0.303222 -0.941418 -0.147611 -0.306269 -0.942138 -0.136288 -0.306236 -0.942098 -0.136645 -0.309181 -0.942614 -0.126037 -0.308868 -0.942702 -0.126152 0.482532 0.853186 0.198083 0.477828 0.851965 0.214091 0.478065 0.852023 0.213332 0.482611 0.853149 0.198047 0.472629 0.850392 0.231202 0.472614 0.850415 0.231151 0.07696 -0.047733 -0.995891 0.076964 -0.047729 -0.995891 0.076957 -0.047737 -0.995891 0.076967 -0.047726 -0.995891 0.293927 -0.074224 -0.952941 0.293927 -0.074217 -0.952942 0.293926 -0.074211 -0.952943 0.293928 -0.074229 -0.952941 0.886642 -0.429463 0.171547 0.893519 -0.429648 0.130486 0.893575 -0.42951 0.130558 0.886637 -0.429484 0.17152 0.878516 -0.428633 0.210912 0.878606 -0.428384 0.211043 0.609527 -0.047466 -0.791343 0.609527 -0.047462 -0.791344 0.609526 -0.047459 -0.791344 0.609527 -0.04747 -0.791343 0.308972 -0.028992 0.950629 0.308971 -0.028996 0.950629 0.308972 -0.028989 0.950629 0.308971 -0.028999 0.950629 -0.316438 -0.042172 0.947675 -0.316438 -0.042171 0.947675 -0.316437 -0.042173 0.947675 -0.316438 -0.042171 0.947675 -0.035462 -0.015136 0.999256 -0.035462 -0.015142 0.999256 -0.035462 -0.015133 0.999256 -0.035462 -0.015147 0.999256 -0.693554 0.720267 -0.014071 -0.672133 0.74024 -0.016788 -0.841701 0.539941 -0.00171 -0.473745 0.880308 -0.02495 -0.868895 0.494997 -0.000338 -0.47305 0.880683 -0.024911 -0.887988 0.459867 0.000677 -0.329639 0.944021 -0.012728 -0.327373 0.944814 -0.012419 -0.88798 0.459882 0.000676 0 0.999993 -0.003845 0.000000 0.999993 -0.003819 0.327373 0.944814 -0.01242 0.329639 0.944021 -0.012728 0.47305 0.880683 -0.024912 0.473745 0.880308 -0.02495 0.672133 0.74024 -0.016789 0.693554 0.720268 -0.014071 0.841701 0.539941 -0.00171 0.868894 0.494997 -0.000338 0.887966 0.459909 0.000671 0.888001 0.45984 0.000682 0 -0.267825 -0.963468 0 -0.267825 -0.963468 0 -0.267825 -0.963468 0 -0.267825 -0.963468 -0.693184 0.511109 0.508196 -0.693168 0.511132 0.508194 -0.693174 0.511125 0.508193 -0.693156 0.511152 0.508192 1 0.00042 -0.000066 1 0.000799 0.000272 1 0.000637 0.000128 1 0.000273 -0.000198 -1 0.000694 0.000139 -1 0.000426 -0.000077 -1 0.000534 0.00001 -1 0.000602 0.000064 0.009286 -0.543622 0.839279 0.009288 -0.543622 0.839279 0.009247 -0.543611 0.839287 0.009269 -0.543616 0.839283 0.995956 -0.029792 -0.084757 0.995956 -0.029821 -0.084754 0.992519 -0.098884 -0.071612 0.980496 -0.189046 -0.053756 0.954757 -0.29458 -0.040774 0.944435 -0.326338 -0.039307 0.853444 -0.520259 -0.031034 0.834713 -0.549873 -0.029891 0.705886 -0.707819 -0.026769 0.688263 -0.724958 -0.026998 0.511835 -0.85844 -0.033257 0.491293 -0.870312 -0.034468 0.000000 -0.998998 -0.044767 0.000000 -0.998994 -0.044838 -0.491294 -0.870312 -0.034468 -0.511835 -0.85844 -0.033257 -0.688264 -0.724958 -0.026998 -0.705886 -0.707819 -0.026769 -0.834713 -0.549873 -0.029891 -0.853444 -0.52026 -0.031034 -0.944435 -0.326339 -0.039308 -0.954757 -0.29458 -0.040774 -0.980496 -0.189046 -0.053757 -0.992519 -0.098884 -0.071613 -0.995957 -0.029793 -0.084749 -0.995955 -0.029821 -0.084756 0.000000 -0.652189 0.758057 0.000000 -0.652189 0.758057 0.000000 -0.652189 0.758057 -0.561147 0.827716 -0.000002 -0.91972 0.392574 0.000001 -0.89006 0.455844 0 -0.529471 0.848328 0 0.044531 0.999008 0.000000 -0.99894 -0.046032 0 0.022848 0.999739 0 -0.990529 -0.137307 0.000000 0.535084 0.844799 0 0.584629 0.811301 0.000000 -0.849244 -0.528001 0.000001 0.876201 0.481945 0 -0.795153 -0.606408 0.000000 0.895037 0.445992 -0.000001 -0.486953 -0.873428 0 -0.430949 -0.902376 -0.000000 0.999699 -0.024531 0 -0.006197 -0.999981 -0.000012 0.997383 -0.072304 -0.000001 -0.034953 -0.999389 0.000014 0.847277 -0.531151 0 0.800096 -0.599872 0.000000 0.476107 -0.879387 0 0.392722 -0.919657 0.000000 -0.006122 -0.999981 -0.000012 -0.034878 -0.999392 -0.000009 0 0.000003 1 0 0.000001 1 0 0.000001 1 0 0 1 0 0.000000 1 0 0 1 0 0.000001 1 0 0.000001 1 0 0 1 0 0 1 0 0 1 0 0.000000 1 0 0.000000 1 0 0 1 0 0.000000 1 0 0.000000 1 0 0 1 0 0 1 0 0 1 0 0 1 0 0 1 0 -0.000000 1 0 -0.000000 1 0 -0.000001 1 0 0 1 0 0 1 0 0 1 0 0 1 0 0.000000 1 0 0.000000 1 0 0.000001 1 0 0 1 0 0.000002 1 0 -0.000000 1 0 0.000004 1 0 -0.000002 1 0 -0.000000 1 0 -0.000001 1 0 -0.000002 1 0 0 1 -0.860471 -0.496231 0.115518 -0.931618 -0.341382 0.12468 -0.931618 -0.341386 0.124676 -0.857086 -0.502155 0.115083 -0.779382 -0.617287 0.107334 -0.775015 -0.622823 0.106977 -0.637265 -0.764088 0.100314 -0.633668 -0.767091 0.100181 -0.479492 -0.87198 0.098686 -0.481567 -0.870857 0.09849 -0.391932 -0.914501 0.100385 -0.391879 -0.914521 0.100406 -0.000001 -0.65219 0.758056 -0.000002 -0.65219 0.758056 -0.000002 -0.65219 0.758056 -0.000000 -0.65219 0.758056 0.000000 -0.65219 0.758055 0.000001 -0.65219 0.758056 0 -0.65219 0.758056 0.000002 -0.65219 0.758056 0.00585 0.052315 -0.998613 0.005968 0.052391 -0.998609 0.005929 0.052366 -0.99861 0.005885 0.052338 -0.998612 -0.000001 -0.652193 0.758053 -0.000002 -0.65219 0.758055 -0.000000 -0.652194 0.758052 -0.000003 -0.652189 0.758056 -0.003517 -0.999828 0.018228 0 -0.999835 0.018168 -0.003487 -0.999829 0.018187 0.000000 -0.999835 0.018137 0.003517 -0.999828 0.018228 0.003487 -0.999829 0.018186 0 -0.808515 0.588476 0 -0.808518 0.588472 0 -0.808518 0.588471 0 -0.808515 0.588476 0 0 1 0 0 1 0 -0.000001 1 0 -0.000000 1 0 -0.000001 1 0.000000 -0.652193 0.758053 0.000002 -0.65219 0.758055 0.000003 -0.652189 0.758056 0.000000 -0.652194 0.758052 0.107295 0.978838 0.174252 0.107291 0.978838 0.174255 0.598949 0.787246 -0.146642 -0.418067 0.794082 0.441195 0.598941 0.787253 -0.146637 -0.418065 0.794084 0.441195 0.869089 0.2925 -0.398908 -0.77647 0.30355 0.552225 0.869089 0.2925 -0.398908 0.81454 -0.316442 -0.486198 -0.776466 0.303561 0.552224 0.814545 -0.316429 -0.486198 -0.831012 -0.305376 0.464934 0.456142 -0.80696 -0.375168 -0.831012 -0.305379 0.464933 0.45614 -0.80696 -0.375168 -0.069185 -0.991713 -0.108248 -0.560865 -0.800128 0.212663 -0.069187 -0.991712 -0.10826 -0.560873 -0.80012 0.21267 -0.069256 -0.991713 -0.108211 -0.069256 -0.991712 -0.108215 -0.484975 -0.256487 -0.83607 -0.635463 0.504453 -0.584563 -0.41186 0.55975 -0.719063 -0.698815 -0.202803 -0.685951 -0.247639 -0.205818 -0.946739 -0.296074 0.800211 -0.521539 -0.85266 0.311179 -0.419688 -0.417808 -0.558812 -0.716356 -0.658397 0.672792 -0.337438 -0.184269 0.501423 -0.845352 -0.883072 -0.028404 -0.468378 -0.905573 0.334495 -0.260865 0.043006 0.668078 -0.742847 -0.943192 -0.085466 -0.321067 -0.756883 -0.426684 -0.495044 0.065052 0.305019 -0.950122 0.229314 0.326866 -0.916828 0.034592 -0.034573 -0.998803 0.191695 -0.093092 -0.97703 -0.055483 -0.431392 -0.900457 -0.420374 0.794973 0.437383 -0.420372 0.794974 0.437383 -0.632184 0.578559 0.515377 0.105075 0.979757 0.170396 -0.632183 0.57856 0.515377 0.105073 0.979757 0.170397 0.596808 0.788134 -0.150551 0.596796 0.788144 -0.150542 0.767918 0.569152 -0.293884 0.767918 0.569153 -0.293884 0.453979 -0.806334 -0.379115 0.453977 -0.806336 -0.379115 -0.071429 -0.991122 -0.112142 0.664144 -0.589365 -0.459958 -0.071431 -0.99112 -0.112155 0.664143 -0.589367 -0.459956 0.894165 -0.015957 -0.447454 0.894164 -0.015954 -0.447455 0.894164 -0.015953 -0.447456 0.894165 -0.015958 -0.447453 -0.071502 -0.991121 -0.112102 -0.563207 -0.799495 0.20882 -0.071507 -0.99112 -0.112107 -0.563196 -0.799505 0.208812 -0.735958 -0.579959 0.349303 -0.735959 -0.579957 0.349304 -0.217625 -0.974978 -0.045348 -0.217572 -0.97499 -0.045358 -0.217607 -0.974982 -0.045351 -0.217596 -0.974985 -0.045353 -0.606371 0.165799 -0.777705 -0.606368 0.165804 -0.777707 -0.60637 0.1658 -0.777706 -0.606374 0.165795 -0.777704 -0.043234 0.971359 0.233651 -0.043182 0.971363 0.233643 -0.043208 0.971361 0.233647 -0.043214 0.97136 0.233648 0.606371 -0.165804 0.777704 0.606371 -0.165804 0.777704 0.606371 -0.165804 0.777704 0.606372 -0.165803 0.777704 0.233847 0.969493 0.073476 0.233811 0.969498 0.073523 0.233807 0.969499 0.073527 0.233825 0.969496 0.073504 -0.36956 0.164206 -0.914583 -0.369559 0.164208 -0.914583 -0.369564 0.164201 -0.914582 -0.369555 0.164211 -0.914584 0.059501 -0.976841 -0.205528 0.059405 -0.97687 -0.205416 0.059421 -0.976865 -0.205435 0.059489 -0.976845 -0.205513 0.092303 0.984634 0.148246 0.584302 0.792911 -0.172869 0.092303 0.984633 0.148248 -0.433433 0.799746 0.415382 0.584308 0.792906 -0.172873 -0.433432 0.799747 0.415381 0.854644 0.297804 -0.42532 0.854642 0.297807 -0.425321 -0.792087 0.308874 0.526493 0.800061 -0.311559 -0.512673 -0.792091 0.308863 0.526494 0.800057 -0.311572 -0.512671 -0.846673 -0.300499 0.439141 0.441403 -0.802441 -0.401562 -0.846674 -0.300497 0.439141 0.441404 -0.802441 -0.401562 -0.576341 -0.795598 0.186696 -0.084285 -0.987328 -0.134463 -0.576333 -0.795605 0.18669 -0.084389 -0.987327 -0.134404 -0.084295 -0.987325 -0.134476 -0.084394 -0.987324 -0.134417 0.369557 -0.164205 0.914584 0.369557 -0.164205 0.914584 0.369558 -0.164205 0.914584 0.369556 -0.164205 0.914585 -0.219955 0.103557 0.969998 0.035144 0.452698 0.890971 -0.219957 0.103557 0.969997 0.035149 0.452701 0.890969 -0.258782 -0.329861 0.907868 0.409083 0.584209 0.700964 0.409081 0.584211 0.700964 -0.258781 -0.329865 0.907867 -0.066503 -0.682014 0.72831 0.759031 0.44784 0.472559 -0.0665 -0.682016 0.728307 0.759031 0.44784 0.472559 0.951313 0.095688 0.292998 0.283426 -0.818379 0.499926 0.951312 0.095688 0.292999 0.912487 -0.337741 0.230866 0.283415 -0.818395 0.499906 0.912485 -0.337745 0.230868 0.657386 -0.686881 0.309902 0.657386 -0.686879 0.309905 0.283466 -0.818397 0.499874 0.283481 -0.81838 0.499893 0.244875 -0.867089 0.433812 -0.134917 -0.719062 0.681724 0.244879 -0.867086 0.433816 -0.134924 -0.719059 0.681726 -0.343633 -0.336823 0.876623 -0.343633 -0.336824 0.876622 -0.301487 0.133621 0.944061 -0.301485 0.133617 0.944062 -0.024602 0.51259 0.858281 -0.024601 0.512594 0.858279 0.381283 0.655334 0.652043 0.381283 0.655337 0.652041 0.761127 0.507312 0.404129 0.761123 0.507314 0.404133 0.969834 0.125081 0.20923 0.969834 0.12508 0.209231 0.927693 -0.345368 0.141797 0.927691 -0.345374 0.141795 0.650798 -0.72434 0.227582 0.650796 -0.724342 0.227582 0.244936 -0.867086 0.433784 0.244948 -0.86707 0.433808 -0.088319 -0.986032 -0.14121 -0.58034 -0.79428 0.179791 -0.088332 -0.986016 -0.141318 -0.580336 -0.794285 0.179783 -0.850688 -0.299161 0.432242 -0.850687 -0.299168 0.432239 -0.796102 0.31023 0.519595 -0.796104 0.310227 0.519594 -0.437434 0.801119 0.408485 -0.437437 0.801118 0.408485 0.088323 0.986012 0.141346 0.088322 0.986012 0.14135 0.580344 0.794278 -0.179784 0.580343 0.794278 -0.179787 0.850688 0.29916 -0.432242 0.850687 0.299161 -0.432244 0.796101 -0.310229 -0.519596 0.796103 -0.310225 -0.519596 0.43743 -0.801123 -0.408482 0.437429 -0.801123 -0.408482 -0.088275 -0.986011 -0.141385 -0.088258 -0.986016 -0.141363 0.492596 -0.166567 0.854169 0.492592 -0.166566 0.854171 0.492613 -0.166559 0.854161 0.492593 -0.166569 0.85417 0.492596 -0.166569 0.854169 0.492594 -0.166569 0.85417 0.492595 -0.166569 0.854169 0.492591 -0.166569 0.854172 0.492589 -0.166569 0.854173 0.49258 -0.166575 0.854177 -0.834153 -0.004335 0.551517 -0.834153 -0.004329 0.551516 -0.834152 -0.004337 0.551517 -0.834153 -0.004327 0.551516 -0.966014 0 -0.258489 -0.966014 0 -0.258489 -0.966014 0 -0.258489 -0.966014 0 -0.258489 0.941541 0 0.336897 0.941541 0 0.336898 0.941541 0 0.336898 0.941542 0 0.336897 -0.710636 0 0.70356 -0.710632 0 0.703564 -0.710632 0 0.703564 -0.710636 0 0.70356 -0.966012 0 -0.258499 -0.966012 0 -0.258498 -0.966012 0 -0.258498 -0.966011 0 -0.258499 0.941544 0 0.336889 0.941544 0 0.33689 0.941544 0 0.33689 0.941544 0 0.336889 -0.710625 0 0.703571 -0.710624 0 0.703572 -0.710624 0 0.703572 -0.710625 0 0.703571 -0.354421 0.048789 0.933813 -0.354422 0.048789 0.933812 -0.354406 0.048789 0.933818 -0.354434 0.048789 0.933807 0.310262 0.950588 0.010965 0.310296 0.950577 0.010971 0.310269 0.950586 0.01097 0.310303 0.950574 0.010964 0.363063 0.118607 -0.924185 0.363043 0.118605 -0.924193 0.363028 0.118596 -0.9242 0.363047 0.118608 -0.924191 -0.149297 -0.988499 -0.024083 -0.149212 -0.988514 -0.023997 -0.149251 -0.988507 -0.024036 -0.149283 -0.988502 -0.024069 0.377916 0.051149 0.924426 0.377909 0.05115 0.924429 0.377929 0.051152 0.924421 0.377898 0.051145 0.924433 -0.289981 0.95703 -0.002068 -0.28997 0.957033 -0.002073 -0.29 0.957025 -0.002047 -0.289938 0.957043 -0.002094 -0.399697 0.062179 -0.914536 -0.399717 0.062183 -0.914527 -0.399683 0.062175 -0.914543 -0.399719 0.062186 -0.914526 0.137321 -0.99033 -0.019736 0.137228 -0.990345 -0.019633 0.137245 -0.990342 -0.019652 0.137258 -0.99034 -0.019667 -0.983902 -0.178706 -0.000012 -0.983902 -0.178706 -0.000012 -0.983902 -0.178706 -0.000012 -0.989738 -0.141117 0.022454 -0.98974 -0.141102 0.022464 -0.989744 -0.141075 0.02248 -0.98974 -0.141104 0.022465 0.989744 -0.141075 0.02248 0.98974 -0.141102 0.022465 0.989744 -0.141076 0.022479 0.98974 -0.141103 0.022463 0.983902 -0.178706 -0.000012 0.983902 -0.178706 -0.000012 0.983902 -0.178706 -0.000012 0.393063 0.919511 0.000584 0.393066 0.91951 0.000585 0.393064 0.919511 0.000584 0.393066 0.91951 0.000585 -0.561415 0.827534 0.000262 -0.5614 0.827545 0.000262 -0.561416 0.827534 0.000263 -0.561397 0.827546 0.000263 0 -0.000000 -1 0 -0.000000 -1 0 -0.000000 -1 0 -0.000000 -1 0 -0.000003 1 0 -0.000000 1 0 -0.000003 1 0 0 1 0 -0.267826 -0.963467 0 -0.267826 -0.963467 0 -0.267826 -0.963467 0 -0.267826 -0.963467 0 -0.323877 0.946099 0 -0.323877 0.946099 0 -0.323877 0.946099 -0.004396 -0.999982 0.004142 -0.004396 -0.999982 0.004142 -0.004396 -0.999982 0.004142 0.096813 -0.00268 0.995299 0.096813 -0.00268 0.995299 0.096813 -0.00268 0.995299 0.096813 -0.00268 0.995299 0.096813 -0.002695 0.995299 0.096813 -0.002675 0.995299 0.096813 -0.002682 0.995299 0.096812 -0.002716 0.995299 0.096813 -0.002695 0.995299 0.096813 -0.002675 0.995299 0.096813 -0.002682 0.995299 0.096813 -0.002716 0.995299 0.096813 -0.00268 0.995299 0.096813 -0.00268 0.995299 0.096813 -0.00268 0.995299 0.096813 -0.00268 0.995299 -0.096812 -0.002687 0.995299 -0.096812 -0.002693 0.995299 -0.096813 -0.002702 0.995299 -0.096812 -0.002683 0.995299 -0.096812 -0.002694 0.995299 -0.096812 -0.002689 0.995299 -0.096812 -0.002686 0.995299 -0.096812 -0.002702 0.995299 -0.096812 -0.002694 0.995299 -0.096812 -0.002689 0.995299 -0.096812 -0.002686 0.995299 -0.096812 -0.002702 0.995299 -0.096813 -0.002687 0.995299 -0.096813 -0.002693 0.995299 -0.096813 -0.002702 0.995299 -0.096813 -0.002683 0.995299 0.12626 0.00583 -0.99198 0.12626 0.00583 -0.99198 0.12626 0.00583 -0.99198 0.12626 0.005829 -0.99198 0.126253 0.005875 -0.991981 0.126253 0.005882 -0.991981 0.126253 0.005879 -0.991981 0.126253 0.005869 -0.991981 -0.096814 -0.002671 0.995299 -0.096814 -0.002683 0.995299 -0.096814 -0.002689 0.995299 -0.096813 -0.002665 0.995299 0.126253 0.005876 -0.991981 0.126254 0.005882 -0.991981 0.126254 0.00588 -0.991981 0.126253 0.00587 -0.991981 -0.12626 0.00583 -0.99198 -0.12626 0.005829 -0.99198 -0.12626 0.005829 -0.99198 -0.12626 0.00583 -0.99198 -0.126264 0.005846 -0.991979 -0.126264 0.005827 -0.99198 -0.126264 0.005818 -0.99198 -0.126264 0.005855 -0.991979 -0.12626 0.00583 -0.99198 -0.12626 0.005829 -0.99198 -0.12626 0.005829 -0.99198 -0.12626 0.00583 -0.99198 -0.126265 0.005846 -0.991979 -0.126264 0.005827 -0.99198 -0.126264 0.005818 -0.99198 -0.126265 0.005855 -0.991979 0.004127 -0.999982 0.004282 0.004127 -0.999982 0.004282 0.004127 -0.999982 0.004282 -0.000000 -0.652189 0.758057 -0.000000 -0.652189 0.758057 -0.000000 -0.652189 0.758057 0.998833 -0.045801 0.015344 0 -0.323877 0.946099 0 -0.323877 0.946099 0 -0.323877 0.946099 0 1 0.000002 0 0.866024 -0.500003 0 0.866024 -0.500003 0 1 -0.000004 0 0.499996 -0.866028 0 0.500002 -0.866024 0 0.866025 0.500001 0 0 -1 0 0.866025 0.500001 0 0 -1 0 -0.500003 -0.866024 0 0.499999 0.866026 0 -0.499997 -0.866027 0 0.499999 0.866026 0 -0.000003 1 0 -0.866025 -0.5 0 0.000003 1 0 -0.866022 -0.500006 -0.000012 -1 -0.000063 0 -0.5 0.866025 0.000012 -1 -0.000063 0 -0.5 0.866025 0 -0.866026 0.499998 0 -0.866023 0.500004 -0.000012 -1 0.000061 0.000012 -1 0.000061 -0.678667 -0.367218 -0.636052 -0.678665 -0.636049 -0.367226 -0.678666 -0.636049 -0.367225 -0.678666 -0.367223 -0.63605 -0.678674 -0.73444 -0.000065 -0.678658 -0.000000 -0.734454 -0.678666 -0.734447 -0.000064 -0.678658 -0.000000 -0.734455 -0.678657 0.36723 -0.636056 -0.678657 0.367225 -0.636058 -0.678655 0.63606 -0.367225 -0.678657 0.636057 -0.367227 -0.678675 0.734439 -0.000000 -0.678678 0.734436 -0.000000 -0.67866 0.636055 0.367225 -0.678659 0.636057 0.367224 -0.678666 0.367226 0.636049 -0.678665 0.36722 0.636052 -0.678669 0 0.734444 -0.678669 0 0.734444 -0.678665 -0.367228 0.636049 -0.678665 -0.367222 0.636052 -0.678651 -0.636062 0.367229 -0.678653 -0.636061 0.367228 -0.678669 -0.734444 0.00006 -0.678668 -0.734445 0.000058 -0.232352 -0.842323 -0.486317 -0.370254 -0.464467 -0.804476 -0.232349 -0.486316 -0.842325 -0.370263 -0.804475 -0.464463 -0.232354 -0.000000 -0.972631 -0.52323 -0.426097 -0.738019 -0.232345 -0.972633 -0.000058 -0.523227 -0.738024 -0.426093 -0.370266 -0.928926 -0.000044 -0.370275 -0.000000 -0.928922 -0.52323 -0.000000 -0.852191 -0.523212 -0.852203 -0.000043 -0.52323 0.426098 -0.738019 -0.370307 0.464455 -0.804459 -0.232354 0.486316 -0.842323 -0.370266 0.804474 -0.464462 -0.23236 0.842324 -0.486312 -0.523226 0.738025 -0.426092 -0.232359 0.97263 -0.000000 -0.370273 0.928923 -0.000000 -0.370307 0.804459 0.464455 -0.232361 0.842323 0.486312 -0.523226 0.852194 -0.000001 -0.232365 0.486314 0.842322 -0.523226 0.738021 0.426099 -0.370268 0.46446 0.804474 -0.232362 0.000000 0.972629 -0.523226 0.426089 0.738026 -0.370275 0.000000 0.928922 -0.370266 -0.464461 0.804474 -0.523226 0.000000 0.852194 -0.232362 -0.486314 0.842322 -0.523227 -0.426089 0.738026 -0.370255 -0.804478 0.464464 -0.523227 -0.738022 0.426096 -0.232362 -0.842323 0.486312 -0.370261 -0.928928 0.000042 -0.523218 -0.852199 0.00004 -0.232338 -0.972635 0.000053 0.050337 -0.49936 -0.864931 0.050339 -0.864927 -0.499368 0.050339 -0.864926 -0.499369 0.050337 -0.499372 -0.864924 0.050343 -0.000000 -0.998732 0.050347 -0.998732 -0.000031 0.050344 0 -0.998732 0.050358 -0.998731 -0.000031 0.050345 0.499365 -0.864928 0.050342 0.499364 -0.864928 0.050355 0.864931 -0.499358 0.050354 0.864927 -0.499366 0.050339 0.998732 -0.000000 0.050334 0.998732 -0.000001 0.050349 0.864926 0.499367 0.050349 0.864932 0.499357 0.050335 0.499366 0.864928 0.050332 0.499367 0.864927 0.050331 -0.000000 0.998733 0.050332 0 0.998733 0.050328 -0.499368 0.864927 0.050325 -0.499367 0.864928 0.050337 -0.864931 0.49936 0.05034 -0.864927 0.499367 0.05035 -0.998732 0.000029 0.050353 -0.998731 0.000029 -0.974995 0.192454 0.111115 -0.974995 0.111113 0.192455 -0.974995 0.111114 0.192455 -0.974995 0.192454 0.111113 -0.974995 0.222225 0.000000 -0.974995 0 0.222228 -0.974995 0.222226 0.000000 -0.974995 0 0.222228 -0.974995 -0.111112 0.192454 -0.974994 0.192457 -0.111114 -0.974995 -0.111113 0.192454 -0.974994 0.192457 -0.111114 -0.974995 0.111113 -0.192453 -0.974995 -0.192452 0.111113 -0.974995 0.111112 -0.192453 -0.974996 -0.192452 0.111112 -0.974995 -0.222225 0.000000 -0.974996 0 -0.222224 -0.974995 -0.222225 0.000000 -0.974996 0 -0.222224 -0.974996 -0.111111 -0.192452 -0.974995 -0.192455 -0.111112 -0.974995 -0.111113 -0.192452 -0.974995 -0.192454 -0.111113 -0.369667 0.000000 0.929164 -0.369667 0.464582 0.80468 -0.369667 0 0.929164 -0.369663 0.464579 0.804684 -0.369671 -0.464581 0.804679 -0.369684 0.804678 0.464572 -0.369667 -0.46458 0.804681 -0.369685 -0.804679 0.464569 -0.369686 0.804675 0.464576 -0.369686 -0.804676 0.464574 -0.369688 -0.929156 0.000049 -0.369674 0.929161 -0.000001 -0.369669 -0.929164 0.000052 -0.369668 0.929164 -0.000001 -0.369683 0.804675 -0.464578 -0.369684 0.804679 -0.464571 -0.369675 0.46458 -0.804678 -0.369672 0.464582 -0.804678 -0.369674 -0.000000 -0.929161 -0.369676 0 -0.929161 -0.36967 -0.464581 -0.804679 -0.369668 -0.464581 -0.80468 -0.36968 -0.804681 -0.464571 -0.369679 -0.804676 -0.46458 -0.369665 -0.929165 -0.000051 -0.36966 -0.929167 -0.000054 -1 0 0 -1 0 -0.000000 -1 0 0 -1 0 0.000000 -1 0 0 -1 0 0.000000 -1 0 0 -1 0 -0.000000 -1 0 0 -1 0 0 -1 0 0 -1 0 0 1 0 0 1 0 0 1 0 0.000000 1 0 0 1 0 0 1 0 0 1 0 0 1 0 0 1 0 0 1 0 0 1 0 0 1 0 -0.000000 0.678665 -0.636049 -0.367226 0.678667 -0.367218 -0.636052 0.678666 -0.636049 -0.367224 0.678672 -0.734442 -0.000065 0.678666 -0.367223 -0.63605 0.678669 -0.734444 -0.000064 0.678659 -0.000000 -0.734454 0.678658 -0.000000 -0.734454 0.678657 0.367229 -0.636056 0.678657 0.367225 -0.636058 0.678655 0.636061 -0.367225 0.678657 0.636057 -0.367227 0.678675 0.734438 -0.000000 0.678678 0.734436 -0.000000 0.678661 0.636055 0.367224 0.67866 0.636057 0.367223 0.678665 0.367226 0.636049 0.678665 0.36722 0.636052 0.678669 0 0.734444 0.678669 0 0.734444 0.678665 -0.367227 0.636049 0.678665 -0.367221 0.636052 0.678651 -0.636063 0.367229 0.678653 -0.636062 0.367228 0.678671 -0.734442 0.000059 0.678666 -0.734447 0.000058 0.232353 -0.486318 -0.842323 0.370265 -0.464464 -0.804473 0.370253 -0.804477 -0.464467 0.232353 -0.000000 -0.972631 0.232352 -0.842323 -0.486318 0.370275 -0.000000 -0.928922 0.232369 -0.972628 -0.000058 0.52323 -0.73802 -0.426096 0.370307 0.464455 -0.804459 0.370262 -0.928927 -0.000044 0.523232 -0.426089 -0.738022 0.232352 0.486316 -0.842324 0.523232 0.426097 -0.738018 0.52322 -0.852198 -0.000043 0.523232 -0.000001 -0.85219 0.232359 0.842324 -0.486312 0.370266 0.804474 -0.464462 0.232358 0.97263 -0.000000 0.523228 0.738023 -0.426092 0.370274 0.928923 -0.000000 0.523228 0.852193 -0.000001 0.370256 0.804478 0.464464 0.523229 0.73802 0.426097 0.23236 0.842324 0.486312 0.370267 0.464462 0.804474 0.23236 0.486314 0.842322 0.523231 0.426086 0.738025 0.23236 0 0.97263 0.370276 0.000000 0.928922 0.370267 -0.464461 0.804474 0.232361 -0.486314 0.842322 0.523228 0.000000 0.852193 0.370307 -0.80446 0.464453 0.523229 -0.426089 0.738024 0.23236 -0.842324 0.486312 0.523229 -0.738021 0.426095 0.232347 -0.972633 0.000054 0.370266 -0.928926 0.000042 0.523213 -0.852202 0.00004 -0.050338 -0.86493 -0.499362 -0.05034 -0.864925 -0.499371 -0.050336 -0.499367 -0.864927 -0.05035 -0.998732 -0.000031 -0.050334 -0.499365 -0.864928 -0.050354 -0.998731 -0.000031 -0.050342 -0.000000 -0.998732 -0.050343 0 -0.998732 -0.050343 0.499366 -0.864928 -0.05034 0.499365 -0.864928 -0.050353 0.864931 -0.499358 -0.050353 0.864927 -0.499366 -0.050338 0.998732 -0.000000 -0.050333 0.998733 -0.000001 -0.050348 0.864927 0.499367 -0.050348 0.864932 0.499357 -0.050334 0.499366 0.864928 -0.050331 0.499367 0.864927 -0.05033 -0.000000 0.998733 -0.050331 0 0.998733 -0.050327 -0.499367 0.864928 -0.050324 -0.499367 0.864928 -0.050336 -0.864931 0.49936 -0.050339 -0.864927 0.499368 -0.050346 -0.998732 0.000029 -0.050357 -0.998731 0.000029 0.974997 0.192444 0.111109 0.974998 0.111108 0.192445 0.974998 0.192444 0.111107 0.974997 0.111108 0.192445 0.974998 0.222214 0.000000 0.974997 0 0.222217 0.974998 0.222214 0 0.974997 0.192447 -0.111107 0.974997 0 0.222217 0.974997 0.192446 -0.111108 0.974998 0.111107 -0.192442 0.974998 -0.111106 0.192444 0.974998 0.111106 -0.192442 0.974998 -0.111107 0.192443 0.974998 0 -0.222213 0.974998 -0.192442 0.111107 0.974998 0 -0.222213 0.974998 -0.192442 0.111105 0.974998 -0.111105 -0.192442 0.974998 -0.111107 -0.192442 0.974998 -0.222214 0.000000 0.974998 -0.192444 -0.111107 0.974998 -0.192445 -0.111106 0.974998 -0.222214 0.000000 0.369681 -0.000000 -0.929159 0.369672 -0.464584 -0.804676 0.369672 -0.464575 -0.804682 0.369683 0 -0.929158 0.369682 0.464579 -0.804675 0.369678 -0.804675 -0.464582 0.369679 0.464581 -0.804675 0.369692 0.804676 -0.464569 0.369681 -0.804676 -0.464578 0.369691 0.804672 -0.464577 0.369688 -0.929156 -0.000051 0.36967 -0.929163 -0.000054 0.369681 0.929159 -0.000001 0.369675 0.929161 -0.000001 0.369693 0.804672 0.464575 0.369691 0.804676 0.46457 0.369675 0.46458 0.804678 0.36967 0.464577 0.804681 0.369674 0.000000 0.929162 0.369674 0 0.929161 0.369676 -0.46458 0.804677 0.369674 -0.464579 0.804679 0.369686 -0.804678 0.46457 0.369685 -0.804676 0.464575 0.369665 -0.929165 0.000049 0.369659 -0.929168 0.000052 0 0.866025 -0.500001 0 1 0.000002 0 0.866025 -0.500001 0 0.499999 -0.866026 0 1 -0.000004 0 0.500004 -0.866023 0 0.866025 0.500001 0 -0.000000 -1 0 0.866025 0.500001 0 -0.000000 -1 0 0.499998 0.866027 0 0.499998 0.866026 0 -0.500005 -0.866022 0 -0.000006 1 0 -0.499999 -0.866026 0 0 1 0 -0.866027 -0.499998 0 -0.866023 -0.500004 0 -0.5 0.866025 -0.000012 -1 -0.000062 0.000012 -1 -0.000062 0 -0.5 0.866025 0 -0.866026 0.5 0 -0.866022 0.500006 -0.000012 -1 0.000062 0.000012 -1 0.000062 -0.678673 -0.367214 -0.636048 -0.678649 -0.636064 -0.367231 -0.678652 -0.63606 -0.367232 -0.678675 -0.367219 -0.636043 -0.678678 -0.000000 -0.734436 -0.678672 -0.734441 -0.000061 -0.678679 -0.000000 -0.734436 -0.678667 -0.734447 -0.00006 -0.67867 0.367225 -0.636046 -0.67867 0.367222 -0.636046 -0.67865 0.636065 -0.367226 -0.67865 0.636059 -0.367236 -0.678675 0.734439 0 -0.678678 0.734436 0 -0.678661 0.636054 0.367227 -0.67866 0.636055 0.367224 -0.678673 0.367218 0.636045 -0.678675 0.367219 0.636043 -0.67866 -0.000002 0.734452 -0.678658 -0.000002 0.734454 -0.678668 -0.367224 0.636047 -0.678669 -0.367221 0.636048 -0.678659 -0.636056 0.367225 -0.67866 -0.636054 0.367227 -0.678649 -0.734463 0.000062 -0.678668 -0.734445 0.000061 -0.232357 -0.486314 -0.842323 -0.370306 -0.80446 -0.464454 -0.370263 -0.464464 -0.804474 -0.232361 -0.842321 -0.486316 -0.232357 -0.000000 -0.972631 -0.23235 -0.972632 -0.000052 -0.370273 -0.000000 -0.928923 -0.523225 -0.738023 -0.426095 -0.370267 -0.928925 -0.00004 -0.370255 0.464465 -0.804478 -0.523226 -0.426091 -0.738025 -0.232358 0.486313 -0.842324 -0.523227 0.426096 -0.738022 -0.52323 -0.000000 -0.852192 -0.232362 0.842322 -0.486315 -0.370267 0.804474 -0.46446 -0.523226 0.738025 -0.426091 -0.232361 0.97263 -0.000000 -0.370225 0.928942 -0.000000 -0.523227 0.852194 -0.000000 -0.370255 0.804476 0.464466 -0.523229 0.738019 0.426097 -0.232357 0.842323 0.486315 -0.370267 0.464461 0.804474 -0.523231 0.426086 0.738025 -0.232358 0.486314 0.842323 -0.370277 -0.000000 0.928922 -0.232358 -0.000001 0.97263 -0.370264 -0.464462 0.804475 -0.523225 0.000000 0.852194 -0.232351 -0.486318 0.842323 -0.523229 -0.426091 0.738023 -0.370306 -0.804459 0.464455 -0.523228 -0.738022 0.426093 -0.232356 -0.842323 0.486315 -0.370263 -0.928927 0.00004 -0.523214 -0.852201 0.000043 -0.232339 -0.972635 0.000052 0.050342 -0.499371 -0.864925 0.050336 -0.000000 -0.998732 0.050334 -0.000001 -0.998733 0.050343 -0.499361 -0.86493 0.05034 -0.864927 -0.499367 0.050342 0.49937 -0.864925 0.050342 -0.864927 -0.499367 0.05034 -0.998732 -0.00003 0.050343 0.49936 -0.864931 0.050348 -0.998732 -0.000031 0.050342 0.864927 -0.499367 0.050344 0.864927 -0.499367 0.050335 0.998732 -0.000000 0.050332 0.998733 -0.000000 0.050342 0.864927 0.499366 0.050343 0.864927 0.499366 0.050342 0.499361 0.86493 0.050344 0.499369 0.864926 0.050352 -0.000000 0.998732 0.050356 -0.000000 0.998731 0.050344 -0.499369 0.864926 0.050341 -0.499361 0.86493 0.05034 -0.864927 0.499366 0.050341 -0.864927 0.499366 0.050345 -0.998732 0.000029 0.050345 -0.998732 0.000029 -0.974995 0.000000 0.222227 -0.974995 0.111113 0.192454 -0.974995 0.000001 0.222227 -0.974995 0.111114 0.192454 -0.974995 -0.111113 0.192456 -0.974995 0.192453 0.111114 -0.974995 -0.111113 0.192456 -0.974995 -0.192453 0.111114 -0.974995 0.192454 0.111113 -0.974995 -0.192454 0.111112 -0.974995 0.222228 0 -0.974995 0.222228 0 -0.974995 -0.222227 0.000000 -0.974995 0.192454 -0.111113 -0.974995 -0.222228 0.000000 -0.974995 0.192453 -0.111114 -0.974995 -0.192456 -0.111113 -0.974995 -0.192455 -0.111114 -0.974995 0.111112 -0.192454 -0.974995 -0.111114 -0.192454 -0.974995 0.111114 -0.192454 -0.974995 -0.111111 -0.192454 -0.974995 0 -0.222226 -0.974996 0.000000 -0.222224 -0.36968 0 0.929159 -0.369674 -0.46458 0.804678 -0.369671 -0.464579 0.80468 -0.369686 -0.000000 0.929157 -0.369666 0.464585 0.804679 -0.369676 -0.804676 0.464582 -0.369678 -0.804679 0.464576 -0.369665 0.464577 0.804684 -0.369687 -0.929156 0.00005 -0.36967 -0.929163 0.000052 -0.369674 0.804676 0.464583 -0.369678 0.804674 0.464583 -0.369671 0.929163 -0.000000 -0.369667 0.929164 -0.000000 -0.369679 0.804675 -0.46458 -0.369682 0.804678 -0.464574 -0.369684 0.464578 -0.804675 -0.369687 0.464576 -0.804674 -0.369674 -0.000000 -0.929161 -0.369669 -0.000000 -0.929164 -0.369684 -0.464579 -0.804674 -0.369687 -0.464571 -0.804677 -0.369685 -0.804675 -0.464577 -0.369688 -0.804674 -0.464575 -0.369665 -0.929165 -0.00005 -0.369659 -0.929168 -0.000054 -1 0 0 -1 0 0 -1 0 0 -1 0 0 -1 0 0 -1 0 0 -1 0 0 -1 0 0 -1 0 0 -1 0 0 -1 0 0.000000 -1 0 0 -0.523209 -0.852205 -0.000042 1 0 0 1 0 0.000000 1 0 -0.000000 1 0 0 1 0 0 1 0 0 1 0 0 1 0 0 1 0 0 1 0 0 1 0 0 1 0 0 0.678649 -0.636064 -0.367231 0.678673 -0.367214 -0.636048 0.678652 -0.63606 -0.367232 0.678649 -0.734463 -0.000061 0.678675 -0.367219 -0.636043 0.678669 -0.734444 -0.00006 0.678678 -0.000000 -0.734436 0.678679 -0.000000 -0.734435 0.67867 0.367225 -0.636045 0.67867 0.367222 -0.636046 0.678651 0.636064 -0.367226 0.678652 0.636058 -0.367236 0.678675 0.734438 0 0.678678 0.734436 0 0.678661 0.636054 0.367227 0.678661 0.636055 0.367224 0.678674 0.367218 0.636045 0.678675 0.367218 0.636043 0.67866 -0.000002 0.734452 0.678658 -0.000002 0.734454 0.678668 -0.367224 0.636047 0.678669 -0.367221 0.636048 0.678659 -0.636056 0.367225 0.67866 -0.636054 0.367227 0.678672 -0.734441 0.000062 0.678666 -0.734447 0.000061 0.232358 -0.486314 -0.842323 0.370264 -0.464462 -0.804475 0.370255 -0.804477 -0.464465 0.232356 -0.000001 -0.972631 0.23236 -0.842321 -0.486317 0.523227 -0.738022 -0.426096 0.370324 -0.000000 -0.928903 0.232339 -0.972635 -0.000053 0.523227 -0.426092 -0.738024 0.370263 -0.928927 -0.00004 0.523232 -0.000000 -0.852191 0.523217 -0.852199 -0.000042 0.523228 0.426096 -0.738021 0.370306 0.464455 -0.804459 0.370268 0.804474 -0.464461 0.523228 0.738024 -0.42609 0.232361 0.842322 -0.486315 0.232357 0.486313 -0.842324 0.370226 0.928942 -0.000000 0.232359 0.97263 -0.000000 0.523229 0.852192 -0.000000 0.370307 0.804459 0.464454 0.523232 0.738018 0.426096 0.232356 0.842323 0.486315 0.370267 0.464462 0.804473 0.232355 0.486314 0.842324 0.523234 0.426084 0.738023 0.232357 -0.000001 0.972631 0.370277 -0.000000 0.928921 0.370265 -0.464462 0.804474 0.523228 0.000000 0.852193 0.523232 -0.42609 0.738022 0.23235 -0.486319 0.842323 0.52323 -0.738021 0.426093 0.370306 -0.804459 0.464456 0.232354 -0.842323 0.486315 0.370268 -0.928925 0.00004 0.232348 -0.972633 0.000052 0.52321 -0.852204 0.000043 -0.050343 -0.499361 -0.86493 -0.050341 -0.864927 -0.499366 -0.050342 -0.499371 -0.864925 -0.050342 -0.864927 -0.499367 -0.050336 -0.000000 -0.998732 -0.050344 -0.998732 -0.00003 -0.050344 -0.998732 -0.000031 -0.050334 -0.000000 -0.998733 -0.050342 0.49937 -0.864925 -0.050343 0.49936 -0.864931 -0.050341 0.864927 -0.499367 -0.050343 0.864927 -0.499367 -0.050335 0.998732 -0.000000 -0.050332 0.998733 -0.000000 -0.050342 0.864927 0.499366 -0.050343 0.864927 0.499366 -0.050342 0.499361 0.864931 -0.050344 0.499369 0.864926 -0.050352 -0.000000 0.998732 -0.050356 -0.000000 0.998731 -0.050344 -0.499369 0.864925 -0.050341 -0.499361 0.86493 -0.05034 -0.864927 0.499366 -0.050341 -0.864927 0.499366 -0.050341 -0.998732 0.000028 -0.050349 -0.998732 0.000029 0.974998 0.192443 0.111108 0.974998 0.111107 0.192444 0.974998 0.192444 0.111107 0.974998 0.111108 0.192444 0.974997 0.222216 0 0.974997 0.000000 0.222216 0.974998 0.000000 0.222216 0.974997 0.222216 0 0.974997 -0.111107 0.192446 0.974998 0.192444 -0.111107 0.974998 0.192443 -0.111108 0.974997 -0.111108 0.192446 0.974998 0.111106 -0.192444 0.974998 -0.192444 0.111108 0.974998 0.111108 -0.192444 0.974998 -0.192444 0.111106 0.974998 0 -0.222214 0.974998 -0.222216 0.000000 0.974998 0.000000 -0.222213 0.974997 -0.222216 0.000000 0.974998 -0.111105 -0.192445 0.974997 -0.192446 -0.111107 0.974998 -0.111108 -0.192444 0.974997 -0.192446 -0.111108 0.369684 0.464578 -0.804675 0.369674 -0.000000 -0.929161 0.369687 0.464576 -0.804674 0.369669 -0.000001 -0.929164 0.369682 0.804678 -0.464574 0.369684 -0.464579 -0.804674 0.369687 -0.464571 -0.804677 0.369679 0.804676 -0.46458 0.369685 -0.804675 -0.464577 0.369688 -0.804674 -0.464575 0.369671 0.929163 -0.000000 0.369655 -0.929169 -0.00005 0.369669 -0.929164 -0.000054 0.369667 0.929164 -0.000000 0.369674 0.804676 0.464583 0.369678 0.804674 0.464583 0.369665 0.464577 0.804684 0.369666 0.464585 0.804679 0.36968 0 0.929159 0.369686 -0.000000 0.929157 0.369673 -0.464581 0.804678 0.369671 -0.464579 0.80468 0.369675 -0.804676 0.464582 0.369677 -0.804679 0.464576 0.369664 -0.929166 0.00005 0.36966 -0.929167 0.000052 0 0.866026 -0.499999 0 1 0.000003 0 0.866026 -0.499999 0 0.499997 -0.866027 0 1 -0.000003 0 0.500003 -0.866024 0 0.866026 0.499999 0 0.000000 -1 0 0.866026 0.499999 0 0.000000 -1 0 -0.500004 -0.866023 0 0.499999 0.866026 0 -0.499998 -0.866026 0 0.499999 0.866026 0 -0.866028 -0.499996 0 -0.000002 1 0 0.000004 1 0 -0.866024 -0.500002 0 -0.499999 0.866026 -0.000012 -1 -0.000056 0.000012 -1 -0.000056 0 -0.499998 0.866026 0 -0.866027 0.499996 0 -0.866024 0.500002 -0.000012 -1 0.000055 0.000012 -1 0.000055 -0.678673 -0.367214 -0.636048 -0.678663 -0.636053 -0.367225 -0.678664 -0.636052 -0.367224 -0.678674 -0.36722 -0.636043 -0.678669 0.000000 -0.734445 -0.678672 -0.734442 -0.000059 -0.678668 0.000000 -0.734446 -0.678665 -0.734448 -0.000058 -0.678675 0.36722 -0.636043 -0.678675 0.367214 -0.636046 -0.678672 0.636045 -0.367222 -0.678672 0.636046 -0.367219 -0.67866 0.734453 0.000000 -0.678658 0.734454 0.000000 -0.678675 0.636043 0.367219 -0.678676 0.636043 0.367218 -0.678675 0.367213 0.636047 -0.678675 0.367219 0.636043 -0.678677 0.000000 0.734437 -0.678677 0.000001 0.734437 -0.678675 -0.367218 0.636044 -0.678674 -0.367212 0.636048 -0.678665 -0.636051 0.367222 -0.678664 -0.636051 0.367225 -0.678669 -0.734444 0.00006 -0.678665 -0.734448 0.00006 -0.232362 -0.842323 -0.486313 -0.370306 -0.464456 -0.804459 -0.232354 -0.486317 -0.842323 -0.370267 -0.804474 -0.464461 -0.232349 -0.972633 -0.000053 -0.232356 0.000000 -0.972631 -0.370266 -0.928926 -0.000043 -0.370327 0.000000 -0.928902 -0.523229 -0.426097 -0.73802 -0.523226 -0.738026 -0.42609 -0.370264 0.464464 -0.804474 -0.523208 -0.852205 -0.000046 -0.523232 0.000001 -0.852191 -0.232355 0.486317 -0.842322 -0.523229 0.426092 -0.738023 -0.370307 0.804459 -0.464454 -0.52323 0.738019 -0.426097 -0.232354 0.842322 -0.486319 -0.370225 0.928942 -0.000000 -0.232354 0.972631 0 -0.52323 0.852191 0.000000 -0.370307 0.804458 0.464456 -0.52323 0.738019 0.426097 -0.232353 0.842323 0.486318 -0.370264 0.464464 0.804473 -0.523227 0.426094 0.738023 -0.232358 0.486313 0.842324 -0.370272 0.000000 0.928923 -0.232353 0.000001 0.972632 -0.370315 -0.464453 0.804457 -0.523233 0.000001 0.85219 -0.232358 -0.486313 0.842324 -0.523228 -0.426092 0.738023 -0.370308 -0.804459 0.464455 -0.523227 -0.738022 0.426095 -0.232363 -0.842322 0.486313 -0.370261 -0.928928 0.000044 -0.52324 -0.852185 0.000047 -0.232338 -0.972635 0.000054 0.050348 -0.499359 -0.864931 0.050355 -0.864925 -0.499368 0.050362 -0.864927 -0.499364 0.050347 -0.499373 -0.864923 0.050354 0.000000 -0.998731 0.050347 -0.998732 -0.00003 0.050355 0.000001 -0.998731 0.050349 -0.998732 -0.000033 0.050355 0.49937 -0.864924 0.050357 0.499361 -0.864929 0.05036 0.864927 -0.499364 0.050363 0.864924 -0.49937 0.050353 0.998731 0.000000 0.050351 0.998732 0.000000 0.050357 0.864926 0.499366 0.050363 0.864922 0.499373 0.050331 0.499362 0.86493 0.050327 0.499368 0.864927 0.050328 0.000001 0.998733 0.050333 0.000001 0.998733 0.050318 -0.49937 0.864926 0.05032 -0.49936 0.864932 0.050337 -0.864927 0.499367 0.050341 -0.864926 0.499368 0.050345 -0.998732 0.000027 0.050346 -0.998732 0.000027 -0.974996 0.19245 0.111112 -0.974995 0.111112 0.192453 -0.974996 0.111111 0.192453 -0.974996 0.19245 0.111111 -0.974996 0.222224 0.000000 -0.974996 -0.000000 0.222222 -0.974995 0.222225 0.000000 -0.974996 -0.000000 0.222221 -0.974996 -0.111112 0.192451 -0.974996 0.192453 -0.111112 -0.974996 -0.111112 0.192452 -0.974995 0.192453 -0.111113 -0.974995 0.111114 -0.192456 -0.974997 -0.192448 0.111111 -0.974994 0.111114 -0.192457 -0.974997 -0.192448 0.11111 -0.974997 -0.22222 0.000000 -0.974995 -0.000000 -0.222228 -0.974997 -0.22222 0 -0.974995 -0.000000 -0.222228 -0.974996 -0.192448 -0.111111 -0.974995 -0.111114 -0.192455 -0.974997 -0.192448 -0.111111 -0.974995 -0.111114 -0.192454 -0.369671 -0.464578 0.80468 -0.369671 -0.804682 0.464576 -0.369672 -0.46458 0.804679 -0.369671 -0.804679 0.46458 -0.369668 0.000001 0.929164 -0.369684 -0.929158 0.000049 -0.36967 -0.929163 0.000049 -0.369668 0.000001 0.929164 -0.369671 0.464579 0.80468 -0.36967 0.464582 0.804679 -0.369671 0.804681 0.464577 -0.369672 0.804678 0.464581 -0.369673 0.929162 0.000000 -0.369674 0.929162 0.000000 -0.369674 0.804678 -0.46458 -0.369674 0.804676 -0.464583 -0.369678 0.464575 -0.804679 -0.369677 0.464581 -0.804676 -0.369671 0.000000 -0.929163 -0.369667 0.000001 -0.929164 -0.369677 -0.464579 -0.804677 -0.369679 -0.464579 -0.804676 -0.36968 -0.80468 -0.464572 -0.369677 -0.804674 -0.464584 -0.369664 -0.929165 -0.000053 -0.36966 -0.929167 -0.000055 -1 0 0.000000 -1 0 0 -1 0 -0.000000 -1 0 0.000000 -1 0 0 -1 0 0 -1 0 0 -1 0 0 -1 0 0 -1 0 0 -1 0 0 -1 0 -0.000000 1 0 0.000000 1 0 -0.000000 1 0 0.000000 1 0 0 1 0 0 1 0 0 1 0 0 1 0 0 1 0 -0.000000 1 0 0.000000 1 0 0 1 0 0.000000 0.678663 -0.636052 -0.367225 0.678673 -0.367214 -0.636048 0.678664 -0.636051 -0.367224 0.67867 -0.734444 -0.000058 0.678674 -0.36722 -0.636044 0.678667 -0.734446 -0.000058 0.678668 0.000000 -0.734445 0.678667 0.000000 -0.734446 0.678675 0.36722 -0.636043 0.678675 0.367214 -0.636046 0.678672 0.636045 -0.367222 0.678672 0.636046 -0.367219 0.67866 0.734452 0.000000 0.678658 0.734454 0.000000 0.678676 0.636042 0.367218 0.678677 0.636042 0.367217 0.678675 0.367212 0.636046 0.678675 0.367219 0.636043 0.678677 0.000000 0.734437 0.678677 0.000001 0.734437 0.678675 -0.367218 0.636043 0.678674 -0.367212 0.636048 0.678665 -0.636051 0.367222 0.678664 -0.636051 0.367225 0.678672 -0.734442 0.000061 0.678664 -0.734449 0.00006 0.23236 -0.842323 -0.486312 0.370306 -0.464455 -0.804459 0.370267 -0.804475 -0.46446 0.232352 -0.486316 -0.842324 0.232337 -0.972635 -0.000054 0.523231 -0.426097 -0.738019 0.232355 0.000000 -0.972631 0.370262 -0.928927 -0.000043 0.370225 -0.000000 -0.928942 0.370264 0.464463 -0.804474 0.523228 -0.738025 -0.42609 0.523234 0.000000 -0.852189 0.232353 0.486317 -0.842323 0.523216 -0.8522 -0.000045 0.523231 0.426091 -0.738022 0.370307 0.804459 -0.464455 0.523232 0.738018 -0.426096 0.232353 0.842322 -0.486318 0.370276 0.928922 -0.000000 0.232353 0.972631 -0.000000 0.523232 0.85219 0.000000 0.370257 0.804476 0.464466 0.523232 0.738018 0.426096 0.232352 0.842323 0.486318 0.370265 0.464464 0.804473 0.232356 0.486314 0.842324 0.523229 0.426093 0.738022 0.232352 0.000001 0.972632 0.370272 0.000000 0.928923 0.523235 0.000001 0.852188 0.370264 -0.464463 0.804474 0.232357 -0.486313 0.842324 0.52323 -0.426091 0.738022 0.370308 -0.804458 0.464455 0.523229 -0.738021 0.426095 0.232361 -0.842323 0.486314 0.370266 -0.928926 0.000044 0.52321 -0.852204 0.000047 0.232347 -0.972633 0.000054 -0.050348 -0.499359 -0.864931 -0.050355 -0.864925 -0.499368 -0.050347 -0.499373 -0.864923 -0.050361 -0.864927 -0.499365 -0.050354 -0.000000 -0.998731 -0.050351 -0.998732 -0.00003 -0.050356 -0.000000 -0.998731 -0.050345 -0.998732 -0.000033 -0.050348 0.499368 -0.864926 -0.050344 0.499363 -0.864929 -0.050358 0.86493 -0.49936 -0.05036 0.864928 -0.499363 -0.050353 0.998731 0.000000 -0.050351 0.998732 0.000000 -0.050357 0.864926 0.499366 -0.050363 0.864922 0.499373 -0.050331 0.499363 0.86493 -0.050328 0.499368 0.864927 -0.050328 0.000001 0.998733 -0.050332 0.000001 0.998733 -0.050324 -0.499363 0.86493 -0.050316 -0.499361 0.864932 -0.050355 -0.864933 0.499355 -0.050356 -0.864927 0.499366 -0.050348 -0.998732 0.000035 -0.05035 -0.998732 0.000037 0.974999 0.19244 0.111106 0.974998 0.111106 0.192442 0.974999 0.19244 0.111105 0.974998 0.111105 0.192443 0.974998 0.222213 0.000000 0.974999 -0.000000 0.222211 0.974998 0.222213 0.000000 0.974999 -0.000000 0.222211 0.974998 0.192442 -0.111107 0.974999 -0.111106 0.19244 0.974998 0.192442 -0.111108 0.974998 -0.111106 0.192441 0.974997 0.111108 -0.192446 0.974999 -0.192438 0.111105 0.974997 0.111109 -0.192446 0.974999 -0.192438 0.111104 0.974999 -0.222208 0 0.974997 -0.000000 -0.222217 0.974999 -0.222208 0 0.974997 -0.000000 -0.222217 0.974999 -0.192438 -0.111105 0.974997 -0.111109 -0.192445 0.974998 -0.111108 -0.192444 0.974999 -0.192438 -0.111105 0.369668 0.000001 0.929164 0.369673 -0.464578 0.804679 0.369668 0.000001 0.929164 0.369671 -0.46458 0.804679 0.369671 0.464579 0.80468 0.369684 -0.804679 0.46457 0.369671 0.464581 0.804679 0.369671 0.804681 0.464577 0.369683 -0.804675 0.464577 0.369672 0.804678 0.464581 0.369673 0.929162 0.000000 0.369666 -0.929165 0.000056 0.369674 0.929162 0.000000 0.36966 -0.929167 0.00006 0.369673 0.80468 -0.464578 0.369672 0.804681 -0.464577 0.36967 0.464584 -0.804678 0.369669 0.464579 -0.804681 0.36967 0 -0.929163 0.369668 -0.000000 -0.929164 0.369677 -0.464579 -0.804677 0.369679 -0.464579 -0.804676 0.36968 -0.80468 -0.464572 0.369677 -0.804674 -0.464584 0.369688 -0.929156 -0.000053 0.369669 -0.929163 -0.000055 0 0.866024 -0.500002 0 1 0.000004 0 0.866024 -0.500002 0 0.499997 -0.866027 0 1 -0.000002 0 0.500003 -0.866024 0 0.000000 -1 0 0.866024 0.500003 0 0.000000 -1 0 0.866024 0.500003 0 0.5 0.866025 0 -0.500002 -0.866024 0 0.500001 0.866025 0 -0.499996 -0.866028 0 -0.000002 1 0 -0.866027 -0.499997 0 0.000004 1 0 -0.866024 -0.500003 -0.000012 -1 -0.000055 0 -0.499999 0.866026 0.000012 -1 -0.000055 0 -0.499999 0.866026 0 -0.866027 0.499997 0 -0.866024 0.500003 -0.000012 -1 0.000054 0.000012 -1 0.000054 -0.678667 -0.367218 -0.636052 -0.678667 -0.636048 -0.367225 -0.678668 -0.636049 -0.367221 -0.678667 -0.367222 -0.63605 -0.678674 -0.73444 -0.000057 -0.67866 0.000000 -0.734452 -0.678667 -0.734446 -0.000057 -0.67866 0.000000 -0.734453 -0.678666 0.367224 -0.63605 -0.678666 0.367218 -0.636053 -0.678667 0.636049 -0.367223 -0.678667 0.636047 -0.367226 -0.678676 0.734438 0.000000 -0.678677 0.734437 0.000000 -0.678666 0.636049 0.367225 -0.678665 0.636049 0.367227 -0.678666 0.367218 0.636053 -0.678666 0.367224 0.63605 -0.678659 0.000000 0.734454 -0.678658 0.000000 0.734454 -0.678665 -0.367222 0.636051 -0.678666 -0.367224 0.636049 -0.678664 -0.636055 0.367219 -0.678664 -0.636051 0.367224 -0.678671 -0.734443 0.000061 -0.678667 -0.734446 0.00006 -0.232361 -0.842324 -0.486311 -0.370256 -0.464466 -0.804476 -0.232354 -0.486316 -0.842323 -0.370266 -0.804475 -0.464461 -0.232355 0.000000 -0.972631 -0.52323 -0.426097 -0.738019 -0.232349 -0.972633 -0.000053 -0.523225 -0.738025 -0.426093 -0.370265 -0.928926 -0.000043 -0.370276 -0.000000 -0.928922 -0.523233 0.000001 -0.85219 -0.523208 -0.852205 -0.000046 -0.52323 0.426096 -0.738019 -0.370281 0.46446 -0.804468 -0.232354 0.486317 -0.842322 -0.370296 0.804463 -0.464457 -0.232353 0.842323 -0.486317 -0.52323 0.738021 -0.426093 -0.232354 0.972631 0.000000 -0.370274 0.928923 0 -0.370296 0.804462 0.464458 -0.232354 0.842323 0.486317 -0.52323 0.852192 0.000001 -0.232353 0.486318 0.842322 -0.52323 0.738021 0.426092 -0.37028 0.464458 0.80447 -0.52323 0.426098 0.738019 -0.232354 0.000001 0.972631 -0.370275 0.000000 0.928922 -0.523229 0.000001 0.852192 -0.370307 -0.464455 0.804459 -0.523229 -0.426098 0.738019 -0.232352 -0.486316 0.842324 -0.370266 -0.804474 0.464462 -0.523225 -0.738025 0.426092 -0.232362 -0.842323 0.486312 -0.370261 -0.928928 0.000045 -0.232339 -0.972635 0.000055 -0.52324 -0.852185 0.000048 0.050349 -0.864932 -0.499358 0.050357 -0.499371 -0.864924 0.050345 -0.864923 -0.499373 0.050362 -0.499368 -0.864925 0.050345 -0.998732 -0.000033 0.05035 0.000001 -0.998732 0.050351 -0.998732 -0.000034 0.050343 0.000001 -0.998732 0.050359 0.499369 -0.864924 0.050336 0.864928 -0.499365 0.050335 0.864922 -0.499376 0.050367 0.49937 -0.864924 0.050351 0.998732 -0.000000 0.050359 0.998731 -0.000000 0.050337 0.864926 0.499369 0.050329 0.864927 0.499368 0.050351 0.499361 0.86493 0.050356 0.499366 0.864927 0.050356 0.000001 0.998731 0.050358 0.000001 0.998731 0.050348 -0.499368 0.864926 0.050348 -0.499368 0.864926 0.050334 -0.86493 0.499362 0.050334 -0.864926 0.499369 0.050344 -0.998732 0.000027 0.050348 -0.998732 0.000026 -0.974995 0.192454 0.111112 -0.974996 0.111113 0.192451 -0.974996 0.111111 0.192452 -0.974995 0.192454 0.111113 -0.974995 0.222225 0 -0.974996 -0.000000 0.222222 -0.974996 -0.000000 0.222222 -0.974995 0.222225 0.000000 -0.974996 -0.111112 0.19245 -0.974996 -0.111113 0.19245 -0.974995 0.192454 -0.111113 -0.974996 -0.192452 0.111112 -0.974995 0.192454 -0.111114 -0.974996 -0.192453 0.111111 -0.974997 -0.22222 0.000000 -0.974996 0.111112 -0.19245 -0.974996 -0.222221 0 -0.974996 0.11111 -0.19245 -0.974997 0 -0.222219 -0.974996 -0.19245 -0.111113 -0.974997 -0.000000 -0.222219 -0.974996 -0.192451 -0.111113 -0.974996 -0.111112 -0.192449 -0.974996 -0.111111 -0.19245 -0.369684 -0.464579 -0.804674 -0.369688 -0.804676 -0.464573 -0.369686 -0.804673 -0.46458 -0.369687 -0.464577 -0.804674 -0.369673 0.000001 -0.929162 -0.369667 -0.929164 -0.000054 -0.369666 0.000001 -0.929165 -0.369684 0.464578 -0.804674 -0.369661 -0.929167 -0.000056 -0.369685 0.464572 -0.804677 -0.369677 0.804676 -0.46458 -0.369675 0.804676 -0.464584 -0.369676 0.929161 0.000000 -0.369679 0.929159 -0.000000 -0.369666 0.804678 0.464585 -0.369662 0.804682 0.464583 -0.369669 0.464578 0.804681 -0.369672 0.464579 0.80468 -0.369676 0.000001 0.929161 -0.369678 0.000001 0.92916 -0.369673 -0.46458 0.804678 -0.369672 -0.464583 0.804677 -0.369672 -0.804681 0.464577 -0.369672 -0.804678 0.464581 -0.369685 -0.929157 0.000049 -0.369671 -0.929163 0.000049 -1 0 -0.000000 -1 0 0 -1 0 0.000000 -1 0 0 -1 0 -0.000000 -1 0 0 -1 0 0.000000 -1 0 0 -1 0 0 -1 0 0.000000 -1 0 0 -1 0 -0.000000 1 0 0 1 0 0 1 0 0 1 0 0 1 0 0 1 0 0 1 0 0 1 0 0 1 0 -0.000000 1 0 0.000000 1 0 0 1 0 0 0.678668 -0.636047 -0.367225 0.678667 -0.367218 -0.636052 0.678669 -0.636049 -0.367221 0.678672 -0.734441 -0.000057 0.678667 -0.367222 -0.63605 0.67867 -0.734444 -0.000056 0.678661 0.000000 -0.734452 0.67866 0.000000 -0.734452 0.678666 0.367223 -0.63605 0.678666 0.367218 -0.636053 0.678669 0.636048 -0.367222 0.678668 0.636046 -0.367226 0.678676 0.734438 0.000000 0.678677 0.734437 0.000000 0.678665 0.63605 0.367225 0.678665 0.636049 0.367227 0.678666 0.367218 0.636053 0.678666 0.367223 0.63605 0.678659 0.000000 0.734454 0.678658 0.000000 0.734454 0.678666 -0.367222 0.636051 0.678666 -0.367224 0.63605 0.678664 -0.636055 0.367219 0.678664 -0.636051 0.367224 0.678673 -0.734441 0.000061 0.678665 -0.734448 0.00006 0.23236 -0.842324 -0.486311 0.370257 -0.464465 -0.804476 0.370266 -0.804475 -0.46446 0.232353 -0.486316 -0.842323 0.232337 -0.972635 -0.000053 0.232354 0.000000 -0.972631 0.370261 -0.928928 -0.000043 0.523232 -0.426096 -0.738017 0.370276 -0.000000 -0.928922 0.523227 -0.738024 -0.426092 0.523235 0.000001 -0.852188 0.370281 0.46446 -0.804468 0.523216 -0.8522 -0.000045 0.523233 0.426096 -0.738018 0.232353 0.486317 -0.842323 0.370297 0.804463 -0.464457 0.523232 0.738021 -0.426092 0.232351 0.842324 -0.486317 0.370275 0.928922 -0.000000 0.232353 0.972632 0.000000 0.523232 0.85219 0.000001 0.370297 0.804462 0.464458 0.523232 0.73802 0.426092 0.232352 0.842323 0.486317 0.523232 0.426097 0.738017 0.232352 0.486318 0.842323 0.37028 0.464461 0.804468 0.370275 0.000000 0.928922 0.523231 0.000001 0.852191 0.232353 0.000001 0.972632 0.523232 -0.426097 0.738018 0.370256 -0.464465 0.804477 0.232351 -0.486316 0.842324 0.370267 -0.804473 0.464462 0.232361 -0.842324 0.486312 0.523227 -0.738024 0.426092 0.232348 -0.972633 0.000055 0.370266 -0.928926 0.000045 0.523209 -0.852204 0.000048 -0.050349 -0.864932 -0.499358 -0.050345 -0.864923 -0.499373 -0.050357 -0.499371 -0.864924 -0.050349 -0.998732 -0.000033 -0.050347 -0.998732 -0.000035 -0.050361 -0.499368 -0.864925 -0.050349 0 -0.998732 -0.050344 -0.000000 -0.998732 -0.050351 0.499373 -0.864923 -0.050356 0.499367 -0.864926 -0.050335 0.86493 -0.499362 -0.050336 0.864924 -0.499373 -0.050352 0.998732 -0.000000 -0.050359 0.998731 -0.000000 -0.050339 0.864926 0.499369 -0.050331 0.864927 0.499368 -0.050352 0.499361 0.86493 -0.050357 0.499366 0.864927 -0.050356 0.000001 0.998731 -0.050359 0.000001 0.998731 -0.05035 -0.499369 0.864925 -0.050348 -0.499368 0.864926 -0.050352 -0.864932 0.499357 -0.050351 -0.864925 0.499368 -0.050346 -0.998732 0.000035 -0.050352 -0.998732 0.000037 0.974998 0.192444 0.111107 0.974998 0.111107 0.192443 0.974998 0.192444 0.111107 0.974998 0.111106 0.192443 0.974998 0.222214 -0.000000 0.974999 -0.000000 0.222211 0.974998 0.222214 0 0.974999 -0.000000 0.22221 0.974998 -0.111107 0.19244 0.974998 0.192444 -0.111107 0.974998 -0.111107 0.192441 0.974998 0.192444 -0.111108 0.974998 -0.192442 0.111106 0.974998 0.111106 -0.192442 0.974999 0.111105 -0.192441 0.974998 -0.192443 0.111105 0.974999 0 -0.222208 0.974999 -0.222208 0.000000 0.974999 -0.000000 -0.222208 0.974999 -0.222209 -0.000000 0.974999 -0.111106 -0.192439 0.974998 -0.19244 -0.111107 0.974999 -0.111105 -0.192439 0.974998 -0.192441 -0.111107 0.369666 0.804678 0.464585 0.369676 0.929161 0.000000 0.369662 0.804682 0.464583 0.369679 0.929159 -0.000000 0.36967 0.464578 0.804681 0.369675 0.804677 -0.464581 0.369674 0.804679 -0.464579 0.369673 0.464578 0.804679 0.369677 0.464584 -0.804675 0.369679 0.464577 -0.804677 0.369676 0.000001 0.929161 0.369673 0.000000 -0.929162 0.369668 -0.000000 -0.929164 0.369678 0.000001 0.92916 0.369684 -0.464579 -0.804674 0.369675 -0.464581 0.804677 0.369672 -0.464583 0.804677 0.369687 -0.464577 -0.804674 0.369685 -0.804678 0.464572 0.369688 -0.804676 -0.464573 0.369684 -0.804674 0.464578 0.369685 -0.804673 -0.46458 0.369667 -0.929164 0.000056 0.369657 -0.929168 -0.000054 0.369671 -0.929163 -0.000057 0.369661 -0.929167 0.000059 0 1 0.000002 0 0.866027 -0.499998 0 0.866027 -0.499998 0 1 -0.000003 0 0.866026 0.499999 0 0.499998 -0.866026 0 0.866026 0.499999 0 0.500004 -0.866023 0 0.000000 -1 0 0.499999 0.866026 0 0.000000 -1 0 0.499999 0.866026 0 -0.000004 1 0 -0.500005 -0.866023 0 0.000002 1 0 -0.499999 -0.866026 0 -0.866028 -0.499995 0 -0.499999 0.866026 0 -0.866025 -0.500001 0 -0.499999 0.866026 -0.000012 -1 -0.000056 0 -0.866027 0.499997 0 -0.866024 0.500003 0.000012 -1 -0.000056 -0.000012 -1 0.000055 0.000012 -1 0.000055 -0.678673 -0.367214 -0.636048 -0.678658 -0.636058 -0.367225 -0.67866 -0.636054 -0.367227 -0.678675 -0.367219 -0.636043 -0.678678 0.000000 -0.734436 -0.678674 -0.73444 -0.000058 -0.678678 0.000000 -0.734436 -0.678667 -0.734447 -0.000057 -0.678674 0.36722 -0.636044 -0.678673 0.367215 -0.636048 -0.678666 0.636049 -0.367225 -0.678666 0.636052 -0.367219 -0.678659 0.734454 -0.000000 -0.678657 0.734455 -0.000000 -0.67867 0.636047 0.367222 -0.67867 0.636048 0.367219 -0.678665 0.367219 0.636054 -0.678665 0.367222 0.636052 -0.678667 -0.000001 0.734446 -0.678667 -0.000001 0.734446 -0.678675 -0.367219 0.636043 -0.678676 -0.367219 0.636042 -0.678666 -0.636052 0.367219 -0.678666 -0.636049 0.367224 -0.678671 -0.734442 0.000059 -0.678668 -0.734445 0.000058 -0.232363 -0.842323 -0.486313 -0.370255 -0.464465 -0.804477 -0.232359 -0.486313 -0.842324 -0.370266 -0.804474 -0.464462 -0.232349 -0.972632 -0.000054 -0.232357 0.000000 -0.972631 -0.370266 -0.928926 -0.000044 -0.370273 0.000000 -0.928923 -0.523226 -0.426097 -0.738022 -0.523225 -0.738026 -0.426091 -0.370264 0.464463 -0.804474 -0.523208 -0.852205 -0.000046 -0.523229 0.000000 -0.852192 -0.232358 0.486314 -0.842323 -0.523226 0.426093 -0.738024 -0.370308 0.804459 -0.464455 -0.523228 0.738019 -0.426098 -0.232357 0.842321 -0.486318 -0.370325 0.928902 0 -0.232355 0.972631 -0.000000 -0.523226 0.852194 -0.000000 -0.370307 0.804459 0.464455 -0.523229 0.738018 0.426099 -0.232354 0.842323 0.486317 -0.370267 0.464462 0.804473 -0.523227 0.426092 0.738024 -0.232361 0.486312 0.842323 -0.370274 -0.000000 0.928923 -0.232357 -0.000000 0.97263 -0.37033 -0.464449 0.804452 -0.523225 0.000001 0.852194 -0.232355 -0.486316 0.842323 -0.523228 -0.426097 0.73802 -0.370297 -0.804462 0.464457 -0.523229 -0.738025 0.426089 -0.232359 -0.842324 0.486313 -0.370261 -0.928928 0.000043 -0.523241 -0.852185 0.000047 -0.232337 -0.972635 0.000053 0.05034 -0.49936 -0.864931 0.050357 -0.864925 -0.499368 0.050364 -0.864926 -0.499366 0.050335 -0.499374 -0.864923 0.050336 0.000000 -0.998732 0.050354 -0.998731 -0.000029 0.050334 0.000001 -0.998732 0.050358 -0.998731 -0.000031 0.050345 0.499367 -0.864926 0.050347 0.49936 -0.86493 0.050353 0.864925 -0.499369 0.050354 0.864925 -0.499368 0.050354 0.998731 -0.000000 0.050355 0.998731 -0.000000 0.050351 0.864925 0.499368 0.05035 0.864926 0.499367 0.050348 0.499361 0.86493 0.05035 0.499366 0.864927 0.050353 0.000001 0.998731 0.050357 0.000001 0.998731 0.05034 -0.499369 0.864926 0.050338 -0.499358 0.864932 0.05034 -0.864927 0.499366 0.050339 -0.864927 0.499367 0.050353 -0.998732 0.000019 0.050357 -0.998731 0.000066 -0.974996 0.192451 0.111111 -0.974995 0.111113 0.192456 -0.974995 0.111113 0.192456 -0.974996 0.192451 0.11111 -0.974996 0.222224 0.000000 -0.974995 -0.000000 0.222227 -0.974995 0.222225 0.000000 -0.974995 -0.000000 0.222227 -0.974995 -0.111115 0.192454 -0.974996 0.192451 -0.11111 -0.974995 -0.111115 0.192454 -0.974996 -0.19245 0.111111 -0.974996 0.192451 -0.111112 -0.974996 -0.192449 0.111112 -0.974995 0.111112 -0.192454 -0.974995 0.111112 -0.192455 -0.974996 -0.222222 0.000000 -0.974995 -0.000000 -0.222225 -0.974996 -0.222222 0.000000 -0.974995 -0.000000 -0.222225 -0.974996 -0.19245 -0.111111 -0.974995 -0.111113 -0.192452 -0.974996 -0.19245 -0.111112 -0.974996 -0.111113 -0.192452 -0.369681 0.929159 -0.000000 -0.369676 0.804676 -0.464581 -0.369685 0.929157 -0.000000 -0.369673 0.804676 -0.464584 -0.369673 0.804676 0.464583 -0.369671 0.804676 0.464587 -0.369684 0.464572 -0.804678 -0.369671 0.464578 0.80468 -0.369683 0.464577 -0.804676 -0.369674 0.464579 0.804678 -0.369681 0.000001 0.929159 -0.369674 0.000000 -0.929162 -0.369686 0.000001 0.929157 -0.369668 0.000001 -0.929164 -0.369674 -0.464579 0.804679 -0.36967 -0.464578 0.804681 -0.369684 -0.464579 -0.804674 -0.369667 -0.80468 0.464582 -0.369663 -0.804683 0.46458 -0.369687 -0.464572 -0.804677 -0.369656 -0.929169 0.000043 -0.369679 -0.929159 0.000041 -0.369686 -0.804674 -0.464577 -0.369687 -0.804674 -0.464576 -0.369671 -0.929163 -0.000051 -0.369668 -0.929164 -0.000053 -1 0 0 -1 0 0 -1 0 0 -1 0 0 -1 0 0 -1 0 0 -1 0 0 -1 0 0 -1 0 0.000000 -1 0 -0.000000 -1 0 0 -1 0 0 1 0 0.000000 1 0 -0.000000 1 0 0 1 0 0 1 0 0 1 0 0 1 0 0.000000 1 0 0 1 0 0 1 0 0.000000 1 0 0 1 0 0 0.678658 -0.636058 -0.367224 0.678673 -0.367214 -0.636048 0.67866 -0.636054 -0.367227 0.678671 -0.734442 -0.000058 0.678675 -0.367219 -0.636043 0.678669 -0.734444 -0.000057 0.678678 0.000000 -0.734436 0.678679 0.000000 -0.734435 0.678674 0.36722 -0.636044 0.678673 0.367215 -0.636047 0.678666 0.636048 -0.367226 0.678666 0.636052 -0.367219 0.678659 0.734454 -0.000000 0.678657 0.734455 -0.000000 0.67867 0.636047 0.367222 0.678671 0.636048 0.367218 0.678665 0.367219 0.636054 0.678665 0.367222 0.636052 0.678668 -0.000001 0.734446 0.678667 -0.000001 0.734446 0.678674 -0.367219 0.636044 0.678675 -0.367219 0.636043 0.678667 -0.636052 0.367219 0.678667 -0.636049 0.367223 0.678674 -0.73444 0.000059 0.678666 -0.734447 0.000058 0.232362 -0.842323 -0.486313 0.370255 -0.464464 -0.804478 0.370267 -0.804475 -0.46446 0.232357 -0.486313 -0.842324 0.232337 -0.972635 -0.000054 0.523228 -0.426096 -0.738021 0.370262 -0.928928 -0.000044 0.370274 -0.000000 -0.928923 0.523227 -0.738025 -0.42609 0.232356 0.000000 -0.972631 0.523231 0.000000 -0.852191 0.370265 0.464462 -0.804474 0.523228 0.426092 -0.738023 0.232357 0.486314 -0.842323 0.52323 0.738018 -0.426098 0.370308 0.804458 -0.464455 0.232355 0.842322 -0.486318 0.370274 0.928923 -0.000000 0.232354 0.972631 -0.000000 0.523228 0.852193 -0.000000 0.370256 0.804476 0.464466 0.232352 0.842323 0.486317 0.523231 0.738017 0.426098 0.23236 0.486312 0.842324 0.370268 0.464462 0.804473 0.523229 0.426091 0.738023 0.232356 -0.000000 0.972631 0.370274 -0.000000 0.928923 0.523227 0.000001 0.852193 0.37028 -0.46446 0.804469 0.52323 -0.426096 0.738019 0.232354 -0.486316 0.842323 0.370298 -0.804462 0.464457 0.523231 -0.738024 0.426088 0.232358 -0.842324 0.486313 0.370266 -0.928926 0.000043 0.232347 -0.972633 0.000053 0.52321 -0.852204 0.000047 -0.050334 0.499374 -0.864923 -0.050335 -0.000000 -0.998732 -0.050334 -0.000000 -0.998733 -0.050338 0.49936 -0.864931 -0.05035 0.864926 -0.499368 -0.050336 -0.499374 -0.864923 -0.050353 0.864926 -0.499368 -0.05034 -0.49936 -0.864931 -0.050356 -0.864925 -0.499369 -0.050363 -0.864926 -0.499366 -0.050354 0.998731 -0.000000 -0.050355 0.998731 -0.000000 -0.050358 -0.998731 -0.000029 -0.050354 -0.998731 -0.00003 -0.050352 0.864925 0.499368 -0.050352 0.864926 0.499367 -0.050348 0.499361 0.86493 -0.05035 0.499366 0.864927 -0.050353 0.000001 0.998731 -0.050356 0.000001 0.998731 -0.050339 -0.499372 0.864924 -0.05034 -0.49936 0.864931 -0.050355 -0.864925 0.499368 -0.050362 -0.864927 0.499365 -0.050353 -0.998732 0.000027 -0.050358 -0.998731 0.000029 0.974997 -0.000000 0.222217 0.974997 -0.111109 0.192444 0.974997 -0.000000 0.222216 0.974998 -0.111109 0.192444 0.974997 0.111107 0.192447 0.974998 0.111107 0.192445 0.974999 -0.19244 0.111105 0.974999 -0.192439 0.111106 0.974999 0.19244 0.111106 0.974999 0.19244 0.111103 0.974999 -0.222211 0 0.974999 -0.222211 0.000000 0.974998 0.222213 0 0.974999 -0.19244 -0.111106 0.974998 0.222213 0 0.974999 -0.19244 -0.111106 0.974999 0.192441 -0.111105 0.974998 -0.111107 -0.192442 0.974998 -0.111108 -0.192442 0.974998 0.192441 -0.111106 0.974998 -0.000000 -0.222214 0.974998 -0.000000 -0.222214 0.974998 0.111106 -0.192443 0.974998 0.111106 -0.192445 0.369677 -0.804675 0.464582 0.369668 -0.929164 0.00005 0.369666 -0.929165 0.000052 0.369678 -0.804681 0.464571 0.369675 -0.464581 0.804677 0.369672 -0.464584 0.804677 0.369681 0.000001 0.929159 0.369686 0.000001 0.929157 0.369674 0.464579 0.804678 0.369672 0.464578 0.80468 0.369674 0.804676 0.464583 0.369671 0.804675 0.464586 0.369681 0.929159 -0.000000 0.369685 0.929157 -0.000000 0.369674 0.804678 -0.464581 0.369672 0.804677 -0.464584 0.369677 0.464573 -0.804681 0.369675 0.464584 -0.804675 0.369673 0.000000 -0.929162 0.369668 -0.000000 -0.929164 0.369684 -0.464579 -0.804673 0.369687 -0.464572 -0.804677 0.369685 -0.804675 -0.464577 0.369687 -0.804675 -0.464576 0.369661 -0.929167 -0.000051 0.369678 -0.92916 -0.000053 0.523217 -0.8522 -0.000046 0 0.69736 -0.716721 0 0.69736 -0.716721 0 0.69736 -0.716721 0.98504 -0.123509 -0.120176 0.98504 -0.123511 -0.120174 0.98504 -0.123508 -0.120177 0 0.716706 0.697375 0 0.716706 0.697375 0 0.716706 0.697375 0 0.716706 0.697375 0 -0.697359 0.716722 0 -0.697359 0.716722 0 -0.697359 0.716722 0 0.69736 -0.716721 0 0.69736 -0.716721 0 0.69736 -0.716721 0 0.69736 -0.716721 -0.985041 -0.123505 -0.120172 -0.985041 -0.123507 -0.12017 -0.985041 -0.123508 -0.12017 0 -0.69736 0.716721 0 -0.697361 0.71672 0 -0.69736 0.716721 0 0.69736 -0.716721 0.98504 -0.123512 -0.120174 0 -0.716726 -0.697355 0 -0.716723 -0.697358 0 -0.716728 -0.697353 0 -0.716721 -0.69736 -0.98504 -0.123509 -0.120177 -0.985039 -0.123512 -0.120175 -0.98504 -0.123513 -0.120174 -0.98504 -0.123508 -0.120177 0 -0.69736 0.716722 0.98504 -0.123511 -0.120175 0.985039 -0.12351 -0.120177 0.98504 -0.123512 -0.120174 0.98504 -0.12351 -0.120178 0 -0.716727 -0.697354 0 -0.716722 -0.697359 0 -0.716723 -0.697358 0 -0.716728 -0.697353 -0.985041 -0.123504 -0.120173 0 0.716708 0.697373 0 0.716708 0.697373 0 0.716708 0.697373 0 0.716708 0.697373 0 -0.697359 0.716722</float_array>
          <technique_common>
            <accessor source="#GeometrySource1-array" count="7178" stride="3">
              <param name="X" type="float"/>
              <param name="Y" type="float"/>
              <param name="Z" type="float"/>
            </accessor>
          </technique_common>
        </source>
        <source id="GeometrySource2" name="menkmackspaceship_MenkMackSpaceShipUV">
          <float_array id="GeometrySource2-array" count="14356">0.090501 -0.052399 0.088899 -0.061097 0.096894 -0.062897 0.084092 -0.053605 0.099397 -0.050293 0.086701 -0.072297 0.083405 -0.059998 0.093293 -0.034699 0.081406 -0.071 0.079804 -0.059403 0.087006 -0.035904 0.078797 -0.085496 0.078095 -0.070298 0.080506 -0.053605 0.083604 -0.086503 0.075501 -0.084901 0.081803 -0.035706 0.094193 -0.074296 0.075898 -0.097901 0.074494 -0.044007 0.080705 -0.098298 0.090592 -0.088197 0.074998 -0.0354 0.071595 -0.115404 0.087693 -0.098603 0.0757 -0.025299 0.075303 -0.118196 0.069504 -0.114305 0.082505 -0.026001 0.071 -0.1355 0.072907 -0.098207 0.076997 -0.008606 0.078492 -0.125093 0.066102 -0.114 0.067307 -0.007904 0.066498 -0.024597 0.093904 -0.103593 0.084199 -0.009002 0.057999 -0.0074 0.085099 -0.124804 0.088395 -0.026504 0.057694 -0.024094 0.090898 -0.009292 0.051194 -0.007293 0.051194 -0.023895 0.044602 -0.024094 0.044403 -0.0074 0.035797 -0.024506 0.035095 -0.007797 0.026703 -0.025192 0.025406 -0.008499 0.020004 -0.025894 0.020599 -0.035599 0.018295 -0.009002 0.027298 -0.035294 0.014099 -0.026398 0.011596 -0.009201 0.027893 -0.0439 0.015396 -0.035797 0.021896 -0.053406 0.009094 -0.034607 0.018295 -0.053498 0.011902 -0.052201 0.003006 -0.050095 0.022507 -0.059296 0.005401 -0.062699 0.018905 -0.0598 0.013397 -0.061005 0.0242 -0.070099 0.020904 -0.070801 0.026794 -0.084702 0.015594 -0.072098 0.023407 -0.085297 0.026306 -0.097703 0.018707 -0.086305 0.008102 -0.074097 0.029297 -0.097993 0.011596 -0.087907 0.032593 -0.114199 0.0215 -0.0981 0.014496 -0.098405 0.030502 -0.115297 0.026794 -0.117998 0.023605 -0.124895 0.030899 -0.135302 0.0083 -0.103304 0.035996 -0.113802 0.016907 -0.124498 0.036392 -0.134096 0.040405 -0.113405 0.041092 -0.1337 0.046005 -0.112902 0.046295 -0.133303 0.051102 -0.112505 0.050995 -0.132998 0.055603 -0.133303 0.056107 -0.112902 0.060807 -0.133806 0.061707 -0.113497 0.065507 -0.134203 0.195605 -0.050995 0.210101 -0.055695 0.208698 -0.045197 0.195697 -0.056 0.214405 -0.044602 0.212207 -0.069504 0.190295 -0.051606 0.215793 -0.055405 0.190204 -0.069306 0.190295 -0.046494 0.217899 -0.069306 0.190204 -0.0569 0.195499 -0.046006 0.213397 -0.080705 0.184802 -0.056 0.190295 -0.034393 0.219104 -0.080598 0.190097 -0.082002 0.195499 -0.033493 0.185 -0.045899 0.213703 -0.087006 0.201205 -0.031998 0.184894 -0.050995 0.185306 -0.033402 0.179599 -0.031799 0.1906 -0.020904 0.171893 -0.044998 0.185702 -0.020492 0.180407 -0.019195 0.1906 -0.015198 0.170306 -0.055497 0.174304 -0.017807 0.186099 -0.014694 0.166094 -0.044205 0.181094 -0.013901 0.164508 -0.0551 0.168093 -0.069306 0.182406 -0.004699 0.162402 -0.069092 0.186801 -0.004394 0.166903 -0.080705 0.190799 -0.004303 0.161303 -0.080506 0.190097 -0.0878 0.166506 -0.087098 0.195193 -0.014801 0.156603 -0.093598 0.194797 -0.004394 0.166201 -0.098603 0.190097 -0.100893 0.199298 -0.004806 0.156695 -0.099305 0.213993 -0.098497 0.200198 -0.014099 0.164004 -0.112398 0.223499 -0.093705 0.203403 -0.013305 0.1552 -0.112306 0.223499 -0.099198 0.168093 -0.135393 0.216297 -0.112306 0.154696 -0.135195 0.178607 -0.125002 0.225101 -0.112093 0.190204 -0.116594 0.153307 -0.176593 0.180697 -0.135302 0.212406 -0.135302 0.190204 -0.135195 0.179599 -0.183703 0.201801 -0.125002 0.190204 -0.125002 0.190997 -0.184207 0.199695 -0.135302 0.202304 -0.183597 0.214405 -0.1823 0.228397 -0.176394 0.225803 -0.134905 0.044602 -0.090302 0.050904 -0.101503 0.050797 -0.090302 0.044403 -0.101106 0.056992 -0.090302 0.057404 -0.100999 0.037293 -0.090302 0.036606 -0.100404 0.064301 -0.090104 0.065095 -0.100206 0.055802 -0.041794 0.051392 -0.040604 0.051499 -0.043305 0.055497 -0.044495 0.047104 -0.041794 0.060593 -0.043701 0.047394 -0.044495 0.0598 -0.046402 0.042298 -0.043793 0.064606 -0.045899 0.063294 -0.048798 0.043106 -0.046494 0.068894 -0.049607 0.0383 -0.046097 0.039704 -0.048996 0.065705 -0.051499 0.034103 -0.049805 0.037399 -0.051697 0.099794 -0.123796 0.094102 -0.133104 0.100801 -0.138598 0.106996 -0.123903 0.094895 -0.139193 0.107805 -0.138003 0.106401 -0.113695 0.115404 -0.123507 0.099 -0.114595 0.1019 -0.149401 0.115694 -0.137499 0.115099 -0.113207 0.106203 -0.105501 0.121508 -0.123293 0.121401 -0.112993 0.114794 -0.104799 0.121599 -0.137301 0.121294 -0.104601 0.127596 -0.137301 0.127504 -0.123293 0.127703 -0.1131 0.1355 -0.137697 0.136004 -0.123598 0.127794 -0.104707 0.142504 -0.138201 0.136294 -0.113405 0.143206 -0.123293 0.141604 -0.149004 0.136294 -0.105196 0.149096 -0.132494 0.135103 -0.148394 0.148394 -0.138598 0.143801 -0.114107 0.1402 -0.164401 0.146899 -0.149798 0.144396 -0.105898 0.134295 -0.164004 0.144701 -0.164797 0.138796 -0.178393 0.127596 -0.148196 0.142306 -0.178607 0.127306 -0.163699 0.133501 -0.178103 0.139895 -0.193896 0.121798 -0.148196 0.136995 -0.193805 0.121904 -0.163699 0.127398 -0.178195 0.132403 -0.1935 0.116503 -0.163897 0.127703 -0.193195 0.122103 -0.178195 0.115908 -0.148302 0.122194 -0.192905 0.116701 -0.178302 0.109606 -0.164202 0.116701 -0.193393 0.110597 -0.178302 0.1084 -0.148699 0.112093 -0.193698 0.105303 -0.178698 0.1037 -0.164797 0.1075 -0.194095 0.099198 -0.165301 0.104601 -0.194293 0.1019 -0.179004 0.096604 -0.150301 0.119707 -0.100404 0.114595 -0.085801 0.1187 -0.1019 0.116197 -0.085603 0.112795 -0.072297 0.111101 -0.072495 0.108904 -0.057801 0.107301 -0.057999 0.106096 -0.046997 0.104402 -0.047196 0.104494 -0.041199 0.102907 -0.041397 0.169406 -0.012405 0.164904 -0.0186 0.171496 -0.016907 0.1635 -0.015396 0.161501 -0.0186 0.159701 -0.040802 0.164904 -0.0186 0.156695 -0.040695 0.166094 -0.044205 0.171496 -0.016907 0.159701 -0.040802 0.164904 -0.0186 0.104494 -0.041199 0.105196 -0.030304 0.102907 -0.041397 0.106798 -0.030502 0.2309 -0.086594 0.229297 -0.075196 0.225895 -0.086503 0.232807 -0.099107 0.224796 -0.075196 0.229496 -0.100008 0.227405 -0.061295 0.222705 -0.061295 0.226001 -0.050705 0.220798 -0.050598 0.155093 -0.084092 0.147295 -0.096101 0.150301 -0.097093 0.149996 -0.083894 0.151797 -0.072602 0.156298 -0.072694 0.153796 -0.058793 0.158495 -0.058793 0.155001 -0.048203 0.160098 -0.047898 0.144793 -0.046295 0.143999 -0.057297 0.146502 -0.046402 0.142397 -0.057206 0.146105 -0.040405 0.140795 -0.072007 0.147799 -0.040604 0.139101 -0.071793 0.137896 -0.085297 0.136294 -0.085206 0.133501 -0.100206 0.134493 -0.101701 0.057206 -0.1028 0.065095 -0.100206 0.057404 -0.100999 0.065995 -0.101701 0.050904 -0.101503 0.050904 -0.103502 0.044602 -0.102907 0.044403 -0.101106 0.036606 -0.100404 0.035797 -0.1019 0.035004 -0.036392 0.036804 -0.0336 0.033707 -0.035095 0.037705 -0.035492 0.040894 -0.031998 0.041794 -0.033707 0.046295 -0.030106 0.046005 -0.032105 0.051392 -0.031097 0.0513 -0.029205 0.056397 -0.029999 0.056702 -0.031998 0.061005 -0.0336 0.061799 -0.031799 0.065201 -0.035294 0.065995 -0.033402 0.067902 -0.036194 0.069092 -0.034897 0.051194 -0.004699 0.044403 -0.0074 0.051194 -0.007293 0.0439 -0.004898 0.057999 -0.0074 0.034805 -0.005294 0.035095 -0.007797 0.058594 -0.004898 0.026306 -0.005706 0.025406 -0.008499 0.067597 -0.005294 0.019394 -0.005798 0.067307 -0.007904 0.018295 -0.009002 0.076096 -0.005706 0.076997 -0.008606 0.011596 -0.009201 0.0831 -0.005798 0.084199 -0.009002 0.009994 -0.003494 0.090898 -0.009292 0.0925 -0.003601 0.101106 -0.011795 0.102907 -0.021896 0.102998 -0.013595 0.104707 -0.021606 0.105196 -0.030304 0.106798 -0.030502 0.050797 -0.090302 0.044907 -0.088807 0.044602 -0.090302 0.050797 -0.088593 0.056702 -0.0887 0.037293 -0.090302 0.036697 -0.089097 0.056992 -0.090302 0.064301 -0.090104 0.064896 -0.088899 0.166094 -0.044205 0.158297 -0.043396 0.163897 -0.048905 0.159701 -0.040802 0.139803 -0.007202 0.146593 -0.012695 0.148501 -0.010803 0.139193 -0.009704 0.131197 -0.004699 0.130999 -0.0074 0.124697 -0.006393 0.124605 -0.003601 0.118105 -0.005004 0.118395 -0.007705 0.110307 -0.010299 0.109606 -0.007797 0.102998 -0.013595 0.101106 -0.011795 0.145098 -0.029495 0.147005 -0.020996 0.145205 -0.020798 0.143496 -0.0298 0.146593 -0.012695 0.148501 -0.010803 0.209796 -0.017196 0.214405 -0.044602 0.220905 -0.041397 0.216297 -0.019104 0.177905 -0.013 0.178302 -0.005004 0.174807 -0.005493 0.171496 -0.016907 0.200702 -0.019394 0.195407 -0.020599 0.206897 -0.018005 0.206897 -0.005798 0.209796 -0.017196 0.203403 -0.005294 0.145098 -0.029495 0.146105 -0.040405 0.147799 -0.040604 0.143496 -0.0298 0.219699 -0.019104 0.220905 -0.041397 0.223804 -0.041397 0.216297 -0.019104 0.216297 -0.019104 0.211902 -0.012802 0.209796 -0.017196 0.2177 -0.015899 0.068894 -0.049607 0.072098 -0.061402 0.0766 -0.059403 0.065705 -0.051499 0.034103 -0.049805 0.031097 -0.061707 0.037399 -0.051697 0.026504 -0.0598 0.036102 -0.089601 0.036606 -0.100404 0.037293 -0.090302 0.035294 -0.101503 0.167498 -0.182498 0.222202 -0.044007 0.214405 -0.044602 0.216403 -0.049393 0.220905 -0.041397 0.065095 -0.100206 0.065507 -0.089295 0.064301 -0.090104 0.066498 -0.101305 0.098207 -0.106401 0.114504 -0.295705 0.114199 -0.322896 0.123995 -0.295796 0.124498 -0.322805 0.130907 -0.322896 0.130907 -0.295796 0.138903 -0.322805 0.139193 -0.295705 0.148104 -0.322805 0.147997 -0.295705 0.154894 -0.295705 0.155093 -0.322698 0.162005 -0.322698 0.161807 -0.295598 0.170504 -0.295399 0.171298 -0.322606 0.178805 -0.295506 0.179202 -0.322499 0.185702 -0.295399 0.185595 -0.322393 0.195895 -0.322301 0.1953 -0.295094 0.148104 -0.322805 0.155093 -0.325399 0.155093 -0.322698 0.147601 -0.325505 0.162005 -0.322698 0.162493 -0.325399 0.138598 -0.325704 0.171603 -0.325505 0.138903 -0.322805 0.171298 -0.322606 0.179202 -0.322499 0.130907 -0.322896 0.179797 -0.325399 0.130297 -0.325795 0.124498 -0.322805 0.185595 -0.322393 0.124102 -0.325597 0.186099 -0.3252 0.195895 -0.322301 0.114199 -0.322896 0.196902 -0.324804 0.113298 -0.325399 0.305806 -0.987793 0.312306 -0.995697 0.312306 -0.987793 0.305806 -0.995697 0.323796 -0.9879 0.332601 -0.995697 0.294301 -0.987793 0.305592 -0.947601 0.288808 -0.995697 0.332296 -0.947601 0.312001 -0.947601 0.288594 -0.947601 0.323598 -0.947601 0.293996 -0.947601 0.242695 -0.123095 0.238193 -0.110307 0.237995 -0.123095 0.242695 -0.110307 0.242695 -0.127794 0.346807 -0.127703 0.346807 -0.123003 0.242695 -0.123095 0.351293 -0.110307 0.351507 -0.091706 0.346807 -0.091706 0.346807 -0.110307 0.238193 -0.110307 0.242695 -0.0878 0.237995 -0.0878 0.242695 -0.110307 0.339498 -0.088502 0.257496 -0.088593 0.257496 -0.093293 0.339498 -0.093202 0.242695 -0.140505 0.346807 -0.140398 0.242695 -0.127794 0.257496 -0.157504 0.346807 -0.127703 0.339498 -0.157504 0.445502 -0.823301 0.425696 -0.872694 0.445701 -0.872694 0.425696 -0.823301 0.452506 -0.823301 0.425696 -0.915297 0.425696 -0.790204 0.452506 -0.872694 0.446006 -0.915297 0.445502 -0.790204 0.469703 -0.823301 0.452506 -0.915297 0.469398 -0.872694 0.469398 -0.915297 0.305699 -0.773297 0.284794 -0.728099 0.283604 -0.773297 0.305699 -0.728099 0.312093 -0.728206 0.312001 -0.773098 0.294102 -0.891798 0.305592 -0.891798 0.305699 -0.883299 0.288701 -0.883207 0.288594 -0.947601 0.312093 -0.883299 0.312093 -0.891905 0.293996 -0.947601 0.305592 -0.947601 0.323705 -0.891798 0.312001 -0.947601 0.332403 -0.883299 0.332296 -0.947601 0.323598 -0.947601 0.346807 -0.110307 0.257496 -0.093293 0.242695 -0.110307 0.339498 -0.093202 0.242695 -0.123095 0.346807 -0.123003 0.374899 -0.970108 0.426093 -0.977798 0.426093 -0.969802 0.374899 -0.977996 0.566293 -0.914595 0.596201 -0.889494 0.557107 -0.893706 0.598901 -0.910002 0.539696 -0.945495 0.552499 -0.963897 0.664805 -0.963195 0.669093 -0.9393 0.658198 -0.958801 0.678492 -0.945495 0.639704 -0.911101 0.658198 -0.958801 0.669093 -0.9393 0.646906 -0.889403 0.607507 -0.888899 0.606806 -0.909606 0.596201 -0.889494 0.606806 -0.909606 0.607507 -0.888899 0.598901 -0.910002 0.490394 -0.971893 0.471901 -0.924193 0.461006 -0.943801 0.483207 -0.993606 0.522606 -0.994095 0.523293 -0.973404 0.533898 -0.993606 0.531197 -0.973098 0.522606 -0.994095 0.523293 -0.973404 0.563806 -0.968399 0.533898 -0.993606 0.573007 -0.989395 0.531197 -0.973098 0.590402 -0.937606 0.5776 -0.919203 0.465293 -0.919905 0.451606 -0.937606 0.471901 -0.924193 0.461006 -0.943801 0.351293 -0.110307 0.346807 -0.123003 0.351507 -0.123003 0.346807 -0.110307 0.374594 -0.992599 0.341695 -0.984604 0.341695 -0.992493 0.374594 -0.984604 0.420294 -0.872602 0.420294 -0.911803 0.425696 -0.872694 0.420401 -0.823407 0.425696 -0.915297 0.425696 -0.823301 0.420203 -0.792401 0.425696 -0.790204 0.420401 -0.911803 0.378195 -0.925505 0.378607 -0.932204 0.424201 -0.916899 0.337804 -0.768902 0.377005 -0.764508 0.337407 -0.745205 0.365393 -0.780804 0.354696 -0.789197 0.342397 -0.740001 0.405798 -0.810498 0.375601 -0.738506 0.337804 -0.865797 0.420203 -0.792401 0.354604 -0.865705 0.354604 -0.874998 0.420401 -0.823407 0.337804 -0.880903 0.378103 -0.902602 0.405798 -0.8719 0.378195 -0.925505 0.420294 -0.872602 0.405798 -0.896101 0.420401 -0.911803 0.377295 -0.733394 0.338903 -0.736294 0.342397 -0.740001 0.375601 -0.738506 0.400397 -0.885893 0.403098 -0.867094 0.400305 -0.867094 0.403204 -0.888395 0.400198 -0.814603 0.403006 -0.812894 0.367193 -0.790295 0.400198 -0.814603 0.402899 -0.812696 0.367407 -0.786099 0.360296 -0.861097 0.360204 -0.796307 0.357504 -0.861097 0.360296 -0.867506 0.357397 -0.793698 0.357504 -0.869398 0.400397 -0.885893 0.378302 -0.890105 0.378393 -0.894301 0.400305 -0.867094 0.402899 -0.888701 0.372793 -0.861494 0.360296 -0.867506 0.400198 -0.814603 0.360296 -0.861097 0.367193 -0.790295 0.360204 -0.796307 0.338293 -0.258 0.338201 -0.167407 0.335698 -0.167407 0.335805 -0.258 0.325093 -0.164904 0.335698 -0.167407 0.336996 -0.165301 0.3187 -0.167498 0.003494 -0.395499 0.003997 -0.492607 0.038407 -0.472999 0.037506 -0.379995 0.057892 -0.4607 0.057206 -0.373205 0.070099 -0.454307 0.069504 -0.375006 0.077302 -0.378302 0.077698 -0.451606 0.083207 -0.381292 0.084199 -0.450996 0.089402 -0.385595 0.089997 -0.451606 0.097596 -0.393606 0.097703 -0.452995 0.105104 -0.401602 0.105592 -0.454993 0.119905 -0.413993 0.119707 -0.457893 0.007202 -0.497398 0.038498 -0.497795 0.038407 -0.472999 0.013595 -0.515999 0.054902 -0.491295 0.057892 -0.4607 0.066102 -0.488197 0.071 -0.456703 0.073197 -0.485695 0.079102 -0.456199 0.085297 -0.458106 0.080293 -0.484504 0.089692 -0.461906 0.085603 -0.483803 0.094804 -0.467796 0.091493 -0.486397 0.098695 -0.474907 0.094697 -0.489403 0.104906 -0.487907 0.098298 -0.500404 0.614694 -0.284993 0.627405 -0.303594 0.629297 -0.276295 0.613993 -0.311696 0.616907 -0.256703 0.641199 -0.293294 0.601205 -0.292897 0.602502 -0.263905 0.646097 -0.265599 0.583993 -0.303395 0.604395 -0.232502 0.657404 -0.282506 0.635599 -0.248295 0.587701 -0.270802 0.623301 -0.226001 0.682994 -0.265202 0.569497 -0.280705 0.590097 -0.2374 0.635294 -0.2477 0.587503 -0.270405 0.6168 -0.204105 0.564996 -0.283207 0.576501 -0.241901 0.5832 -0.209598 0.578897 -0.306401 0.556603 -0.248203 0.598398 -0.207004 0.567895 -0.212802 0.568093 -0.277699 0.547601 -0.217594 0.551202 -0.2495 0.542702 -0.218799 0.563195 -0.2795 0.652705 -0.198001 0.656703 -0.214099 0.6654 -0.232303 0.580102 -0.185794 0.594903 -0.159396 0.578607 -0.158007 0.594995 -0.184802 0.598199 -0.134707 0.614099 -0.183093 0.617105 -0.140993 0.614206 -0.161395 0.623896 -0.123003 0.564797 -0.186603 0.650599 -0.179995 0.605798 -0.112993 0.616693 -0.203693 0.651301 -0.165805 0.583902 -0.129793 0.652399 -0.196307 0.592996 -0.106004 0.563607 -0.156405 0.603601 -0.089005 0.568399 -0.124498 0.5879 -0.078706 0.543694 -0.152697 0.577005 -0.096803 0.596704 -0.067505 0.551095 -0.118898 0.562493 -0.087693 0.611002 -0.079194 0.539605 -0.151705 0.576593 -0.097596 0.615198 -0.096803 0.546899 -0.117601 0.560906 -0.090699 0.557107 -0.089204 0.715206 -0.398199 0.732998 -0.435004 0.733303 -0.398398 0.712596 -0.435203 0.721599 -0.381201 0.743999 -0.434897 0.734096 -0.381094 0.743694 -0.398306 0.729 -0.3682 0.755993 -0.398306 0.740993 -0.353994 0.751293 -0.380896 0.756298 -0.434806 0.755398 -0.345403 0.764294 -0.410407 0.755795 -0.381094 0.764401 -0.431998 0.759701 -0.344793 0.764004 -0.352499 0.764096 -0.371298 0.221103 -0.596597 0.205097 -0.612207 0.220996 -0.612406 0.205097 -0.596597 0.237507 -0.612299 0.205097 -0.629206 0.237507 -0.629297 0.237598 -0.596597 0.220996 -0.629297 0.247807 -0.629297 0.247807 -0.612299 0.255207 -0.612299 0.247898 -0.596704 0.255207 -0.629297 0.255299 -0.596704 0.355505 -0.513405 0.340993 -0.524498 0.355505 -0.524498 0.340993 -0.513405 0.375601 -0.513497 0.355505 -0.536797 0.313405 -0.513298 0.375601 -0.493095 0.375494 -0.536797 0.340993 -0.536797 0.355596 -0.493095 0.375601 -0.524498 0.312795 -0.524498 0.392096 -0.496101 0.340002 -0.493004 0.392096 -0.513497 0.320607 -0.493004 0.392096 -0.530495 0.391897 -0.536797 0.408392 -0.536904 0.408392 -0.530602 0.422507 -0.536904 0.422507 -0.530602 0.432105 -0.536904 0.432105 -0.530602 0.440604 -0.536904 0.440604 -0.530602 0.444099 -0.536904 0.444099 -0.524605 0.440604 -0.513603 0.454597 -0.536904 0.444099 -0.513603 0.454597 -0.524605 0.464195 -0.536904 0.440604 -0.496193 0.464302 -0.524605 0.454704 -0.513603 0.444099 -0.493294 0.464393 -0.513603 0.432105 -0.493202 0.454704 -0.493294 0.432105 -0.496193 0.422507 -0.496193 0.4645 -0.493294 0.422507 -0.493202 0.408499 -0.496193 0.408499 -0.493202 0.392096 -0.493095 0.237507 -0.629297 0.222599 -0.639994 0.236606 -0.639994 0.220996 -0.629297 0.247501 -0.6318 0.205295 -0.632303 0.246204 -0.641505 0.2065 -0.642802 0.254505 -0.634104 0.254307 -0.643702 0.6309 -0.107698 0.635996 -0.100496 0.622003 -0.088502 0.662394 -0.130694 0.624201 -0.122301 0.629892 -0.080796 0.658396 -0.140597 0.642298 -0.094193 0.667308 -0.122103 0.619394 -0.069901 0.606104 -0.056702 0.593698 -0.045105 0.583398 -0.056794 0.590402 -0.042206 0.5738 -0.069199 0.580301 -0.0542 0.570794 -0.067093 0.559106 -0.085603 0.851408 -0.2748 0.868299 -0.305303 0.876799 -0.298299 0.845197 -0.282002 0.826398 -0.258701 0.885893 -0.329 0.8224 -0.266194 0.895903 -0.323003 0.803296 -0.256703 0.807294 -0.248402 0.908904 -0.346197 0.792493 -0.243198 0.898405 -0.351797 0.921798 -0.375204 0.789807 -0.252003 0.910002 -0.380102 0.775998 -0.248203 0.777401 -0.239597 0.930602 -0.406104 0.919203 -0.409201 0.934096 -0.432807 0.923095 -0.434608 0.935805 -0.457404 0.924697 -0.459098 0.097398 -0.948699 0.074799 -0.948608 0.095597 -0.983597 0.071397 -0.951705 0.071397 -0.983597 0.338903 -0.736294 0.377295 -0.733394 0.337407 -0.732006 0.376501 -0.727306 0.425406 -0.712093 0.425696 -0.737408 0.431495 -0.711498 0.444602 -0.737606 0.332692 -0.741207 0.338903 -0.736294 0.337407 -0.732006 0.328801 -0.734295 0.305699 -0.728099 0.288502 -0.6589 0.284794 -0.728099 0.305501 -0.658793 0.312398 -0.658793 0.312093 -0.728206 0.316304 -0.734401 0.332998 -0.684596 0.312093 -0.728206 0.312398 -0.658793 0.614298 -0.160906 0.653193 -0.154696 0.656901 -0.143206 0.651606 -0.164294 0.255207 -0.629297 0.264805 -0.612406 0.255207 -0.612299 0.264805 -0.629404 0.255299 -0.596704 0.264805 -0.594995 0.544396 -0.187198 0.547005 -0.214099 0.563607 -0.157198 0.567697 -0.2121 0.543297 -0.156497 0.542 -0.214298 0.540002 -0.187594 0.539101 -0.156298 0.666407 -0.234195 0.673594 -0.248203 0.324895 -0.742 0.332403 -0.768093 0.332403 -0.741894 0.312001 -0.773098 0.332403 -0.865904 0.312398 -0.865904 0.305699 -0.773297 0.332403 -0.883299 0.305699 -0.865904 0.312093 -0.883299 0.287907 -0.865705 0.305699 -0.883299 0.283604 -0.773297 0.288701 -0.883207 0.312505 -0.537606 0.423606 -0.552804 0.404395 -0.540993 0.403693 -0.549996 0.425101 -0.543603 0.437903 -0.555306 0.387304 -0.540307 0.439307 -0.546105 0.387396 -0.549294 0.466102 -0.559197 0.467201 -0.551598 0.370901 -0.549706 0.370596 -0.540902 0.356893 -0.551095 0.355795 -0.542504 0.347402 -0.552605 0.345998 -0.544106 0.339101 -0.554299 0.337301 -0.545693 0.335698 -0.555093 0.330205 -0.547494 0.325399 -0.557794 0.321798 -0.549798 0.312993 -0.552804 0.316304 -0.560601 0.747494 -0.277607 0.748699 -0.289998 0.750698 -0.279103 0.745403 -0.288899 0.746593 -0.300496 0.749996 -0.301503 0.751904 -0.313207 0.755199 -0.314397 0.651698 -0.391897 0.654002 -0.420005 0.661204 -0.415702 0.659007 -0.388602 0.651804 -0.374304 0.664897 -0.437705 0.669505 -0.411795 0.659007 -0.370398 0.658701 -0.444404 0.667704 -0.385 0.672297 -0.431693 0.667506 -0.366201 0.6822 -0.4262 0.678096 -0.381704 0.679301 -0.408392 0.677699 -0.362005 0.779904 -0.112795 0.771206 -0.103593 0.771206 -0.112795 0.782895 -0.103593 0.777203 -0.121996 0.771206 -0.094407 0.771206 -0.121996 0.7879 -0.094499 0.776196 -0.131106 0.771298 -0.085297 0.771206 -0.131106 0.792004 -0.085297 0.771298 -0.076096 0.798199 -0.076096 0.771298 -0.066895 0.803601 -0.067002 0.771298 -0.057801 0.8159 -0.057801 0.771298 -0.0486 0.818204 -0.048706 0.809796 -0.039505 0.771405 -0.039398 0.792599 -0.030304 0.771405 -0.030197 0.780499 -0.021103 0.771405 -0.021103 0.777295 -0.011902 0.771405 -0.011902 0.776501 -0.0027 0.771405 -0.0027 0.949401 -0.388006 0.940505 -0.384207 0.941299 -0.388403 0.949706 -0.383597 0.957504 -0.389303 0.958694 -0.385199 0.967102 -0.3888 0.964996 -0.392493 0.974502 -0.394202 0.971603 -0.397406 0.976898 -0.403601 0.980499 -0.401099 0.984695 -0.409293 0.980606 -0.410803 0.986893 -0.418204 0.982605 -0.418799 0.982696 -0.426902 0.987106 -0.427405 0.981003 -0.434897 0.985107 -0.436301 0.981094 -0.444602 0.977493 -0.442298 0.972305 -0.4486 0.975402 -0.451698 0.965896 -0.453696 0.9682 -0.457404 0.959792 -0.461204 0.958495 -0.457099 0.950805 -0.463004 0.9505 -0.458701 0.592493 -0.327001 0.597406 -0.323705 0.697704 -0.326207 0.723201 -0.304707 0.693996 -0.316503 0.726894 -0.315297 0.678706 -0.331807 0.7205 -0.294408 0.746593 -0.300496 0.745403 -0.288899 0.702007 -0.336706 0.750301 -0.313802 0.745693 -0.277302 0.681804 -0.341695 0.732403 -0.326604 0.685496 -0.352697 0.708003 -0.348501 0.690501 -0.365103 0.128603 -0.408194 0.119707 -0.457893 0.126604 -0.470207 0.119905 -0.413993 0.0831 -0.649195 0.047898 -0.641596 0.048203 -0.6495 0.084397 -0.627894 0.083802 -0.656794 0.047592 -0.620096 0.048996 -0.658198 0.033005 -0.648707 0.029007 -0.640604 0.084702 -0.664195 0.036499 -0.658198 0.026504 -0.620401 0.022598 -0.651606 0.085801 -0.675898 0.015304 -0.626596 0.019302 -0.641505 0.025101 -0.660807 0.009094 -0.632807 0.017303 -0.663905 0.013702 -0.653803 0.032394 -0.677607 0.003692 -0.657694 0.011795 -0.643595 0.039704 -0.674998 0.005294 -0.668803 0.048203 -0.674205 0.024307 -0.6813 0.004303 -0.646097 0.014602 -0.685603 0.005905 -0.638605 0.143099 -0.400702 0.135393 -0.475593 0.143099 -0.479194 0.136095 -0.403693 0.151507 -0.400702 0.143099 -0.479194 0.1523 -0.482902 0.143099 -0.400702 0.187701 -0.4103 0.1523 -0.482902 0.188693 -0.499596 0.151507 -0.400702 0.829694 -0.469505 0.908202 -0.471595 0.900893 -0.463004 0.832303 -0.462196 0.908003 -0.477501 0.829694 -0.469505 0.829297 -0.482506 0.908202 -0.471595 0.908003 -0.477501 0.829297 -0.482506 0.905196 -0.497704 0.827802 -0.493599 0.324102 -0.259907 0.337102 -0.260105 0.335805 -0.258 0.318807 -0.258 0.8009 -0.203296 0.848295 -0.176806 0.795499 -0.179202 0.847105 -0.1664 0.850202 -0.185504 0.8009 -0.203296 0.807706 -0.220905 0.848295 -0.176806 0.8533 -0.195895 0.813901 -0.232105 0.856001 -0.201205 0.807706 -0.220905 0.850202 -0.185504 0.816205 -0.235798 0.8224 -0.076096 0.808606 -0.101106 0.854002 -0.118807 0.862593 -0.100893 0.838407 -0.053299 0.800397 -0.123003 0.875807 -0.0822 0.848798 -0.137407 0.854994 -0.037506 0.795605 -0.149294 0.885893 -0.070405 0.846799 -0.154696 0.864607 -0.030304 0.895796 -0.059693 0.847105 -0.1664 0.795499 -0.179202 0.895903 -0.413703 0.894194 -0.437293 0.905806 -0.438895 0.907607 -0.413306 0.895903 -0.413703 0.903105 -0.383093 0.8916 -0.385504 0.907607 -0.413306 0.884199 -0.357397 0.8916 -0.385504 0.903105 -0.383093 0.895293 -0.353597 0.874693 -0.335393 0.884199 -0.357397 0.895293 -0.353597 0.884901 -0.329702 0.868299 -0.305303 0.874693 -0.335393 0.884901 -0.329702 0.859297 -0.312795 0.868299 -0.305303 0.845197 -0.282002 0.837797 -0.291096 0.859297 -0.312795 0.821698 -0.267308 0.837797 -0.291096 0.845197 -0.282002 0.816297 -0.277699 0.801999 -0.259205 0.816297 -0.277699 0.821698 -0.267308 0.798398 -0.270298 0.788098 -0.255802 0.798398 -0.270298 0.801999 -0.259205 0.785702 -0.267308 0.778805 -0.265995 0.788098 -0.255802 0.773999 -0.253407 0.785702 -0.267308 0.773999 -0.253407 0.773007 -0.272206 0.778805 -0.265995 0.775998 -0.323293 0.779004 -0.335698 0.783398 -0.324895 0.770108 -0.332906 0.792493 -0.329595 0.783398 -0.324895 0.779004 -0.335698 0.786603 -0.339696 0.792493 -0.329595 0.792905 -0.343603 0.799695 -0.334096 0.786603 -0.339696 0.807401 -0.340398 0.799695 -0.334096 0.792905 -0.343603 0.799802 -0.349203 0.807401 -0.340398 0.807004 -0.355901 0.815595 -0.347997 0.799802 -0.349203 0.815595 -0.347997 0.816205 -0.367697 0.826001 -0.361303 0.807004 -0.355901 0.824002 -0.382406 0.826001 -0.361303 0.816205 -0.367697 0.834806 -0.377798 0.829404 -0.398703 0.834806 -0.377798 0.824002 -0.382406 0.840803 -0.396094 0.843702 -0.418402 0.829404 -0.398703 0.832105 -0.419394 0.840803 -0.396094 0.844205 -0.433707 0.832105 -0.419394 0.832502 -0.433799 0.843702 -0.418402 0.844099 -0.450706 0.832502 -0.433799 0.832303 -0.462196 0.844205 -0.433707 0.900893 -0.463004 0.844099 -0.450706 0.832303 -0.462196 0.891402 -0.451194 0.891402 -0.451194 0.905806 -0.438895 0.894194 -0.437293 0.900893 -0.463004 0.194507 -0.612207 0.205097 -0.596597 0.194598 -0.594797 0.205097 -0.612207 0.205097 -0.629206 0.194507 -0.629206 0.708003 -0.348501 0.733898 -0.329793 0.732403 -0.326604 0.709606 -0.351598 0.753002 -0.319203 0.691402 -0.365698 0.751507 -0.315999 0.692897 -0.368902 0.721401 -0.283497 0.694301 -0.304402 0.697002 -0.306599 0.724102 -0.285695 0.740505 -0.273899 0.677501 -0.329595 0.743206 -0.276005 0.6748 -0.327398 0.945098 -0.420005 0.971298 -0.431693 0.977493 -0.426505 0.948806 -0.427298 0.980896 -0.418998 0.955398 -0.432196 0.9449 -0.411795 0.948196 -0.404395 0.963394 -0.433799 0.980606 -0.410803 0.976898 -0.403601 0.954406 -0.3991 0.970397 -0.398703 0.962295 -0.397101 0.237598 -0.596597 0.222705 -0.585702 0.221103 -0.596597 0.236698 -0.585794 0.205402 -0.593606 0.2065 -0.583001 0.247593 -0.594202 0.246204 -0.584405 0.254597 -0.591806 0.254398 -0.582101 0.333196 -0.884596 0.378195 -0.925505 0.337804 -0.880903 0.376699 -0.932006 0.135393 -0.475593 0.136095 -0.403693 0.128603 -0.408194 0.126604 -0.470207 0.235004 -0.475502 0.234897 -0.446998 0.228 -0.475593 0.241993 -0.475593 0.227207 -0.447196 0.242695 -0.447105 0.220996 -0.475898 0.219501 -0.447394 0.250401 -0.447394 0.211902 -0.447898 0.213993 -0.476295 0.249104 -0.475807 0.204196 -0.4486 0.258 -0.447806 0.207004 -0.476905 0.256107 -0.476204 0.263096 -0.476799 0.2 -0.477699 0.265705 -0.448402 0.2701 -0.477501 0.196506 -0.449393 0.273396 -0.449302 0.194507 -0.699306 0.181399 -0.7093 0.194705 -0.704601 0.178103 -0.705104 0.186603 -0.710796 0.167193 -0.708507 0.191196 -0.695094 0.205402 -0.695796 0.186404 -0.722194 0.177798 -0.699702 0.205707 -0.7084 0.174594 -0.718395 0.197894 -0.685893 0.198199 -0.718395 0.166796 -0.695994 0.186007 -0.693599 0.191699 -0.708995 0.180896 -0.695293 0.186206 -0.6822 0.174395 -0.685893 0.262394 -0.484993 0.261906 -0.513603 0.273304 -0.485298 0.251392 -0.484901 0.272297 -0.513802 0.251392 -0.513603 0.241001 -0.513695 0.240406 -0.4851 0.230701 -0.513893 0.229496 -0.485405 0.199603 -0.5149 0.209003 -0.485893 0.198093 -0.486397 0.209995 -0.514397 0.220295 -0.514199 0.220005 -0.485695 0.016098 -0.709499 0.041504 -0.702205 0.016098 -0.702098 0.041504 -0.708995 0.293797 -0.485801 0.303304 -0.514702 0.304799 -0.486198 0.292897 -0.514305 0.282902 -0.485496 0.282597 -0.514107 0.041794 -0.739406 0.015594 -0.727703 0.016403 -0.739193 0.044007 -0.728603 0.004394 -0.737194 0.016495 -0.746593 0.016403 -0.739193 0.004394 -0.748699 0.041794 -0.746197 0.015701 -0.758099 0.044098 -0.757 0.016495 -0.746593 0.041504 -0.708995 0.052292 -0.700404 0.041504 -0.702205 0.052292 -0.710704 0.041504 -0.702205 0.015198 -0.690501 0.016098 -0.702098 0.043595 -0.691402 0.003997 -0.700099 0.004104 -0.711498 0.016098 -0.709499 0.016098 -0.702098 0.041504 -0.708995 0.015396 -0.721004 0.043701 -0.719799 0.016098 -0.709499 0.251392 -0.513603 0.241001 -0.513695 0.241199 -0.527901 0.251499 -0.527794 0.261707 -0.527901 0.231006 -0.528099 0.230701 -0.513893 0.261906 -0.513603 0.220295 -0.514199 0.220706 -0.528405 0.272297 -0.513802 0.209995 -0.514397 0.272007 -0.527993 0.210498 -0.528695 0.282597 -0.514107 0.2822 -0.528298 0.200198 -0.529107 0.2925 -0.528496 0.292897 -0.514305 0.199603 -0.5149 0.3028 -0.528893 0.303304 -0.514702 0.313497 -0.418296 0.304799 -0.424506 0.312505 -0.424201 0.303304 -0.418799 0.323095 -0.422293 0.294194 -0.423606 0.3196 -0.4271 0.324804 -0.432807 0.297993 -0.428107 0.330007 -0.429801 0.333104 -0.439704 0.327199 -0.440207 0.326101 -0.447806 0.331701 -0.449897 0.321996 -0.454307 0.326101 -0.458503 0.317403 -0.463996 0.315404 -0.458396 0.307195 -0.465202 0.307805 -0.459297 0.297398 -0.462104 0.300496 -0.456901 0.168597 -0.767605 0.161898 -0.764202 0.161593 -0.768597 0.167102 -0.763394 0.154803 -0.766796 0.156802 -0.762798 0.149294 -0.762493 0.152605 -0.759594 0.149905 -0.755001 0.1458 -0.756405 0.1449 -0.749401 0.149294 -0.749706 0.150698 -0.744595 0.146807 -0.742596 0.153994 -0.740505 0.151095 -0.737102 0.157198 -0.7337 0.158602 -0.737896 0.164202 -0.732906 0.163806 -0.737301 0.170993 -0.734798 0.168902 -0.738705 0.063996 -0.703304 0.063996 -0.693904 0.058701 -0.703304 0.069306 -0.703304 0.058701 -0.693904 0.069306 -0.693904 0.074601 -0.703304 0.074601 -0.693904 0.079896 -0.693904 0.079896 -0.703304 0.085206 -0.693904 0.085206 -0.703304 0.090501 -0.703304 0.090501 -0.693904 0.095796 -0.693904 0.095796 -0.703304 0.101106 -0.693904 0.101106 -0.703304 0.106401 -0.703304 0.106401 -0.693904 0.111696 -0.703304 0.111696 -0.693904 0.135698 -0.689006 0.133501 -0.684092 0.119493 -0.685603 0.118395 -0.690898 0.1346 -0.694301 0.123507 -0.682002 0.120607 -0.695796 0.128801 -0.681407 0.130694 -0.697902 0.125307 -0.698497 0.041794 -0.739406 0.016403 -0.739193 0.041794 -0.746197 0.016495 -0.746593 0.041794 -0.746197 0.052704 -0.737606 0.041794 -0.739406 0.052704 -0.747906 0.854994 -0.037506 0.831495 -0.047303 0.838407 -0.053299 0.848997 -0.030594 0.864607 -0.030304 0.814603 -0.071198 0.860395 -0.021698 0.8224 -0.076096 0.800305 -0.0972 0.808606 -0.101106 0.791501 -0.120501 0.800397 -0.123003 0.795605 -0.149294 0.786404 -0.148501 0.795499 -0.179202 0.786404 -0.180102 0.8009 -0.203296 0.792004 -0.205997 0.807706 -0.220905 0.799298 -0.224704 0.805798 -0.236606 0.813901 -0.232105 0.809506 -0.242893 0.816205 -0.235798 0.856001 -0.201205 0.861799 -0.192798 0.8533 -0.195895 0.864805 -0.199496 0.850202 -0.185504 0.859007 -0.183307 0.848295 -0.176806 0.857206 -0.175296 0.847105 -0.1664 0.856107 -0.165805 0.846799 -0.154696 0.855802 -0.155093 0.848798 -0.137407 0.857603 -0.139101 0.854002 -0.118807 0.862394 -0.121996 0.870298 -0.105394 0.862593 -0.100893 0.882902 -0.087693 0.875807 -0.0822 0.892607 -0.076401 0.885893 -0.070405 0.895796 -0.059693 0.904005 -0.064103 0.895796 -0.059693 0.869398 -0.0224 0.864607 -0.030304 0.903807 -0.054703 0.8636 -0.206699 0.816205 -0.235798 0.820203 -0.244404 0.856001 -0.201205 0.346899 -0.446006 0.3402 -0.441993 0.339803 -0.445396 0.347204 -0.442802 0.339406 -0.448798 0.340703 -0.438697 0.347601 -0.439704 0.346807 -0.449195 0.341207 -0.435493 0.348104 -0.436606 0.339193 -0.452399 0.341802 -0.432196 0.3467 -0.452506 0.348806 -0.433494 0.338994 -0.456001 0.346807 -0.455894 0.339193 -0.459693 0.347295 -0.459403 0.346899 -0.446006 0.351293 -0.443107 0.347204 -0.442802 0.351095 -0.446097 0.347601 -0.439704 0.351598 -0.440207 0.351003 -0.449195 0.351904 -0.437598 0.346807 -0.449195 0.348104 -0.436606 0.348806 -0.433494 0.3467 -0.452506 0.3523 -0.435203 0.351095 -0.452201 0.351202 -0.455207 0.346807 -0.455894 0.347295 -0.459403 0.351598 -0.457893 0.365698 -0.446204 0.3561 -0.443305 0.355993 -0.446296 0.365698 -0.443305 0.355993 -0.449302 0.365606 -0.440497 0.365805 -0.449104 0.351003 -0.449195 0.351293 -0.443107 0.375204 -0.443 0.365896 -0.452003 0.351095 -0.446097 0.3561 -0.440406 0.355993 -0.452201 0.375402 -0.448798 0.365606 -0.437705 0.351598 -0.440207 0.351095 -0.452201 0.375296 -0.445899 0.375204 -0.440207 0.375097 -0.437507 0.365606 -0.435096 0.381003 -0.440101 0.375097 -0.434897 0.356298 -0.435203 0.380896 -0.437507 0.381094 -0.442893 0.356207 -0.437705 0.383703 -0.4374 0.381094 -0.445701 0.383902 -0.439994 0.380896 -0.435096 0.3841 -0.445594 0.351904 -0.437598 0.383307 -0.435096 0.3523 -0.435203 0.383993 -0.442802 0.381201 -0.4486 0.384207 -0.448493 0.384207 -0.451194 0.381292 -0.451392 0.375494 -0.451698 0.381506 -0.453895 0.375708 -0.454398 0.384207 -0.453803 0.366003 -0.454795 0.375906 -0.457099 0.366094 -0.457603 0.381598 -0.456397 0.3561 -0.457801 0.383993 -0.456107 0.355993 -0.4551 0.351598 -0.457893 0.351202 -0.455207 0.386801 -0.445502 0.386892 -0.448402 0.392798 -0.445304 0.386694 -0.442496 0.392798 -0.448402 0.392798 -0.442206 0.392706 -0.451392 0.392493 -0.4392 0.386892 -0.451194 0.386603 -0.439597 0.392599 -0.454307 0.392203 -0.436194 0.386694 -0.454002 0.386297 -0.436805 0.386404 -0.456901 0.385702 -0.433997 0.392401 -0.457298 0.391806 -0.433204 0.386694 -0.442496 0.3841 -0.445594 0.386801 -0.445502 0.383993 -0.442802 0.386603 -0.439597 0.386892 -0.448402 0.383902 -0.439994 0.383703 -0.4374 0.384207 -0.448493 0.386297 -0.436805 0.386892 -0.451194 0.383307 -0.435096 0.384207 -0.451194 0.384207 -0.453803 0.385702 -0.433997 0.386694 -0.454002 0.383993 -0.456107 0.386404 -0.456901 0.376898 -0.475395 0.383597 -0.479103 0.383902 -0.475898 0.376699 -0.478599 0.384207 -0.472496 0.383307 -0.482307 0.376501 -0.481697 0.377005 -0.472206 0.382895 -0.485496 0.376104 -0.484703 0.384405 -0.469093 0.382605 -0.488701 0.377096 -0.468894 0.375601 -0.4878 0.384604 -0.465507 0.377005 -0.465599 0.384497 -0.461997 0.376699 -0.462104 0.376898 -0.475395 0.374197 -0.478492 0.376699 -0.478599 0.374304 -0.475395 0.376501 -0.481697 0.373907 -0.481498 0.374395 -0.472206 0.373602 -0.484306 0.377005 -0.472206 0.376104 -0.484703 0.375601 -0.4878 0.377096 -0.468894 0.373205 -0.4869 0.374304 -0.469093 0.374197 -0.465995 0.376699 -0.462104 0.377005 -0.465599 0.373907 -0.463096 0.357702 -0.475395 0.367605 -0.478294 0.367605 -0.475196 0.357794 -0.478294 0.367605 -0.472206 0.357794 -0.481102 0.357595 -0.472404 0.374395 -0.472206 0.374197 -0.478492 0.348196 -0.478599 0.357504 -0.469505 0.374304 -0.475395 0.367498 -0.481193 0.367498 -0.4692 0.347997 -0.472801 0.3579 -0.483894 0.373907 -0.481498 0.374304 -0.469093 0.348104 -0.4757 0.348302 -0.481407 0.348302 -0.484001 0.3579 -0.486595 0.342504 -0.481407 0.348302 -0.486595 0.367407 -0.486595 0.342596 -0.484001 0.342504 -0.478706 0.367407 -0.483894 0.339895 -0.484092 0.342397 -0.475898 0.339605 -0.481498 0.342596 -0.486397 0.339406 -0.476005 0.373602 -0.484306 0.340093 -0.486397 0.373205 -0.4869 0.339498 -0.478798 0.342306 -0.472999 0.3393 -0.473198 0.3393 -0.470405 0.342107 -0.470298 0.347906 -0.469902 0.342 -0.467796 0.347707 -0.467201 0.3393 -0.467903 0.357397 -0.466697 0.347494 -0.464607 0.357305 -0.463905 0.341802 -0.4654 0.3673 -0.463493 0.339406 -0.465705 0.367498 -0.4663 0.373907 -0.463096 0.374197 -0.465995 0.336797 -0.476097 0.336706 -0.473304 0.330907 -0.476295 0.336797 -0.478996 0.330907 -0.473304 0.330907 -0.479301 0.330999 -0.470405 0.331197 -0.482307 0.336706 -0.470497 0.336996 -0.481895 0.331106 -0.467506 0.331502 -0.485298 0.336797 -0.467704 0.337301 -0.484596 0.337102 -0.464897 0.337804 -0.487495 0.331197 -0.464607 0.331807 -0.488197 0.336797 -0.478996 0.339406 -0.476005 0.336797 -0.476097 0.339498 -0.478798 0.336996 -0.481895 0.336706 -0.473304 0.339605 -0.481498 0.339895 -0.484092 0.3393 -0.473198 0.337301 -0.484596 0.336706 -0.470497 0.340093 -0.486397 0.3393 -0.470405 0.3393 -0.467903 0.337804 -0.487495 0.336797 -0.467704 0.339406 -0.465705 0.337102 -0.464897 0.467002 -0.761593 0.4636 -0.764904 0.467002 -0.764706 0.4636 -0.7617 0.470497 -0.764904 0.470405 -0.7617 0.460197 -0.762097 0.473793 -0.762097 0.460197 -0.765301 0.473899 -0.765301 0.456794 -0.762493 0.477195 -0.762402 0.456794 -0.765805 0.477302 -0.765698 0.453407 -0.766094 0.453407 -0.762707 0.450004 -0.7626 0.450004 -0.765896 0.479103 -0.783902 0.487999 -0.783795 0.4804 -0.780697 0.486702 -0.786999 0.467308 -0.783993 0.476204 -0.783703 0.4748 -0.780606 0.468696 -0.787106 0.466804 -0.771099 0.463401 -0.774395 0.466804 -0.774197 0.463401 -0.771206 0.470298 -0.774395 0.470207 -0.771206 0.459998 -0.771603 0.473594 -0.771603 0.459998 -0.774807 0.473701 -0.774807 0.456596 -0.772 0.476997 -0.771893 0.456596 -0.775296 0.477104 -0.775204 0.453193 -0.775494 0.453193 -0.772198 0.449805 -0.772107 0.449805 -0.775402 0.4757 -0.796506 0.484596 -0.796506 0.476997 -0.793301 0.483299 -0.799695 0.483299 -0.793301 0.480095 -0.792004 0.6804 -0.890806 0.680293 -0.915206 0.683299 -0.893507 0.683207 -0.916503 0.335805 -0.258 0.3187 -0.167498 0.318807 -0.258 0.335698 -0.167407 0.374594 -0.992599 0.425803 -0.992599 0.425803 -0.984695 0.374594 -0.984604 0.420203 -0.737408 0.420096 -0.788693 0.425696 -0.737408 0.425696 -0.790204 0.685802 -0.366003 0.685496 -0.352697 0.682902 -0.3552 0.683497 -0.368597 0.679301 -0.344198 0.681804 -0.341695 0.675807 -0.333303 0.673594 -0.336095 0.771099 -0.311299 0.778805 -0.265995 0.773007 -0.272206 0.775998 -0.323293 0.337804 -0.768902 0.332403 -0.865904 0.337804 -0.865797 0.332403 -0.768093 0.337407 -0.745205 0.337804 -0.880903 0.332403 -0.883299 0.332692 -0.741207 0.420706 -0.714397 0.420203 -0.737408 0.425696 -0.737408 0.425406 -0.712093 0.367193 -0.790295 0.357595 -0.7935 0.360204 -0.796307 0.366995 -0.786099 0.357702 -0.869596 0.378103 -0.894194 0.378302 -0.890105 0.360296 -0.867506 0.994904 -0.954696 0.9879 -0.964401 0.994904 -0.964401 0.9879 -0.954696 0.9879 -0.964401 0.994995 -0.996094 0.994904 -0.964401 0.9879 -0.996094 0.987793 -0.913298 0.994904 -0.923003 0.994904 -0.913298 0.987793 -0.923003 0.987793 -0.923003 0.994904 -0.954696 0.994904 -0.923003 0.9879 -0.954696 0.398001 -0.375799 0.362997 -0.332601 0.363394 -0.395499 0.397894 -0.351797 0.413703 -0.395407 0.413199 -0.332006 0.413397 -0.341894 0.413596 -0.385504 0.393103 -0.417502 0.358694 -0.418097 0.363302 -0.424903 0.406806 -0.408103 0.363394 -0.395499 0.413703 -0.395407 0.420005 -0.211002 0.489799 -0.217105 0.489403 -0.154101 0.420005 -0.217594 0.419593 -0.161303 0.419593 -0.154604 0.461997 -0.125704 0.419593 -0.154604 0.489403 -0.154101 0.430701 -0.125994 0.540902 -0.109407 0.561593 -0.037995 0.462806 -0.246006 0.420005 -0.217594 0.431601 -0.246006 0.489799 -0.217105 0.541894 -0.261204 0.563699 -0.332204 0.857694 -0.591501 0.857496 -0.672999 0.903899 -0.673106 0.904005 -0.591608 0.903807 -0.692393 0.857496 -0.692302 0.416602 -0.3467 0.416693 -0.380606 0.422004 -0.3467 0.422095 -0.380606 0.423804 -0.388998 0.428107 -0.395407 0.428107 -0.388907 0.413703 -0.395407 0.413596 -0.385504 0.423804 -0.385504 0.594293 -0.339498 0.563104 -0.339406 0.562997 -0.345006 0.594293 -0.345205 0.461997 -0.125704 0.561593 -0.037995 0.558404 -0.034302 0.458198 -0.121401 0.560494 -0.336004 0.462806 -0.246006 0.459098 -0.250294 0.563699 -0.332204 0.560998 -0.030197 0.592203 -0.0242 0.560998 -0.024506 0.592203 -0.029892 0.444205 -0.331395 0.427802 -0.338201 0.444297 -0.337896 0.427695 -0.331701 0.427695 -0.331701 0.423499 -0.338201 0.427802 -0.338201 0.413199 -0.332006 0.413397 -0.341894 0.423499 -0.341695 0.562997 -0.345006 0.602197 -0.365393 0.594293 -0.345205 0.543801 -0.365393 0.478599 -0.316304 0.462593 -0.258198 0.461906 -0.306905 0.560998 -0.024506 0.4766 -0.053498 0.460807 -0.111605 0.541695 -0.004196 0.459907 -0.062897 0.600107 -0.003997 0.592203 -0.0242 0.680797 -0.852903 0.649195 -0.819699 0.651896 -0.852506 0.680903 -0.880796 0.684901 -0.880796 0.684794 -0.852903 0.680903 -0.880796 0.680797 -0.852903 0.684794 -0.852903 0.713695 -0.852293 0.716197 -0.819501 0.684901 -0.880796 0.406104 -0.319295 0.358007 -0.310002 0.362997 -0.332601 0.392401 -0.310201 0.413199 -0.332006 0.362493 -0.303197 0.211795 -0.293004 0.212299 -0.332296 0.245899 -0.332006 0.245701 -0.292699 0.447196 -0.3458 0.435904 -0.372 0.447501 -0.379705 0.435798 -0.353597 0.245899 -0.332006 0.250904 -0.292302 0.245701 -0.292699 0.254902 -0.332006 0.423499 -0.341695 0.413397 -0.341894 0.416602 -0.3467 0.422004 -0.3467 0.447196 -0.3458 0.434607 -0.3505 0.435798 -0.353597 0.450004 -0.340597 0.433906 -0.350896 0.434104 -0.374807 0.435904 -0.372 0.435798 -0.353597 0.447501 -0.379705 0.435904 -0.372 0.434806 -0.375097 0.450294 -0.384802 0.423804 -0.385504 0.416693 -0.380606 0.413596 -0.385504 0.422095 -0.380606 0.212299 -0.332296 0.211795 -0.293004 0.206607 -0.292699 0.203296 -0.332403 0.261295 -0.298405 0.262898 -0.304997 0.270604 -0.303197 0.269093 -0.296605 0.904097 -0.533303 0.857801 -0.533196 0.904005 -0.591608 0.898894 -0.521401 0.857694 -0.591501 0.863005 -0.521294 0.390097 -0.150103 0.421103 -0.082093 0.390097 -0.049195 0.4103 -0.173205 0.468406 -0.013992 0.373007 -0.187793 0.404303 -0.255802 0.393194 -0.164706 0.373297 -0.288808 0.453193 -0.323903 0.321401 -0.3738 0.303304 -0.389303 0.320195 -0.383703 0.272404 -0.3738 0.270695 -0.381506 0.321294 -0.310796 0.303197 -0.295293 0.272404 -0.310796 0.320195 -0.300893 0.270604 -0.303197 0.331304 -0.3738 0.349203 -0.3738 0.331304 -0.366995 0.349203 -0.366995 0.325505 -0.366995 0.331304 -0.3738 0.331304 -0.366995 0.321401 -0.3738 0.321294 -0.310796 0.325505 -0.317495 0.331304 -0.310796 0.331304 -0.317495 0.331304 -0.317495 0.349203 -0.317495 0.331304 -0.310796 0.349203 -0.310796 0.373297 -0.288808 0.370398 -0.1879 0.369894 -0.288899 0.373007 -0.187793 0.3579 -0.052002 0.386099 -0.150103 0.385199 -0.049195 0.370199 -0.1682 0.276005 -0.395605 0.314397 -0.408392 0.301701 -0.395895 0.312398 -0.413901 0.277195 -0.390005 0.269093 -0.388098 0.267094 -0.395804 0.273793 -0.399298 0.301595 -0.288808 0.276005 -0.289097 0.277104 -0.294698 0.314305 -0.276204 0.269093 -0.296605 0.312398 -0.270695 0.267002 -0.288899 0.273396 -0.285496 0.907393 -0.869398 0.887297 -0.883894 0.890394 -0.886397 0.906203 -0.859907 0.911299 -0.863905 0.995499 -0.883696 0.975296 -0.8692 0.992294 -0.886198 0.976501 -0.859602 0.971298 -0.863706 0.303304 -0.389303 0.270695 -0.381506 0.277195 -0.390005 0.301701 -0.395895 0.269093 -0.388098 0.847303 -0.546807 0.851606 -0.527306 0.8421 -0.546395 0.844404 -0.517906 0.850904 -0.518303 0.919905 -0.546395 0.910399 -0.527306 0.914595 -0.546807 0.917601 -0.517906 0.911101 -0.518303 0.393896 -0.303899 0.363897 -0.297002 0.392401 -0.310201 0.362493 -0.303197 0.358404 -0.338292 0.339895 -0.332906 0.340002 -0.3393 0.362997 -0.332601 0.363394 -0.395499 0.358694 -0.389899 0.340307 -0.395605 0.340307 -0.389197 0.332204 -0.395605 0.340307 -0.389197 0.332204 -0.389197 0.340307 -0.395605 0.331701 -0.332998 0.331807 -0.339498 0.340002 -0.3393 0.339895 -0.332906 0.853101 -0.996597 0.911604 -0.996704 0.911803 -0.904601 0.853193 -0.904494 0.966003 -0.996094 0.916701 -0.879393 0.916793 -0.996201 0.966003 -0.879301 0.918593 -0.868299 0.964096 -0.868193 0.909804 -0.620096 0.917296 -0.576699 0.910002 -0.551598 0.917205 -0.620096 0.973098 -0.551797 0.965606 -0.576806 0.9729 -0.620203 0.965499 -0.620203 0.505104 -0.400397 0.540398 -0.372107 0.478599 -0.372396 0.573404 -0.4 0.479393 -0.477104 0.5411 -0.476493 0.505501 -0.4486 0.573693 -0.448096 0.505104 -0.400397 0.505501 -0.4486 0.573693 -0.448096 0.573404 -0.4 0.466896 -0.448905 0.505104 -0.400397 0.466499 -0.400702 0.505501 -0.4486 0.917098 -0.681895 0.917205 -0.620096 0.909697 -0.681895 0.909804 -0.620096 0.972702 -0.681895 0.9729 -0.620203 0.965301 -0.681895 0.965499 -0.620203 0.958801 -0.816602 0.916396 -0.856596 0.966201 -0.856596 0.922896 -0.816693 0.918303 -0.863401 0.909895 -0.856596 0.972793 -0.856596 0.964294 -0.863294 0.909804 -0.764904 0.972702 -0.764904 0.918898 -0.764797 0.960403 -0.764797 0.919203 -0.726696 0.960204 -0.726604 0.917098 -0.681895 0.909697 -0.681895 0.909804 -0.764904 0.965301 -0.681895 0.972702 -0.681895 0.972702 -0.764904 0.918898 -0.764797 0.960403 -0.764797 0.733501 -0.467704 0.777707 -0.439795 0.726894 -0.451102 0.802792 -0.464607 0.814496 -0.450095 0.733501 -0.467704 0.802594 -0.502602 0.802792 -0.464607 0.733303 -0.500801 0.820996 -0.503594 0.802792 -0.464607 0.802594 -0.502602 0.821302 -0.462592 0.777798 -0.527596 0.814404 -0.516793 0.802594 -0.502602 0.733303 -0.500801 0.727001 -0.517296 0.393103 -0.417502 0.364904 -0.431098 0.394705 -0.423804 0.363302 -0.424903 0.428107 -0.395407 0.444694 -0.3953 0.444694 -0.388907 0.428107 -0.388907 0.911101 -0.518303 0.898894 -0.521401 0.910399 -0.527306 0.899702 -0.514504 0.907805 -0.502602 0.8542 -0.502495 0.862303 -0.514397 0.899702 -0.514504 0.863005 -0.521294 0.850904 -0.518303 0.851606 -0.527306 0.862303 -0.514397 0.898894 -0.521401 0.862303 -0.514397 0.863005 -0.521294 0.899702 -0.514504 0.2589 -0.272999 0.267796 -0.281498 0.271199 -0.274098 0.249195 -0.2822 0.250294 -0.287602 0.230106 -0.245594 0.2495 -0.252293 0.234501 -0.245396 0.181094 -0.282002 0.198596 -0.287999 0.199603 -0.282704 0.189899 -0.273396 0.177707 -0.274601 0.218494 -0.245808 0.1991 -0.252598 0.214099 -0.245594 0.469902 -0.388602 0.466194 -0.380606 0.460502 -0.380804 0.456199 -0.388602 0.460807 -0.347295 0.456596 -0.339406 0.466407 -0.347601 0.470298 -0.339696 0.346395 -0.057404 0.257099 -0.074296 0.339101 -0.074403 0.242405 -0.057206 0.346395 -0.057404 0.242405 -0.044495 0.242405 -0.057206 0.346502 -0.044693 0.237797 -0.057206 0.242405 -0.044495 0.237705 -0.044495 0.242405 -0.057206 0.346502 -0.044693 0.242405 -0.039795 0.242405 -0.044495 0.346502 -0.039993 0.346395 -0.076005 0.351003 -0.057404 0.346395 -0.057404 0.351095 -0.076005 0.237797 -0.057206 0.242405 -0.079804 0.242405 -0.057206 0.237705 -0.079804 0.257298 -0.005401 0.3393 -0.010193 0.3393 -0.005493 0.257206 -0.009994 0.242405 -0.039795 0.346502 -0.039993 0.346502 -0.027298 0.242405 -0.0271 0.257206 -0.009994 0.346502 -0.027298 0.3393 -0.010193 0.242405 -0.0271 0.711604 -0.815198 0.684092 -0.817395 0.684306 -0.841794 0.715694 -0.784207 0.684306 -0.841794 0.684092 -0.817395 0.6813 -0.820203 0.681407 -0.843107 0.6813 -0.820203 0.653803 -0.8168 0.681407 -0.843107 0.649699 -0.787594 0.850797 -0.265507 0.887694 -0.266499 0.860502 -0.2486 0.876005 -0.283207 0.867796 -0.234806 0.891997 -0.294301 0.898497 -0.249393 0.904204 -0.277501 0.905592 -0.304799 0.917006 -0.258106 0.9187 -0.286503 0.931304 -0.265599 0.9299 -0.234104 0.918898 -0.3131 0.944106 -0.239307 0.911101 -0.227298 0.932006 -0.294606 0.951507 -0.211597 0.898802 -0.248798 0.949004 -0.305303 0.9364 -0.208698 0.917998 -0.205493 0.935195 -0.325505 0.940093 -0.186603 0.882307 -0.198795 0.940093 -0.328801 0.921096 -0.184604 0.877897 -0.214801 0.954101 -0.3084 0.940703 -0.161196 0.968399 -0.285496 0.921401 -0.162799 0.868894 -0.232807 0.963897 -0.282902 0.884703 -0.180804 0.945907 -0.272694 0.884092 -0.166598 0.882597 -0.197101 0.918105 -0.205096 0.946105 -0.272297 0.957595 -0.244007 0.977401 -0.250706 0.966705 -0.215106 0.965393 -0.279896 0.986893 -0.220294 0.982803 -0.252003 0.991806 -0.2215 0.970199 -0.281895 0.955001 -0.1879 0.970306 -0.188998 0.957 -0.160204 0.966903 -0.214405 0.937804 -0.136507 0.987594 -0.2168 0.972107 -0.159503 0.9523 -0.131807 0.990707 -0.190005 0.930602 -0.114595 0.972 -0.158801 0.992706 -0.217105 0.943496 -0.107897 0.912306 -0.1243 0.995102 -0.190402 0.933196 -0.090592 0.918807 -0.142504 0.992294 -0.159197 0.949096 -0.080598 0.921508 -0.098207 0.878904 -0.143999 0.959701 -0.098893 0.905592 -0.108797 0.925994 -0.080705 0.974395 -0.090104 0.912001 -0.123598 0.940505 -0.069306 0.9149 -0.089906 0.873701 -0.131395 0.931304 -0.058304 0.900603 -0.101595 0.9178 -0.071305 0.943893 -0.046906 0.907103 -0.082002 0.953994 -0.058793 0.894408 -0.095201 0.947295 -0.044098 0.868894 -0.122606 0.957198 -0.056305 0.963394 -0.071396 0.9664 -0.069306 0.877501 -0.141299 0.977798 -0.087998 0.470207 -0.493095 0.470497 -0.513405 0.480003 -0.493004 0.480201 -0.513298 0.490593 -0.492897 0.470695 -0.524498 0.490806 -0.513207 0.4804 -0.524407 0.494194 -0.495796 0.470893 -0.536797 0.491005 -0.5243 0.502602 -0.492699 0.480507 -0.536706 0.494301 -0.513207 0.502602 -0.495705 0.491096 -0.536599 0.494499 -0.530205 0.5122 -0.495598 0.494606 -0.536507 0.5122 -0.492699 0.526299 -0.495506 0.502998 -0.530098 0.526299 -0.4925 0.542702 -0.495293 0.502998 -0.5364 0.542596 -0.492302 0.559197 -0.492103 0.512596 -0.530007 0.559396 -0.512505 0.512703 -0.536294 0.542901 -0.512703 0.5794 -0.512306 0.526696 -0.5299 0.559503 -0.523507 0.579202 -0.491905 0.579507 -0.523293 0.543008 -0.529702 0.593896 -0.512093 0.594003 -0.523201 0.559594 -0.535805 0.594797 -0.491798 0.579705 -0.535607 0.614099 -0.491493 0.6215 -0.511803 0.594095 -0.5355 0.622202 -0.522896 0.622705 -0.536004 0.280507 -0.596094 0.270893 -0.611994 0.280598 -0.611902 0.270802 -0.5944 0.280705 -0.629206 0.271 -0.629297 0.298604 -0.596002 0.313298 -0.585397 0.299596 -0.585504 0.315007 -0.595895 0.289097 -0.593698 0.330007 -0.592996 0.290394 -0.5841 0.328893 -0.582696 0.282307 -0.591302 0.282506 -0.581903 0.526696 -0.536202 0.543206 -0.536004 0.642496 -0.558495 0.654994 -0.553597 0.646296 -0.5505 0.651606 -0.561395 0.637903 -0.548196 0.632303 -0.555703 0.630793 -0.546304 0.628901 -0.554894 0.622095 -0.544503 0.6206 -0.553094 0.612299 -0.542794 0.611093 -0.551507 0.597498 -0.5411 0.597101 -0.549905 0.580896 -0.540307 0.580606 -0.549294 0.564294 -0.549905 0.563699 -0.540795 0.544396 -0.552407 0.543099 -0.543206 0.530098 -0.554696 0.528801 -0.545495 0.501793 -0.558297 0.500893 -0.550698 0.290593 -0.640894 0.299794 -0.639506 0.289296 -0.631495 0.282506 -0.633799 0.282704 -0.643198 0.298802 -0.629099 0.313497 -0.639506 0.315099 -0.629007 0.330205 -0.631907 0.329107 -0.6421 0.298604 -0.611795 0.315007 -0.595895 0.298604 -0.596002 0.315206 -0.611994 0.288106 -0.611902 0.331395 -0.611704 0.287999 -0.596094 0.288197 -0.629206 0.298802 -0.629099 0.280598 -0.611902 0.280705 -0.629206 0.315099 -0.629007 0.280507 -0.596094 0.331502 -0.629007 0.331304 -0.595895 0.691997 -0.280598 0.711192 -0.257603 0.685893 -0.273396 0.715099 -0.265202 0.668498 -0.303594 0.734295 -0.256107 0.660105 -0.296407 0.745296 -0.242695 0.730495 -0.2477 0.650507 -0.326894 0.640604 -0.320699 0.747906 -0.251606 0.627207 -0.343801 0.7617 -0.248005 0.760494 -0.239307 0.637598 -0.349493 0.613901 -0.372503 0.625498 -0.3776 0.604501 -0.403296 0.6159 -0.4065 0.600595 -0.429892 0.611505 -0.4318 0.598398 -0.454398 0.609506 -0.456306 0.778607 -0.381003 0.770199 -0.3523 0.770199 -0.371206 0.774502 -0.344701 0.7785 -0.398093 0.778805 -0.345296 0.770199 -0.4103 0.783093 -0.380697 0.793194 -0.353796 0.778195 -0.434608 0.800305 -0.380896 0.770199 -0.431907 0.790494 -0.434699 0.805295 -0.368002 0.790799 -0.398093 0.801205 -0.398093 0.812802 -0.380896 0.801602 -0.434806 0.819196 -0.397894 0.821897 -0.434897 0.921294 -0.162402 0.882399 -0.155505 0.883894 -0.165103 0.812207 -0.302907 0.837797 -0.3243 0.841398 -0.314595 0.808499 -0.313497 0.814893 -0.292607 0.856794 -0.3299 0.833402 -0.334798 0.790005 -0.287205 0.853697 -0.339895 0.803098 -0.324804 0.788693 -0.298695 0.850095 -0.350805 0.785107 -0.312093 0.827497 -0.3467 0.844999 -0.363195 0.787793 -0.275898 0.786603 -0.288304 0.790005 -0.287205 0.784695 -0.277302 0.788693 -0.298695 0.785397 -0.299794 0.783505 -0.311406 0.780194 -0.312703 0.882902 -0.393896 0.873304 -0.417594 0.8804 -0.421897 0.875593 -0.390402 0.869398 -0.439506 0.865003 -0.413596 0.882902 -0.376196 0.862104 -0.433494 0.867002 -0.386892 0.875807 -0.372305 0.852201 -0.427894 0.855207 -0.410193 0.867308 -0.368002 0.856596 -0.383505 0.857206 -0.363806 0.765698 -0.103807 0.754604 -0.103807 0.756893 -0.112993 0.765805 -0.094697 0.765698 -0.112993 0.748196 -0.094605 0.760204 -0.122194 0.765698 -0.122194 0.765805 -0.085496 0.765698 -0.131395 0.759793 -0.131304 0.744198 -0.085496 0.765805 -0.076295 0.741497 -0.076295 0.765805 -0.0672 0.731899 -0.067093 0.765805 -0.057999 0.721904 -0.057892 0.765805 -0.048798 0.719295 -0.048798 0.727398 -0.039597 0.765805 -0.039597 0.743496 -0.030396 0.765805 -0.030502 0.755596 -0.021301 0.765805 -0.021301 0.756298 -0.0121 0.765805 -0.0121 0.760006 -0.002899 0.765896 -0.003006 0.979095 -0.383597 0.988296 -0.380697 0.980301 -0.3794 0.988205 -0.385 0.972702 -0.376303 0.970596 -0.380102 0.966003 -0.371603 0.963104 -0.374807 0.957107 -0.368002 0.960601 -0.365499 0.952697 -0.359899 0.956802 -0.358297 0.954696 -0.350393 0.950301 -0.351003 0.950103 -0.341894 0.954406 -0.342199 0.951904 -0.332906 0.955993 -0.334203 0.959396 -0.326802 0.955703 -0.324498 0.964508 -0.320394 0.961395 -0.317296 0.968505 -0.311604 0.970794 -0.315206 0.978195 -0.311696 0.976806 -0.307607 0.986206 -0.310002 0.985794 -0.305592 0.994904 -0.305806 0.9944 -0.310094 0.736797 -0.124102 0.688396 -0.138094 0.741497 -0.150301 0.683299 -0.119493 0.728801 -0.102098 0.690303 -0.155398 0.715206 -0.077103 0.689799 -0.167102 0.674907 -0.101503 0.699397 -0.0542 0.741405 -0.180194 0.661799 -0.082795 0.682902 -0.0383 0.651896 -0.071 0.673396 -0.031006 0.641993 -0.060196 0.625895 -0.474998 0.704295 -0.468299 0.625803 -0.469093 0.704494 -0.481407 0.704494 -0.481407 0.628397 -0.495293 0.705806 -0.492393 0.625895 -0.474998 0.741405 -0.180194 0.688594 -0.177493 0.735897 -0.204395 0.689799 -0.167102 0.686503 -0.186206 0.728801 -0.222004 0.735897 -0.204395 0.688594 -0.177493 0.680507 -0.201801 0.720195 -0.236805 0.722499 -0.233097 0.683406 -0.196597 0.728801 -0.222004 0.686503 -0.186206 0.985199 -0.121508 0.996201 -0.154498 0.989395 -0.120195 0.992004 -0.155505 0.975906 -0.093095 0.967803 -0.126802 0.960098 -0.099702 0.979797 -0.091706 0.342107 -0.611704 0.331502 -0.629007 0.342199 -0.628901 0.331395 -0.611704 0.331304 -0.595895 0.342 -0.594095 0.628702 -0.4365 0.639094 -0.411505 0.627405 -0.410803 0.640299 -0.435096 0.632395 -0.380804 0.639094 -0.411505 0.643793 -0.383307 0.627405 -0.410803 0.632395 -0.380804 0.651698 -0.355306 0.640696 -0.351293 0.643793 -0.383307 0.640696 -0.351293 0.661601 -0.333501 0.651499 -0.327703 0.651698 -0.355306 0.668498 -0.303594 0.661601 -0.333501 0.677394 -0.311193 0.651499 -0.327703 0.691997 -0.280598 0.668498 -0.303594 0.699199 -0.289906 0.677394 -0.311193 0.715801 -0.2663 0.699199 -0.289906 0.720897 -0.276799 0.691997 -0.280598 0.720897 -0.276799 0.735607 -0.258595 0.715801 -0.2663 0.738994 -0.269703 0.738994 -0.269703 0.749493 -0.255406 0.735607 -0.258595 0.751705 -0.266896 0.758602 -0.265797 0.749493 -0.255406 0.751705 -0.266896 0.763699 -0.2533 0.760494 -0.323094 0.757305 -0.335302 0.766201 -0.332692 0.753002 -0.324407 0.743893 -0.329 0.757305 -0.335302 0.753002 -0.324407 0.749493 -0.339193 0.743893 -0.329 0.743206 -0.343008 0.749493 -0.339193 0.736599 -0.333394 0.728695 -0.339498 0.743206 -0.343008 0.736599 -0.333394 0.736202 -0.348501 0.728695 -0.339498 0.728893 -0.355093 0.736202 -0.348501 0.720394 -0.347097 0.719493 -0.366705 0.720394 -0.347097 0.709804 -0.360204 0.728893 -0.355093 0.711406 -0.381292 0.709804 -0.360204 0.700694 -0.376501 0.719493 -0.366705 0.705806 -0.397498 0.700694 -0.376501 0.694499 -0.394705 0.711406 -0.381292 0.7028 -0.418097 0.705806 -0.397498 0.691203 -0.416999 0.694499 -0.394705 0.702098 -0.432593 0.7028 -0.418097 0.690394 -0.432303 0.691203 -0.416999 0.701793 -0.461006 0.702098 -0.432593 0.690303 -0.449302 0.690394 -0.432303 0.690303 -0.449302 0.633204 -0.4607 0.701793 -0.461006 0.642893 -0.449104 0.628702 -0.4365 0.642893 -0.449104 0.640299 -0.435096 0.633204 -0.4607 0.996597 -0.159106 0.758602 -0.265797 0.765499 -0.311101 0.764294 -0.272099 0.760494 -0.323094 0.825895 -0.349798 0.844205 -0.363897 0.827497 -0.3467 0.842695 -0.366995 0.801602 -0.327993 0.803098 -0.324804 0.782406 -0.317495 0.783902 -0.314305 0.7944 -0.275395 0.813596 -0.284901 0.797101 -0.273198 0.816297 -0.282704 0.840803 -0.305592 0.843503 -0.303395 0.860502 -0.328496 0.863203 -0.326299 0.980896 -0.362097 0.954696 -0.350393 0.973007 -0.364096 0.954406 -0.342199 0.957702 -0.334798 0.964996 -0.362493 0.958404 -0.357595 0.987106 -0.356802 0.990402 -0.349294 0.964004 -0.329503 0.971893 -0.327398 0.990204 -0.3411 0.979904 -0.329 0.986404 -0.333898 0.852094 -0.366796 0.852598 -0.353307 0.849699 -0.364096 0.850095 -0.350805 0.856199 -0.342306 0.853697 -0.339895 0.859693 -0.331395 0.861906 -0.334203 0.789593 -0.275593 0.633204 -0.4607 0.704295 -0.468299 0.701793 -0.461006 0.625803 -0.469093 0.875593 -0.446296 0.765499 -0.311101 0.760494 -0.323094 0.766201 -0.332692 0.682902 -0.0383 0.706294 -0.048294 0.689006 -0.031403 0.699397 -0.0542 0.673396 -0.031006 0.723003 -0.072297 0.677607 -0.022507 0.715206 -0.077103 0.737102 -0.098298 0.728801 -0.102098 0.745693 -0.121599 0.736797 -0.124102 0.741497 -0.150301 0.750805 -0.149493 0.741405 -0.180194 0.750607 -0.181292 0.735897 -0.204395 0.744701 -0.207095 0.728801 -0.222004 0.737194 -0.225895 0.730694 -0.237797 0.722499 -0.233097 0.726894 -0.244099 0.720195 -0.236805 0.680507 -0.201801 0.6748 -0.193301 0.671702 -0.200107 0.683406 -0.196597 0.686503 -0.186206 0.677699 -0.183795 0.688594 -0.177493 0.679698 -0.175906 0.689799 -0.167102 0.680903 -0.1664 0.690303 -0.155398 0.6813 -0.155703 0.688396 -0.138094 0.679606 -0.139803 0.683299 -0.119493 0.674907 -0.122606 0.667201 -0.106004 0.674907 -0.101503 0.654704 -0.088197 0.661799 -0.082795 0.645106 -0.076905 0.651896 -0.071 0.641993 -0.060196 0.633799 -0.064499 0.641993 -0.060196 0.668605 -0.023102 0.634104 -0.055207 0.673396 -0.031006 0.720195 -0.236805 0.672908 -0.207294 0.716106 -0.245502 0.680507 -0.201801 0.442298 -0.474296 0.449607 -0.470695 0.442206 -0.471107 0.449607 -0.474205 0.4495 -0.477699 0.449302 -0.467201 0.441993 -0.467796 0.442298 -0.477501 0.448905 -0.463706 0.449302 -0.481102 0.441596 -0.464607 0.448402 -0.460304 0.442206 -0.480705 0.440803 -0.461295 0.448997 -0.484504 0.441901 -0.483894 0.448707 -0.4878 0.441306 -0.487098 0.437995 -0.471199 0.442298 -0.474296 0.442206 -0.471107 0.438193 -0.474296 0.441993 -0.467796 0.438193 -0.477302 0.442298 -0.477501 0.437797 -0.468299 0.442206 -0.480705 0.437995 -0.480201 0.437507 -0.465507 0.437797 -0.482994 0.441596 -0.464607 0.441901 -0.483894 0.440803 -0.461295 0.437003 -0.463004 0.441306 -0.487098 0.437507 -0.485496 0.423499 -0.474495 0.433204 -0.471397 0.423499 -0.471595 0.433295 -0.474403 0.413901 -0.474495 0.423499 -0.468803 0.437995 -0.471199 0.423606 -0.477394 0.433097 -0.468498 0.437797 -0.468299 0.433295 -0.477394 0.413901 -0.477394 0.437507 -0.465507 0.438193 -0.474296 0.423606 -0.480293 0.433005 -0.465797 0.438193 -0.477302 0.433295 -0.480201 0.423407 -0.465995 0.437995 -0.480201 0.423606 -0.483101 0.437797 -0.482994 0.413794 -0.480293 0.413993 -0.468803 0.433295 -0.482994 0.413703 -0.483101 0.413993 -0.466194 0.437507 -0.485496 0.423606 -0.485893 0.407706 -0.482795 0.423407 -0.463294 0.433295 -0.485603 0.413703 -0.485801 0.413901 -0.4636 0.432898 -0.463096 0.408392 -0.4663 0.408392 -0.463996 0.408301 -0.468803 0.437003 -0.463004 0.405798 -0.466194 0.413993 -0.471595 0.406104 -0.463996 0.405493 -0.468605 0.408194 -0.471397 0.405295 -0.471305 0.405097 -0.474098 0.408103 -0.474296 0.407996 -0.477195 0.404898 -0.476997 0.407797 -0.480095 0.404807 -0.479896 0.404807 -0.482597 0.407599 -0.485405 0.404898 -0.4851 0.402197 -0.476707 0.395697 -0.479301 0.401999 -0.479698 0.396201 -0.476097 0.396597 -0.473106 0.395407 -0.482506 0.401907 -0.482795 0.402396 -0.473793 0.402106 -0.486 0.402701 -0.470893 0.3953 -0.485801 0.396994 -0.470207 0.397498 -0.467399 0.403006 -0.468193 0.397894 -0.464607 0.403403 -0.465507 0.403998 -0.462898 0.398398 -0.461906 0.402701 -0.470893 0.405097 -0.474098 0.405295 -0.471305 0.402396 -0.473793 0.403006 -0.468193 0.402197 -0.476707 0.405493 -0.468605 0.405798 -0.466194 0.404898 -0.476997 0.403403 -0.465507 0.406104 -0.463996 0.401999 -0.479698 0.403998 -0.462898 0.404807 -0.479896 0.404807 -0.482597 0.401907 -0.482795 0.404898 -0.4851 0.402106 -0.486 0.410895 -0.443702 0.4038 -0.447196 0.411002 -0.446998 0.4038 -0.443702 0.403906 -0.440406 0.403998 -0.450507 0.411093 -0.450202 0.411002 -0.440497 0.404196 -0.453895 0.404105 -0.437095 0.411399 -0.4533 0.404501 -0.457298 0.411093 -0.4374 0.411902 -0.456596 0.404303 -0.433799 0.411307 -0.434302 0.404501 -0.430503 0.411704 -0.431098 0.413596 -0.446906 0.410895 -0.443702 0.411002 -0.446998 0.413504 -0.443793 0.411093 -0.450202 0.413504 -0.440696 0.411002 -0.440497 0.413703 -0.450004 0.411093 -0.4374 0.413703 -0.437705 0.413993 -0.452903 0.413901 -0.434699 0.411399 -0.4533 0.411307 -0.434302 0.411902 -0.456596 0.414405 -0.455604 0.411704 -0.431098 0.414206 -0.431998 0.430106 -0.443702 0.420203 -0.446799 0.430106 -0.446601 0.420203 -0.443702 0.439704 -0.443793 0.430106 -0.4495 0.413596 -0.446906 0.430106 -0.440803 0.420294 -0.449699 0.413703 -0.450004 0.420203 -0.440696 0.439796 -0.440894 0.413993 -0.452903 0.413504 -0.443793 0.430106 -0.437903 0.420401 -0.452506 0.413504 -0.440696 0.420203 -0.437797 0.414405 -0.455604 0.413703 -0.437705 0.430198 -0.435004 0.4206 -0.455207 0.413901 -0.434699 0.439902 -0.437995 0.430106 -0.452293 0.420294 -0.435004 0.439994 -0.435203 0.430198 -0.454993 0.414206 -0.431998 0.430198 -0.432303 0.446006 -0.435706 0.420401 -0.432303 0.440101 -0.432502 0.445808 -0.4383 0.446097 -0.433097 0.448798 -0.435798 0.445594 -0.441199 0.448798 -0.438498 0.448798 -0.433402 0.445502 -0.444007 0.4486 -0.441398 0.439597 -0.446693 0.448402 -0.444205 0.445304 -0.446906 0.448203 -0.446998 0.445197 -0.4495 0.448005 -0.449607 0.439597 -0.4495 0.4477 -0.452094 0.439597 -0.452094 0.445197 -0.452003 0.445197 -0.454307 0.439704 -0.454704 0.447395 -0.4542 0.455497 -0.453605 0.450507 -0.450095 0.450095 -0.452705 0.455894 -0.450797 0.4495 -0.455299 0.450797 -0.447394 0.454994 -0.456306 0.456397 -0.448096 0.456794 -0.445197 0.450996 -0.444495 0.451301 -0.441703 0.457206 -0.442298 0.457603 -0.4392 0.451499 -0.438697 0.458 -0.435996 0.451606 -0.435706 0.451499 -0.432593 0.458106 -0.432807 0.450797 -0.447394 0.448402 -0.444205 0.448203 -0.446998 0.450996 -0.444495 0.450507 -0.450095 0.451301 -0.441703 0.448005 -0.449607 0.4486 -0.441398 0.451499 -0.438697 0.4477 -0.452094 0.448798 -0.438498 0.450095 -0.452705 0.447395 -0.4542 0.448798 -0.435798 0.4495 -0.455299 0.451606 -0.435706 0.448798 -0.433402 0.451499 -0.432593 0.493797 -0.760403 0.490394 -0.757 0.490394 -0.760204 0.493904 -0.757198 0.4972 -0.757595 0.487007 -0.760296 0.487007 -0.757198 0.4972 -0.7608 0.483604 -0.757504 0.483604 -0.760693 0.500603 -0.758007 0.480201 -0.757794 0.500603 -0.761395 0.480201 -0.761105 0.504005 -0.761593 0.504097 -0.758297 0.5075 -0.758206 0.507393 -0.761501 0.456306 -0.787396 0.462699 -0.787503 0.459495 -0.7888 0.454994 -0.784207 0.470497 -0.813001 0.470603 -0.806699 0.467308 -0.814404 0.471794 -0.809903 0.494301 -0.769406 0.490898 -0.766094 0.490806 -0.769207 0.494301 -0.766293 0.497704 -0.766705 0.487404 -0.769406 0.487495 -0.766201 0.497597 -0.769894 0.484092 -0.766506 0.484001 -0.769802 0.501106 -0.767102 0.480705 -0.766796 0.500999 -0.770397 0.480598 -0.770199 0.504402 -0.770703 0.504494 -0.7673 0.507897 -0.7673 0.507897 -0.770596 0.452796 -0.800504 0.459098 -0.800595 0.455894 -0.801801 0.451408 -0.797299 0.457694 -0.813306 0.457801 -0.807004 0.454597 -0.814694 0.459098 -0.810193 0.9823 -0.964706 0.975296 -0.955001 0.975296 -0.964706 0.982406 -0.955001 0.982193 -0.996399 0.9823 -0.964706 0.975097 -0.996399 0.975296 -0.964706 0.975494 -0.913603 0.975402 -0.923293 0.982498 -0.913603 0.982498 -0.923293 0.982406 -0.955001 0.982498 -0.923293 0.975296 -0.955001 0.975402 -0.923293 0.997497 -0.634699 0.997497 -0.622095 0.994904 -0.634699 0.997497 -0.647303 0.994904 -0.622095 0.994797 -0.647303 0.997497 -0.609506 0.997299 -0.659907 0.994705 -0.659907 0.994904 -0.609506 0.994598 -0.672496 0.994904 -0.596902 0.997497 -0.596902 0.997208 -0.672496 0.997406 -0.584298 0.9944 -0.6851 0.996994 -0.6851 0.994797 -0.584298 0.9944 -0.697704 0.997299 -0.571694 0.996994 -0.697704 0.994705 -0.571694 0.994507 -0.559106 0.997101 -0.559106 0.994202 -0.546502 0.996796 -0.546502 0.788693 -0.623697 0.781994 -0.613306 0.780102 -0.614496 0.790005 -0.621897 0.799893 -0.629297 0.775296 -0.602808 0.800595 -0.6271 0.777493 -0.602396 0.777096 -0.5906 0.774899 -0.590204 0.778897 -0.578302 0.780896 -0.5794 0.787106 -0.568704 0.788495 -0.570397 0.798795 -0.564706 0.798093 -0.562493 0.810498 -0.562799 0.810498 -0.560494 0.822904 -0.562905 0.822003 -0.565103 0.832105 -0.571206 0.8336 -0.569497 0.841505 -0.579293 0.839506 -0.580407 0.845502 -0.591302 0.843305 -0.591608 0.743008 -0.565805 0.747097 -0.578805 0.752605 -0.573205 0.738796 -0.572396 0.732296 -0.560403 0.760403 -0.582406 0.729107 -0.567697 0.753994 -0.586892 0.740993 -0.585306 0.734203 -0.579904 0.758999 -0.596094 0.726406 -0.576196 0.7467 -0.591897 0.766293 -0.592996 0.750896 -0.599603 0.762203 -0.606195 0.769894 -0.604593 0.753506 -0.607996 0.771206 -0.616602 0.763302 -0.616602 0.754406 -0.616693 0.762295 -0.6271 0.753597 -0.625406 0.770001 -0.628595 0.759304 -0.637201 0.751095 -0.633799 0.766506 -0.640208 0.754299 -0.646494 0.7608 -0.650904 0.7476 -0.654597 0.746899 -0.641596 0.753094 -0.660197 0.741405 -0.648295 0.743603 -0.667796 0.7393 -0.661204 0.732998 -0.673304 0.7346 -0.653696 0.729702 -0.665995 0.726894 -0.657496 0.7355 -0.695399 0.735897 -0.6869 0.732601 -0.688396 0.738903 -0.694194 0.737697 -0.702602 0.729107 -0.681605 0.741207 -0.701701 0.732204 -0.680095 0.742794 -0.709407 0.7393 -0.710002 0.743801 -0.717296 0.7402 -0.717494 0.740505 -0.725093 0.743999 -0.725093 0.743603 -0.732998 0.740093 -0.732692 0.738994 -0.7402 0.742504 -0.740795 0.737499 -0.747707 0.740902 -0.748501 0.738705 -0.7561 0.735302 -0.755001 0.732601 -0.762005 0.735897 -0.7635 0.729305 -0.768994 0.732494 -0.770397 0.840101 -0.601205 0.8421 -0.608606 0.843503 -0.6009 0.839094 -0.607095 0.837995 -0.595499 0.837201 -0.614603 0.840803 -0.5935 0.835203 -0.611795 0.834699 -0.588495 0.833402 -0.591608 0.829602 -0.613901 0.826993 -0.587304 0.829908 -0.617304 0.827405 -0.590707 0.823606 -0.613001 0.822202 -0.616007 0.819806 -0.590005 0.818906 -0.609094 0.821698 -0.592798 0.816098 -0.611093 0.8168 -0.603403 0.817807 -0.597406 0.813397 -0.603693 0.814801 -0.596002 0.745098 -0.700694 0.742702 -0.692805 0.738903 -0.694194 0.741207 -0.701701 0.742794 -0.709407 0.735897 -0.6869 0.739498 -0.685206 0.746807 -0.708797 0.735607 -0.677806 0.732204 -0.680095 0.743801 -0.717296 0.747799 -0.717006 0.748104 -0.7252 0.743999 -0.725093 0.743603 -0.732998 0.747707 -0.733394 0.746502 -0.741497 0.742504 -0.740795 0.7449 -0.749493 0.740902 -0.748501 0.738705 -0.7561 0.742596 -0.757397 0.735897 -0.7635 0.739605 -0.765103 0.735897 -0.772595 0.732494 -0.770397 0.835203 -0.611795 0.821698 -0.592798 0.829602 -0.613901 0.827405 -0.590707 0.833402 -0.591608 0.823606 -0.613001 0.817807 -0.597406 0.839094 -0.607095 0.818906 -0.609094 0.837995 -0.595499 0.8168 -0.603403 0.840101 -0.601205 0.802197 -0.596506 0.791608 -0.591699 0.796201 -0.595499 0.789502 -0.586007 0.807904 -0.5944 0.790494 -0.579995 0.7944 -0.575402 0.811795 -0.589807 0.812802 -0.583795 0.800107 -0.573297 0.810803 -0.578103 0.806104 -0.574304 0.785199 -0.606806 0.794003 -0.615595 0.787305 -0.605798 0.792294 -0.617197 0.782101 -0.594598 0.802594 -0.624506 0.784405 -0.5944 0.814893 -0.625498 0.803601 -0.6224 0.814801 -0.627802 0.827298 -0.626596 0.826703 -0.624399 0.838697 -0.621302 0.8374 -0.619394 0.845594 -0.611002 0.847501 -0.612299 0.850294 -0.600198 0.852506 -0.600702 0.853193 -0.588098 0.850996 -0.588403 0.847501 -0.577096 0.8495 -0.576104 0.841794 -0.566094 0.840208 -0.567803 0.831098 -0.559503 0.830198 -0.561593 0.709102 -0.667796 0.7131 -0.654704 0.704799 -0.661295 0.718593 -0.660304 0.706905 -0.648295 0.726299 -0.650904 0.719799 -0.646601 0.698497 -0.673304 0.724804 -0.637293 0.700099 -0.653803 0.695201 -0.666102 0.732006 -0.640299 0.712398 -0.641596 0.692393 -0.657603 0.727794 -0.627207 0.716594 -0.633906 0.7355 -0.628702 0.719097 -0.625498 0.736599 -0.616602 0.728695 -0.616693 0.727596 -0.606195 0.719905 -0.616693 0.718898 -0.607996 0.735302 -0.604593 0.724407 -0.596094 0.731701 -0.592996 0.716304 -0.599603 0.725795 -0.582406 0.719402 -0.586892 0.712505 -0.578897 0.717906 -0.573205 0.712093 -0.592004 0.7084 -0.565805 0.706401 -0.585306 0.704204 -0.572396 0.697704 -0.560403 0.699504 -0.579904 0.694499 -0.567697 0.691798 -0.576303 0.720607 -0.753994 0.720699 -0.762493 0.723995 -0.755306 0.717494 -0.760906 0.723095 -0.746899 0.713802 -0.767697 0.726497 -0.747906 0.717006 -0.769299 0.728405 -0.7402 0.724895 -0.739498 0.729595 -0.732494 0.725994 -0.732097 0.726497 -0.724605 0.730007 -0.724605 0.729702 -0.716701 0.726207 -0.717006 0.725093 -0.709606 0.728603 -0.708904 0.7234 -0.702296 0.726802 -0.701305 0.724193 -0.693904 0.720897 -0.695201 0.717601 -0.688396 0.720806 -0.686702 0.713802 -0.681697 0.716899 -0.680003 0.807507 -0.571206 0.799695 -0.569894 0.806104 -0.574304 0.810803 -0.578103 0.813504 -0.576196 0.800107 -0.573297 0.816205 -0.583505 0.792493 -0.572595 0.812802 -0.583795 0.814801 -0.591196 0.7944 -0.575402 0.811795 -0.589807 0.790494 -0.579995 0.809796 -0.597208 0.787503 -0.578607 0.807904 -0.5944 0.789502 -0.586007 0.802594 -0.599893 0.786099 -0.586297 0.802197 -0.596506 0.791608 -0.591699 0.796201 -0.595499 0.7888 -0.593698 0.794903 -0.598596 0.728603 -0.708904 0.730694 -0.700099 0.726802 -0.701305 0.732601 -0.708202 0.729702 -0.716701 0.724193 -0.693904 0.733806 -0.716396 0.734096 -0.724605 0.727901 -0.692302 0.730007 -0.724605 0.720806 -0.686702 0.729595 -0.732494 0.724407 -0.684794 0.733593 -0.732906 0.732403 -0.740993 0.720195 -0.677607 0.716899 -0.680003 0.728405 -0.7402 0.730404 -0.749004 0.726497 -0.747906 0.723995 -0.755306 0.727703 -0.756802 0.720699 -0.762493 0.724407 -0.764401 0.720195 -0.771603 0.717006 -0.769299 0.110704 -0.293095 0.110704 -0.234104 0.095094 -0.285893 0.095002 -0.221393 0.086793 -0.281407 0.086793 -0.2206 0.080003 -0.278096 0.094697 -0.203006 0.079606 -0.220493 0.072297 -0.274998 0.087296 -0.203006 0.072404 -0.220493 0.079499 -0.203006 0.072495 -0.203006 0.064805 -0.272602 0.064499 -0.203006 0.064499 -0.220493 0.057297 -0.270893 0.057297 -0.220493 0.050003 -0.2206 0.049897 -0.272602 0.057206 -0.203006 0.042099 -0.2206 0.049897 -0.203006 0.042404 -0.274998 0.041992 -0.203006 0.034897 -0.2206 0.034897 -0.203006 0.034699 -0.278202 0.027695 -0.220706 0.028 -0.281498 0.0271 -0.203098 0.019501 -0.2215 0.019699 -0.203098 0.019699 -0.286107 0.003799 -0.234302 0.004104 -0.293294 0.079102 -0.296605 0.076997 -0.306401 0.082002 -0.305592 0.074998 -0.298405 0.075593 -0.289998 0.078004 -0.314 0.072404 -0.292302 0.085297 -0.322499 0.069993 -0.283803 0.067704 -0.286503 0.063798 -0.278904 0.062394 -0.281804 0.0569 -0.2795 0.0569 -0.275593 0.050095 -0.278904 0.051499 -0.281895 0.046204 -0.286595 0.0439 -0.283803 0.041596 -0.292393 0.038407 -0.290105 0.038895 -0.298405 0.034897 -0.296696 0.037003 -0.306493 0.031998 -0.305699 0.035996 -0.314 0.028793 -0.322606 0.036804 -0.328801 0.057404 -0.332097 0.057404 -0.328893 0.032394 -0.331899 0.057404 -0.332097 0.078095 -0.329 0.082505 -0.332204 0.046204 -0.315999 0.050797 -0.309194 0.044098 -0.313497 0.052292 -0.312001 0.046204 -0.315999 0.039093 -0.318502 0.041596 -0.320607 0.044098 -0.313497 0.037598 -0.326406 0.041596 -0.320607 0.039093 -0.318502 0.034699 -0.324895 0.028503 -0.197406 0.030502 -0.182803 0.026199 -0.196506 0.029007 -0.182696 0.024597 -0.181506 0.019806 -0.194705 0.0186 -0.179706 0.013992 -0.192996 0.0074 -0.190906 0.0121 -0.177707 0.002395 -0.189197 0.007507 -0.176104 0.049805 -0.197406 0.030502 -0.182803 0.028503 -0.197406 0.049607 -0.182193 0.068604 -0.182101 0.071 -0.196994 0.227497 -0.219104 0.214405 -0.1823 0.214496 -0.230701 0.228397 -0.176394 0.202304 -0.183597 0.202106 -0.236194 0.190997 -0.184207 0.190494 -0.2374 0.179004 -0.236301 0.179599 -0.183703 0.166796 -0.230793 0.167498 -0.182498 0.153903 -0.219196 0.153307 -0.176593 0.039307 -0.073197 0.045594 -0.071503 0.044907 -0.075303 0.039307 -0.069001 0.038101 -0.078706 0.050797 -0.074692 0.045594 -0.067093 0.032196 -0.076798 0.050797 -0.071305 0.039505 -0.062501 0.032303 -0.083695 0.056 -0.071396 0.045395 -0.058304 0.0354 -0.067704 0.056702 -0.075303 0.050797 -0.066605 0.033402 -0.0719 0.062394 -0.072999 0.056 -0.067093 0.063706 -0.078492 0.062302 -0.068894 0.069398 -0.076493 0.062104 -0.062302 0.069794 -0.083405 0.068192 -0.071702 0.066193 -0.067505 0.056199 -0.058197 0.050797 -0.056305 0.4851 -0.727199 0.480995 -0.718105 0.477806 -0.721401 0.487602 -0.7234 0.495094 -0.727199 0.471794 -0.714107 0.4757 -0.711604 0.4934 -0.731502 0.467506 -0.705898 0.471702 -0.704097 0.502495 -0.734005 0.469398 -0.695994 0.464805 -0.696895 0.503197 -0.729503 0.464103 -0.687495 0.511803 -0.7346 0.511696 -0.730007 0.468696 -0.687602 0.519997 -0.728893 0.465293 -0.678203 0.469795 -0.679301 0.521096 -0.733394 0.5299 -0.730297 0.527993 -0.726101 0.538003 -0.725399 0.535195 -0.721706 0.675593 -0.536995 0.671305 -0.548196 0.683696 -0.539498 0.667994 -0.533394 0.680903 -0.551095 0.662196 -0.543999 0.691997 -0.540902 0.660899 -0.528893 0.653803 -0.538598 0.690806 -0.552804 0.646097 -0.532097 0.700893 -0.553094 0.700404 -0.5411 0.654398 -0.523507 0.708797 -0.540307 0.648707 -0.517205 0.710796 -0.552102 0.639307 -0.524697 0.720607 -0.549706 0.633707 -0.516396 0.717006 -0.538293 0.644007 -0.510307 0.629099 -0.507393 0.730007 -0.546105 0.640208 -0.502693 0.724895 -0.535195 0.934493 -0.673594 0.944503 -0.6748 0.943893 -0.671 0.935897 -0.669993 0.953704 -0.670893 0.951293 -0.667903 0.959701 -0.662898 0.9561 -0.661402 0.960998 -0.652903 0.957107 -0.653498 0.957 -0.643702 0.953994 -0.646097 0.947601 -0.641199 0.949004 -0.637705 0.939605 -0.640299 0.939101 -0.636393 0.929793 -0.640406 0.932204 -0.643397 0.923796 -0.648402 0.932204 -0.643397 0.927398 -0.649805 0.922606 -0.658305 0.927398 -0.649805 0.923796 -0.648402 0.926406 -0.657801 0.963699 -0.5066 0.973297 -0.494499 0.965698 -0.491997 0.9664 -0.507393 0.957702 -0.492393 0.960906 -0.506706 0.968597 -0.509194 0.950301 -0.495506 0.979599 -0.499504 0.958297 -0.507805 0.983795 -0.506401 0.970108 -0.511604 0.985306 -0.514305 0.970596 -0.514397 0.970108 -0.517098 0.983902 -0.522194 0.979797 -0.529107 0.968704 -0.5196 0.973602 -0.534203 0.966506 -0.521401 0.963806 -0.522301 0.966003 -0.536797 0.958007 -0.536507 0.960998 -0.522194 0.9505 -0.533501 0.958404 -0.521096 0.945495 -0.526497 0.9346 -0.526604 0.935393 -0.529305 0.935302 -0.523903 0.944793 -0.529198 0.944793 -0.523796 0.942794 -0.531304 0.942794 -0.521798 0.937407 -0.531304 0.940093 -0.532006 0.937301 -0.521904 0.940002 -0.521096 0.390097 -0.049195 0.386099 -0.150103 0.390097 -0.150103 0.385199 -0.049195 0.270604 -0.303197 0.277104 -0.294698 0.269093 -0.296605 0.303197 -0.295293 0.301595 -0.288808 0.971298 -0.863706 0.964096 -0.868193 0.975296 -0.8692 0.964294 -0.863294 0.733501 -0.467704 0.715602 -0.501503 0.733303 -0.500801 0.715801 -0.465599 0.907393 -0.869398 0.918593 -0.868299 0.911299 -0.863905 0.918303 -0.863401 0.351003 -0.057404 0.346502 -0.044693 0.346395 -0.057404 0.351202 -0.044693 0.262898 -0.379705 0.269093 -0.388098 0.270695 -0.381506 0.261402 -0.386297 0.279606 -0.317601 0.272404 -0.310796 0.272404 -0.317601 0.321294 -0.310796 0.280003 -0.366995 0.321401 -0.3738 0.272404 -0.3738 0.272404 -0.366995 0.205097 -0.383703 0.254597 -0.379294 0.205097 -0.3794 0.254597 -0.383597 0.369894 -0.288899 0.370398 -0.1879 0.342596 -0.286107 0.354498 -0.170001 0.964294 -0.863294 0.918593 -0.868299 0.964096 -0.868193 0.918303 -0.863401 0.254505 -0.338598 0.205005 -0.338598 0.205097 -0.3794 0.254597 -0.379294 0.154498 -0.496101 0.154406 -0.589105 0.188693 -0.511299 0.134798 -0.576898 0.134798 -0.489403 0.188907 -0.608392 0.122499 -0.570596 0.122606 -0.491295 0.114702 -0.494697 0.1149 -0.567895 0.108904 -0.497597 0.1084 -0.5673 0.102693 -0.502007 0.102602 -0.568002 0.094605 -0.510094 0.094895 -0.569497 0.087098 -0.518105 0.087006 -0.571496 0.072495 -0.530602 0.0728 -0.574502 0.134798 -0.576898 0.126802 -0.604395 0.138003 -0.607507 0.121599 -0.573007 0.154406 -0.589105 0.119707 -0.601999 0.154406 -0.613901 0.113497 -0.572503 0.185702 -0.613306 0.107393 -0.574502 0.179507 -0.631907 0.112505 -0.600793 0.102907 -0.578302 0.107195 -0.600198 0.097901 -0.584207 0.101396 -0.602808 0.094102 -0.591394 0.0981 -0.605798 0.087907 -0.604395 0.094605 -0.6168 0.130098 -0.619593 0.0934 -0.627894 0.130098 -0.641093 0.149004 -0.639902 0.151202 -0.619593 0.095002 -0.649195 0.145098 -0.648005 0.162493 -0.625605 0.1299 -0.648997 0.155505 -0.650797 0.141695 -0.657496 0.094407 -0.656794 0.158694 -0.640604 0.153094 -0.659907 0.129198 -0.657694 0.160998 -0.662898 0.130205 -0.673701 0.168704 -0.631693 0.164508 -0.652796 0.146105 -0.676799 0.166201 -0.642603 0.174502 -0.656596 0.138796 -0.674403 0.172107 -0.637507 0.173098 -0.667704 0.1738 -0.644999 0.164004 -0.684596 0.092698 -0.675898 0.154299 -0.6804 0.093598 -0.664302 0.063706 -0.524804 0.0728 -0.574502 0.072495 -0.530602 0.065995 -0.586801 0.063706 -0.524804 0.057206 -0.591699 0.065995 -0.586801 0.056199 -0.520302 0.057206 -0.591699 0.049195 -0.517403 0.0495 -0.595407 0.056199 -0.520302 0.0495 -0.595407 0.040894 -0.517296 0.040405 -0.5991 0.049195 -0.517403 0.040405 -0.5991 0.004592 -0.527199 0.003997 -0.6159 0.040894 -0.517296 0.479698 -0.752697 0.489097 -0.738003 0.479698 -0.7364 0.489097 -0.752697 0.470405 -0.752697 0.498497 -0.740795 0.470298 -0.731701 0.498497 -0.752697 0.461006 -0.752804 0.507805 -0.745007 0.461006 -0.724697 0.507805 -0.752697 0.451606 -0.752804 0.517205 -0.752697 0.451606 -0.720607 0.517205 -0.743893 0.526604 -0.752697 0.526604 -0.7402 0.535897 -0.752697 0.535897 -0.734005 0.545296 -0.752697 0.545296 -0.727199 0.554696 -0.752697 0.554696 -0.721706 0.564095 -0.752697 0.564004 -0.7205 0.529702 -0.7178 0.538705 -0.715206 0.528893 -0.713207 0.5205 -0.713893 0.520394 -0.718502 0.536995 -0.710903 0.511101 -0.717296 0.512093 -0.712795 0.544503 -0.706996 0.504204 -0.710002 0.547005 -0.710903 0.554299 -0.704906 0.502205 -0.714199 0.551003 -0.701701 0.494194 -0.709407 0.496895 -0.705699 0.560204 -0.697704 0.487297 -0.703105 0.556405 -0.695094 0.4907 -0.700008 0.485695 -0.693202 0.481697 -0.695506 0.477897 -0.687007 0.482307 -0.685496 0.475807 -0.677897 0.4804 -0.677302 0.776196 -0.548806 0.767605 -0.561196 0.7776 -0.560693 0.767803 -0.549203 0.787503 -0.558907 0.759396 -0.548501 0.784497 -0.547295 0.757595 -0.560403 0.796994 -0.555795 0.747799 -0.558206 0.792493 -0.544701 0.751095 -0.5467 0.800107 -0.540993 0.738293 -0.554696 0.805997 -0.5514 0.743206 -0.543801 0.807095 -0.536294 0.814404 -0.5458 0.822003 -0.539193 0.813504 -0.5308 0.818998 -0.524407 0.828595 -0.531701 0.834104 -0.523293 0.823697 -0.517403 0.838407 -0.514199 0.827298 -0.509804 0.959594 -0.615702 0.957 -0.606195 0.955993 -0.614206 0.9608 -0.605707 0.951202 -0.6206 0.959594 -0.615702 0.955993 -0.614206 0.953597 -0.623697 0.943801 -0.623804 0.951202 -0.6206 0.944305 -0.627604 0.934401 -0.626398 0.935805 -0.622797 0.926406 -0.620295 0.929397 -0.618006 0.922393 -0.611093 0.926299 -0.610605 0.927306 -0.602594 0.923705 -0.601099 0.932097 -0.596201 0.929702 -0.593103 0.939498 -0.592996 0.938903 -0.589197 0.948898 -0.590402 0.947494 -0.594003 0.947494 -0.594003 0.956893 -0.596506 0.953902 -0.598795 0.953902 -0.598795 0.956893 -0.596506 0.936095 -0.482704 0.933898 -0.468193 0.926299 -0.470695 0.941894 -0.468406 0.933394 -0.483604 0.938903 -0.482704 0.931197 -0.485298 0.949401 -0.471397 0.920104 -0.475807 0.941497 -0.483803 0.915999 -0.482704 0.929793 -0.4878 0.914702 -0.4907 0.929305 -0.490593 0.929793 -0.493294 0.916106 -0.498604 0.920302 -0.505394 0.931304 -0.495705 0.926604 -0.510399 0.933501 -0.497505 0.936202 -0.498405 0.934203 -0.512901 0.942306 -0.512505 0.938994 -0.498207 0.949706 -0.509407 0.941604 -0.497093 0.964202 -0.481498 0.953307 -0.481498 0.9635 -0.484199 0.963394 -0.478706 0.953994 -0.484306 0.953994 -0.478798 0.955993 -0.486198 0.961501 -0.486198 0.955993 -0.476799 0.958801 -0.4869 0.961395 -0.476799 0.958694 -0.476005 0.736202 -0.8663 0.723003 -0.868605 0.736294 -0.868101 0.721904 -0.866804 0.739696 -0.868193 0.759503 -0.865797 0.739696 -0.865797 0.759503 -0.868101 0.766003 -0.867308 0.779202 -0.8692 0.779202 -0.867399 0.764904 -0.869093 0.736294 -0.868101 0.725093 -0.883207 0.735897 -0.882902 0.723003 -0.868605 0.736202 -0.8663 0.722499 -0.852003 0.721904 -0.866804 0.734905 -0.851606 0.740902 -0.851102 0.759503 -0.865797 0.759396 -0.850996 0.739696 -0.865797 0.759503 -0.868101 0.739696 -0.868193 0.740993 -0.882902 0.759503 -0.882902 0.779202 -0.8692 0.766705 -0.883803 0.778302 -0.883894 0.764904 -0.869093 0.779202 -0.867399 0.768505 -0.852598 0.766003 -0.867308 0.7785 -0.852598 0.1467 -0.980804 0.154406 -0.941299 0.145998 -0.946197 0.154498 -0.985306 0.147204 -0.985199 0.121706 -0.942596 0.122301 -0.982193 0.118303 -0.986694 0.123598 -0.9467 0.115999 -0.948302 0.120302 -0.949996 0.095597 -0.983597 0.108202 -0.949706 0.097398 -0.948699 0.106493 -0.984497 0.091706 -0.939406 0.069199 -0.9393 0.074799 -0.948608 0.097398 -0.948699 0.073106 -0.947494 0.062302 -0.947601 0.071397 -0.951705 0.060502 -0.951904 0.060502 -0.983703 0.071397 -0.951705 0.060502 -0.951904 0.071397 -0.983597 0.071397 -0.983597 0.089997 -0.992905 0.095597 -0.983597 0.065705 -0.992905 0.595193 -0.844694 0.581201 -0.880201 0.595407 -0.880293 0.581094 -0.844602 0.578393 -0.880201 0.567102 -0.8448 0.567193 -0.8804 0.578302 -0.844694 0.581201 -0.880201 0.578302 -0.844694 0.578393 -0.880201 0.581094 -0.844602 0.630106 -0.844999 0.6159 -0.8804 0.629999 -0.880598 0.616007 -0.8448 0.613108 -0.8804 0.601907 -0.844907 0.601801 -0.880507 0.613199 -0.844907 0.6159 -0.8804 0.613199 -0.844907 0.613108 -0.8804 0.616007 -0.8448 0.493599 -0.864393 0.5149 -0.9308 0.558206 -0.883406 0.469398 -0.915297 0.559106 -0.773495 0.514107 -0.769894 0.462593 -0.258198 0.455299 -0.306294 0.461906 -0.306905 0.459602 -0.258 0.460807 -0.111605 0.459907 -0.062897 0.452094 -0.063706 0.456504 -0.112001 0.369894 -0.288899 0.342596 -0.286107 0.342504 -0.290394 0.369802 -0.291203 0.385199 -0.049195 0.357794 -0.046494 0.3579 -0.052002 0.385107 -0.045594 0.182406 -0.8907 0.160601 -0.867506 0.160403 -0.886305 0.188205 -0.862104 0.1823 -0.894896 0.200595 -0.868299 0.1579 -0.889097 0.161196 -0.815 0.200595 -0.861906 0.1944 -0.790997 0.201297 -0.797101 0.255497 -0.987594 0.248997 -0.995499 0.255497 -0.995499 0.248997 -0.987594 0.267094 -0.987594 0.237507 -0.987701 0.255695 -0.947402 0.272496 -0.995499 0.228702 -0.995499 0.249195 -0.947402 0.272694 -0.947402 0.228901 -0.947402 0.237705 -0.947402 0.267308 -0.947402 0.255604 -0.773007 0.273396 -0.8654 0.277699 -0.773007 0.255604 -0.865599 0.248905 -0.865599 0.272602 -0.882994 0.249302 -0.772793 0.249104 -0.882994 0.255604 -0.882994 0.228794 -0.865599 0.228794 -0.882994 0.228794 -0.767803 0.236393 -0.741695 0.228794 -0.741604 0.108797 -0.872496 0.091798 -0.915206 0.108797 -0.915206 0.091798 -0.872496 0.115206 -0.915206 0.091493 -0.823102 0.115496 -0.872496 0.108797 -0.823102 0.115694 -0.823102 0.135607 -0.915206 0.135607 -0.872496 0.135607 -0.823102 0.135607 -0.790005 0.115694 -0.790005 0.342199 -0.949096 0.375097 -0.949096 0.375097 -0.941207 0.342199 -0.9411 0.671 -0.993698 0.673701 -0.973205 0.641093 -0.968505 0.631907 -0.989395 0.614496 -0.937606 0.627298 -0.919203 0.743893 -0.943893 0.739605 -0.919997 0.732998 -0.9243 0.753307 -0.937606 0.743893 -0.943893 0.714504 -0.972107 0.721706 -0.993698 0.732998 -0.9243 0.682307 -0.994202 0.681605 -0.973495 0.681605 -0.973495 0.671 -0.993698 0.682307 -0.994202 0.673701 -0.973205 0.697093 -0.9402 0.725994 -0.911604 0.718502 -0.889998 0.708293 -0.959594 0.757794 -0.888899 0.758907 -0.909606 0.757794 -0.888899 0.758907 -0.909606 0.766796 -0.909804 0.7691 -0.889296 0.7691 -0.889296 0.766796 -0.909804 0.799405 -0.913893 0.808392 -0.892897 0.826596 -0.944396 0.814099 -0.962997 0.6878 -0.946593 0.708293 -0.959594 0.697093 -0.9402 0.701793 -0.964096 0.375097 -0.949096 0.426307 -0.949096 0.375097 -0.941207 0.426307 -0.941207 0.272694 -0.947402 0.272602 -0.882994 0.267201 -0.8916 0.267308 -0.947402 0.255604 -0.882994 0.255604 -0.8916 0.249104 -0.882994 0.249195 -0.891707 0.255695 -0.947402 0.237598 -0.8916 0.249195 -0.947402 0.228794 -0.882994 0.228901 -0.947402 0.237705 -0.947402 0.2224 -0.736004 0.183902 -0.733104 0.218799 -0.739696 0.185595 -0.738201 0.218097 -0.739605 0.223804 -0.7449 0.2224 -0.736004 0.228504 -0.740902 0.135805 -0.711803 0.135607 -0.737102 0.140597 -0.714199 0.140993 -0.737102 0.155398 -0.895903 0.155398 -0.871794 0.140902 -0.872404 0.140902 -0.911696 0.183001 -0.925093 0.140902 -0.823194 0.155505 -0.8103 0.1832 -0.902296 0.140993 -0.792203 0.184207 -0.764202 0.223407 -0.880598 0.195804 -0.780499 0.206699 -0.874693 0.223407 -0.768597 0.223499 -0.865599 0.2065 -0.788998 0.223804 -0.7449 0.206699 -0.8654 0.218799 -0.739696 0.185595 -0.738201 0.203403 -0.861906 0.201297 -0.797101 0.200595 -0.861906 0.204196 -0.794507 0.200595 -0.868299 0.203403 -0.870207 0.1944 -0.790997 0.158602 -0.813001 0.161196 -0.815 0.194293 -0.786892 0.161196 -0.815 0.157794 -0.867506 0.160601 -0.867506 0.158404 -0.813306 0.160403 -0.886305 0.157595 -0.888808 0.135607 -0.872496 0.135607 -0.915206 0.140902 -0.911696 0.140902 -0.872404 0.140902 -0.823194 0.135607 -0.823102 0.140993 -0.792203 0.135607 -0.790005 0.135607 -0.737102 0.135805 -0.711803 0.129793 -0.711192 0.116701 -0.737408 0.039704 -0.948501 0.018799 -0.983505 0.043106 -0.951598 0.017105 -0.948608 0.043106 -0.983505 0.255604 -0.773007 0.255604 -0.727794 0.249104 -0.727901 0.276402 -0.727794 0.249302 -0.772793 0.277699 -0.773007 0.249104 -0.727901 0.248798 -0.658396 0.228199 -0.684306 0.244999 -0.734096 0.255604 -0.727794 0.248798 -0.658396 0.249104 -0.727901 0.255802 -0.658503 0.272801 -0.658503 0.276402 -0.727794 0.223804 -0.7449 0.223407 -0.768597 0.228794 -0.767803 0.228504 -0.740902 0.228794 -0.865599 0.223499 -0.865599 0.223407 -0.880598 0.228794 -0.882994 0.183597 -0.931594 0.227893 -0.884398 0.183001 -0.925093 0.223407 -0.880598 0.116701 -0.737408 0.135607 -0.790005 0.135607 -0.737102 0.115694 -0.790005 0.137194 -0.917006 0.183597 -0.931594 0.140902 -0.911696 0.183001 -0.925093 0.228504 -0.740902 0.223804 -0.731701 0.2224 -0.736004 0.232502 -0.733898 0.374899 -0.963195 0.426093 -0.963302 0.426093 -0.955306 0.374899 -0.955306 0.183902 -0.733104 0.2224 -0.736004 0.223804 -0.731701 0.184695 -0.727001 0.135607 -0.737102 0.1411 -0.788495 0.140993 -0.737102 0.135607 -0.790005 0.182605 -0.894896 0.203204 -0.870405 0.182406 -0.8907 0.200595 -0.868299 0.1944 -0.790997 0.203998 -0.794293 0.194598 -0.786892 0.201297 -0.797101 0.170001 -0.980697 0.161593 -0.941405 0.162295 -0.985397 0.170108 -0.946105 0.169604 -0.985107 0.194507 -0.981704 0.194202 -0.942 0.198505 -0.986099 0.192493 -0.946197 0.200107 -0.947707 0.195804 -0.949401 0.018799 -0.983505 0.006301 -0.949599 0.007995 -0.984405 0.017105 -0.948608 0.022705 -0.9393 0.039704 -0.948501 0.045304 -0.939193 0.017105 -0.948608 0.052201 -0.947494 0.043106 -0.951598 0.054001 -0.951797 0.041306 -0.947402 0.054001 -0.983597 0.043106 -0.951598 0.043106 -0.983505 0.054001 -0.951797 0.024506 -0.992798 0.043106 -0.983505 0.018799 -0.983505 0.048706 -0.992798 0.046295 -0.930602 0.067597 -0.864195 0.003006 -0.883207 0.091798 -0.915206 0.002105 -0.773297 0.047104 -0.769604 0.281498 -0.212299 0.288106 -0.183307 0.281498 -0.174807 0.288106 -0.209094 0.276097 -0.214298 0.276097 -0.168002 0.269505 -0.215595 0.269596 -0.164599 0.261997 -0.216007 0.262104 -0.1626 0.254597 -0.164599 0.254704 -0.215595 0.248005 -0.168002 0.248203 -0.214405 0.242603 -0.174807 0.242695 -0.212406 0.236103 -0.183398 0.236194 -0.209201 0.237995 -0.220706 0.243305 -0.226307 0.243503 -0.220706 0.241199 -0.228702 0.242802 -0.215305 0.248493 -0.222095 0.248203 -0.231098 0.248402 -0.215503 0.254704 -0.223102 0.246098 -0.237995 0.254704 -0.215595 0.253895 -0.235294 0.252506 -0.245701 0.261997 -0.216007 0.261295 -0.224094 0.260304 -0.237507 0.267994 -0.224201 0.266896 -0.236301 0.259403 -0.249607 0.269093 -0.2168 0.266804 -0.246799 0.274205 -0.224094 0.273198 -0.233005 0.275395 -0.2177 0.274205 -0.240208 0.278706 -0.229099 0.2804 -0.231693 0.279393 -0.223407 0.280903 -0.218296 0.284703 -0.224201 0.2878 -0.218494 0.161395 -0.288396 0.155596 -0.283497 0.156603 -0.288197 0.166003 -0.283894 0.153704 -0.277897 0.170993 -0.278706 0.152895 -0.272404 0.173098 -0.273304 0.171496 -0.267796 0.154192 -0.266896 0.166995 -0.262104 0.156603 -0.261494 0.162905 -0.257206 0.158007 -0.256901 0.128603 -0.266896 0.149996 -0.261204 0.147906 -0.256901 0.151598 -0.266896 0.127794 -0.264698 0.128801 -0.271 0.152895 -0.272404 0.129 -0.276799 0.130907 -0.282307 0.153704 -0.277897 0.117098 -0.282307 0.132204 -0.286198 0.122698 -0.285893 0.126101 -0.271794 0.154192 -0.283803 0.132006 -0.286305 0.117998 -0.275593 0.153796 -0.288594 0.131106 -0.288396 0.123796 -0.268406 0.132204 -0.288502 0.121599 -0.267704 0.143694 -0.205707 0.140795 -0.213199 0.145205 -0.210697 0.137697 -0.202792 0.135897 -0.217105 0.1308 -0.199496 0.130602 -0.219699 0.124697 -0.199207 0.119707 -0.202792 0.125002 -0.220294 0.115694 -0.209293 0.1187 -0.219806 0.1122 -0.215106 0.113695 -0.220005 0.122301 -0.242802 0.119203 -0.221302 0.114702 -0.222797 0.125002 -0.220294 0.120104 -0.243305 0.126406 -0.243107 0.130602 -0.219699 0.131807 -0.242802 0.1337 -0.254902 0.136995 -0.241993 0.136095 -0.219806 0.127504 -0.252201 0.140795 -0.241703 0.138705 -0.250599 0.141894 -0.220203 0.122301 -0.244205 0.142901 -0.242603 0.146502 -0.221302 0.120897 -0.246098 0.0972 -0.299702 0.097093 -0.306203 0.100298 -0.306203 0.100206 -0.299397 0.100099 -0.314107 0.097093 -0.314107 0.011795 -0.341695 0.014892 -0.334493 0.011703 -0.3346 0.014801 -0.341802 0.014801 -0.325994 0.011795 -0.325994 0.0972 -0.299702 0.089692 -0.306294 0.097093 -0.306203 0.090104 -0.2981 0.097093 -0.314107 0.089799 -0.314794 0.100099 -0.314107 0.107607 -0.306493 0.100298 -0.306203 0.107301 -0.315007 0.100206 -0.299397 0.107301 -0.297704 0.011505 -0.3617 0.011703 -0.354406 0.004196 -0.361593 0.011596 -0.368902 0.004394 -0.353506 0.004394 -0.369802 0.014602 -0.368795 0.022003 -0.3617 0.014694 -0.361807 0.021805 -0.369802 0.014602 -0.354406 0.021896 -0.353597 0.021896 -0.343496 0.022201 -0.334203 0.014801 -0.341802 0.014892 -0.334493 0.014801 -0.325994 0.022003 -0.325307 0.011795 -0.325994 0.004394 -0.334401 0.011703 -0.3346 0.004501 -0.325307 0.011795 -0.341695 0.004699 -0.343206 0.097703 -0.317006 0.089799 -0.314794 0.090699 -0.319295 0.097093 -0.314107 0.020904 -0.349096 0.014602 -0.354406 0.021896 -0.353597 0.013992 -0.3514 0.014694 -0.361807 0.011596 -0.368902 0.014602 -0.368795 0.011505 -0.3617 0.014602 -0.354406 0.011703 -0.354406 0.011795 -0.341695 0.006103 -0.347601 0.012802 -0.344594 0.004699 -0.343206 0.091599 -0.293797 0.090104 -0.2981 0.0972 -0.299702 0.098207 -0.296803 0.011795 -0.325994 0.005401 -0.320806 0.004501 -0.325307 0.012298 -0.323003 0.020798 -0.374197 0.014602 -0.368795 0.013901 -0.371801 0.021805 -0.369802 0.011902 -0.299794 0.011902 -0.306599 0.014892 -0.300099 0.014999 -0.306599 0.0121 -0.314504 0.015106 -0.314504 0.101503 -0.360403 0.098298 -0.353307 0.098298 -0.360403 0.101305 -0.353094 0.101396 -0.368994 0.098405 -0.368994 0.014999 -0.306599 0.0224 -0.306706 0.014892 -0.300099 0.015106 -0.314504 0.022003 -0.298497 0.022293 -0.315206 0.011902 -0.306599 0.004501 -0.306905 0.0121 -0.314504 0.011902 -0.299794 0.004898 -0.315496 0.004898 -0.298207 0.090196 -0.332799 0.090501 -0.340902 0.097703 -0.340002 0.097505 -0.332601 0.097505 -0.325505 0.090302 -0.324605 0.100694 -0.332601 0.108003 -0.332601 0.100496 -0.325505 0.100694 -0.340002 0.107805 -0.324498 0.107897 -0.340703 0.1084 -0.3514 0.101305 -0.353094 0.108797 -0.360601 0.101503 -0.360403 0.101396 -0.368994 0.108705 -0.369604 0.098405 -0.368994 0.098298 -0.360403 0.091004 -0.360693 0.091096 -0.369802 0.098298 -0.353307 0.091096 -0.351797 0.014496 -0.317495 0.022293 -0.315206 0.015106 -0.314504 0.021393 -0.319707 0.106996 -0.345205 0.100694 -0.340002 0.100099 -0.342901 0.107897 -0.340703 0.100694 -0.332601 0.100496 -0.325505 0.097505 -0.325505 0.097505 -0.332601 0.100694 -0.340002 0.097703 -0.340002 0.098298 -0.353307 0.0925 -0.347494 0.091096 -0.351797 0.099198 -0.350393 0.020599 -0.294194 0.014892 -0.300099 0.022003 -0.298497 0.013901 -0.297307 0.098405 -0.368994 0.092103 -0.374197 0.099107 -0.372 0.091096 -0.369802 0.106706 -0.320104 0.100496 -0.325505 0.107805 -0.324498 0.099794 -0.322606 0.132006 -0.376501 0.131701 -0.331106 0.125795 -0.330999 0.1393 -0.376593 0.122698 -0.390494 0.139803 -0.331197 0.115206 -0.331106 0.147402 -0.376593 0.148699 -0.331197 0.112703 -0.390204 0.155795 -0.376593 0.155795 -0.331197 0.162905 -0.331197 0.164202 -0.376593 0.171801 -0.331197 0.172305 -0.376593 0.179797 -0.331106 0.179599 -0.376501 0.185794 -0.330999 0.188907 -0.390494 0.196399 -0.331106 0.198901 -0.390204 0.342 -0.978195 0.374899 -0.977996 0.374899 -0.970108 0.342 -0.970306 0.337407 -0.745205 0.338903 -0.736294 0.332692 -0.741207 0.343206 -0.739895 0.652995 -0.888594 0.680293 -0.915206 0.6804 -0.890806 0.648905 -0.857603 0.683299 -0.893507 0.710796 -0.890105 0.714794 -0.861006 0.683207 -0.916503 0.444602 -0.737606 0.425696 -0.790204 0.445502 -0.790204 0.425696 -0.737408 0.009903 -0.145693 0.004806 -0.170993 0.011596 -0.167605 0.015793 -0.139406 0.018997 -0.163897 0.020798 -0.139696 0.024994 -0.161105 0.025406 -0.139803 0.031906 -0.158404 0.031906 -0.139803 0.038696 -0.156298 0.038895 -0.139696 0.044495 -0.1552 0.044602 -0.139696 0.050202 -0.139696 0.050293 -0.156298 0.057206 -0.139803 0.057099 -0.158495 0.063706 -0.139895 0.063996 -0.161196 0.068299 -0.139803 0.069993 -0.164004 0.073395 -0.139498 0.077393 -0.167697 0.079194 -0.145907 0.084199 -0.171206 0.032303 -0.350301 0.035797 -0.361593 0.046601 -0.354696 0.409094 -0.688899 0.418494 -0.692607 0.418494 -0.680095 0.409094 -0.680095 0.399695 -0.6878 0.427802 -0.680095 0.399695 -0.680095 0.427893 -0.698695 0.390295 -0.680095 0.390402 -0.691997 0.437201 -0.680003 0.381003 -0.680095 0.437201 -0.705592 0.381003 -0.694896 0.446601 -0.680003 0.446601 -0.710994 0.371603 -0.680201 0.455894 -0.680003 0.371603 -0.696498 0.456001 -0.7122 0.362203 -0.680201 0.362295 -0.701198 0.352895 -0.680201 0.352895 -0.708293 0.343496 -0.680201 0.343496 -0.712398 0.037598 -0.326406 0.034699 -0.324895 0.036804 -0.328801 0.032394 -0.331899 0.049393 -0.171405 0.049393 -0.165194 0.044495 -0.1673 0.054306 -0.167193 0.0383 -0.171496 0.060593 -0.171206 0.0495 -0.176593 0.033798 -0.176699 0.065201 -0.176303 0.049607 -0.180499 0.067902 -0.180407 0.031204 -0.180896 0.049607 -0.182193 0.030502 -0.182803 0.068604 -0.182101 0.080201 -0.325093 0.077302 -0.326604 0.057496 -0.309804 0.050797 -0.309194 0.052292 -0.312001 0.057602 -0.306401 0.057496 -0.309804 0.064301 -0.3093 0.062699 -0.312093 0.068894 -0.316106 0.064301 -0.3093 0.062699 -0.312093 0.070893 -0.313695 0.068894 -0.316106 0.075806 -0.3187 0.070893 -0.313695 0.073395 -0.320699 0.075806 -0.3187 0.077302 -0.326604 0.080201 -0.325093 0.073395 -0.320699 0.073395 -0.1962 0.068604 -0.182101 0.071 -0.196994 0.070206 -0.181903 0.074692 -0.180499 0.080094 -0.194202 0.080994 -0.1785 0.086106 -0.192203 0.093003 -0.189807 0.0878 -0.176104 0.098207 -0.1879 0.092607 -0.174395 0.035797 -0.361593 0.026901 -0.369802 0.029694 -0.377401 0.032303 -0.350301 0.078706 -0.361807 0.087495 -0.370108 0.082398 -0.350607 0.084702 -0.377707 0.045395 -0.058304 0.050797 -0.066605 0.045594 -0.067093 0.050797 -0.056305 0.046601 -0.354696 0.057297 -0.350301 0.032303 -0.350301 0.057297 -0.353506 0.082505 -0.332204 0.057297 -0.350301 0.082398 -0.350607 0.057404 -0.332097 0.032394 -0.331899 0.032303 -0.350301 0.250294 -0.287602 0.199603 -0.282704 0.198596 -0.287999 0.249195 -0.2822 0.926497 -0.667597 0.929503 -0.665202 0.926497 -0.667597 0.935897 -0.669993 0.929503 -0.665202 0.067994 -0.354803 0.057297 -0.350301 0.057297 -0.353506 0.082398 -0.350607 0.233204 -0.4112 0.233097 -0.439597 0.240208 -0.439704 0.226093 -0.439704 0.240894 -0.411307 0.225406 -0.411307 0.247196 -0.439994 0.2177 -0.411505 0.2486 -0.411597 0.256199 -0.411994 0.219104 -0.439994 0.2542 -0.440406 0.210101 -0.411994 0.263905 -0.412696 0.2121 -0.440406 0.261204 -0.441001 0.268193 -0.441794 0.205097 -0.441001 0.271595 -0.413504 0.202396 -0.412604 0.198093 -0.441703 0.194705 -0.413397 0.218402 -0.667201 0.203204 -0.660395 0.201007 -0.665293 0.217304 -0.661997 0.216205 -0.672099 0.189395 -0.6645 0.207904 -0.657801 0.230106 -0.667994 0.194507 -0.653101 0.202106 -0.670497 0.213306 -0.658396 0.205203 -0.646799 0.192493 -0.676707 0.217502 -0.647807 0.226902 -0.655802 0.206195 -0.674098 0.201999 -0.684703 0.211505 -0.674693 0.214298 -0.685695 0.224994 -0.679393 0.240894 -0.562402 0.240406 -0.533806 0.229404 -0.534096 0.251301 -0.5337 0.230594 -0.5626 0.251392 -0.562295 0.261799 -0.562295 0.262303 -0.5337 0.272206 -0.5626 0.273304 -0.534096 0.293706 -0.534493 0.292805 -0.562997 0.303197 -0.563394 0.282506 -0.562799 0.304601 -0.534997 0.282795 -0.534295 0.098298 -0.729 0.072694 -0.722103 0.0728 -0.729305 0.098207 -0.722194 0.199496 -0.563607 0.208896 -0.5346 0.198001 -0.535103 0.209903 -0.563195 0.219806 -0.534401 0.220203 -0.562905 0.072907 -0.7608 0.099107 -0.748501 0.070603 -0.749996 0.098405 -0.760204 0.098497 -0.767498 0.110094 -0.7691 0.109895 -0.758206 0.098405 -0.760204 0.072999 -0.767605 0.099504 -0.779095 0.098497 -0.767498 0.071 -0.7785 0.109194 -0.730694 0.098207 -0.722194 0.098298 -0.729 0.109102 -0.720394 0.098298 -0.729 0.072007 -0.740993 0.100496 -0.739895 0.0728 -0.729305 0.072694 -0.722103 0.061203 -0.731197 0.0728 -0.729305 0.061203 -0.720302 0.098207 -0.722194 0.0719 -0.710399 0.072694 -0.722103 0.100404 -0.711299 0.251392 -0.576593 0.261601 -0.576593 0.251392 -0.562295 0.241093 -0.576593 0.261799 -0.562295 0.240894 -0.562402 0.271901 -0.576806 0.272206 -0.5626 0.230594 -0.5626 0.282506 -0.562799 0.2309 -0.576806 0.2822 -0.577005 0.220203 -0.562905 0.292805 -0.562997 0.2206 -0.577096 0.292393 -0.577295 0.2103 -0.577401 0.302693 -0.5776 0.209903 -0.563195 0.200107 -0.577798 0.303197 -0.563394 0.199496 -0.563607 0.061997 -0.759197 0.072999 -0.767605 0.072907 -0.7608 0.062195 -0.769604 0.294804 -0.471107 0.284596 -0.467796 0.291096 -0.475807 0.289998 -0.465202 0.300404 -0.480293 0.282094 -0.457801 0.288106 -0.457694 0.301793 -0.474495 0.310704 -0.4804 0.289601 -0.450095 0.309499 -0.474601 0.284092 -0.4477 0.290196 -0.439399 0.320104 -0.476204 0.294102 -0.4439 0.300893 -0.440207 0.316503 -0.471397 0.299199 -0.434501 0.308598 -0.439704 0.309499 -0.433799 0.319097 -0.437598 0.315694 -0.442496 0.154299 -0.727703 0.159106 -0.725307 0.151598 -0.724193 0.1579 -0.721004 0.164401 -0.724895 0.164904 -0.720607 0.169406 -0.726604 0.171603 -0.722805 0.176806 -0.727504 0.173297 -0.730098 0.179904 -0.733806 0.175692 -0.734905 0.175998 -0.7402 0.180301 -0.740795 0.177996 -0.747402 0.174197 -0.745205 0.170703 -0.749096 0.173297 -0.752605 0.165896 -0.7514 0.166995 -0.755703 0.159899 -0.755993 0.160601 -0.751598 0.058793 -0.689601 0.064103 -0.680201 0.058793 -0.680201 0.064103 -0.689494 0.069398 -0.680201 0.069398 -0.689494 0.074692 -0.689494 0.074692 -0.680201 0.080003 -0.689494 0.079896 -0.680201 0.085206 -0.680201 0.085297 -0.689494 0.090592 -0.689494 0.090501 -0.680095 0.095902 -0.689494 0.095796 -0.680095 0.101106 -0.680095 0.101106 -0.689494 0.106401 -0.680095 0.106401 -0.689494 0.111696 -0.689403 0.111696 -0.680095 0.141894 -0.692302 0.151904 -0.689998 0.146502 -0.689494 0.155993 -0.693507 0.139803 -0.697307 0.157198 -0.698802 0.140993 -0.702602 0.155093 -0.703807 0.145098 -0.706096 0.1505 -0.7066 0.072999 -0.767605 0.098405 -0.760204 0.072907 -0.7608 0.098497 -0.767498 0.615305 -0.838407 0.615396 -0.802792 0.601297 -0.802899 0.601099 -0.838407 0.629496 -0.803006 0.618097 -0.838407 0.629297 -0.838605 0.618204 -0.802899 0.618204 -0.802899 0.615305 -0.838407 0.618097 -0.838407 0.615396 -0.802792 0.581201 -0.838697 0.581003 -0.803098 0.566903 -0.803296 0.566995 -0.838804 0.595102 -0.803204 0.583993 -0.838697 0.595193 -0.838804 0.583795 -0.803098 0.583795 -0.803098 0.581201 -0.838697 0.583993 -0.838697 0.581003 -0.803098 0.603006 -0.936294 0.598306 -0.923095 0.598596 -0.936706 0.608301 -0.920195 0.605997 -0.957794 0.598596 -0.936706 0.599603 -0.958404 0.603006 -0.936294 0.601404 -0.970596 0.605997 -0.957794 0.599603 -0.958404 0.6121 -0.971893 0.607599 -0.994904 0.6121 -0.971893 0.601404 -0.970596 0.597406 -0.993393 0.435203 -0.921004 0.441901 -0.937407 0.446204 -0.924102 0.446403 -0.937697 0.441901 -0.937407 0.445899 -0.959503 0.446403 -0.937697 0.439094 -0.959594 0.439094 -0.959594 0.444495 -0.971695 0.445899 -0.959503 0.432807 -0.973495 0.437797 -0.996094 0.444495 -0.971695 0.432807 -0.973495 0.449104 -0.9944 0.091798 -0.915206 0.091798 -0.872496 0.067597 -0.864195 0.067597 -0.864195 0.091493 -0.823102 0.047104 -0.769604 0.091798 -0.872496 0.514107 -0.769894 0.469703 -0.823301 0.493599 -0.864393 0.469398 -0.872694 0.469398 -0.915297 0.493599 -0.864393 0.469398 -0.872694 0.310903 -0.167407 0.310994 -0.258 0.293904 -0.167498 0.293996 -0.258 0.313497 -0.167407 0.313497 -0.258 0.310903 -0.167407 0.310994 -0.258 0.310903 -0.167407 0.293904 -0.167498 0.300298 -0.164904 0.312306 -0.165301 0.293996 -0.258 0.310994 -0.258 0.299397 -0.259907 0.312398 -0.260105 0.342 -0.955306 0.374899 -0.963195 0.374899 -0.955306 0.342 -0.963195 0.203296 -0.332403 0.206607 -0.292699 0.203098 -0.292699 0.763699 -0.2533 0.758602 -0.265797 0.764294 -0.272099 0.454704 -0.8056 0.454597 -0.814694 0.457801 -0.807004 0.451499 -0.813306 0.451499 -0.813306 0.454704 -0.8056 0.451499 -0.807004 0.450202 -0.810101 0.464195 -0.813001 0.467399 -0.805295 0.464302 -0.806699 0.462898 -0.809903 0.467399 -0.805295 0.467308 -0.814404 0.470603 -0.806699 0.464195 -0.813001 0.4645 -0.793896 0.470802 -0.793698 0.467597 -0.792493 0.463294 -0.797101 0.464698 -0.800305 0.471 -0.800107 0.472206 -0.796902 0.467903 -0.801495 0.468696 -0.787106 0.474998 -0.786892 0.476204 -0.783703 0.471901 -0.788296 0.468498 -0.780804 0.4748 -0.780606 0.471595 -0.7794 0.467308 -0.783993 0.4804 -0.780697 0.487999 -0.783795 0.486702 -0.780697 0.483497 -0.7794 0.486702 -0.786999 0.479103 -0.783902 0.4804 -0.786999 0.483497 -0.788296 0.463294 -0.797101 0.472206 -0.796902 0.470802 -0.793698 0.464698 -0.800305 0.483299 -0.799695 0.4757 -0.796506 0.476997 -0.799695 0.480201 -0.801007 0.459098 -0.794293 0.452796 -0.794202 0.455894 -0.792905 0.460395 -0.797498 0.460395 -0.797498 0.451408 -0.797299 0.452796 -0.794202 0.459098 -0.800595 0.462699 -0.781201 0.456306 -0.781094 0.459495 -0.779904 0.463996 -0.784405 0.463996 -0.784405 0.454994 -0.784207 0.456306 -0.781094 0.462699 -0.787503 0.771099 -0.311299 0.770108 -0.332906 0.775998 -0.323293 0.082398 -0.350607 0.067994 -0.354803 0.078706 -0.361807 0.235904 -0.214496 0.254902 -0.332006 0.254505 -0.292195 0.250904 -0.292302 0.989593 -0.622095 0.986999 -0.634699 0.989593 -0.634699 0.986999 -0.622095 0.989502 -0.647303 0.986893 -0.647303 0.989593 -0.609506 0.989395 -0.659907 0.986999 -0.609506 0.986801 -0.659907 0.986694 -0.672496 0.986999 -0.596902 0.989303 -0.672496 0.989593 -0.596902 0.989502 -0.584298 0.986496 -0.6851 0.986893 -0.584298 0.989105 -0.6851 0.986496 -0.697704 0.989303 -0.571694 0.989105 -0.697704 0.986694 -0.571694 0.986496 -0.559106 0.989105 -0.559106 0.986297 -0.546502 0.988907 -0.546502 0.790402 -0.860899 0.793606 -0.873106 0.795605 -0.872206 0.792706 -0.8607 0.800793 -0.883497 0.791806 -0.848402 0.802396 -0.881895 0.794003 -0.848997 0.799298 -0.838499 0.797498 -0.837095 0.806806 -0.828595 0.807996 -0.830503 0.818601 -0.824094 0.818998 -0.826307 0.830793 -0.8262 0.831205 -0.824002 0.841993 -0.830106 0.843107 -0.828199 0.852705 -0.836301 0.850996 -0.837705 0.856901 -0.848005 0.859007 -0.847196 0.861204 -0.859602 0.8589 -0.859602 0.859007 -0.872007 0.856901 -0.871199 0.671199 -0.565805 0.675303 -0.578805 0.680705 -0.573205 0.667002 -0.572396 0.688594 -0.582406 0.6692 -0.585306 0.660502 -0.560403 0.662303 -0.579904 0.657298 -0.567697 0.682094 -0.586892 0.6748 -0.591897 0.654597 -0.576196 0.679103 -0.599603 0.687205 -0.596094 0.694408 -0.592996 0.690394 -0.606195 0.6981 -0.604593 0.681697 -0.607996 0.699306 -0.616602 0.691493 -0.616602 0.690501 -0.6271 0.698207 -0.628595 0.682597 -0.616693 0.694697 -0.640208 0.681804 -0.625406 0.687495 -0.637201 0.689006 -0.650904 0.679301 -0.633799 0.682506 -0.646494 0.6757 -0.654597 0.675105 -0.641596 0.681193 -0.660197 0.669505 -0.648295 0.667506 -0.661204 0.662806 -0.653696 0.671794 -0.667796 0.657893 -0.665995 0.6551 -0.657496 0.661204 -0.673304 0.706493 -0.695399 0.706905 -0.6869 0.703593 -0.688396 0.709895 -0.694194 0.708705 -0.702602 0.700099 -0.681605 0.7122 -0.701701 0.703197 -0.680095 0.713802 -0.709407 0.710307 -0.710002 0.711192 -0.717494 0.714794 -0.717296 0.711498 -0.725093 0.715007 -0.725093 0.714595 -0.732998 0.711101 -0.732692 0.713497 -0.740795 0.710002 -0.7402 0.7084 -0.747707 0.711894 -0.748501 0.709697 -0.7561 0.706294 -0.755001 0.703593 -0.762005 0.706905 -0.7635 0.700298 -0.768994 0.703502 -0.770397 0.852796 -0.882704 0.846204 -0.886595 0.848295 -0.889097 0.849607 -0.881605 0.853407 -0.874907 0.841306 -0.8925 0.850095 -0.875502 0.840696 -0.889204 0.834699 -0.888701 0.850004 -0.867796 0.8336 -0.891905 0.847395 -0.8701 0.843503 -0.863493 0.8271 -0.887602 0.842405 -0.866697 0.829694 -0.885405 0.823697 -0.880507 0.835798 -0.862898 0.826993 -0.879896 0.836393 -0.866194 0.8309 -0.868894 0.824308 -0.872694 0.828702 -0.8663 0.827497 -0.873899 0.715801 -0.749493 0.713497 -0.740795 0.711894 -0.748501 0.717494 -0.741497 0.709697 -0.7561 0.7187 -0.733394 0.713603 -0.757397 0.710597 -0.765103 0.714595 -0.732998 0.706905 -0.7635 0.706905 -0.772595 0.719097 -0.7252 0.703502 -0.770397 0.715007 -0.725093 0.714794 -0.717296 0.718807 -0.717006 0.713802 -0.709407 0.7178 -0.708797 0.716106 -0.700694 0.7122 -0.701701 0.709895 -0.694194 0.713695 -0.692805 0.710506 -0.685206 0.706905 -0.6869 0.7066 -0.677806 0.703197 -0.680095 0.846204 -0.886595 0.850095 -0.875502 0.847395 -0.8701 0.849607 -0.881605 0.842405 -0.866697 0.840696 -0.889204 0.834699 -0.888701 0.836393 -0.866194 0.8309 -0.868894 0.829694 -0.885405 0.826993 -0.879896 0.827497 -0.873899 0.821698 -0.856001 0.813993 -0.847105 0.816602 -0.852598 0.814496 -0.841093 0.817899 -0.836103 0.827695 -0.856504 0.833204 -0.853895 0.823407 -0.833494 0.829496 -0.833997 0.836606 -0.848905 0.837095 -0.842802 0.834501 -0.8374 0.802502 -0.864607 0.804593 -0.876997 0.804807 -0.864607 0.804807 -0.852201 0.806806 -0.876295 0.806897 -0.852995 0.810895 -0.887999 0.812604 -0.886503 0.821698 -0.894102 0.8206 -0.896101 0.832502 -0.900206 0.832807 -0.897993 0.844999 -0.900099 0.844602 -0.897902 0.855604 -0.893706 0.856794 -0.895598 0.864393 -0.885801 0.866194 -0.887205 0.872099 -0.876097 0.869902 -0.875395 0.871397 -0.863706 0.873701 -0.8636 0.870893 -0.851301 0.868803 -0.852201 0.863905 -0.840803 0.862303 -0.842405 0.646693 -0.660304 0.641199 -0.654704 0.633005 -0.661295 0.654505 -0.650904 0.637293 -0.667796 0.648005 -0.646601 0.626703 -0.673304 0.628305 -0.653803 0.652903 -0.637293 0.623407 -0.666102 0.635004 -0.648295 0.660197 -0.640299 0.644694 -0.633906 0.6206 -0.657603 0.640604 -0.641596 0.663706 -0.628702 0.655894 -0.627207 0.664805 -0.616602 0.647196 -0.625498 0.656901 -0.616693 0.648005 -0.616693 0.655802 -0.606195 0.647105 -0.607996 0.663493 -0.604593 0.652598 -0.596094 0.6598 -0.592996 0.644495 -0.599603 0.654002 -0.582406 0.647501 -0.586892 0.640696 -0.578897 0.646097 -0.573205 0.640208 -0.592004 0.632303 -0.572396 0.634607 -0.585306 0.6365 -0.565805 0.627695 -0.579904 0.625895 -0.560403 0.622705 -0.567697 0.620005 -0.576303 0.688197 -0.760906 0.691402 -0.762493 0.694606 -0.755306 0.684504 -0.767697 0.691295 -0.753994 0.687602 -0.769299 0.693706 -0.746899 0.6972 -0.747906 0.699107 -0.7402 0.695506 -0.739498 0.696696 -0.732097 0.700206 -0.732494 0.697093 -0.724605 0.700694 -0.724605 0.700404 -0.716701 0.696803 -0.717006 0.699306 -0.708904 0.695796 -0.709606 0.693996 -0.702296 0.697398 -0.701305 0.694804 -0.693904 0.691493 -0.695201 0.688304 -0.688396 0.691493 -0.686702 0.684504 -0.681697 0.687602 -0.680003 0.837003 -0.835096 0.829496 -0.833997 0.834501 -0.8374 0.830503 -0.830793 0.840406 -0.842206 0.822797 -0.830198 0.837095 -0.842802 0.839796 -0.850004 0.823407 -0.833494 0.836606 -0.848905 0.835401 -0.856397 0.817899 -0.836103 0.833204 -0.853895 0.815793 -0.833494 0.828305 -0.8598 0.811307 -0.839994 0.827695 -0.856504 0.814496 -0.841093 0.821698 -0.856001 0.8206 -0.859205 0.810697 -0.847807 0.816602 -0.852598 0.814099 -0.854795 0.813993 -0.847105 0.701106 -0.749004 0.694606 -0.755306 0.698405 -0.756802 0.6972 -0.747906 0.699107 -0.7402 0.691402 -0.762493 0.702998 -0.740993 0.704295 -0.732906 0.695003 -0.764401 0.700206 -0.732494 0.690898 -0.771603 0.687602 -0.769299 0.704799 -0.724605 0.700694 -0.724605 0.700404 -0.716701 0.704402 -0.716396 0.699306 -0.708904 0.703304 -0.708202 0.701305 -0.700099 0.697398 -0.701305 0.694804 -0.693904 0.698604 -0.692302 0.695094 -0.684794 0.691493 -0.686702 0.690806 -0.677607 0.687602 -0.680003 0.981598 -0.634699 0.981598 -0.622095 0.979004 -0.634699 0.981506 -0.647303 0.979004 -0.622095 0.978897 -0.647303 0.981598 -0.609506 0.981399 -0.659907 0.979004 -0.609506 0.978805 -0.659907 0.978897 -0.596902 0.981506 -0.596902 0.978607 -0.672496 0.981399 -0.584298 0.981201 -0.672496 0.978805 -0.584298 0.978393 -0.6851 0.981003 -0.6851 0.981292 -0.571694 0.978393 -0.697704 0.981003 -0.697704 0.978698 -0.571694 0.9785 -0.559106 0.981094 -0.559106 0.978302 -0.546502 0.980896 -0.546502 0.722499 -0.817395 0.727504 -0.829007 0.729397 -0.827695 0.724697 -0.816907 0.721904 -0.804807 0.736202 -0.838102 0.724102 -0.805097 0.737606 -0.836194 0.727703 -0.793896 0.725704 -0.792798 0.733501 -0.782895 0.734997 -0.784695 0.744503 -0.776593 0.745205 -0.778805 0.756893 -0.776806 0.756893 -0.774502 0.768505 -0.778897 0.769299 -0.776806 0.780102 -0.783307 0.778607 -0.785 0.786007 -0.794095 0.788006 -0.792996 0.792096 -0.804898 0.789899 -0.805295 0.791897 -0.817502 0.7897 -0.817105 0.6094 -0.573205 0.595605 -0.572396 0.603998 -0.578805 0.599802 -0.565805 0.617304 -0.582406 0.589197 -0.560403 0.610803 -0.586892 0.590997 -0.579904 0.586007 -0.567697 0.6159 -0.596094 0.597894 -0.585306 0.623102 -0.592996 0.607706 -0.599603 0.603494 -0.591897 0.626703 -0.604593 0.618997 -0.606195 0.610407 -0.607996 0.628 -0.616602 0.620203 -0.616602 0.611307 -0.616693 0.619196 -0.6271 0.610498 -0.625406 0.626902 -0.628595 0.616098 -0.637201 0.607904 -0.633799 0.623407 -0.640208 0.611093 -0.646494 0.6177 -0.650904 0.604395 -0.654597 0.6038 -0.641596 0.609903 -0.660197 0.598199 -0.648295 0.596094 -0.661204 0.591394 -0.653696 0.600397 -0.667796 0.586603 -0.665995 0.583703 -0.657496 0.589899 -0.673304 0.679194 -0.694194 0.678004 -0.702602 0.681498 -0.701701 0.675807 -0.695399 0.676097 -0.6869 0.683101 -0.709407 0.672908 -0.688396 0.669398 -0.681605 0.679606 -0.710002 0.672496 -0.680095 0.684092 -0.717296 0.680507 -0.717494 0.680797 -0.725093 0.684306 -0.725093 0.683894 -0.732998 0.6804 -0.732692 0.679301 -0.7402 0.682795 -0.740795 0.677699 -0.747707 0.681193 -0.748501 0.678996 -0.7561 0.675593 -0.755001 0.676204 -0.7635 0.672908 -0.762005 0.669596 -0.768994 0.672801 -0.770397 0.776898 -0.838697 0.780697 -0.832105 0.775692 -0.835492 0.7832 -0.834302 0.7691 -0.839399 0.786603 -0.827207 0.769696 -0.835996 0.762005 -0.836103 0.783307 -0.826596 0.764202 -0.833494 0.786007 -0.819394 0.782803 -0.820493 0.757504 -0.829694 0.779293 -0.815595 0.760693 -0.828504 0.781506 -0.813001 0.756893 -0.821805 0.760204 -0.822507 0.773907 -0.813001 0.760296 -0.814801 0.774395 -0.809705 0.762798 -0.816999 0.766705 -0.810407 0.767803 -0.813596 0.6851 -0.749493 0.678996 -0.7561 0.682795 -0.757397 0.681193 -0.748501 0.682795 -0.740795 0.676204 -0.7635 0.679896 -0.765103 0.686793 -0.741497 0.676204 -0.772595 0.672801 -0.770397 0.683894 -0.732998 0.687999 -0.733394 0.688396 -0.7252 0.684306 -0.725093 0.684092 -0.717296 0.688106 -0.717006 0.683101 -0.709407 0.687099 -0.708797 0.685405 -0.700694 0.681498 -0.701701 0.679194 -0.694194 0.682994 -0.692805 0.676097 -0.6869 0.679805 -0.685206 0.675898 -0.677806 0.672496 -0.680095 0.779293 -0.815595 0.783307 -0.826596 0.782803 -0.820493 0.780697 -0.832105 0.773907 -0.813001 0.775692 -0.835492 0.767803 -0.813596 0.769696 -0.835996 0.764202 -0.833494 0.762798 -0.816999 0.760693 -0.828504 0.760204 -0.822507 0.583307 -0.576196 0.749599 -0.808698 0.740703 -0.801099 0.744106 -0.806104 0.7402 -0.795102 0.755703 -0.808194 0.742794 -0.789593 0.747799 -0.786206 0.760693 -0.8047 0.753796 -0.785702 0.763302 -0.799298 0.759304 -0.788205 0.762798 -0.793194 0.732097 -0.816297 0.736202 -0.828199 0.734401 -0.8159 0.732403 -0.803693 0.738201 -0.8271 0.734707 -0.804105 0.744106 -0.837995 0.745602 -0.836301 0.755703 -0.842298 0.754894 -0.844495 0.7673 -0.846693 0.7673 -0.844404 0.779706 -0.844602 0.779004 -0.842496 0.789197 -0.836606 0.790707 -0.8383 0.796597 -0.827405 0.798596 -0.828504 0.802701 -0.816602 0.800397 -0.816297 0.800107 -0.804501 0.802304 -0.803998 0.797498 -0.792294 0.795605 -0.793606 0.788998 -0.783001 0.787594 -0.784894 0.575402 -0.660304 0.569894 -0.654704 0.5617 -0.661295 0.5832 -0.650904 0.565896 -0.667796 0.556893 -0.653803 0.576593 -0.646601 0.555398 -0.673304 0.563699 -0.648295 0.552102 -0.666102 0.569299 -0.641596 0.549294 -0.657603 0.573404 -0.633906 0.581598 -0.637293 0.584604 -0.627207 0.575906 -0.625498 0.592294 -0.628702 0.588907 -0.640299 0.585595 -0.616693 0.593393 -0.616602 0.576699 -0.616693 0.584497 -0.606195 0.575799 -0.607996 0.592203 -0.604593 0.581292 -0.596094 0.588495 -0.592996 0.573098 -0.599603 0.582696 -0.582406 0.576196 -0.586892 0.569406 -0.578897 0.568902 -0.592004 0.563195 -0.585306 0.574807 -0.573205 0.556405 -0.579904 0.560998 -0.572396 0.565194 -0.565805 0.5514 -0.567697 0.554604 -0.560403 0.548699 -0.576303 0.6598 -0.753994 0.659907 -0.762493 0.663096 -0.755306 0.656703 -0.760906 0.662196 -0.746899 0.652995 -0.767697 0.656107 -0.769299 0.665599 -0.747906 0.667506 -0.7402 0.663996 -0.739498 0.668696 -0.732494 0.665202 -0.732097 0.665599 -0.724605 0.6692 -0.724605 0.668894 -0.716701 0.665293 -0.717006 0.664302 -0.709606 0.667796 -0.708904 0.662501 -0.702296 0.665904 -0.701305 0.663294 -0.693904 0.659998 -0.695201 0.659998 -0.686702 0.656794 -0.688396 0.652995 -0.681697 0.656107 -0.680003 0.761501 -0.785595 0.753796 -0.785702 0.759304 -0.788205 0.754406 -0.782406 0.766003 -0.792096 0.7467 -0.783001 0.747799 -0.786206 0.762798 -0.793194 0.7402 -0.787396 0.763302 -0.799298 0.766598 -0.799893 0.742794 -0.789593 0.760693 -0.8047 0.736904 -0.7944 0.763195 -0.806897 0.7402 -0.795102 0.756802 -0.811307 0.737499 -0.802304 0.755703 -0.808194 0.740703 -0.801099 0.749599 -0.808698 0.742 -0.808698 0.749096 -0.811994 0.744106 -0.806104 0.667506 -0.7402 0.669505 -0.749004 0.671504 -0.740993 0.665599 -0.747906 0.672801 -0.732906 0.663096 -0.755306 0.666896 -0.756802 0.668696 -0.732494 0.659907 -0.762493 0.663493 -0.764401 0.673198 -0.724605 0.659403 -0.771603 0.656107 -0.769299 0.6692 -0.724605 0.668894 -0.716701 0.672908 -0.716396 0.671794 -0.708202 0.667796 -0.708904 0.669795 -0.700099 0.665904 -0.701305 0.663294 -0.693904 0.667094 -0.692302 0.659998 -0.686702 0.6636 -0.684794 0.659297 -0.677607 0.656107 -0.680003 0.982193 -0.791608 0.982193 -0.779004 0.979599 -0.791608 0.982101 -0.804196 0.979599 -0.779004 0.979507 -0.804196 0.982193 -0.7664 0.981994 -0.8168 0.979599 -0.7664 0.9794 -0.8168 0.979294 -0.829404 0.979599 -0.753796 0.981903 -0.829404 0.982193 -0.753796 0.979095 -0.841993 0.982101 -0.741207 0.979507 -0.741207 0.981704 -0.841993 0.981903 -0.728603 0.979095 -0.854597 0.981704 -0.854597 0.979294 -0.728695 0.979095 -0.716106 0.981704 -0.715999 0.978897 -0.703502 0.981506 -0.703395 0.770794 -0.682506 0.7776 -0.693095 0.779202 -0.6916 0.7729 -0.681605 0.7682 -0.6701 0.787594 -0.700694 0.770504 -0.6701 0.788602 -0.698695 0.772305 -0.658396 0.770108 -0.657694 0.777996 -0.648096 0.776303 -0.646693 0.786099 -0.638697 0.787198 -0.640696 0.798398 -0.637003 0.798001 -0.634699 0.810605 -0.635004 0.810193 -0.637201 0.822293 -0.639704 0.821103 -0.641596 0.829908 -0.6495 0.831693 -0.648096 0.835492 -0.659907 0.837598 -0.659205 0.839399 -0.671702 0.837095 -0.671595 0.383597 -0.565805 0.387701 -0.578805 0.393194 -0.573205 0.3794 -0.572396 0.3729 -0.560403 0.401007 -0.582406 0.369802 -0.567697 0.394598 -0.586892 0.381598 -0.585306 0.374807 -0.579904 0.399695 -0.596094 0.366995 -0.576196 0.387304 -0.591897 0.406897 -0.592996 0.391501 -0.599603 0.402792 -0.606195 0.394095 -0.607996 0.410498 -0.604593 0.403906 -0.616602 0.411795 -0.616602 0.394995 -0.616693 0.402899 -0.6271 0.394202 -0.625406 0.410605 -0.628595 0.399893 -0.637201 0.391699 -0.633799 0.407202 -0.640208 0.394903 -0.646494 0.401404 -0.650904 0.388205 -0.654597 0.387594 -0.641596 0.393698 -0.660197 0.381994 -0.648295 0.379904 -0.661204 0.375204 -0.653696 0.384207 -0.667796 0.370306 -0.665995 0.367498 -0.657496 0.373602 -0.673304 0.585107 -0.695705 0.585504 -0.687205 0.582193 -0.688701 0.588495 -0.694499 0.587396 -0.702907 0.578698 -0.681895 0.590799 -0.702007 0.581903 -0.680293 0.592493 -0.709697 0.588907 -0.710307 0.593393 -0.717494 0.589807 -0.7178 0.590097 -0.725399 0.593698 -0.725399 0.593301 -0.733303 0.5897 -0.732906 0.588602 -0.740505 0.592203 -0.7411 0.587106 -0.747906 0.590494 -0.748806 0.588296 -0.756405 0.585 -0.755199 0.585504 -0.763699 0.582193 -0.762295 0.578897 -0.769207 0.582101 -0.770703 0.836606 -0.678706 0.831495 -0.684398 0.834302 -0.686198 0.833204 -0.678599 0.834699 -0.671107 0.8271 -0.688594 0.8318 -0.672694 0.828702 -0.6916 0.821195 -0.690105 0.829297 -0.665507 0.821195 -0.693401 0.827497 -0.668406 0.821805 -0.663294 0.813703 -0.691295 0.821698 -0.666697 0.815396 -0.688396 0.808194 -0.685695 0.815793 -0.668193 0.8112 -0.684092 0.814206 -0.665202 0.809796 -0.678203 0.811505 -0.672404 0.806394 -0.678096 0.808606 -0.670604 0.588296 -0.756405 0.589303 -0.765393 0.592203 -0.757702 0.585504 -0.763699 0.594507 -0.749798 0.585504 -0.772793 0.582101 -0.770703 0.590494 -0.748806 0.592203 -0.7411 0.596094 -0.741802 0.597299 -0.7337 0.593301 -0.733303 0.597696 -0.725399 0.593698 -0.725399 0.593393 -0.717494 0.597406 -0.717205 0.596506 -0.708995 0.592493 -0.709697 0.594797 -0.700999 0.590799 -0.702007 0.588495 -0.694499 0.592294 -0.693095 0.589197 -0.685405 0.585504 -0.687205 0.585199 -0.678096 0.581903 -0.680293 0.8318 -0.672694 0.831495 -0.684398 0.833204 -0.678599 0.827497 -0.668406 0.8271 -0.688594 0.821698 -0.666697 0.815793 -0.668193 0.821195 -0.690105 0.815396 -0.688396 0.811505 -0.672404 0.8112 -0.684092 0.809796 -0.678203 0.795193 -0.669505 0.785199 -0.663493 0.789395 -0.667903 0.783795 -0.657603 0.801099 -0.668101 0.785504 -0.651804 0.789899 -0.647593 0.805493 -0.663905 0.807202 -0.658106 0.795804 -0.646204 0.805798 -0.652201 0.801602 -0.647898 0.778393 -0.6795 0.784298 -0.690593 0.780606 -0.678798 0.776699 -0.667002 0.786099 -0.689204 0.779004 -0.667094 0.793698 -0.699107 0.794903 -0.6972 0.805798 -0.701503 0.805402 -0.703807 0.817594 -0.701793 0.818006 -0.704005 0.829908 -0.700008 0.828794 -0.697993 0.837995 -0.690593 0.839704 -0.692103 0.846006 -0.681193 0.8439 -0.6804 0.848096 -0.668803 0.845899 -0.668803 0.843702 -0.657206 0.845808 -0.656397 0.837598 -0.647105 0.839307 -0.645594 0.829404 -0.637797 0.828305 -0.639796 0.349706 -0.667796 0.353704 -0.654704 0.345403 -0.661295 0.359197 -0.660304 0.339101 -0.673304 0.347494 -0.648295 0.366903 -0.650904 0.335805 -0.666102 0.360403 -0.646601 0.365393 -0.637293 0.340703 -0.653803 0.353094 -0.641596 0.372595 -0.640299 0.332998 -0.657603 0.357198 -0.633906 0.368399 -0.627207 0.359701 -0.625498 0.376104 -0.628702 0.369406 -0.616693 0.377203 -0.616602 0.360494 -0.616693 0.3682 -0.606195 0.359503 -0.607996 0.375906 -0.604593 0.365103 -0.596094 0.372305 -0.592996 0.356893 -0.599603 0.3664 -0.582406 0.360006 -0.586892 0.352697 -0.592004 0.353094 -0.578897 0.358602 -0.573205 0.347005 -0.585306 0.344793 -0.572396 0.3402 -0.579904 0.349004 -0.565805 0.335103 -0.567697 0.332403 -0.576303 0.338293 -0.560403 0.569894 -0.754299 0.570001 -0.762798 0.573205 -0.755596 0.566796 -0.761196 0.572396 -0.747097 0.563104 -0.767895 0.575799 -0.748196 0.566201 -0.769604 0.577707 -0.740505 0.574197 -0.739803 0.575296 -0.732296 0.578897 -0.732692 0.575799 -0.724804 0.579293 -0.724895 0.579004 -0.717006 0.575494 -0.717296 0.574395 -0.709895 0.577905 -0.709194 0.572702 -0.702602 0.576104 -0.701503 0.573495 -0.694102 0.570108 -0.695506 0.566903 -0.688594 0.570108 -0.687007 0.563104 -0.682002 0.566201 -0.680293 0.803296 -0.644907 0.795804 -0.646204 0.801602 -0.647898 0.795804 -0.642802 0.808804 -0.650599 0.789899 -0.647593 0.805798 -0.652201 0.788296 -0.644694 0.810605 -0.658198 0.785504 -0.651804 0.807202 -0.658106 0.782605 -0.650004 0.808301 -0.665705 0.780407 -0.657496 0.805493 -0.663905 0.783795 -0.657603 0.782193 -0.665095 0.801099 -0.668101 0.785199 -0.663493 0.802701 -0.671 0.789395 -0.667903 0.795193 -0.669505 0.795193 -0.672908 0.787701 -0.670802 0.579995 -0.700404 0.573495 -0.694102 0.576104 -0.701503 0.577203 -0.692607 0.577905 -0.709194 0.573693 -0.6851 0.581903 -0.7084 0.583093 -0.716594 0.570108 -0.687007 0.579004 -0.717006 0.583398 -0.724895 0.569497 -0.677897 0.579293 -0.724895 0.566201 -0.680293 0.578897 -0.732692 0.582895 -0.733104 0.577707 -0.740505 0.581704 -0.741299 0.579705 -0.749294 0.575799 -0.748196 0.573205 -0.755596 0.577005 -0.757107 0.573693 -0.764599 0.570001 -0.762798 0.569497 -0.771893 0.566201 -0.769604 0.990204 -0.791608 0.990204 -0.779004 0.987594 -0.791608 0.990097 -0.804196 0.987594 -0.779004 0.987503 -0.804196 0.990005 -0.8168 0.990204 -0.7664 0.987396 -0.8168 0.987594 -0.7664 0.987503 -0.753796 0.987198 -0.829404 0.990097 -0.753796 0.989807 -0.829404 0.990005 -0.741207 0.986999 -0.841993 0.987396 -0.741207 0.989593 -0.841993 0.986999 -0.854597 0.989899 -0.728603 0.989593 -0.854597 0.987305 -0.728695 0.987106 -0.716106 0.9897 -0.715999 0.986893 -0.703502 0.989502 -0.703395 0.755901 -0.748196 0.7608 -0.759793 0.762707 -0.758495 0.758099 -0.747707 0.769497 -0.768902 0.755398 -0.735607 0.770794 -0.767102 0.757595 -0.735897 0.761303 -0.724697 0.759304 -0.723598 0.768704 -0.715496 0.767193 -0.713802 0.778195 -0.707607 0.778897 -0.709697 0.7906 -0.707805 0.7906 -0.705501 0.803006 -0.707897 0.802197 -0.710002 0.813794 -0.714397 0.812299 -0.716106 0.819593 -0.725399 0.821607 -0.7243 0.825605 -0.736202 0.823407 -0.736599 0.825299 -0.748806 0.823102 -0.748394 0.456504 -0.565805 0.4607 -0.578805 0.466102 -0.573205 0.452293 -0.572396 0.473899 -0.582406 0.454505 -0.585306 0.445899 -0.560403 0.4477 -0.579904 0.442695 -0.567697 0.467506 -0.586892 0.460197 -0.591897 0.439994 -0.576196 0.464393 -0.599603 0.472602 -0.596094 0.479805 -0.592996 0.4757 -0.606195 0.483406 -0.604593 0.467002 -0.607996 0.484703 -0.616602 0.476799 -0.616602 0.475807 -0.6271 0.483604 -0.628595 0.467994 -0.616693 0.480095 -0.640208 0.467094 -0.625406 0.472801 -0.637201 0.464607 -0.633799 0.474296 -0.650904 0.467796 -0.646494 0.460502 -0.641596 0.461097 -0.654597 0.454902 -0.648295 0.466606 -0.660197 0.452796 -0.661204 0.448096 -0.653696 0.457099 -0.667796 0.443198 -0.665995 0.446494 -0.673304 0.440406 -0.657496 0.611399 -0.688701 0.6177 -0.694499 0.614603 -0.687205 0.614298 -0.695705 0.607904 -0.681895 0.616495 -0.702907 0.611002 -0.680293 0.620005 -0.702007 0.621607 -0.709697 0.618997 -0.7178 0.622599 -0.717494 0.618097 -0.710307 0.619303 -0.725399 0.622797 -0.725399 0.6224 -0.733303 0.618906 -0.732906 0.617807 -0.740505 0.621302 -0.7411 0.616205 -0.747906 0.619699 -0.748806 0.617502 -0.756405 0.614099 -0.755199 0.611399 -0.762295 0.614694 -0.763699 0.608103 -0.769207 0.611307 -0.770703 0.821195 -0.758602 0.815198 -0.763394 0.8177 -0.765606 0.817807 -0.7579 0.817395 -0.751904 0.810193 -0.766796 0.811307 -0.769894 0.8206 -0.750698 0.804105 -0.767193 0.803601 -0.770596 0.816205 -0.744305 0.798703 -0.764599 0.813993 -0.746899 0.796506 -0.767193 0.795193 -0.759594 0.808499 -0.744305 0.792004 -0.7608 0.809094 -0.740902 0.802502 -0.744701 0.794797 -0.753597 0.801404 -0.741604 0.791501 -0.752895 0.797498 -0.748196 0.794903 -0.745907 0.6177 -0.694499 0.618296 -0.685405 0.614603 -0.687205 0.6215 -0.693095 0.623896 -0.700999 0.614404 -0.678096 0.620005 -0.702007 0.621607 -0.709697 0.611002 -0.680293 0.625605 -0.708995 0.622599 -0.717494 0.626596 -0.717205 0.626902 -0.725399 0.622797 -0.725399 0.6224 -0.733303 0.626505 -0.7337 0.625299 -0.741802 0.621302 -0.7411 0.623606 -0.749798 0.619699 -0.748806 0.617502 -0.756405 0.621393 -0.757702 0.618402 -0.765393 0.614694 -0.763699 0.614694 -0.772793 0.611307 -0.770703 0.813993 -0.746899 0.810193 -0.766796 0.815198 -0.763394 0.808499 -0.744305 0.817395 -0.751904 0.802502 -0.744701 0.817807 -0.7579 0.804105 -0.767193 0.798703 -0.764599 0.797498 -0.748196 0.795193 -0.759594 0.794797 -0.753597 0.783597 -0.738796 0.774701 -0.731197 0.778103 -0.736202 0.774197 -0.7252 0.789593 -0.738399 0.776898 -0.719707 0.781903 -0.716396 0.794598 -0.734997 0.797299 -0.729503 0.788006 -0.715908 0.796902 -0.723507 0.793393 -0.718502 0.766201 -0.747295 0.770199 -0.759304 0.768399 -0.747005 0.766598 -0.734707 0.772198 -0.758206 0.768795 -0.735195 0.777996 -0.7691 0.779507 -0.767407 0.789593 -0.773602 0.7888 -0.775692 0.801205 -0.775799 0.801099 -0.777996 0.813596 -0.775998 0.812802 -0.773907 0.823102 -0.768093 0.824506 -0.769802 0.832593 -0.760098 0.830594 -0.758999 0.836698 -0.748196 0.834394 -0.747799 0.834195 -0.736095 0.836393 -0.735607 0.8318 -0.723903 0.829801 -0.725093 0.823301 -0.714504 0.821897 -0.716304 0.422599 -0.667796 0.426596 -0.654704 0.418296 -0.661295 0.432105 -0.660304 0.411994 -0.673304 0.439796 -0.650904 0.408804 -0.666102 0.420401 -0.648295 0.433295 -0.646601 0.413596 -0.653803 0.426001 -0.641596 0.4383 -0.637293 0.405905 -0.657603 0.430106 -0.633906 0.445502 -0.640299 0.441306 -0.627207 0.432593 -0.625498 0.448997 -0.628702 0.442298 -0.616693 0.450095 -0.616602 0.433402 -0.616693 0.441093 -0.606195 0.432502 -0.607996 0.448798 -0.604593 0.429801 -0.599603 0.445197 -0.592996 0.437995 -0.596094 0.432898 -0.586892 0.425605 -0.592004 0.439307 -0.582406 0.419898 -0.585306 0.426001 -0.578897 0.431495 -0.573205 0.4177 -0.572396 0.421897 -0.565805 0.413108 -0.579904 0.4112 -0.560403 0.407996 -0.567697 0.405295 -0.576303 0.596506 -0.761196 0.599695 -0.762798 0.602899 -0.755596 0.592798 -0.767895 0.595895 -0.769604 0.599603 -0.754299 0.601999 -0.747097 0.605493 -0.748196 0.607294 -0.740505 0.6038 -0.739803 0.605005 -0.732296 0.608499 -0.732692 0.605402 -0.724804 0.609003 -0.724895 0.608698 -0.717006 0.605097 -0.717296 0.604105 -0.709895 0.607599 -0.709194 0.602304 -0.702602 0.605707 -0.701503 0.603098 -0.694102 0.599802 -0.695506 0.596597 -0.688594 0.599802 -0.687007 0.592798 -0.682002 0.595895 -0.680293 0.795605 -0.715908 0.788006 -0.715908 0.793393 -0.718502 0.788602 -0.712596 0.796902 -0.723507 0.781903 -0.716396 0.800107 -0.722393 0.780804 -0.713207 0.776898 -0.719707 0.800595 -0.730205 0.774395 -0.717494 0.797299 -0.729503 0.774197 -0.7252 0.794598 -0.734997 0.797208 -0.737194 0.770901 -0.724498 0.789593 -0.738399 0.774701 -0.731197 0.790707 -0.741604 0.771496 -0.732403 0.783597 -0.738796 0.778103 -0.736202 0.783001 -0.742199 0.775906 -0.738796 0.608698 -0.717006 0.613108 -0.724895 0.612696 -0.716594 0.609003 -0.724895 0.611597 -0.7084 0.608499 -0.732692 0.612604 -0.733104 0.607599 -0.709194 0.607294 -0.740505 0.611307 -0.741299 0.609598 -0.700404 0.6094 -0.749294 0.605493 -0.748196 0.605707 -0.701503 0.602899 -0.755596 0.603098 -0.694102 0.606897 -0.692607 0.606699 -0.757107 0.603403 -0.6851 0.603296 -0.764599 0.599802 -0.687007 0.599695 -0.762798 0.5991 -0.677897 0.599207 -0.771893 0.595895 -0.769604 0.595895 -0.680293 0.998306 -0.779004 0.995697 -0.791608 0.998306 -0.791608 0.995697 -0.779004 0.998306 -0.7664 0.998199 -0.804196 0.995697 -0.7664 0.995605 -0.804196 0.998093 -0.8168 0.995605 -0.753796 0.995499 -0.8168 0.998199 -0.753796 0.998093 -0.741207 0.9953 -0.829404 0.995499 -0.741207 0.997894 -0.829404 0.995102 -0.841993 0.998001 -0.728603 0.997696 -0.841993 0.995407 -0.728695 0.995102 -0.854597 0.995193 -0.716106 0.997803 -0.715999 0.997696 -0.854597 0.994995 -0.703502 0.997604 -0.703395 0.824598 -0.793393 0.8271 -0.805798 0.829206 -0.804898 0.826902 -0.793393 0.826596 -0.781003 0.833707 -0.816495 0.828794 -0.781704 0.835401 -0.814893 0.834607 -0.771496 0.832898 -0.770001 0.843702 -0.764004 0.842603 -0.762005 0.854597 -0.758099 0.854902 -0.760403 0.866697 -0.760906 0.867201 -0.758602 0.878904 -0.763394 0.877607 -0.765301 0.888106 -0.772 0.886305 -0.773404 0.8916 -0.783902 0.893797 -0.7832 0.895293 -0.795697 0.893095 -0.795605 0.8925 -0.807996 0.890394 -0.807095 0.528496 -0.565805 0.532601 -0.578805 0.538003 -0.573205 0.5243 -0.572396 0.5178 -0.560403 0.545907 -0.582406 0.514595 -0.567697 0.539498 -0.586892 0.526497 -0.585306 0.5196 -0.579904 0.544503 -0.596094 0.511894 -0.576196 0.532204 -0.591897 0.551797 -0.592996 0.5364 -0.599603 0.547707 -0.606195 0.538994 -0.607996 0.555398 -0.604593 0.548806 -0.616602 0.556695 -0.616602 0.539895 -0.616693 0.547799 -0.6271 0.539101 -0.625406 0.555505 -0.628595 0.544793 -0.637201 0.536599 -0.633799 0.551995 -0.640208 0.539803 -0.646494 0.546304 -0.650904 0.533104 -0.654597 0.532403 -0.641596 0.538506 -0.660197 0.526894 -0.648295 0.524804 -0.661204 0.520104 -0.653696 0.529107 -0.667796 0.515206 -0.665995 0.512398 -0.657496 0.518502 -0.673304 0.644099 -0.695399 0.644404 -0.6869 0.641093 -0.688396 0.647395 -0.694194 0.646296 -0.702602 0.637598 -0.681605 0.649699 -0.701701 0.640803 -0.680095 0.651408 -0.709407 0.647898 -0.710002 0.652293 -0.717296 0.648798 -0.717494 0.648997 -0.725093 0.652598 -0.725093 0.652201 -0.732998 0.6486 -0.732692 0.647593 -0.7402 0.651102 -0.740795 0.646006 -0.747707 0.6495 -0.748501 0.647303 -0.7561 0.6439 -0.755001 0.644404 -0.7635 0.641093 -0.762005 0.637797 -0.768994 0.641001 -0.770397 0.885801 -0.816098 0.878996 -0.819501 0.880995 -0.822202 0.882704 -0.814694 0.886793 -0.808301 0.873396 -0.821897 0.883406 -0.808698 0.873793 -0.825193 0.867399 -0.821103 0.881102 -0.803098 0.866102 -0.824308 0.862501 -0.817502 0.883696 -0.801007 0.859907 -0.819593 0.876204 -0.799496 0.877501 -0.796399 0.856794 -0.812406 0.870207 -0.798795 0.860197 -0.811902 0.869795 -0.795407 0.860899 -0.805905 0.864607 -0.801099 0.857801 -0.804593 0.862593 -0.798398 0.656703 -0.7252 0.652293 -0.717296 0.652598 -0.725093 0.656397 -0.717006 0.652201 -0.732998 0.656199 -0.733394 0.655406 -0.708797 0.6551 -0.741497 0.651408 -0.709407 0.651102 -0.740795 0.653407 -0.749493 0.653696 -0.700694 0.6495 -0.748501 0.649699 -0.701701 0.647303 -0.7561 0.651102 -0.757397 0.647395 -0.694194 0.644404 -0.7635 0.648203 -0.765103 0.651194 -0.692805 0.644404 -0.772595 0.641001 -0.770397 0.644404 -0.6869 0.648096 -0.685206 0.644099 -0.677806 0.640803 -0.680095 0.881102 -0.803098 0.882704 -0.814694 0.883406 -0.808698 0.878996 -0.819501 0.873396 -0.821897 0.876204 -0.799496 0.870207 -0.798795 0.867399 -0.821103 0.862501 -0.817502 0.864607 -0.801099 0.860899 -0.805905 0.860197 -0.811902 0.853407 -0.790494 0.846998 -0.775296 0.848493 -0.786892 0.859403 -0.791302 0.846204 -0.781292 0.850706 -0.770504 0.856306 -0.7682 0.865003 -0.788998 0.868696 -0.784207 0.862303 -0.768902 0.867094 -0.772595 0.869505 -0.778195 0.833295 -0.794202 0.834806 -0.806699 0.835599 -0.7944 0.836194 -0.781994 0.837003 -0.806104 0.8383 -0.782895 0.840497 -0.818006 0.842298 -0.816602 0.850904 -0.824598 0.849699 -0.826596 0.861799 -0.829099 0.861402 -0.831296 0.873899 -0.831907 0.873594 -0.829602 0.884901 -0.826001 0.885893 -0.828 0.895705 -0.820096 0.893996 -0.818601 0.902205 -0.809293 0.900099 -0.808499 0.902205 -0.796902 0.904494 -0.796902 0.902205 -0.784497 0.900099 -0.785306 0.895903 -0.773602 0.894102 -0.775097 0.494606 -0.667796 0.498604 -0.654704 0.490303 -0.661295 0.504097 -0.660304 0.484001 -0.673304 0.492393 -0.648295 0.480705 -0.666102 0.505302 -0.646601 0.485603 -0.653803 0.511803 -0.650904 0.497902 -0.641596 0.510201 -0.637293 0.502007 -0.633906 0.517494 -0.640299 0.504601 -0.625498 0.513298 -0.627207 0.521004 -0.628702 0.514199 -0.616693 0.522103 -0.616602 0.505394 -0.616693 0.5131 -0.606195 0.520806 -0.604593 0.504402 -0.607996 0.517205 -0.592996 0.509896 -0.596094 0.501793 -0.599603 0.511299 -0.582406 0.504799 -0.586892 0.497505 -0.592004 0.497993 -0.578897 0.491905 -0.585306 0.503395 -0.573205 0.489693 -0.572396 0.484993 -0.579904 0.493904 -0.565805 0.480003 -0.567697 0.483207 -0.560403 0.477302 -0.576303 0.636805 -0.7402 0.631495 -0.746899 0.634897 -0.747906 0.633295 -0.739498 0.637995 -0.732494 0.632395 -0.755306 0.634501 -0.732097 0.629099 -0.753994 0.629206 -0.762493 0.626001 -0.760906 0.634897 -0.724605 0.638498 -0.724605 0.622293 -0.767697 0.625406 -0.769299 0.638193 -0.716701 0.634607 -0.717006 0.6336 -0.709606 0.637095 -0.708904 0.6318 -0.702296 0.635203 -0.701305 0.632593 -0.693904 0.629297 -0.695201 0.629297 -0.686702 0.626093 -0.688396 0.622293 -0.681697 0.625406 -0.680003 0.855802 -0.764797 0.850706 -0.770504 0.856306 -0.7682 0.8486 -0.767803 0.863493 -0.765805 0.862303 -0.768902 0.846998 -0.775296 0.8439 -0.773999 0.869795 -0.770504 0.867094 -0.772595 0.842802 -0.781796 0.846204 -0.781292 0.872801 -0.777707 0.848493 -0.786892 0.869505 -0.778195 0.845899 -0.788998 0.868696 -0.784207 0.852094 -0.793698 0.853407 -0.790494 0.871794 -0.785504 0.8598 -0.794598 0.859403 -0.791302 0.865003 -0.788998 0.867002 -0.791699 0.629297 -0.686702 0.628595 -0.677607 0.625406 -0.680003 0.632898 -0.684794 0.632593 -0.693904 0.636393 -0.692302 0.639094 -0.700099 0.635203 -0.701305 0.637095 -0.708904 0.641093 -0.708202 0.638193 -0.716701 0.642206 -0.716396 0.642496 -0.724605 0.638498 -0.724605 0.637995 -0.732494 0.6421 -0.732906 0.640803 -0.740993 0.636805 -0.7402 0.638804 -0.749004 0.634897 -0.747906 0.632395 -0.755306 0.636194 -0.756802 0.629206 -0.762493 0.632807 -0.764401 0.628702 -0.771603 0.625406 -0.769299 0.477897 -0.657603 0.356802 -0.023697 0.369497 -0.011093 0.356695 -0.009002 0.357397 -0.026993 0.369497 -0.021393 0.356802 -0.023697 0.356802 -0.023697 0.356695 -0.009002 0.353399 -0.009002 0.353506 -0.023697 0.357397 -0.026993 0.373693 -0.034302 0.370108 -0.024597 0.398795 -0.023804 0.398703 -0.009094 0.386007 -0.011398 0.386099 -0.021698 0.398199 -0.0271 0.386099 -0.021698 0.385504 -0.024994 0.398199 -0.0271 0.385504 -0.024994 0.382101 -0.034607 0.369497 -0.021393 0.370108 -0.024597 0.369497 -0.011093 0.3729 -0.021301 0.372793 -0.011093 0.369497 -0.021393 0.357305 -0.005706 0.369497 -0.011093 0.370001 -0.007797 0.356695 -0.009002 0.362493 -0.040802 0.386007 -0.011398 0.398093 -0.005798 0.385397 -0.008102 0.398703 -0.009094 0.382605 -0.011398 0.382696 -0.021698 0.386099 -0.021698 0.386007 -0.011398 0.398795 -0.023804 0.398703 -0.009094 0.398795 -0.023804 0.402106 -0.023804 0.401999 -0.009094 0.393301 -0.041001</float_array>
          <technique_common>
            <accessor source="#GeometrySource2-array" count="7178" stride="2">
              <param name="S" type="float"/>
              <param name="T" type="float"/>
            </accessor>
          </technique_common>
        </source>
        <vertices id="Geometry-vertices">
          <input semantic="POSITION" source="#GeometrySource"/>
          <input semantic="NORMAL" source="#GeometrySource1"/>
          <input semantic="TEXCOORD" source="#GeometrySource2"/>
        </vertices>
        <triangles material="VisualMaterial0" count="6432">
          <input semantic="VERTEX" source="#Geometry-vertices" offset="0"/>
          <p>0 1 2 3 1 0 2 4 0 1 5 2 1 3 6 4 7 0 1 8 5 8 1 6 3 9 6 10 0 7 0 10 3 11 5 8 12 6 9 6 12 8 9 3 13 10 13 3 5 11 14 11 8 15 15 8 12 13 10 16 14 17 5 17 2 5 18 14 11 15 18 11 13 16 19 14 18 20 17 14 21 19 16 22 23 20 18 14 20 24 14 24 21 16 25 22 26 24 20 20 23 26 23 18 27 25 16 28 23 29 26 27 29 23 18 15 30 27 18 30 28 31 25 32 24 26 29 32 26 33 29 27 34 25 31 25 34 35 32 36 24 31 28 37 38 35 34 36 32 39 40 16 10 40 10 7 16 40 28 40 37 28 35 38 41 37 40 42 43 41 38 41 43 44 43 45 44 45 43 46 46 47 45 47 46 48 48 49 47 49 48 50 50 51 49 52 49 51 51 50 53 49 52 54 51 53 55 52 51 55 53 56 55 57 54 52 52 55 58 58 59 52 52 59 57 55 60 58 59 58 61 60 62 58 61 58 62 63 62 60 61 64 59 65 62 63 64 61 66 61 62 67 62 65 67 66 61 67 68 64 66 68 66 69 69 66 67 70 68 69 69 67 71 71 67 65 70 69 72 72 69 71 72 73 70 74 73 72 72 71 74 71 65 75 75 74 71 76 70 73 74 75 77 73 78 76 73 74 79 74 80 79 80 74 77 79 81 73 73 81 78 82 79 80 79 82 81 82 80 83 84 81 82 84 82 83 84 78 81 85 83 80 84 86 78 83 85 87 86 84 88 88 89 86 89 88 90 90 91 89 91 90 92 92 93 91 93 92 94 95 93 94 93 95 96 97 96 95 96 97 98 98 99 33 29 33 99 99 98 97 100 101 102 103 101 100 104 102 101 103 105 101 106 103 100 107 104 101 107 101 105 103 108 105 100 109 106 110 107 105 108 103 111 103 106 111 100 102 112 109 100 112 113 110 105 114 108 111 114 111 106 112 115 109 110 113 116 105 117 113 117 105 108 115 112 118 109 115 119 120 116 113 121 112 102 112 121 118 122 109 119 114 106 122 122 106 109 119 115 123 124 119 123 118 125 115 115 125 123 126 122 119 119 124 126 123 127 124 123 125 127 124 127 128 127 125 129 122 130 114 122 126 130 131 124 128 131 126 124 128 127 132 127 129 132 131 133 126 133 130 126 128 132 134 130 133 135 136 117 108 135 136 130 108 114 136 136 114 130 132 137 134 136 135 138 137 132 139 117 136 140 138 140 136 132 141 139 129 141 132 140 138 142 143 120 113 143 113 117 117 140 143 142 144 140 144 143 140 145 141 129 142 146 144 141 145 147 146 148 144 144 149 143 149 144 148 149 120 143 145 150 147 148 146 151 120 149 152 153 150 145 151 154 148 120 155 116 152 155 120 156 150 153 154 151 157 155 152 158 157 159 154 160 158 152 159 157 161 154 159 162 158 160 163 154 164 148 164 154 162 160 152 164 164 149 148 164 152 149 165 159 161 162 159 166 167 163 160 166 168 162 169 166 159 167 160 170 164 170 160 168 171 162 162 171 164 168 170 171 170 164 171 172 168 166 166 169 172 173 167 170 172 173 168 173 170 168 174 173 172 174 167 173 175 167 174 176 167 175 167 176 177 163 167 177 178 179 180 179 178 181 180 179 182 182 179 183 184 181 178 181 184 185 186 182 183 186 183 187 188 189 190 188 190 191 189 192 190 193 188 191 194 190 192 195 193 191 192 196 194 195 197 193 197 195 198 199 194 196 198 200 197 201 199 196 199 201 202 200 198 203 204 202 201 202 204 205 206 207 208 208 209 206 208 207 210 209 208 211 212 206 209 211 213 209 206 212 214 215 211 208 210 215 208 213 211 216 213 217 209 209 217 212 218 214 212 216 219 213 213 220 217 219 220 213 212 221 218 221 212 217 219 216 222 217 223 221 223 217 220 224 219 222 220 219 225 219 224 225 226 223 220 225 226 220 227 225 224 225 228 226 225 227 228 223 226 229 230 228 227 231 229 226 228 231 226 232 231 228 228 230 232 227 233 230 229 231 234 232 230 235 233 227 236 230 237 235 233 237 230 231 232 238 238 234 231 236 239 233 237 233 240 239 240 233 234 238 241 239 236 242 240 239 243 244 243 239 242 244 239 245 242 236 243 244 246 242 245 247 244 242 248 247 248 242 249 246 244 250 247 245 244 251 249 248 251 244 247 250 252 252 253 247 248 247 253 253 254 248 251 248 254 250 255 252 254 253 256 257 256 253 253 252 257 255 250 258 256 257 259 257 252 260 260 252 255 258 261 255 257 262 259 262 257 260 263 255 261 260 255 263 211 215 264 261 258 264 265 260 263 260 265 262 263 261 266 267 264 215 261 267 266 264 267 261 265 263 268 263 266 268 269 266 267 268 266 270 270 266 271 266 269 271 267 272 269 215 210 272 267 215 272 273 274 275 274 273 276 276 277 274 274 277 278 279 278 277 278 279 280 279 281 280 281 282 280 281 283 282 282 283 284 285 286 287 286 285 288 289 290 291 290 289 292 293 294 295 295 294 296 297 298 299 298 297 300 301 302 303 303 304 301 302 305 303 304 303 306 307 305 302 305 307 308 307 309 308 309 310 308 311 312 313 312 311 314 311 315 314 315 311 316 317 315 316 316 318 317 318 319 317 319 318 320 321 322 323 322 321 324 325 321 323 326 322 324 323 327 325 324 328 326 329 326 328 328 330 329 331 329 330 329 331 332 333 334 335 334 333 336 335 337 333 338 333 337 339 338 337 337 340 339 341 339 340 339 341 342 343 344 345 344 343 346 346 347 344 347 346 348 348 349 347 349 348 350 351 349 350 349 351 352 351 353 352 353 351 354 353 354 355 356 353 355 357 356 355 356 357 358 358 357 359 360 358 359 361 362 363 362 361 364 365 361 363 364 366 362 367 362 366 361 365 368 366 369 367 370 367 369 365 371 368 372 370 369 371 365 373 374 370 372 373 375 371 373 376 375 372 377 374 378 375 376 378 376 379 377 372 380 381 378 379 378 381 382 383 384 385 385 384 386 387 386 384 388 386 387 389 390 391 390 389 392 389 393 392 390 394 391 390 395 394 393 389 396 397 393 396 398 393 397 399 400 401 400 399 402 403 404 405 404 403 406 407 406 403 406 407 408 407 409 408 407 410 409 410 411 409 412 409 411 411 413 412 413 411 414 414 415 413 415 414 416 417 418 419 419 420 417 421 419 418 418 422 421 423 424 425 423 425 426 427 128 134 137 427 134 128 427 131 427 137 428 429 427 428 429 131 427 133 131 430 429 430 131 431 156 153 145 431 153 121 432 118 129 432 145 432 121 431 432 129 125 431 145 432 125 118 432 121 433 431 104 433 102 102 433 121 156 431 433 433 434 156 433 104 435 434 433 435 156 434 436 150 156 436 437 438 439 438 437 440 441 442 443 442 441 444 445 446 447 446 445 448 449 450 451 450 449 452 453 454 455 454 453 456 457 458 459 457 460 458 159 461 169 159 165 461 462 463 464 463 462 465 466 467 468 469 467 466 214 218 470 471 472 473 474 473 472 473 474 475 475 476 473 476 475 477 477 478 476 479 478 477 478 479 480 480 479 481 481 479 482 481 482 483 483 484 481 483 485 484 485 483 486 485 486 487 487 486 488 487 488 489 489 488 490 489 490 491 489 491 492 493 494 495 494 493 496 497 495 494 497 494 498 493 499 496 500 497 498 499 493 501 497 500 502 500 503 502 504 499 501 503 500 505 499 504 506 507 506 504 505 508 503 506 507 509 508 505 510 510 511 508 512 509 507 511 510 513 509 512 514 515 516 517 516 515 518 519 517 516 516 520 519 515 521 518 517 522 515 521 523 518 520 524 519 522 517 525 526 523 521 519 524 527 521 528 526 529 530 531 530 529 532 533 534 535 535 536 533 537 538 539 539 540 537 541 542 543 542 541 544 545 546 547 547 548 545 549 550 551 550 549 552 551 550 553 550 552 554 555 556 557 556 555 558 557 559 555 556 560 557 561 558 555 559 557 562 557 563 562 557 560 563 564 561 555 562 565 559 562 563 566 565 562 567 562 568 567 568 562 566 569 570 571 570 569 572 569 573 572 574 573 569 575 576 577 577 578 575 578 579 575 576 580 577 576 581 580 582 575 579 583 581 576 581 584 580 581 583 585 586 580 584 587 586 584 584 588 587 589 590 591 590 589 592 593 589 591 593 594 589 595 596 597 598 596 595 599 600 601 600 599 602 603 599 601 599 603 604 605 606 607 606 605 608 609 610 611 611 612 609 613 609 612 609 613 614 615 616 617 616 615 618 619 620 621 621 622 619 623 619 622 619 623 624 625 626 627 627 626 628 629 630 631 630 629 632 633 629 631 629 633 634 635 636 637 637 636 638 639 640 641 640 639 642 643 644 645 644 643 646 647 648 649 649 650 647 651 649 648 650 649 652 653 650 652 652 654 653 655 656 657 657 658 655 659 660 661 659 662 660 662 659 663 660 664 661 662 665 660 664 660 666 659 667 663 668 660 665 669 663 667 667 670 669 671 668 665 672 670 667 672 673 670 665 674 671 672 675 673 671 674 676 675 677 673 677 676 674 676 677 678 675 678 677 679 680 681 679 681 682 683 684 685 684 683 686 687 685 684 684 688 687 689 690 691 691 692 689 693 694 695 695 696 693 697 695 694 695 698 696 699 700 701 702 700 699 701 703 699 700 702 704 704 705 700 706 704 702 705 704 707 708 704 706 709 704 708 704 709 707 710 711 712 712 713 710 714 715 716 715 714 717 718 719 720 720 721 718 722 721 720 722 723 721 724 723 722 723 724 725 724 726 725 726 724 727 726 727 728 729 728 727 729 730 728 730 729 731 730 731 732 733 732 731 733 734 732 734 733 735 735 736 734 736 735 737 738 739 740 739 738 741 742 740 739 740 742 743 744 743 742 743 744 745 746 745 744 745 746 747 748 747 746 749 748 746 750 748 749 751 750 749 752 750 751 753 752 751 754 752 753 755 754 753 755 756 754 756 755 757 758 759 760 759 758 761 762 758 760 759 763 760 764 761 758 758 762 765 765 764 758 763 766 760 767 761 764 765 762 768 766 763 769 760 770 762 770 760 766 764 765 771 768 762 772 766 769 773 764 774 767 774 764 771 775 765 768 762 776 772 777 765 775 778 768 772 779 767 774 780 777 775 768 781 775 767 779 782 783 777 780 781 768 784 768 778 784 775 785 780 785 775 781 777 783 786 780 787 783 787 780 785 787 788 783 788 786 783 788 787 789 786 788 790 772 791 778 791 772 792 792 772 776 776 793 792 794 795 796 794 781 797 797 781 784 795 794 797 798 796 795 797 784 799 799 795 797 795 800 798 795 799 801 800 802 798 796 803 794 803 781 794 804 801 799 802 805 798 799 784 806 801 804 807 798 805 808 796 798 808 809 799 806 799 809 804 805 810 808 808 811 796 805 812 810 808 810 813 811 808 813 810 812 814 813 815 811 810 814 816 814 812 817 815 813 818 814 819 816 812 820 817 818 821 815 813 822 818 822 813 810 823 820 812 805 823 812 821 818 824 822 825 818 818 825 824 826 824 825 827 828 829 827 830 828 827 829 831 829 828 832 831 829 833 833 829 834 829 832 834 835 831 833 832 836 834 835 833 837 838 833 834 837 833 838 838 834 836 836 832 839 837 838 840 836 839 841 840 838 842 838 836 842 843 841 839 842 844 840 842 845 844 836 846 842 845 842 846 841 846 836 847 848 849 850 848 847 851 847 849 848 852 849 849 853 851 847 851 854 853 849 855 849 852 855 851 853 856 854 851 857 856 857 851 856 858 857 858 859 857 859 854 857 858 856 860 859 858 861 862 863 864 863 862 865 862 864 866 864 863 867 865 868 863 869 862 866 870 864 867 863 871 867 872 862 869 872 865 862 864 870 873 866 864 873 863 874 871 874 863 868 866 875 869 865 872 876 873 877 866 875 866 877 878 865 876 865 878 868 870 879 873 877 873 879 879 870 880 881 879 880 879 881 882 881 883 882 884 882 883 884 883 885 886 884 885 886 885 887 888 886 887 888 887 889 889 890 888 891 888 890 890 889 892 891 890 893 893 890 894 894 890 892 894 892 895 893 896 891 895 897 894 898 894 897 898 893 894 899 893 898 893 899 896 900 898 897 899 901 896 898 902 899 902 898 900 903 896 901 901 904 903 900 905 902 904 901 906 906 907 904 906 908 907 908 875 907 909 869 875 875 908 909 910 911 912 911 910 913 912 914 910 913 915 911 914 912 916 911 915 917 916 918 914 919 918 916 805 920 823 921 823 920 823 922 820 823 921 922 923 921 920 924 923 920 920 805 924 921 925 922 923 924 926 925 921 927 921 928 927 921 923 928 922 929 820 929 922 925 820 930 817 930 820 929 931 817 930 817 932 814 817 931 932 933 932 931 819 814 934 814 932 934 932 933 935 935 934 932 934 935 936 937 934 936 934 937 819 938 939 940 939 938 941 942 941 938 943 940 939 941 942 944 945 940 943 942 946 944 946 942 947 948 945 943 949 946 947 943 950 948 951 948 950 952 946 949 950 953 951 949 954 952 954 949 955 953 956 951 956 953 957 957 958 956 957 959 958 959 960 958 959 961 960 962 963 964 965 964 963 965 966 964 967 968 969 969 968 970 971 972 973 973 972 974 975 976 977 978 975 977 979 980 981 980 979 982 979 983 982 983 979 984 985 986 987 987 986 988 800 795 989 989 990 800 991 802 800 800 990 991 990 989 992 993 994 995 994 993 996 994 997 995 997 994 998 803 999 1000 1001 803 796 1001 999 803 1002 803 1000 781 803 1002 999 1001 1003 1000 999 1004 1005 1004 999 1003 1005 999 1005 1003 1006 766 1007 770 766 773 1008 1007 766 1008 1009 1010 1011 1010 1009 1012 1012 1013 1010 1013 1012 1014 1015 1014 1012 1016 1013 1014 1014 1015 1017 1018 1016 1014 1018 1014 1017 1015 1019 1017 1017 1020 1018 1019 1015 1021 1022 1017 1019 1020 1017 1022 1023 871 874 1024 1025 1026 1025 1024 1027 1028 1027 1024 1025 1029 1026 1027 1028 1030 1031 1026 1029 1032 1030 1028 1030 1032 1033 1029 1034 1031 1034 1029 1035 1036 1034 1035 1036 1035 1037 1037 1038 1036 1038 1037 1039 1039 1040 1038 1040 1039 1041 1040 1041 1042 1042 1041 1043 1042 1043 1044 1044 1043 1045 1046 1044 1045 1044 1046 1047 1048 1049 1050 1049 1048 1051 1052 1049 1051 1049 1052 1053 1054 1053 1052 1055 1053 1054 1056 1057 1058 1058 1059 1056 1060 1056 1059 1061 1058 1057 1062 1059 1058 1059 1063 1060 1057 1064 1061 1059 1062 1065 1065 1063 1059 1058 1066 1062 1066 1058 1061 1063 1065 1067 1062 1066 1068 1067 1065 1069 1065 1062 1070 1065 1070 1069 1062 1068 1070 1069 1071 1067 1072 1073 1074 1073 1072 1075 1074 1076 1072 1075 1077 1073 1076 1074 1078 1079 1077 1075 1078 1080 1076 1079 1081 1077 1080 1078 1082 1083 1081 1079 1083 1084 1081 1085 1084 1083 1085 1086 1084 1087 1086 1085 1087 1088 1086 1089 1088 1087 1089 1090 1088 1090 1089 1091 1092 1090 1091 1090 1092 1093 1094 1093 1092 1093 1094 1095 1096 1095 1094 1095 1096 1097 1098 1097 1096 1097 1098 1099 1100 1099 1098 1099 1100 1101 1102 1103 1104 1103 1102 1105 1106 1105 1102 1105 1106 1107 1108 1107 1106 1106 1109 1108 1110 1108 1109 1109 1111 1110 1112 1110 1111 1110 1112 1113 1112 1114 1113 1114 1112 1115 1115 1116 1114 1116 1115 1117 1118 1116 1117 1116 1118 1119 1120 1119 1118 1119 1120 1121 1120 1122 1121 1122 1120 1123 1124 1122 1123 1122 1124 1125 1126 1125 1124 1125 1126 1127 1126 1128 1127 1128 1126 1129 1129 1130 1128 1130 1129 1131 1132 767 782 761 767 1133 767 1132 1133 1134 1135 1136 1134 1137 1135 1138 1134 1136 1136 1135 1139 1137 1140 1135 1141 1135 1140 1135 1141 1139 1142 1137 1134 1140 1137 1143 1144 1139 1141 1145 1134 1138 1145 1142 1134 1142 1146 1137 1146 1143 1137 1147 1142 1145 1147 1148 1142 1146 1142 1148 1148 1147 1149 1150 1151 1152 1151 1150 1153 1154 1155 1156 1157 1155 1154 1154 1156 1158 1157 1159 1155 1158 1156 1160 1155 1161 1156 1155 1162 1161 1159 1162 1155 1158 1160 1163 1156 1164 1160 1161 1164 1156 1162 1159 1165 1162 1166 1161 1160 1167 1163 1168 1162 1165 1162 1168 1169 1169 1166 1162 1170 1161 1166 1161 1170 1164 1171 1169 1168 1166 1172 1170 1172 1166 1173 1169 1173 1166 1172 1174 1170 1174 1164 1170 1175 1172 1173 1176 1175 1173 1169 1171 1176 1173 1169 1176 1164 1174 1177 1178 1172 1175 1164 1179 1160 1167 1160 1179 1179 1164 1177 1172 1180 1174 1175 1176 1181 1182 1172 1178 1172 1182 1180 1176 1171 1183 1183 1181 1176 1184 1185 1186 1185 1184 1187 1188 1189 1190 1189 1188 1191 1192 1193 1194 1193 1192 1195 1196 1197 1198 1196 1198 1199 1200 1201 1202 1201 1200 1203 1204 1205 1206 1207 1206 1205 1208 1209 1210 1210 1211 1208 1212 1213 1214 1213 1215 1214 1216 1217 1218 1217 1216 1219 1220 1221 1222 1221 1220 1223 1224 1223 1220 1225 1222 1221 1226 1227 1228 1229 1226 1228 1229 1230 1226 1228 1227 1231 1230 1229 1232 1228 1231 1233 1232 1234 1230 1235 1233 1231 1234 1232 1236 1233 1235 1237 1236 1238 1234 1239 1238 1236 1235 1240 1237 1241 1240 1235 1242 1243 1244 1242 1244 1245 1246 1247 1248 1247 1246 1249 1250 1251 1252 1252 1253 1250 1254 1255 1256 1256 1257 1254 1258 1259 1260 1259 1258 1261 1262 1263 1264 1262 1264 1265 1266 1267 1268 1267 1266 1269 1270 1271 1272 1271 1270 1273 1274 1275 1276 1275 1274 1277 1278 1279 1280 1279 1278 1281 1282 1283 1284 1285 1286 1287 1286 1285 1288 1289 1290 1291 1289 1291 1292 1293 1294 1295 1294 1293 1296 1297 1298 1299 1297 1299 1300 1301 1302 1303 1302 1301 1304 1305 1306 1307 1306 1305 1308 1309 1310 1311 1310 1309 1312 1313 1314 1315 1314 1313 1316 1317 1318 1319 1318 1317 1320 1321 1322 1323 1322 1321 1324 1325 1326 1327 1326 1325 1328 1329 1330 1331 1330 1329 1332 1333 1334 1335 1334 1333 1336 1337 1338 1339 1338 1337 1340 1340 1337 1341 1337 1342 1341 1343 1344 1345 1344 1343 1346 1347 1345 1344 1348 1346 1343 1345 1347 1349 1346 1348 1350 1351 1352 1353 1353 1354 1351 1355 1351 1354 1352 1356 1353 1354 1357 1355 1356 1352 1358 1359 1360 1361 1360 1359 1362 1363 1359 1361 1360 1362 1364 1359 1363 1365 1363 1366 1365 1360 1364 1367 1366 1363 1368 1366 1368 1369 1366 1369 1370 1370 1369 1371 1370 1371 1372 1373 1374 1375 1374 1373 1376 1374 1377 1375 1377 1374 1378 1379 1376 1373 1376 1379 1380 1381 1380 1379 1380 1381 1382 1383 1384 1385 1383 1386 1384 1387 1388 1389 1387 1389 1390 1391 1392 1393 1394 1392 1391 1395 1393 1392 1392 1394 1396 1393 1395 1397 1398 1397 1395 1394 1399 1396 1400 1397 1398 1397 1400 1401 1399 1394 1402 1403 1401 1400 1402 1404 1399 1401 1403 1405 1404 1402 1406 1407 1404 1406 1405 1403 1408 1404 1407 1409 1410 1409 1407 1411 1408 1403 1409 1410 1412 1413 1414 1415 1414 1413 1416 1415 1414 1417 1418 1414 1416 1416 1413 1419 1413 1420 1419 1415 1420 1413 1414 1421 1417 1422 1418 1416 1416 1419 1422 1420 1415 1423 1414 1418 1424 1421 1414 1424 1420 1425 1419 1426 1417 1421 1423 1415 1426 1418 1422 1427 1422 1419 1428 1425 1428 1419 1417 1426 1429 1426 1415 1429 1415 1417 1429 1422 1428 1430 1430 1427 1422 1431 1428 1425 1428 1432 1430 1432 1428 1431 1427 1430 1432 1433 1434 1435 1436 1434 1433 1437 1435 1434 1434 1436 1438 1436 1439 1438 1439 1436 1440 1439 1440 1441 1441 1440 1442 1443 1444 1445 1444 1443 1446 1447 1444 1446 1444 1447 1448 1449 1450 1451 1450 1449 1452 1453 1454 1455 1454 1453 1456 1457 1456 1453 1456 1457 1458 1459 1460 1461 1460 1459 1462 1463 1464 1465 1464 1463 1466 1467 1468 1469 1467 1470 1468 1471 1472 1473 1472 1471 1474 1475 1476 1477 1476 1475 1478 1479 1480 1481 1482 1479 1481 1483 1484 1485 1483 1486 1484 1487 1488 1489 1490 1487 1489 1491 1487 1490 1489 1488 1492 1488 1493 1492 1487 1491 1494 1495 1492 1493 1492 1495 1496 1491 1497 1494 1498 1496 1495 1497 1491 1499 1496 1498 1500 1499 1501 1497 1501 1499 1502 1500 1498 1503 1504 1501 1502 1501 1504 1505 1498 1506 1503 1507 1505 1504 1505 1507 1508 1509 1510 1511 1510 1509 1512 1511 1513 1509 1512 1514 1510 1513 1511 1515 1516 1513 1515 1510 1514 1517 1516 1518 1513 1516 1519 1518 1519 1516 1520 1521 1519 1520 1522 1519 1521 1523 1522 1521 1524 1522 1523 1523 1525 1524 1525 1523 1526 1526 1527 1525 1527 1526 1528 1528 1529 1527 1529 1528 1530 1531 1532 1533 1532 1531 1534 1535 1533 1532 1535 1532 1536 1537 1535 1536 1536 1538 1537 1539 1537 1538 1537 1539 1540 1541 1540 1539 1539 1542 1541 1543 1541 1542 1541 1543 1544 1545 1544 1543 1544 1545 1546 1545 1547 1546 1547 1545 1548 1547 1548 1549 1549 1548 1550 1551 1549 1550 1552 1551 1550 1553 1554 1555 1556 1554 1553 1557 1555 1554 1554 1556 1558 1559 1558 1556 1558 1559 1560 1561 1560 1559 1562 1561 1559 1561 1562 1563 1564 1563 1562 1565 1563 1564 1563 1565 1566 1565 1567 1566 1567 1565 1568 1568 1569 1567 1569 1568 1570 1571 1569 1570 1569 1571 1572 1573 1572 1571 1572 1573 1574 1575 1576 1577 1578 1575 1577 1578 1579 1575 1576 1580 1577 1579 1578 1581 1580 1576 1582 1581 1583 1579 1583 1581 1584 1585 1586 1587 1588 1587 1586 1589 1590 1591 1590 1589 1592 1593 1594 1595 1594 1593 1596 1597 1596 1593 1598 1595 1594 1596 1597 1599 1595 1598 1600 1601 1600 1598 1600 1601 1602 1603 1602 1601 1602 1603 1604 1603 1605 1604 1603 1606 1605 1606 1607 1605 1606 1608 1607 1608 1609 1607 1608 1610 1609 1610 1611 1609 1612 1611 1610 1613 1611 1612 1611 1613 1614 1615 1614 1613 1614 1615 1616 1617 1618 1619 1618 1617 1620 1618 1621 1619 1622 1621 1618 1622 1623 1621 1624 1623 1622 1624 1625 1623 1626 1625 1624 1626 1627 1625 1628 1627 1626 1628 1629 1627 1628 1630 1629 1630 1631 1629 1630 1632 1631 1633 1631 1632 1631 1633 1634 1635 1634 1633 1634 1635 1636 1637 1636 1635 1636 1637 1638 1637 1639 1638 1640 1639 1637 1641 1642 1643 1642 1641 1644 1645 1646 1647 1646 1645 1648 1649 1650 1651 1650 1649 1652 1649 1651 1653 1652 1654 1650 1654 1652 1655 1649 1653 1656 1655 1657 1654 1657 1655 1658 1659 1656 1653 1658 1660 1657 1656 1659 1661 1660 1658 1662 1663 1661 1659 1661 1663 1664 1665 1664 1663 1665 1666 1664 1667 1668 1669 1668 1667 1670 1668 1671 1669 1672 1671 1668 1667 1673 1670 1674 1671 1672 1673 1667 1675 1671 1674 1676 1676 1674 1677 1678 1673 1675 1674 1679 1677 1673 1678 1680 1678 1681 1680 1682 1681 1678 1683 1681 1682 1681 1683 1684 1685 1686 1687 1686 1685 1688 1689 1685 1687 1686 1688 1690 1685 1689 1691 1687 1692 1689 1693 1687 1686 1694 1690 1688 1689 1695 1691 1687 1693 1696 1687 1696 1692 1690 1697 1686 1695 1689 1698 1695 1699 1691 1697 1690 1700 1697 1701 1686 1686 1701 1693 1702 1698 1689 1692 1702 1689 1691 1703 1685 1688 1703 1694 1703 1688 1685 1703 1691 1699 1690 1694 1704 1704 1700 1690 1700 1704 1705 1705 1706 1700 1707 1704 1694 1706 1705 1708 1709 1700 1706 1710 1708 1705 1704 1710 1705 1704 1707 1710 1694 1711 1707 1700 1709 1712 1700 1712 1697 1707 1713 1710 1714 1694 1703 1694 1714 1711 1714 1703 1699 1713 1707 1715 1711 1715 1707 1708 1710 1716 1713 1716 1710 1717 1711 1714 1712 1718 1697 1697 1718 1701 1716 1713 1719 1718 1712 1720 1709 1720 1712 1711 1717 1721 1715 1711 1721 1722 1717 1714 1714 1699 1722 1717 1722 1723 1724 1723 1722 1725 1724 1722 1699 1725 1722 1695 1726 1699 1725 1699 1726 1726 1727 1725 1727 1726 1728 1727 1729 1725 1729 1724 1725 1698 1730 1695 1730 1728 1726 1730 1726 1695 1731 1727 1728 1732 1731 1728 1732 1728 1730 1731 1733 1727 1733 1729 1727 1734 1732 1730 1729 1733 1735 1730 1698 1736 1734 1730 1736 1736 1737 1734 1702 1738 1698 1737 1736 1738 1738 1736 1698 1739 1740 1741 1741 1742 1739 1741 1740 1743 1742 1741 1744 1740 1745 1743 1742 1744 1746 1745 1740 1747 1742 1746 1748 1747 1749 1745 1748 1746 1750 1749 1747 1751 1748 1750 1752 1749 1751 1753 1750 1754 1752 1753 1755 1749 1754 1750 1756 1757 1758 1759 1758 1757 1760 1761 1760 1757 1758 1762 1759 1760 1761 1763 1763 1761 1764 1762 1758 1765 1761 1766 1764 1767 1762 1765 1764 1766 1768 1769 1767 1765 1770 1767 1769 1766 1771 1768 1767 1770 1772 1773 1772 1770 1772 1773 1774 1775 1776 1777 1776 1775 1778 1775 1777 1779 1778 1780 1776 1780 1778 1781 1775 1779 1782 1781 1783 1780 1783 1781 1784 1785 1782 1779 1784 1786 1783 1782 1785 1787 1786 1784 1788 1789 1787 1785 1787 1789 1790 1791 1790 1789 1791 1792 1790 1793 1794 1795 1794 1793 1796 1794 1797 1795 1798 1797 1794 1793 1799 1796 1800 1797 1798 1793 1801 1799 1797 1800 1802 1802 1800 1803 1804 1799 1801 1800 1805 1803 1799 1804 1806 1804 1807 1806 1808 1807 1809 1804 1809 1807 1807 1808 1810 1811 1812 1813 1812 1811 1814 1815 1811 1813 1812 1814 1816 1811 1815 1817 1813 1818 1815 1819 1813 1812 1820 1816 1814 1815 1821 1817 1813 1819 1822 1813 1822 1818 1816 1823 1812 1821 1815 1824 1821 1825 1817 1823 1816 1826 1812 1827 1819 1823 1827 1812 1815 1818 1828 1828 1824 1815 1814 1829 1820 1817 1829 1811 1829 1817 1825 1829 1814 1811 1830 1826 1816 1816 1820 1830 1826 1830 1831 1831 1832 1826 1833 1830 1820 1832 1831 1834 1835 1826 1832 1830 1836 1831 1836 1834 1831 1830 1833 1836 1820 1837 1833 1826 1835 1838 1826 1838 1823 1833 1839 1836 1820 1840 1837 1840 1829 1825 1840 1820 1829 1837 1841 1833 1839 1833 1841 1834 1836 1842 1839 1842 1836 1843 1837 1840 1823 1844 1827 1838 1844 1823 1842 1839 1845 1835 1846 1838 1844 1838 1846 1841 1837 1847 1837 1843 1847 1840 1825 1848 1848 1843 1840 1843 1848 1849 1850 1849 1848 1851 1850 1848 1825 1851 1848 1821 1852 1825 1851 1825 1852 1852 1853 1851 1853 1852 1854 1853 1855 1851 1855 1850 1851 1856 1852 1821 1856 1854 1852 1824 1856 1821 1857 1853 1854 1858 1854 1856 1858 1857 1854 1859 1855 1853 1857 1859 1853 1860 1858 1856 1855 1859 1861 1856 1824 1862 1860 1856 1862 1862 1863 1860 1824 1828 1864 1863 1862 1864 1864 1862 1824 1865 1866 1867 1867 1868 1865 1867 1866 1869 1868 1867 1870 1866 1871 1869 1868 1870 1872 1871 1866 1873 1868 1872 1874 1873 1875 1871 1874 1872 1876 1875 1873 1877 1874 1876 1878 1875 1877 1879 1876 1880 1878 1879 1881 1875 1880 1876 1882 1883 1884 1885 1884 1883 1886 1887 1886 1883 1884 1888 1885 1886 1887 1889 1889 1887 1890 1888 1884 1891 1887 1892 1890 1893 1888 1891 1890 1892 1894 1895 1893 1891 1896 1893 1895 1892 1897 1894 1893 1896 1898 1899 1898 1896 1898 1899 1900 1901 1902 1903 1902 1901 1904 1905 1901 1903 1901 1905 1906 1904 1907 1902 1905 1908 1906 1907 1909 1902 1908 1905 1910 1907 1911 1909 1910 1912 1908 1911 1913 1909 1912 1910 1914 1911 1915 1913 1915 1911 1916 1915 1916 1917 1915 1917 1918 1919 1920 1921 1920 1919 1922 1923 1924 1925 1926 1924 1923 1927 1928 1929 1928 1927 1930 1931 1927 1929 1927 1931 1932 1930 1933 1928 1931 1934 1932 1933 1935 1928 1934 1931 1936 1933 1937 1935 1936 1938 1934 1937 1939 1935 1938 1936 1940 1937 1941 1939 1941 1937 1942 1941 1942 1943 1941 1943 1944 1945 1946 1947 1946 1945 1948 1947 1946 1949 1947 1949 1950 1951 1952 1953 1954 1953 1952 1955 1956 1957 1956 1955 1958 1959 1960 1961 1961 1962 1959 1963 1964 1965 1965 1964 1966 1967 1968 1969 1969 1970 1967 1971 1969 1968 1968 1972 1971 1973 1971 1972 1971 1973 1974 1975 1976 1977 1976 1975 1978 1979 1980 1981 1980 1979 1982 1979 1983 1982 1980 1984 1981 1984 1980 1985 1986 1982 1983 1987 1988 1989 1987 1989 1990 1991 1992 1993 1992 1991 1994 1995 1996 1997 1995 1997 1998 1999 2000 2001 2000 1999 2002 2003 2004 2005 2004 2003 2006 2007 2008 2009 2007 2010 2008 2011 2012 2013 2012 2011 2014 2015 2016 2017 2016 2015 2018 2019 2015 2017 2016 2018 2020 2020 2018 2021 2015 2019 2022 2023 2024 2025 2026 2024 2023 2026 2027 2024 2027 2026 2028 2029 2030 2031 2030 2029 2032 2031 2033 2029 2031 2034 2033 2035 2036 2037 2036 2035 2038 2039 2035 2037 2040 2035 2039 2041 2042 2043 2042 2041 2044 2041 2045 2044 2045 2041 2046 2047 2048 2049 2050 2047 2049 2048 2051 2049 2051 2048 2052 2053 2054 2055 2056 2055 2054 2057 2058 2059 2058 2057 2060 2060 2057 2061 2061 2057 2062 2063 2064 2065 2065 2066 2063 2067 2068 2069 2069 2070 2067 2071 2072 2073 2072 2071 2074 2075 2076 2077 2076 2075 2078 2079 2080 2081 2080 2079 2082 2083 2084 2085 2083 2086 2084 2086 2087 2084 2084 2087 2088 2089 2090 2091 2090 2089 2092 2093 2092 2089 2089 2094 2093 2094 2095 2093 2096 2097 2098 2097 2096 2099 2098 2097 2100 2096 2101 2099 2096 2102 2101 2103 2104 2105 2105 2106 2103 2107 2108 2109 2109 2108 2110 2111 2112 2113 2112 2111 2114 2115 2116 2117 2116 2115 2118 2117 2119 2115 2116 2118 2120 2121 2122 2123 2124 2121 2123 2125 2126 2127 2126 2125 2128 2129 2130 2131 2130 2129 2132 2133 2134 2135 2133 2135 2136 2137 2138 2139 2138 2137 2140 2141 2142 2143 2141 2143 2144 2145 2146 2147 2147 2148 2145 2149 2150 2151 2150 2149 2152 2153 2154 2155 2155 2156 2153 2157 2158 2159 2157 2159 2160 2161 2162 2163 2162 2161 2164 2162 2165 2163 2162 2164 2166 2167 2168 2169 2168 2167 2170 2168 2171 2169 2172 2173 2174 2172 2175 2173 2176 2173 2175 2177 2178 2179 2178 2177 2180 2178 2180 2181 2182 2183 2184 2183 2182 2185 2186 2184 2183 2187 2188 2189 2189 2188 2190 2191 2192 2193 2194 2192 2191 2191 2195 2194 2195 2191 2196 2196 2197 2195 2197 2196 2198 2199 2200 2201 2201 2200 2202 2203 2204 2205 2204 2203 2206 2207 2208 2209 2208 2207 2210 2211 2212 2213 2212 2211 2214 2213 2215 2211 2215 2216 2211 2211 2216 2217 2211 2217 2218 2219 2220 2221 2222 2220 2219 2220 2223 2221 2224 2220 2222 2223 2220 2225 2226 2225 2220 2227 2228 2229 2230 2228 2227 2231 2230 2227 2232 2233 2234 2232 2235 2233 2233 2235 2236 2237 2238 2239 2237 2239 2240 2239 2238 2241 2242 2243 2244 2244 2243 2245 2243 2246 2245 2247 2248 2249 2247 2250 2248 2248 2250 2251 2252 2253 2254 2254 2253 2255 2256 2257 2258 2257 2256 2259 2260 2259 2256 2260 2256 2261 2261 2262 2260 2262 2261 2263 2264 2265 2266 2265 2264 2267 2268 2269 2270 2268 2270 2271 2272 2273 2274 2272 2274 2275 2276 2277 2278 2277 2276 2279 2279 2280 2277 2280 2279 2281 2282 2283 2284 2283 2282 2285 2286 2284 2283 2286 2283 2287 2288 2286 2287 2287 2289 2288 2290 2291 2292 2291 2290 2293 2294 2295 2296 2295 2297 2296 2298 2299 2300 2298 2300 2301 2302 2303 2304 2303 2302 2305 2306 2307 2308 2308 2307 2309 2310 2311 2312 2312 2311 2313 2314 2315 2316 2315 2314 2317 2316 2315 2318 2317 2319 2315 2316 2320 2314 2316 2318 2321 2322 2319 2317 2323 2314 2320 2322 2317 2324 2314 2323 2325 2326 2327 2328 2326 2328 2329 2329 2330 2326 2327 2331 2328 2332 2331 2327 2333 2332 2327 2326 2330 2334 2327 2335 2333 2336 2337 2338 2337 2336 2339 2337 2339 2340 2341 2342 2343 2344 2342 2341 2345 2346 2347 2345 2348 2346 2349 2350 2351 2352 2349 2351 2349 2352 2353 2354 2355 2356 2355 2354 2357 2358 2359 2360 2360 2361 2358 2362 2363 2364 2363 2362 2365 2366 2367 2368 2366 2368 2369 2370 2371 2372 2371 2370 2373 2374 2375 2376 2375 2374 2377 2378 2379 2380 2381 2379 2378 2379 2381 2382 2380 2383 2378 2383 2380 2384 2383 2384 2385 2386 2387 2388 2389 2386 2388 2390 2386 2389 2389 2391 2390 2390 2391 2392 2392 2391 2393 2394 2395 2396 2394 2396 2397 2395 2398 2396 2399 2396 2398 2396 2399 2397 2395 2400 2398 2401 2399 2398 2401 2398 2400 2402 2403 2404 2403 2402 2405 2406 2407 2408 2407 2406 2409 2410 2411 2412 2411 2410 2413 2414 2415 2416 2415 2414 2417 2418 2419 2420 2419 2418 2421 2422 2423 2424 2423 2422 2425 2426 2427 2428 2429 2427 2426 2430 2431 2432 2432 2433 2430 2434 2435 2436 2437 2435 2434 2438 2439 2440 2441 2439 2438 2442 2443 2444 2444 2445 2442 2446 2447 2448 2447 2446 2449 2450 2451 2452 2451 2450 2453 2451 2454 2452 2455 2451 2453 2456 2454 2451 2451 2455 2457 2457 2456 2451 2458 2457 2455 2457 2459 2456 2460 2459 2457 2460 2457 2458 2460 2461 2459 2461 2462 2459 2463 2460 2458 2462 2461 2464 2465 2459 2462 2463 2466 2460 2466 2461 2460 2467 2462 2464 2459 2465 2468 2463 2469 2466 2467 2470 2462 2471 2462 2470 2462 2471 2465 2469 2463 2472 2473 2470 2467 2474 2465 2471 2475 2469 2472 2473 2476 2470 2465 2474 2477 2477 2468 2465 2469 2475 2478 2479 2476 2473 2478 2480 2469 2476 2479 2481 2468 2477 2482 2483 2469 2480 2483 2466 2469 2481 2484 2476 2466 2483 2485 2466 2485 2461 2484 2481 2486 2487 2476 2484 2476 2488 2470 2476 2487 2488 2489 2464 2461 2464 2489 2490 2489 2491 2490 2492 2464 2490 2467 2464 2492 2491 2489 2493 2490 2494 2492 2494 2490 2491 2494 2491 2495 2493 2495 2491 2494 2495 2496 2495 2493 2497 2498 2479 2473 2498 2473 2467 2467 2499 2498 2479 2498 2500 2499 2500 2498 2499 2467 2501 2500 2502 2479 2501 2503 2499 2500 2499 2504 2502 2500 2505 2499 2503 2506 2504 2499 2506 2505 2507 2502 2508 2505 2500 2506 2503 2509 2507 2505 2510 2511 2502 2507 2506 2509 2512 2510 2513 2507 2502 2511 2514 2514 2479 2502 2504 2506 2515 2515 2506 2512 2510 2516 2513 2507 2513 2517 2518 2514 2511 2519 2516 2510 2507 2517 2520 2513 2521 2517 2522 2516 2519 2523 2507 2520 2513 2524 2521 2516 2524 2513 2517 2521 2525 2526 2523 2520 2527 2521 2524 2528 2517 2525 2526 2520 2528 2517 2528 2520 2521 2527 2529 2529 2525 2521 2524 2530 2527 2531 2528 2525 2525 2529 2531 2530 2524 2532 2532 2524 2516 2528 2531 2533 2532 2534 2530 2528 2535 2526 2535 2528 2533 2534 2532 2536 2516 2537 2532 2537 2536 2532 2516 2522 2537 2536 2537 2538 2523 2526 2539 2537 2522 2540 2537 2540 2538 2541 2542 2543 2543 2542 2544 2543 2544 2545 2542 2546 2544 2545 2544 2547 2544 2548 2547 2544 2546 2548 2545 2547 2549 2546 2550 2548 2547 2548 2551 2552 2545 2549 2548 2550 2553 2548 2553 2551 2549 2547 2554 2547 2551 2554 2552 2549 2555 2551 2553 2556 2556 2557 2551 2557 2554 2551 2558 2552 2555 2557 2556 2559 2552 2558 2560 2558 2561 2560 2557 2559 2562 2563 2560 2561 2561 2564 2563 2562 2559 2565 2566 2563 2564 2566 2564 2567 2562 2565 2568 2564 2569 2567 2568 2565 2570 2569 2564 2571 2567 2569 2572 2573 2568 2570 2571 2574 2569 2575 2567 2572 2569 2574 2576 2572 2569 2576 2574 2571 2577 2575 2572 2578 2572 2579 2578 2579 2572 2576 2577 2580 2574 2580 2576 2574 2581 2575 2578 2576 2580 2582 2576 2582 2579 2578 2583 2581 2584 2578 2579 2583 2578 2584 2579 2582 2585 2586 2579 2585 2584 2579 2586 2586 2585 2587 2588 2589 2590 2591 2589 2588 2589 2592 2590 2592 2589 2593 2594 2595 2596 2595 2594 2597 2598 2594 2596 2599 2595 2597 2596 2600 2598 2599 2601 2595 2602 2598 2600 2600 2603 2602 2577 2573 2604 2573 2570 2604 2580 2577 2605 2577 2604 2605 2606 2607 2608 2607 2606 2609 2606 2608 2610 2610 2611 2606 2611 2610 2612 2612 2613 2611 2614 2613 2612 2613 2614 2615 2616 2615 2614 2615 2616 2617 2618 2617 2616 2617 2618 2619 2620 2619 2618 2619 2620 2621 2622 2621 2620 2622 2620 2623 2623 2624 2622 2624 2623 2625 2625 2626 2624 2626 2625 2627 2627 2628 2626 2628 2627 2629 2630 2631 2632 2630 2632 2633 2634 2630 2633 2631 2635 2632 2631 2636 2635 2636 2637 2635 2637 2636 2638 2636 2639 2638 2640 2641 2642 2641 2640 2643 2642 2644 2640 2641 2643 2645 2646 2644 2642 2647 2640 2644 2640 2647 2648 2648 2643 2640 2646 2649 2644 2649 2647 2644 2647 2649 2650 2643 2648 2651 2649 2646 2652 2645 2643 2653 2643 2651 2653 2654 2641 2645 2655 2656 2657 2656 2655 2658 2657 2659 2655 2660 2656 2658 2657 2661 2659 2662 2663 2660 2656 2660 2663 2664 2659 2661 2661 2665 2664 2662 2660 2666 2667 2664 2665 2668 2662 2666 2669 2662 2668 2664 2667 2670 2671 2670 2667 2670 2671 2672 2673 2672 2671 2672 2673 2674 2675 2674 2673 2674 2675 2676 2677 2676 2675 2676 2677 2678 2679 2680 2681 2680 2679 2682 2683 2679 2681 2682 2679 2684 2683 2681 2685 2686 2684 2679 2679 2683 2686 2684 2686 2687 2685 2688 2683 2689 2687 2686 2688 2685 2690 2691 2683 2688 2687 2689 2692 2686 2693 2689 2683 2691 2693 2693 2686 2683 2694 2689 2693 2693 2691 2694 2695 2689 2694 2695 2692 2689 2696 2694 2691 2694 2696 2697 2697 2695 2694 2698 2697 2696 2479 2514 2699 2700 2514 2518 2700 2699 2514 2699 2700 2701 2702 2703 2704 2703 2702 2705 2704 2706 2702 2707 2704 2703 2705 2708 2703 2709 2702 2706 2710 2703 2708 2703 2710 2707 2711 2708 2705 2712 2705 2702 2712 2702 2709 2708 2713 2710 2714 2705 2712 2714 2711 2705 2715 2713 2708 2711 2715 2708 2715 2716 2713 2717 2718 2719 2718 2717 2720 2718 2721 2719 2721 2718 2722 2723 2721 2722 2722 2724 2723 2725 2726 2727 2728 2726 2725 2726 2729 2727 2728 2730 2726 2731 2728 2725 2726 2732 2729 2732 2726 2730 2730 2728 2733 2734 2733 2728 2734 2728 2731 2730 2735 2732 2733 2736 2730 2735 2730 2736 2733 2734 2737 2737 2738 2733 2736 2733 2738 2738 2737 2739 2740 2741 2742 2743 2741 2740 2740 2742 2744 2743 2745 2741 2744 2742 2746 2744 2746 2747 2748 2745 2743 2746 2749 2747 2749 2746 2750 2748 2751 2745 2752 2751 2748 2752 2753 2751 2754 2753 2752 2754 2755 2753 2756 2755 2754 2756 2757 2755 2758 2757 2756 2758 2759 2757 2758 2760 2759 2760 2758 2761 2761 2762 2760 2762 2761 2763 2763 2764 2762 2764 2763 2765 2765 2766 2764 2766 2765 2767 2767 2768 2766 2768 2767 2769 2770 2771 2772 2771 2770 2773 2774 2770 2772 2775 2770 2774 2776 2775 2774 2776 2777 2775 2776 2778 2777 2778 2776 2779 2779 2780 2778 2780 2779 2781 2782 2780 2781 2783 2780 2782 2782 2784 2783 2784 2782 2785 2785 2786 2784 2786 2785 2787 2788 2786 2787 2789 2786 2788 2790 2789 2788 2790 2791 2789 2790 2792 2791 2792 2790 2793 2794 2792 2793 2792 2794 2795 2794 2796 2795 2797 2795 2796 2796 2798 2797 2798 2796 2799 2800 2801 2802 2801 2800 2803 2804 2803 2800 2801 2805 2802 2806 2803 2804 2802 2805 2807 2803 2806 2808 2809 2808 2806 2807 2810 2802 2808 2809 2811 2811 2809 2812 2812 2813 2811 2814 2813 2812 2813 2814 2815 2816 2817 2818 2817 2816 2819 2820 2821 2822 2821 2820 2823 2824 2825 2826 2825 2824 2827 2828 2829 2830 2830 2831 2828 2832 2833 2834 2832 2834 2835 2835 2834 2836 2835 2836 2837 2838 2839 2840 2838 2841 2839 2842 2838 2840 2505 2508 2843 2841 2838 2843 2843 2508 2841 2843 2510 2505 2844 2838 2842 2510 2843 2844 2843 2838 2844 2842 2840 2845 2846 2847 2848 2849 2847 2846 2846 2850 2849 2850 2846 2851 2852 2853 2854 2853 2852 2855 2856 2857 2858 2857 2856 2859 2860 2861 2862 2861 2860 2863 2864 2865 2866 2865 2864 2867 2868 2869 2870 2869 2868 2871 2872 2873 2874 2875 2874 2873 2876 2877 2878 2877 2876 2879 2880 2881 2882 2881 2880 2883 2884 2885 2886 2885 2884 2887 2888 2889 2890 2888 2891 2889 2892 2893 2894 2893 2892 2895 2896 2897 2898 2897 2896 2899 2900 2901 2902 2901 2900 2903 2904 2905 2906 2905 2904 2907 2908 2909 2910 2909 2908 2911 2912 2913 2914 2913 2912 2915 2916 2917 2918 2917 2916 2919 2920 2921 2922 2921 2920 2923 2924 2925 2926 2925 2927 2926 2928 2929 2930 2929 2931 2930 2932 2933 2934 2933 2935 2934 2936 2937 2938 2937 2936 2939 2940 2941 2942 2941 2940 2943 2515 2512 2944 2945 2946 2947 2946 2945 2948 2949 2950 2951 2950 2949 2952 2951 2953 2949 2953 2951 2954 2954 2955 2953 2955 2954 2956 2957 2958 2959 2960 2959 2958 2958 2961 2960 2962 2960 2961 2961 2963 2962 2964 2962 2963 2965 2966 2967 2966 2965 2968 2965 2969 2968 2967 2966 2970 2970 2966 2971 2969 2965 2972 2973 2969 2972 2969 2973 2974 2974 2973 2975 2975 2973 2976 2975 2976 2977 2977 2976 2978 2979 2980 2981 2982 2981 2980 2983 2982 2980 2982 2983 2984 2983 2985 2984 2985 2983 2986 2709 2706 2987 2988 2989 2990 2991 2989 2988 2727 2729 2992 2993 2994 2995 2996 2997 2998 2997 2996 2999 2998 3000 2996 2999 3001 2997 3000 2998 3002 3001 2999 3003 3003 3004 3001 3004 3003 3005 3005 3006 3004 3006 3005 3007 3007 3008 3006 3009 3006 3008 3008 3010 3009 3011 3009 3010 3010 3012 3011 3013 3011 3012 3013 3012 3014 3015 3013 3014 3014 3016 3015 3016 3014 3017 3017 3018 3016 3018 3017 3019 3020 3021 3022 3021 3020 3023 3021 3023 3024 3025 3021 3024 3025 3024 3026 3027 3025 3026 3027 3026 3028 3029 3027 3028 3029 3028 3030 3031 3029 3030 3030 3032 3031 3033 3031 3032 3032 3034 3033 3035 3033 3034 3034 3036 3035 3036 3034 3037 3037 3038 3036 3038 3037 3039 3039 3040 3038 3040 3039 3041 3040 3041 3042 3043 3040 3042 3044 3045 3046 3045 3044 3047 3048 3049 3050 3049 3048 3051 3052 3053 3054 3053 3052 3055 3055 3052 3056 3057 3054 3053 3054 3057 3058 3059 3056 3052 3060 3058 3057 3056 3059 3061 3058 3060 3062 3063 3062 3060 3061 3059 3064 3062 3063 3065 3061 3064 3066 3066 3064 3067 3067 3068 3066 3068 3067 3069 3070 3071 3072 3071 3070 3073 3070 3072 3074 3071 3073 3075 3071 3075 3076 3077 3070 3074 3075 3078 3076 3078 3075 3079 3074 3080 3077 3081 3078 3079 3080 3074 3082 3078 3081 3083 3082 3084 3080 3080 3084 3085 3081 3086 3083 3086 3081 3087 3088 3089 3090 3089 3088 3091 3090 3092 3088 3089 3093 3090 3094 3089 3091 3088 3092 3095 3093 3089 3096 3096 3089 3097 3089 3094 3097 3095 3098 3088 3091 3088 3098 3099 3095 3092 3096 3097 3100 3094 3091 3101 3102 3098 3095 3099 3102 3095 3103 3096 3100 3091 3104 3101 3104 3091 3098 3098 3102 3105 3096 3106 3093 3106 3096 3103 3107 3098 3105 3104 3098 3107 3108 3105 3102 3107 3105 3109 3110 3108 3102 3102 3099 3110 3106 3111 3093 3105 3108 3112 3109 3105 3112 3108 3110 3113 3111 3106 3114 3109 3112 3115 3113 3116 3108 3110 3117 3113 3118 3114 3106 3108 3119 3112 3119 3108 3116 3119 3115 3112 3116 3113 3120 3117 3120 3113 3114 3118 3121 3106 3122 3118 3122 3106 3103 3121 3123 3114 3123 3111 3114 3123 3121 3124 3111 3123 3125 3103 3126 3122 3103 3100 3126 3124 3127 3123 3125 3123 3127 3125 3128 3111 3092 3090 3128 3093 3128 3090 3128 3093 3111 3127 3124 3129 3130 3125 3127 3128 3125 3131 3131 3125 3130 3132 3131 3130 3133 3131 3132 3128 3134 3092 3131 3133 3134 3134 3128 3131 3092 3134 3099 3135 3099 3134 3133 3135 3134 3135 3133 3136 3117 3110 3137 3137 3099 3135 3099 3137 3110 3138 3135 3136 3135 3138 3137 3137 3139 3117 3139 3137 3138 3120 3117 3140 3139 3140 3117 3140 3139 3141 3142 3143 3144 3143 3142 3145 3146 3145 3142 3147 3144 3143 3144 3147 3148 3149 3146 3142 3147 3150 3148 3151 3146 3149 3150 3147 3152 3146 3151 3153 3151 3154 3153 3154 3151 3155 3155 3156 3154 3156 3155 3157 3158 3156 3157 3156 3158 3159 3160 3161 3162 3161 3160 3163 3162 3164 3160 3163 3165 3161 3164 3162 3166 3166 3167 3164 3165 3168 3161 3169 3164 3167 3170 3169 3167 3165 3171 3168 3169 3170 3172 3173 3168 3171 3171 3174 3173 3174 3171 3175 3175 3176 3174 3176 3175 3177 3178 3179 3180 3179 3178 3181 3181 3178 3182 3183 3180 3179 3180 3183 3184 3185 3182 3178 3186 3184 3183 3182 3185 3187 3184 3186 3188 3189 3188 3186 3187 3185 3190 3188 3189 3191 3187 3190 3192 3192 3190 3193 3193 3194 3192 3194 3193 3195 3196 3197 3198 3197 3196 3199 3196 3198 3200 3197 3199 3201 3197 3201 3202 3203 3196 3200 3201 3204 3202 3204 3201 3205 3200 3206 3203 3207 3204 3205 3206 3200 3208 3204 3207 3209 3208 3210 3206 3206 3210 3211 3207 3212 3209 3212 3207 3213 3214 3215 3216 3215 3214 3217 3216 3218 3214 3215 3219 3216 3220 3215 3217 3214 3218 3221 3219 3215 3222 3223 3222 3215 3215 3220 3223 3221 3224 3214 3217 3214 3224 3225 3221 3218 3222 3223 3226 3220 3217 3227 3225 3228 3221 3228 3224 3221 3226 3229 3222 3230 3217 3224 3217 3230 3227 3224 3228 3231 3229 3226 3232 3230 3224 3233 3233 3224 3231 3234 3231 3228 3229 3232 3235 3233 3231 3236 3237 3234 3228 3228 3225 3237 3238 3222 3229 3222 3238 3219 3235 3238 3229 3236 3231 3239 3231 3234 3239 3234 3237 3240 3238 3235 3241 3236 3239 3242 3240 3243 3234 3237 3244 3240 3245 3234 3243 3245 3242 3239 3234 3245 3239 3244 3246 3240 3243 3240 3246 3225 3247 3237 3244 3237 3247 3246 3244 3248 3247 3249 3244 3249 3248 3244 3247 3225 3250 3249 3247 3251 3250 3251 3247 3248 3249 3252 3218 3253 3225 3250 3225 3253 3251 3250 3254 3255 3253 3218 3218 3216 3255 3219 3255 3216 3250 3256 3254 3256 3250 3253 3253 3255 3257 3257 3256 3253 3256 3257 3258 3255 3259 3257 3257 3259 3260 3258 3257 3260 3255 3219 3261 3238 3261 3219 3259 3255 3261 3260 3259 3262 3261 3238 3263 3241 3263 3238 3259 3264 3262 3261 3264 3259 3264 3261 3263 3265 3262 3264 3264 3266 3265 3266 3264 3263 3263 3241 3266 3262 3265 3267 3268 3269 3270 3269 3268 3271 3272 3268 3270 3271 3273 3269 3268 3272 3274 3273 3271 3275 3276 3273 3275 3273 3276 3277 3277 3276 3278 3276 3279 3278 3280 3278 3279 3278 3280 3281 3282 3281 3280 3281 3282 3283 3282 3284 3283 3284 3282 3285 3286 3287 3288 3287 3286 3289 3288 3290 3286 3289 3291 3287 3290 3288 3292 3291 3293 3287 3291 3294 3293 3292 3295 3290 3296 3293 3294 3297 3290 3295 3298 3297 3295 3294 3299 3296 3297 3298 3300 3299 3294 3301 3301 3302 3299 3302 3301 3303 3304 3305 3306 3305 3304 3307 3304 3308 3307 3306 3305 3309 3305 3310 3309 3308 3304 3311 3312 3309 3310 3309 3312 3313 3311 3314 3308 3315 3313 3312 3314 3311 3316 3313 3315 3317 3318 3314 3316 3314 3318 3319 3318 3320 3319 3320 3318 3321 3322 3323 3324 3325 3323 3322 3326 3327 3328 3327 3326 3329 3330 3331 3332 3331 3330 3333 3330 3334 3333 3332 3331 3335 3331 3336 3335 3334 3330 3337 3338 3335 3336 3335 3338 3339 3337 3340 3334 3341 3339 3338 3340 3337 3342 3339 3341 3343 3344 3340 3342 3340 3344 3345 3344 3346 3345 3346 3344 3347 3348 3349 3350 3351 3349 3348 3352 3353 3354 3353 3352 3355 3356 3357 3358 3357 3356 3359 3360 3361 3362 3362 3361 3363 3364 3365 3366 3366 3365 3367 3368 3369 3370 3370 3369 3371 3372 3373 3374 3375 3372 3374 3374 3373 3376 3374 3377 3375 3378 3376 3373 3379 3375 3377 3377 3380 3379 3376 3378 3381 3380 3382 3379 3378 3383 3381 3383 3378 3384 3379 3382 3385 3384 3386 3383 3382 3387 3385 3385 3387 3388 3383 3386 3389 3390 3388 3387 3391 3389 3386 3388 3390 3392 3389 3391 3393 3391 3394 3393 3394 3391 3395 3395 3396 3394 3396 3395 3397 3398 3399 3400 3399 3398 3401 3402 3401 3398 3403 3400 3399 3401 3402 3404 3403 3399 3405 3406 3403 3405 3403 3406 3407 3408 3407 3406 3406 3409 3408 3410 3408 3409 3409 3411 3410 3412 3410 3411 3410 3412 3413 3414 3413 3412 3413 3414 3415 3416 3415 3414 3414 3417 3416 3418 3416 3417 3416 3418 3419 3420 3419 3418 3420 3418 3421 3422 3420 3421 3421 3423 3422 3424 3425 3426 3425 3424 3427 3428 3427 3424 3425 3429 3426 3427 3428 3430 3429 3425 3431 3427 3432 3425 3432 3431 3425 3432 3427 3433 3430 3433 3427 3434 3429 3431 3433 3430 3435 3431 3432 3436 3429 3434 3437 3431 3438 3434 3438 3431 3436 3434 3438 3439 3439 3437 3434 3437 3439 3440 3441 3439 3438 3440 3439 3442 3439 3443 3442 3439 3441 3443 3441 3444 3443 3445 3442 3443 3443 3446 3445 3446 3443 3444 3442 3445 3447 3445 3446 3448 3449 3448 3446 3447 3445 3450 3445 3448 3450 3448 3449 3451 3450 3448 3452 3448 3451 3452 3453 3452 3451 3449 3454 3451 3452 3453 3455 3456 3451 3454 3451 3456 3453 3455 3453 3457 3453 3456 3458 3453 3458 3457 3457 3458 3459 3460 3458 3456 3458 3460 3461 3458 3461 3459 3460 3462 3461 3463 3464 3465 3464 3463 3466 3467 3466 3463 3464 3468 3465 3466 3467 3469 3468 3464 3470 3471 3469 3467 3467 3472 3471 3473 3471 3472 3474 3473 3472 3475 3473 3474 3473 3475 3476 3475 3477 3476 3477 3475 3478 3479 3477 3478 3477 3479 3480 3481 3480 3479 3480 3481 3482 3481 3483 3482 3483 3481 3484 3485 3483 3484 3483 3485 3486 3487 3486 3485 3486 3487 3488 3489 3490 3491 3490 3489 3492 3491 3493 3489 3494 3490 3492 3493 3491 3495 3494 3492 3496 3497 3493 3495 3493 3497 3498 3499 3494 3496 3500 3498 3497 3494 3499 3501 3498 3500 3502 3503 3501 3499 3501 3503 3504 3505 3502 3500 3506 3504 3503 3502 3505 3507 3504 3506 3508 3509 3508 3506 3505 3510 3507 3508 3509 3511 3509 3510 3512 3512 3511 3509 3510 3505 3512 3513 3514 3515 3515 3516 3513 3517 3513 3516 3515 3514 3518 3514 3519 3518 3513 3517 3520 3521 3518 3519 3518 3521 3522 3523 3520 3517 3520 3523 3524 3523 3525 3524 3525 3523 3526 3527 3525 3526 3525 3527 3528 3527 3529 3528 3529 3527 3530 3530 3531 3529 3531 3530 3532 3533 3531 3532 3531 3533 3534 3535 3534 3533 3534 3535 3536 3535 3537 3536 3537 3535 3538 3539 3540 3541 3540 3539 3542 3539 3543 3542 3540 3544 3541 3544 3540 3545 3543 3539 3546 3545 3547 3544 3546 3548 3543 3547 3545 3549 3548 3546 3550 3551 3552 3553 3552 3551 3554 3555 3554 3551 3554 3555 3556 3555 3557 3556 3558 3557 3555 3559 3557 3558 3557 3559 3560 3561 3560 3559 3560 3561 3562 3563 3564 3565 3564 3563 3566 3565 3567 3563 3568 3564 3566 3567 3565 3569 3568 3570 3571 3571 3564 3568 3570 3568 3572 3572 3573 3570 3570 3573 3574 3573 3575 3574 3574 3575 3576 3575 3577 3576 3577 3575 3578 3578 3579 3577 3579 3578 3580 3580 3581 3579 3579 3581 3582 3581 3583 3582 3583 3581 3584 3585 3583 3584 3586 3583 3585 3585 3587 3586 3586 3587 3588 3589 3590 3591 3590 3589 3592 3593 3591 3590 3594 3590 3592 3594 3595 3590 3595 3593 3590 3591 3596 3589 3594 3597 3595 3591 3593 3598 3596 3591 3599 3598 3599 3591 3597 3594 3600 3595 3601 3593 3599 3598 3602 3600 3603 3597 3604 3595 3597 3604 3597 3603 3595 3604 3601 3603 3600 3605 3604 3603 3606 3605 3607 3603 3603 3607 3608 3603 3608 3606 3607 3609 3608 3606 3608 3610 3608 3611 3610 3611 3608 3609 3609 3607 3612 3611 3609 3613 3609 3614 3613 3612 3614 3609 3611 3613 3615 3614 3616 3613 3613 3616 3617 3613 3617 3615 3616 3618 3617 3618 3616 3619 3615 3617 3620 3619 3621 3618 3622 3617 3618 3617 3622 3620 3622 3618 3623 3618 3621 3623 3621 3624 3623 3622 3623 3625 3623 3626 3625 3623 3624 3626 3625 3626 3627 3628 3629 3630 3629 3628 3631 3630 3632 3628 3633 3629 3631 3632 3630 3634 3635 3629 3633 3636 3632 3634 3637 3632 3636 3638 3637 3636 3639 3637 3638 3638 3640 3639 3640 3638 3641 3641 3642 3640 3640 3642 3643 3642 3644 3643 3644 3642 3645 3645 3646 3644 3646 3645 3647 3647 3648 3646 3646 3648 3649 3648 3650 3649 3650 3648 3651 3651 3652 3650 3652 3651 3653 3654 3655 3656 3657 3654 3656 3654 3657 3658 3655 3659 3656 3657 3660 3658 3655 3661 3659 3660 3657 3662 3662 3663 3660 3659 3661 3664 3663 3662 3665 3661 3666 3664 3665 3667 3663 3666 3661 3668 3667 3665 3669 3668 3670 3666 3669 3671 3667 3670 3668 3672 3671 3669 3673 3672 3674 3670 3675 3671 3673 3674 3672 3676 3676 3675 3674 3671 3675 3677 3675 3676 3677 3678 3679 3680 3681 3679 3678 3682 3681 3678 3679 3683 3680 3682 3684 3681 3682 3685 3684 3683 3679 3686 3685 3682 3687 3686 3688 3683 3689 3685 3687 3688 3686 3690 3691 3685 3689 3689 3692 3691 3690 3693 3688 3688 3693 3694 3692 3689 3695 3695 3696 3692 3696 3695 3697 3698 3696 3697 3696 3698 3699 3698 3700 3699 3699 3700 3701 3700 3702 3701 3702 3700 3703 3704 3705 3706 3707 3706 3705 3706 3707 3708 3709 3708 3707 3708 3709 3710 3707 3711 3709 3712 3710 3709 3710 3712 3713 3714 3709 3711 3713 3712 3715 3716 3709 3714 3709 3716 3712 3717 3712 3716 3712 3717 3715 3713 3715 3718 3719 3715 3717 3718 3715 3720 3715 3719 3720 3718 3720 3721 3721 3720 3722 3720 3719 3722 3721 3722 3723 3723 3724 3721 3722 3719 3725 3724 3723 3726 3727 3726 3723 3722 3725 3727 3727 3723 3722 3726 3728 3724 3726 3727 3729 3729 3730 3726 3728 3726 3730 3730 3729 3731 3730 3732 3728 3732 3730 3733 3731 3733 3730 3732 3733 3734 3733 3731 3735 3734 3733 3736 3733 3737 3736 3737 3733 3735 3734 3736 3738 3738 3736 3739 3738 3739 3740 3741 3742 3743 3742 3741 3744 3745 3744 3741 3746 3743 3742 3744 3745 3747 3743 3746 3748 3749 3747 3745 3747 3749 3750 3751 3750 3749 3750 3751 3752 3751 3753 3752 3751 3754 3753 3754 3755 3753 3756 3753 3755 3755 3757 3756 3757 3755 3758 3758 3759 3757 3759 3758 3760 3760 3761 3759 3761 3760 3762 3762 3763 3761 3763 3762 3764 3764 3765 3763 3765 3764 3766 3767 3768 3769 3768 3767 3770 3771 3772 3769 3772 3771 3773 3774 3775 3776 3775 3774 3777 3778 3779 3780 3779 3778 3781 3782 3783 3784 3782 3784 3785 3786 3787 3788 3789 3788 3787 3790 3788 3789 3788 3790 3791 3792 3791 3790 3791 3792 3793 3793 3792 3794 3794 3792 3795 3794 3795 3796 3796 3795 3797 3798 3799 3800 3799 3798 3801 3798 3802 3801 3802 3798 3803 3804 3805 3806 3805 3804 3807 3806 3805 3808 3808 3809 3806 3809 3808 3810 3810 3811 3809 3811 3810 3812 3812 3810 3813 3812 3813 3814 3814 3813 3815 3815 3816 3814 3816 3815 3817 3818 3819 3820 3821 3819 3818 3818 3820 3822 3819 3823 3820 3821 3824 3819 3822 3825 3818 3823 3819 3826 3824 3826 3819 3827 3824 3821 3825 3822 3828 3829 3823 3826 3830 3824 3827 3831 3827 3821 3823 3829 3832 3833 3826 3824 3834 3831 3821 3834 3821 3818 3818 3825 3834 3829 3835 3832 3833 3836 3826 3836 3829 3826 3837 3832 3835 3829 3838 3835 3838 3829 3836 3839 3837 3835 3840 3838 3836 3837 3839 3841 3842 3835 3838 3842 3839 3835 3842 3838 3843 3840 3843 3838 3844 3840 3836 3844 3836 3833 3845 3844 3833 3846 3847 3848 3847 3846 3849 3846 3850 3849 3847 3851 3848 3851 3847 3852 3846 3853 3850 3852 3854 3851 3854 3852 3855 3856 3850 3853 3857 3854 3855 3854 3857 3858 3850 3856 3859 3860 3858 3857 3861 3859 3856 3859 3861 3862 3857 3863 3860 3864 3862 3861 3865 3860 3863 3863 3866 3865 3861 3867 3864 3868 3864 3867 3864 3868 3869 3870 3869 3868 3869 3870 3871 3872 3873 3874 3875 3873 3872 3874 3873 3876 3873 3875 3877 3874 3876 3878 3879 3877 3875 3877 3879 3880 3878 3876 3881 3880 3879 3882 3883 3878 3881 3878 3883 3884 3879 3885 3882 3883 3886 3884 3887 3882 3885 3886 3883 3888 3882 3887 3889 3890 3886 3888 3889 3887 3891 3886 3890 3892 3887 3893 3891 3894 3891 3893 3895 3892 3890 3894 3893 3896 3892 3895 3897 3898 3899 3900 3898 3900 3901 3902 3900 3899 3900 3902 3903 3904 3903 3902 3903 3904 3905 3906 3905 3904 3905 3906 3907 3906 3908 3909 3906 3909 3907 3908 3910 3909 3910 3908 3911 3911 3912 3910 3912 3911 3913 3914 3912 3913 3912 3914 3915 3916 3917 3914 3917 3916 3918 3919 3920 3921 3920 3919 3922 3923 3924 3925 3924 3923 3926 3927 3923 3925 3923 3927 3928 3929 3924 3926 3930 3928 3927 3924 3929 3931 3928 3930 3932 3931 3929 3933 3933 3929 3934 3935 3933 3934 3936 3935 3934 3937 3935 3936 3935 3937 3938 3937 3939 3938 3939 3937 3940 3939 3940 3941 3942 3941 3940 3943 3941 3942 3941 3943 3944 3943 3945 3944 3945 3943 3946 3945 3946 3947 3947 3946 3948 3949 3950 3951 3949 3952 3950 3951 3953 3949 3952 3949 3954 3951 3955 3953 3952 3954 3956 3955 3951 3957 3957 3958 3955 3952 3956 3959 3960 3959 3956 3961 3962 3963 3962 3961 3964 3965 3966 3967 3965 3968 3966 3966 3968 3969 3970 3971 3972 3971 3970 3973 3974 3975 3976 3975 3974 3977 3978 3979 3980 3980 3979 3981 3982 3983 3984 3983 3982 3985 3986 3987 3988 3986 3989 3987 3990 3991 3992 3990 3993 3991 3993 3990 3994 3995 3993 3994 3996 3995 3994 3996 3994 3997 3998 3999 4000 3999 3998 4001 4002 4003 4004 4005 4004 4003 4006 4007 4008 4007 4006 4009 4010 4011 4012 4010 4012 4013 4014 4015 4016 4015 4014 4017 4017 4014 4018 4019 4016 4015 4017 4018 4020 4020 4018 4021 4022 4020 4021 4020 4022 4023 4024 4023 4022 4023 4024 4025 4026 4025 4024 4025 4026 4027 4027 4026 4028 4027 4028 4029 4030 4029 4028 4029 4030 4031 4032 4031 4030 4031 4032 4033 4034 4035 4036 4035 4034 4037 4036 4038 4034 4037 4039 4035 4038 4036 4040 4039 4037 4041 4040 4042 4038 4039 4041 4043 4042 4040 4044 4039 4043 4045 4045 4043 4046 4045 4046 4047 4047 4046 4048 4047 4048 4049 4049 4048 4050 4049 4050 4051 4051 4050 4052 4052 4053 4051 4054 4055 4056 4054 4056 4057 4058 4054 4057 4059 4056 4055 4057 4056 4060 4057 4061 4058 4056 4059 4062 4062 4060 4056 4057 4060 4063 4060 4062 4064 4065 4062 4059 4061 4057 4066 4066 4057 4063 4063 4060 4067 4060 4064 4067 4062 4065 4068 4062 4068 4064 4069 4063 4067 4070 4064 4068 4066 4071 4061 4072 4066 4063 4063 4069 4072 4067 4073 4069 4073 4067 4064 4066 4072 4074 4071 4066 4074 4075 4074 4072 4075 4072 4069 4064 4070 4076 4064 4076 4073 4074 4077 4071 4078 4075 4069 4077 4074 4079 4074 4075 4079 4069 4080 4078 4068 4081 4070 4080 4069 4082 4082 4069 4073 4083 4068 4065 4081 4068 4083 4084 4085 4086 4085 4084 4087 4088 4089 4090 4091 4089 4088 4092 4093 4094 4093 4092 4095 4096 4097 4098 4097 4096 4099 4100 4101 4102 4101 4100 4103 4104 4105 4106 4105 4104 4107 4106 4108 4104 4107 4109 4105 4108 4106 4110 4109 4107 4111 4110 4112 4108 4111 4113 4109 4112 4110 4114 4113 4111 4115 4114 4116 4112 4113 4115 4117 4116 4114 4118 4119 4113 4117 4117 4120 4119 4119 4120 4121 4120 4122 4121 4121 4122 4123 4123 4122 4124 4123 4124 4125 4126 4125 4124 4126 4127 4125 4128 4127 4126 4127 4128 4129 4130 4131 4132 4133 4130 4132 4133 4134 4130 4132 4131 4135 4133 4136 4134 4136 4133 4137 4131 4138 4135 4137 4139 4136 4138 4131 4140 4141 4138 4140 4142 4136 4139 4138 4141 4143 4139 4144 4142 4144 4139 4145 4146 4143 4141 4145 4147 4144 4143 4146 4148 4147 4145 4149 4149 4150 4147 4147 4150 4151 4150 4152 4151 4152 4150 4153 4153 4154 4152 4154 4153 4155 4156 4157 4158 4157 4156 4159 4156 4158 4160 4157 4159 4161 4160 4162 4156 4157 4161 4163 4162 4160 4164 4161 4165 4163 4166 4162 4164 4165 4161 4167 4164 4168 4166 4167 4169 4165 4168 4164 4170 4169 4167 4171 4170 4172 4168 4172 4170 4173 4173 4174 4172 4172 4174 4175 4174 4176 4175 4176 4174 4177 4178 4176 4177 4176 4178 4179 4180 4179 4178 4179 4180 4181 4182 4183 4184 4183 4182 4185 4186 4187 4188 4187 4186 4189 4190 4189 4191 4192 4189 4190 4190 4193 4192 4193 4190 4194 4194 4195 4193 4195 4194 4196 4196 4197 4195 4197 4196 4198 4199 4197 4198 4200 4197 4199 4200 4199 4201 4202 4200 4201 4203 4202 4201 4202 4203 4204 4203 4205 4204 4205 4203 4206 4207 4208 4205 4208 4207 4209 4185 4210 4183 4210 4185 4211 4212 4213 4214 4212 4215 4213 4212 4214 4216 4215 4212 4217 4214 4218 4216 4217 4219 4215 4218 4214 4220 4219 4217 4221 4220 4222 4218 4222 4223 4218 4224 4223 4222 4223 4224 4225 4224 4226 4225 4226 4224 4227 4226 4227 4228 4228 4229 4226 4230 4229 4228 4230 4231 4229 4230 4232 4231 4232 4230 4233 4234 4232 4233 4232 4234 4235 4235 4234 4236 4236 4237 4235 4238 4239 4240 4241 4239 4238 4240 4239 4242 4239 4241 4243 4244 4240 4242 4240 4244 4245 4243 4241 4246 4245 4244 4247 4246 4241 4248 4249 4246 4248 4250 4251 4252 4251 4250 4253 4254 4255 4256 4255 4254 4257 4258 4259 4260 4261 4259 4258 4262 4263 4264 4263 4262 4265 4266 4267 4268 4267 4266 4269 4270 4271 4272 4271 4270 4273 4274 4275 4276 4277 4274 4276 4278 4279 4280 4279 4278 4281 4282 4283 4284 4283 4282 4285 4286 4287 4288 4287 4286 4289 4290 4289 4286 4291 4288 4287 4292 4290 4286 4290 4292 4293 4288 4291 4294 4295 4294 4291 4295 4293 4292 4294 4295 4296 4292 4296 4295 4297 4298 4299 4298 4297 4300 4301 4302 4303 4303 4304 4301 4305 4306 4307 4308 4307 4306 4309 4310 4311 4310 4309 4312 4313 4314 4315 4314 4313 4316 4317 4318 4319 4320 4318 4317 4321 4322 4323 4322 4321 4324 4325 4326 4327 4326 4325 4328 4329 4330 4331 4332 4330 4329 4333 4334 4335 4334 4333 4336 4337 4338 4339 4338 4337 4340 4341 4342 4343 4342 4341 4344 4345 4341 4343 4341 4345 4346 4347 4348 4349 4348 4347 4350 4351 4352 4353 4353 4354 4351 4355 4356 4357 4357 4358 4355 4359 4360 4361 4360 4359 4362 4363 4364 4365 4363 4366 4364 4365 4367 4363 4366 4363 4368 4369 4367 4365 4366 4370 4364 4371 4366 4368 4366 4372 4370 4373 4366 4371 4366 4373 4372 4374 4375 4376 4374 4377 4375 4374 4376 4378 4379 4375 4377 4380 4377 4374 4378 4376 4381 4375 4379 4382 4377 4380 4383 4381 4384 4378 4385 4382 4379 4379 4386 4385 4387 4378 4384 4388 4389 4390 4389 4388 4391 4388 4392 4391 4393 4389 4391 4392 4388 4394 4395 4391 4392 4396 4391 4395 4396 4393 4391 4394 4397 4392 4398 4392 4397 4392 4398 4395 4397 4394 4399 4400 4399 4394 4399 4400 4401 4402 4403 4404 4405 4403 4402 4406 4402 4404 4407 4405 4402 4402 4406 4408 4408 4409 4402 4402 4409 4407 4409 4408 4410 4411 4408 4406 4412 4410 4408 4408 4411 4412 4410 4412 4413 4414 4410 4413 4415 4410 4414 4416 4417 4418 4418 4419 4416 4420 4421 4422 4423 4420 4422 4422 4424 4423 4424 4422 4425 4426 4427 4428 4427 4426 4429 4430 4431 4432 4431 4430 4433 4431 4434 4432 4434 4431 4435 4436 4437 4438 4437 4436 4439 4440 4441 4442 4441 4440 4443 4441 4444 4442 4444 4441 4445 4446 4447 4448 4448 4449 4446 4450 4451 4452 4453 4450 4452 4452 4454 4453 4454 4452 4455 4456 4457 4458 4457 4456 4459 4460 4461 4462 4462 4461 4463 4464 4465 4466 4466 4467 4464 4468 4466 4465 4466 4468 4469 4470 4469 4468 4469 4470 4471 4471 4472 4469 4473 4471 4470 4472 4471 4474 4473 4470 4475 4475 4476 4473 4473 4476 4477 4478 4479 4480 4480 4479 4481 4482 4483 4484 4483 4485 4484 4486 4487 4488 4488 4487 4489 4490 4491 4492 4492 4493 4490 4493 4494 4490 4491 4495 4492 4491 4496 4495 4490 4494 4497 4495 4496 4498 4499 4498 4496 4494 4500 4497 4499 4496 4501 4497 4500 4502 4503 4499 4501 4500 4504 4502 4505 4504 4503 4505 4503 4501 4503 4506 4499 4504 4505 4507 4504 4507 4502 4499 4506 4508 4499 4508 4509 4510 4511 4512 4511 4510 4513 4512 4514 4510 4515 4510 4514 4516 4517 4518 4519 4517 4516 4520 4521 4522 4521 4520 4523 4524 4522 4521 4521 4525 4524 4526 4527 4528 4528 4529 4526 4530 4526 4529 4526 4530 4531 4532 4531 4530 4533 4531 4532 4534 4535 4536 4536 4537 4534 4538 4539 4540 4541 4539 4538 4540 4539 4542 4543 4544 4545 4543 4546 4544 4545 4547 4543 4548 4546 4543 4549 4550 4551 4551 4552 4549 4553 4554 4555 4554 4553 4556 4553 4557 4556 4557 4553 4558 4559 4560 4561 4561 4562 4559 4563 4561 4560 4560 4564 4563 4565 4563 4564 4566 4563 4565 4567 4568 4569 4569 4568 4570 4571 4572 4573 4572 4571 4574 4575 4576 4577 4577 4576 4578 4579 4580 4581 4580 4579 4582 4583 4584 4585 4585 4586 4583 4587 4588 4589 4589 4590 4587 4591 4592 4593 4591 4594 4592 4595 4596 4597 4597 4596 4598 4599 4600 4601 4600 4599 4602 4603 4604 4605 4604 4603 4606 4607 4603 4605 4607 4608 4603 4609 4604 4606 4608 4607 4610 4609 4606 4611 4611 4612 4609 4610 4612 4608 4608 4612 4613 4612 4611 4613 4614 4615 4616 4615 4614 4617 4618 4619 4620 4621 4619 4618 4622 4623 4624 4623 4622 4625 4626 4627 4628 4627 4626 4629 4630 4631 4632 4631 4630 4633 4634 4635 4636 4635 4634 4637 4638 4636 4635 4638 4635 4639 4640 4641 4642 4641 4640 4643 4642 4644 4640 4644 4642 4645 4645 4646 4644 4646 4645 4647 4647 4648 4646 4648 4647 4649 4648 4649 4650 4650 4651 4648 4651 4650 4652 4652 4653 4651 4653 4652 4654 4653 4654 4655 4655 4654 4656 4655 4656 4657 4658 4659 4660 4658 4661 4659 4662 4658 4660 4659 4663 4660 4663 4659 4664 4661 4664 4659 4660 4665 4662 4665 4660 4663 4663 4664 4666 4667 4664 4661 4668 4663 4666 4663 4668 4665 4667 4669 4664 4669 4666 4664 4670 4669 4667 4666 4671 4668 4669 4672 4666 4671 4666 4672 4673 4672 4669 4670 4673 4669 4674 4671 4672 4673 4675 4672 4675 4674 4672 4676 4673 4670 4671 4674 4677 4676 4678 4673 4678 4675 4673 4679 4677 4674 4675 4680 4674 4680 4679 4674 4677 4679 4681 4675 4678 4682 4682 4680 4675 4683 4679 4680 4682 4684 4680 4684 4683 4680 4679 4683 4685 4681 4679 4685 4686 4681 4685 4684 4687 4683 4685 4683 4687 4686 4685 4687 4688 4686 4687 4689 4690 4691 4690 4689 4692 4692 4693 4690 4693 4692 4694 4694 4695 4693 4695 4694 4696 4695 4696 4697 4697 4698 4695 4698 4697 4699 4698 4699 4700 4700 4699 4701 4700 4701 4702 4703 4704 4705 4703 4706 4704 4705 4707 4703 4706 4703 4708 4708 4709 4706 4710 4709 4708 4709 4710 4711 4711 4712 4709 4713 4711 4710 4714 4712 4711 4711 4713 4715 4716 4713 4710 4712 4714 4717 4715 4718 4711 4713 4716 4719 4717 4714 4720 4718 4715 4721 4722 4719 4716 4720 4714 4723 4719 4722 4724 4725 4726 4727 4726 4725 4728 4728 4729 4726 4729 4728 4730 4730 4731 4729 4731 4730 4732 4731 4732 4733 4733 4734 4731 4734 4733 4735 4734 4735 4736 4736 4735 4737 4736 4737 4738 4739 4740 4741 4739 4742 4740 4741 4743 4739 4742 4739 4744 4744 4745 4742 4746 4745 4744 4744 4747 4746 4745 4746 4748 4747 4748 4746 4748 4749 4745 4747 4744 4750 4751 4749 4748 4752 4751 4748 4748 4747 4752 4749 4751 4753 4754 4750 4744 4751 4752 4755 4756 4751 4755 4753 4751 4756 4750 4754 4757 4758 4759 4760 4758 4760 4761 4759 4762 4760 4759 4763 4762 4764 4765 4766 4765 4764 4767 4768 4766 4765 4766 4768 4769 4770 4771 4772 4771 4770 4773 4771 4774 4772 4774 4771 4775 4776 4777 4778 4777 4776 4779 4777 4780 4778 4780 4777 4781 4782 4783 4784 4784 4785 4782 4784 4783 4786 4785 4784 4787 4788 4789 4790 4789 4788 4791 4789 4792 4790 4792 4789 4793 4794 4795 4796 4795 4797 4796 4795 4798 4797 4798 4795 4799 4800 4801 4802 4801 4800 4803 4804 4802 4801 4801 4805 4804 4806 4807 4808 4807 4806 4809 4810 4811 4812 4811 4810 4813 4814 4815 4816 4815 4814 4817 4818 4817 4814 4817 4818 4819 4820 4821 4822 4821 4820 4823 4824 4825 4826 4827 4824 4826 4828 4829 4830 4829 4828 4831 4832 4833 4834 4833 4832 4835 4836 4837 4838 4839 4838 4837 4837 4840 4839 4841 4839 4840 4842 4843 4844 4843 4842 4845 4844 4846 4842 4844 4847 4846 4848 4849 4850 4851 4849 4848 4849 4852 4850 4851 4853 4849 4854 4855 4856 4857 4855 4854 4855 4858 4856 4857 4859 4855 4860 4861 4862 4860 4862 4863 4864 4860 4863 4864 4865 4860 4866 4867 4868 4869 4867 4866 4867 4870 4868 4867 4869 4871 4872 4873 4874 4874 4873 4875 4874 4875 4876 4877 4874 4876 4878 4879 4880 4880 4881 4878 4882 4880 4879 4880 4882 4883 4884 4885 4886 4885 4884 4887 4888 4889 4890 4889 4888 4891 4892 4893 4894 4892 4894 4895 4895 4896 4892 4896 4895 4897 4898 4899 4900 4899 4898 4901 4902 4903 4904 4903 4902 4905 4906 4907 4908 4907 4906 4909 4910 4911 4912 4911 4910 4913 4914 4915 4916 4915 4914 4917 4916 4918 4914 4917 4919 4915 4920 4918 4916 4921 4919 4917 4919 4921 4922 4918 4920 4923 4924 4922 4921 4922 4924 4925 4924 4926 4925 4926 4924 4927 4927 4928 4926 4928 4927 4929 4928 4929 4930 4930 4929 4931 4931 4932 4930 4933 4932 4931 4933 4934 4932 4934 4933 4935 4936 4937 4938 4938 4939 4936 4940 4941 4942 4941 4940 4943 4944 4945 4946 4946 4947 4944 4948 4949 4950 4949 4948 4951 4952 4953 4954 4953 4952 4955 4956 4957 4958 4958 4959 4956 4960 4959 4958 4959 4960 4961 4962 4961 4960 4961 4962 4963 4964 4963 4962 4963 4964 4965 4966 4965 4964 4965 4966 4967 4968 4967 4966 4967 4968 4969 4968 4970 4969 4970 4968 4971 4971 4972 4970 4972 4971 4973 4973 4974 4972 4974 4973 4975 4975 4976 4974 4976 4975 4977 4977 4978 4976 4978 4977 4979 4978 4979 4980 4980 4979 4981 4982 4983 4984 4985 4986 4987 4988 4985 4987 4985 4988 4989 4987 4986 4990 4989 4988 4991 4986 4992 4990 4993 4989 4991 4989 4993 4994 4990 4992 4995 4996 4994 4993 4997 4995 4992 4994 4996 4998 4995 4997 4999 4999 4997 5000 5001 4998 4996 4999 5000 5002 4998 5001 5003 5002 5000 5004 5005 5003 5001 5003 5005 5006 5007 5006 5005 5006 5007 5008 5009 5008 5007 5008 5009 5010 5011 5012 5013 5012 5014 5013 5015 5016 5017 5015 5018 5016 5017 5019 5015 5018 5015 5020 5020 5015 5021 5019 5021 5015 5021 5019 5022 5021 5023 5020 5022 5024 5021 5023 5021 5024 5024 5025 5023 5024 5022 5026 5024 5026 5027 5025 5024 5027 5028 5027 5026 5025 5027 5029 3773 5030 3772 3772 5030 5031 5032 5033 5034 5033 5032 5035 5036 5037 5035 5037 5036 5038 5039 5040 5041 5042 5040 5039 5043 5044 5045 5044 5043 5046 5047 5048 5049 5048 5047 5050 5051 5052 5053 5052 5051 5054 5051 5055 5054 5055 5051 5056 5056 5057 5055 5057 5056 5058 5057 5058 5059 5059 5060 5057 5060 5059 5061 5061 5062 5060 5063 5064 5065 5064 5063 5066 5067 5068 5069 5068 5067 5070 5071 5072 5073 5074 5072 5071 5075 5076 5077 5076 5075 5078 5079 5080 5081 5082 5080 5079 5082 5083 5080 5083 5084 5080 5085 5086 5087 5086 5085 5088 5089 3922 3919 3922 5089 5090 5091 3898 5092 5092 5093 5091 5094 5095 5096 5097 5095 5094 5098 5099 5100 5098 5101 5099 5098 5100 5102 5101 5098 5103 5104 5102 5100 5101 5103 5105 5102 5104 5106 5104 5107 5106 5105 5108 5101 5107 5104 5109 5108 5105 5110 5109 5111 5107 5108 5110 5112 5111 5109 5113 5114 5111 5113 5110 5115 5112 5111 5114 5116 5115 5110 5117 5117 5118 5115 5118 5117 5119 5120 5121 5122 5121 5120 5123 5124 5120 5122 5121 5125 5122 5121 5123 5126 5127 5123 5120 5124 5127 5120 5121 5128 5125 5125 5129 5122 5129 5124 5122 5126 5123 5130 5121 5131 5128 5131 5121 5126 5129 5125 5132 5133 5130 5123 5133 5126 5130 5126 5133 5131 5123 5127 5134 5134 5133 5123 5132 5135 5129 5135 5132 5136 5136 5137 5135 5124 5129 5137 5137 5129 5135 5137 5136 5138 5138 5139 5137 5139 5124 5137 5127 5124 5139 5140 5141 5142 5140 5143 5141 5140 5142 5144 5143 5140 5145 5143 5145 5146 5143 5146 5147 5147 5146 5148 5148 5149 5147 5150 5151 5152 5150 5153 5151 5150 5152 5154 5153 5150 5155 5156 5157 5158 5157 5156 5159 5160 5161 5162 5161 5160 5163 5163 5164 5161 5164 5163 5165 5166 5167 5168 5167 5166 5169 5170 5171 5172 5170 5172 5173 5174 5175 5176 5175 5174 5177 5178 5179 5180 5179 5178 5181 5182 5183 5184 5183 5182 5185 5186 5187 5188 5187 5186 5189 5190 5191 5192 5191 5190 5193 5194 5195 5196 5196 5197 5194 5196 5195 5198 5197 5196 5199 5200 5198 5195 5198 5200 5201 5197 5199 5202 5200 5203 5201 5202 5204 5197 5203 5200 5205 5204 5202 5206 5205 5207 5203 5204 5206 5208 5207 5205 5209 5206 5210 5208 5209 5211 5207 5210 5206 5212 5212 5213 5210 5207 5211 5214 5213 5212 5215 5216 5217 5218 5217 5216 5219 5220 5221 5222 5220 5223 5221 5224 5220 5222 5225 5221 5223 5223 5226 5225 5220 5224 5227 5228 5227 5224 5229 5225 5226 5227 5228 5230 5225 5229 5231 5229 5232 5231 5233 5230 5228 5234 5232 5229 5235 5232 5234 5230 5233 5236 5232 5235 5237 5238 5237 5235 5237 5238 5239 5239 5238 5240 5238 5241 5240 5242 5243 5244 5245 5244 5243 5245 5243 5246 5247 5245 5246 5248 5247 5246 5248 5249 5247 5248 5250 5249 5250 5248 5251 5251 5252 5250 5252 5251 5253 5253 5254 5252 5255 5252 5254 5254 5256 5255 5256 5254 5257 5258 5256 5257 5256 5258 5259 5258 5260 5259 5261 5259 5260 5260 5262 5261 5262 5260 5263 5264 5265 5266 5265 5264 5267 5267 5268 5265 5268 5267 5269 5270 5268 5269 5270 5271 5268 5271 5270 5272 5272 5273 5271 5272 5274 5273 5274 5272 5275 5274 5275 5276 5274 5276 5277 5278 5277 5276 5277 5278 5279 5278 5280 5279 5280 5278 5281 5281 5282 5280 5282 5281 5283 5282 5283 5284 5282 5284 5285 5286 5287 5288 5287 5286 5289 5290 5289 5286 5289 5290 5291 5292 5291 5290 5291 5292 5293 5294 5293 5292 5293 5294 5295 5296 5297 5298 5296 5299 5297 5300 5301 5302 5302 5303 5300 5304 5305 5306 5305 5304 5307 5308 5309 5310 5309 5308 5311 5312 5313 5314 5314 5315 5312 5316 5317 5318 5317 5316 5319 5320 5321 5322 5321 5320 5323 5324 5325 5326 5325 5324 5327 5328 5329 5330 5329 5328 5331 5332 5333 5334 5333 5332 5335 5336 5337 5338 5336 5338 5339 5340 5341 5342 5343 5342 5341 5344 5345 5346 5345 5344 5347 5348 5349 5350 5349 5348 5351 5352 5353 5354 5353 5352 5355 5356 5357 5358 5359 5360 5361 5360 5359 5362 5363 5364 5365 5365 5364 5366 5367 5368 5369 5370 5371 5372 5372 5371 5373 5374 5375 5376 5376 5375 5377 5378 5379 5380 5380 5381 5378 5382 5383 5384 5383 5385 5384 5386 5387 5388 5387 5386 5389 5390 5391 5392 5393 5394 5395 5396 5397 5398 5397 5396 5399 5400 5401 5402 5400 5402 5403 5404 5405 5406 5404 5406 5407 5408 5409 5410 5409 5408 5411 5412 5413 5414 5413 5412 5415 5416 5417 5418 5417 5416 5419 5420 5421 5422 5421 5420 5423 5424 5425 5426 5425 5424 5427 5428 5429 5430 5428 5430 5431 5432 5433 5434 5432 5434 5435 5436 5437 5438 5439 5437 5436 5440 5441 5442 5440 5442 5443 5444 5445 5446 5445 5444 5447 5448 5449 5450 5449 5448 5451 5452 5453 5454 5453 5452 5455 5456 5457 5458 5457 5456 5459 5460 5461 5462 5463 5464 5465 4658 4662 5466 5467 5468 5469 5470 5471 5472 5471 5470 5473 5471 5474 5472 5474 5471 5475 5470 5476 5473 5477 5474 5475 5473 5476 5478 5475 5479 5477 5479 5480 5477 5476 5481 5478 5477 5480 5482 5481 5476 5483 5484 5481 5483 5485 5482 5480 5481 5484 5486 5487 5482 5485 5488 5487 5485 5484 5489 5486 5487 5488 5490 5486 5489 5491 5489 5492 5491 5492 5489 5493 5493 5494 5492 5494 5493 5495 5496 5497 5498 5496 5498 5499 5500 5498 5497 5501 5496 5499 5498 5500 5502 5501 5499 5503 5504 5501 5503 5501 5504 5505 5506 5505 5504 5504 5507 5506 5508 5506 5507 5507 5509 5508 5510 5508 5509 5508 5510 5511 5512 5511 5510 5511 5512 5513 5514 5513 5512 5512 5515 5514 5516 5514 5515 5514 5516 5517 5518 5517 5516 5518 5516 5519 5520 5518 5519 5519 5521 5520 5522 5523 5524 5523 5522 5525 5523 5526 5524 5525 5527 5523 5528 5525 5522 5527 5525 5529 5525 5528 5530 5530 5529 5525 5527 5531 5523 5526 5523 5531 5531 5527 5532 5529 5530 5533 5534 5531 5532 5535 5526 5531 5531 5534 5535 5526 5535 5536 5535 5534 5537 5536 5535 5538 5535 5537 5538 5539 5537 5534 5538 5537 5540 5537 5541 5540 5537 5539 5541 5542 5540 5541 5540 5542 5543 5539 5544 5541 5543 5542 5545 5541 5546 5542 5546 5541 5544 5542 5546 5547 5542 5547 5545 5545 5547 5548 5549 5547 5546 5547 5549 5550 5547 5550 5548 5551 5548 5550 5549 5552 5550 5548 5551 5553 5554 5550 5552 5550 5554 5551 5555 5553 5551 5551 5556 5555 5556 5551 5554 5553 5555 5557 5555 5556 5558 5556 5559 5558 5557 5555 5560 5555 5558 5560 5561 5562 5563 5562 5561 5564 5565 5564 5561 5562 5566 5563 5564 5565 5567 5566 5562 5568 5569 5567 5565 5565 5570 5569 5571 5569 5570 5569 5571 5572 5573 5572 5571 5572 5573 5574 5573 5575 5574 5575 5573 5576 5576 5577 5575 5577 5576 5578 5579 5577 5578 5577 5579 5580 5579 5581 5580 5581 5579 5582 5583 5581 5582 5581 5583 5584 5585 5584 5583 5584 5585 5586 5587 5588 5589 5588 5587 5590 5591 5590 5587 5592 5589 5588 5590 5591 5593 5592 5588 5594 5595 5592 5594 5596 5593 5591 5592 5595 5597 5593 5596 5598 5599 5598 5596 5595 5600 5597 5598 5599 5601 5600 5595 5602 5602 5603 5600 5604 5601 5599 5603 5602 5605 5601 5604 5606 5604 5607 5606 5608 5603 5605 5607 5604 5609 5609 5608 5610 5610 5607 5609 5608 5605 5610 5611 5612 5613 5612 5611 5614 5615 5611 5613 5616 5612 5614 5611 5615 5617 5615 5618 5617 5612 5616 5619 5618 5615 5620 5620 5621 5618 5622 5619 5616 5621 5620 5623 5619 5622 5624 5622 5625 5624 5625 5622 5626 5626 5627 5625 5627 5626 5628 5629 5627 5628 5627 5629 5630 5631 5630 5629 5629 5632 5631 5633 5631 5632 5631 5633 5634 5635 5634 5633 5634 5635 5636 5637 5638 5639 5638 5637 5640 5641 5637 5639 5641 5642 5637 5641 5643 5642 5643 5641 5644 5643 5644 5645 5643 5645 5646 5645 5647 5646 5647 5645 5648 5649 5650 5651 5650 5649 5652 5649 5653 5652 5654 5653 5649 5655 5653 5654 5653 5655 5656 5655 5657 5656 5657 5655 5658 5659 5657 5658 5657 5659 5660 5661 5662 5663 5663 5664 5661 5663 5662 5665 5664 5663 5666 5667 5665 5662 5668 5665 5667 5667 5669 5668 5669 5667 5670 5670 5671 5669 5669 5671 5672 5671 5673 5672 5672 5673 5674 5673 5675 5674 5675 5673 5676 5676 5677 5675 5677 5676 5678 5678 5679 5677 5677 5679 5680 5679 5681 5680 5681 5679 5682 5683 5681 5682 5684 5681 5683 5683 5685 5684 5684 5685 5686 5687 5688 5689 5690 5688 5687 5687 5689 5691 5690 5692 5688 5689 5693 5691 5688 5694 5689 5690 5695 5692 5693 5689 5696 5694 5696 5689 5688 5697 5694 5692 5697 5688 5695 5690 5698 5699 5692 5695 5696 5694 5700 5692 5701 5697 5692 5699 5701 5698 5702 5695 5699 5695 5703 5695 5702 5703 5702 5704 5703 5699 5703 5705 5703 5706 5705 5703 5704 5706 5705 5706 5707 5704 5708 5706 5706 5709 5707 5709 5706 5708 5708 5704 5710 5709 5708 5711 5708 5712 5711 5710 5712 5708 5709 5711 5713 5712 5714 5711 5711 5715 5713 5711 5714 5715 5714 5716 5715 5716 5714 5717 5713 5715 5718 5717 5719 5716 5720 5715 5716 5715 5720 5718 5719 5717 5721 5716 5722 5720 5722 5716 5719 5721 5723 5719 5719 5723 5724 5719 5724 5722 5722 5724 5725 5726 5727 5728 5729 5727 5726 5726 5728 5730 5731 5727 5729 5728 5732 5730 5732 5728 5733 5734 5732 5733 5735 5732 5734 5734 5736 5735 5736 5734 5737 5737 5738 5736 5738 5737 5739 5739 5740 5738 5738 5740 5741 5741 5740 5742 5741 5742 5743 5742 5744 5743 5744 5742 5745 5745 5746 5744 5744 5746 5747 5746 5748 5747 5748 5746 5749 5749 5750 5748 5750 5749 5751 5752 5753 5754 5753 5752 5755 5754 5756 5752 5755 5757 5753 5756 5754 5758 5758 5759 5756 5753 5757 5760 5759 5758 5761 5761 5762 5759 5757 5763 5760 5762 5761 5764 5763 5757 5765 5764 5766 5762 5767 5763 5765 5766 5764 5768 5763 5767 5769 5770 5766 5768 5766 5770 5771 5767 5772 5769 5773 5771 5770 5771 5773 5774 5775 5774 5773 5772 5775 5769 5772 5774 5775 5776 5777 5778 5777 5776 5779 5776 5780 5779 5777 5781 5778 5780 5776 5782 5780 5782 5783 5778 5781 5784 5780 5783 5785 5781 5786 5784 5786 5781 5787 5783 5788 5785 5785 5788 5789 5788 5790 5789 5790 5788 5791 5791 5792 5790 5792 5791 5793 5793 5794 5792 5792 5794 5795 5794 5796 5795 5796 5794 5797 5796 5797 5798 5796 5798 5799 5798 5800 5799 5799 5800 5801 5802 5803 5804 5804 5805 5802 5804 5803 5806 5805 5804 5807 5803 5808 5806 5809 5805 5807 5806 5808 5810 5807 5811 5809 5808 5812 5810 5812 5808 5813 5811 5814 5809 5815 5812 5813 5809 5814 5816 5812 5815 5817 5818 5816 5814 5816 5818 5819 5815 5820 5817 5821 5819 5818 5822 5819 5821 5817 5820 5823 5820 5824 5823 5824 5820 5825 5825 5826 5824 5826 5825 5827 5828 5829 5830 5828 5830 5831 5832 5828 5831 5833 5830 5829 5832 5831 5834 5830 5833 5835 5836 5832 5834 5832 5836 5837 5838 5837 5836 5836 5839 5838 5840 5838 5839 5839 5841 5840 5842 5840 5841 5840 5842 5843 5844 5843 5842 5843 5844 5845 5846 5845 5844 5844 5847 5846 5848 5846 5847 5846 5848 5849 5850 5849 5848 5850 5848 5851 5852 5850 5851 5851 5853 5852 5854 5855 5856 5855 5854 5857 5856 5858 5854 5859 5855 5857 5858 5856 5860 5856 5855 5861 5855 5859 5862 5862 5861 5855 5863 5858 5860 5856 5861 5864 5864 5860 5856 5858 5863 5865 5860 5866 5863 5860 5864 5867 5866 5860 5867 5865 5863 5868 5863 5866 5869 5863 5869 5868 5870 5869 5866 5868 5869 5871 5869 5870 5872 5869 5872 5871 5870 5873 5872 5874 5871 5872 5875 5872 5873 5872 5875 5874 5871 5874 5876 5874 5875 5877 5878 5877 5875 5874 5877 5879 5876 5874 5879 5877 5878 5880 5877 5880 5881 5879 5877 5881 5882 5881 5880 5878 5883 5880 5881 5882 5884 5885 5880 5883 5880 5885 5882 5886 5884 5882 5887 5882 5885 5882 5887 5886 5884 5886 5888 5886 5887 5889 5887 5890 5889 5888 5886 5891 5886 5889 5891 5892 5893 5894 5893 5892 5895 5896 5895 5892 5897 5894 5893 5895 5896 5898 5896 5899 5898 5893 5900 5897 5899 5896 5901 5902 5897 5900 5903 5902 5900 5904 5902 5903 5902 5904 5905 5904 5906 5905 5906 5904 5907 5908 5906 5907 5906 5908 5909 5910 5909 5908 5909 5910 5911 5910 5912 5911 5912 5910 5913 5913 5914 5912 5914 5913 5915 5916 5914 5915 5914 5916 5917 5918 5919 5920 5918 5921 5919 5922 5918 5920 5923 5919 5921 5920 5924 5922 5924 5925 5922 5919 5923 5926 5925 5924 5927 5928 5926 5923 5926 5928 5929 5927 5930 5925 5931 5929 5928 5930 5927 5932 5928 5933 5931 5934 5930 5932 5934 5932 5935 5933 5936 5931 5937 5934 5935 5933 5938 5936 5935 5939 5937 5939 5940 5937 5940 5936 5938 5936 5940 5941 5940 5939 5941 5942 5943 5944 5943 5942 5945 5942 5946 5945 5947 5944 5943 5944 5947 5948 5946 5942 5949 5947 5950 5948 5950 5947 5951 5949 5952 5946 5952 5949 5953 5954 5952 5953 5952 5954 5955 5954 5956 5955 5956 5954 5957 5957 5958 5956 5958 5957 5959 5960 5958 5959 5958 5960 5961 5962 5961 5960 5960 5963 5962 5962 5963 5964 5963 5965 5964 5966 5964 5965 5964 5966 5967 5968 5969 5970 5968 5971 5969 5972 5971 5968 5972 5973 5971 5974 5973 5972 5973 5974 5975 5974 5976 5975 5976 5974 5977 5977 5978 5976 5978 5977 5979 5861 5862 5980 5981 5982 5983 5982 5981 5984 5985 5984 5981 5984 5985 5986 5985 5987 5986 5988 5987 5985 5988 5989 5987 5989 5988 5990 5989 5990 5991 5991 5990 5992 5993 5994 5995 5995 5996 5993 5995 5994 5997 5996 5995 5998 5999 5997 5994 6000 5997 5999 5999 6001 6000 6001 5999 6002 6002 6003 6001 6001 6003 6004 6003 6005 6004 6004 6005 6006 6005 6007 6006 6007 6005 6008 6008 6009 6007 6009 6008 6010 6010 6011 6009 6009 6011 6012 6011 6013 6012 6013 6011 6014 6015 6013 6014 6016 6013 6015 6015 6017 6016 6016 6017 6018 6019 6020 6021 6022 6020 6019 6019 6021 6023 6020 6024 6021 6022 6025 6020 6021 6026 6023 6020 6027 6024 6025 6027 6020 6026 6021 6028 6024 6028 6021 6025 6029 6027 6028 6024 6030 6025 6031 6029 6022 6032 6025 6031 6025 6032 6031 6032 6033 6031 6033 6034 6032 6035 6033 6036 6035 6032 6032 6022 6036 6033 6037 6034 6033 6038 6037 6035 6038 6033 6034 6037 6039 6038 6040 6037 6037 6041 6039 6041 6037 6040 6040 6038 6042 6041 6040 6043 6040 6044 6043 6042 6044 6040 6041 6043 6045 6044 6046 6043 6043 6047 6045 6043 6046 6047 6046 6048 6047 6045 6047 6049 6050 6047 6048 6047 6050 6049 6048 6046 6051 6048 6052 6050 6051 6053 6048 6052 6048 6053 6053 6051 6054 6053 6055 6052 6053 6056 6055 6054 6056 6053 6052 6055 6057 6058 6059 6060 6059 6058 6061 6060 6062 6058 6063 6059 6061 6064 6059 6063 6062 6060 6065 6066 6062 6065 6067 6062 6066 6068 6067 6066 6069 6067 6068 6068 6070 6069 6070 6068 6071 6071 6072 6070 6070 6072 6073 6072 6074 6073 6074 6072 6075 6075 6076 6074 6076 6075 6077 6077 6078 6076 6076 6078 6079 6079 6078 6080 6079 6080 6081 6080 6082 6081 6082 6080 6083 6084 6085 6086 6085 6084 6087 6086 6088 6084 6087 6089 6085 6085 6089 6090 6088 6086 6091 6092 6090 6089 6093 6088 6091 6088 6093 6094 6090 6092 6095 6096 6094 6093 6097 6095 6092 6098 6094 6096 6095 6097 6099 6096 6100 6098 6097 6101 6099 6100 6096 6102 6101 6103 6099 6104 6100 6102 6101 6105 6103 6100 6104 6106 6103 6105 6107 6107 6106 6104 6106 6107 6105 6108 6109 6110 6109 6108 6111 6108 6110 6112 6111 6113 6109 6109 6113 6114 6108 6112 6115 6113 6116 6114 6114 6116 6117 6112 6118 6115 6116 6119 6117 6119 6116 6120 6115 6118 6121 6118 6122 6121 6122 6118 6123 6122 6123 6124 6122 6124 6125 6124 6126 6125 6125 6126 6127 6126 6128 6127 6128 6126 6129 6129 6130 6128 6130 6129 6131 6131 6132 6130 6130 6132 6133 6134 6135 6136 6136 6137 6134 6136 6135 6138 6137 6136 6139 6140 6138 6135 6141 6137 6139 6138 6140 6142 6139 6143 6141 6143 6144 6141 6140 6145 6142 6141 6144 6146 6145 6140 6147 6148 6146 6144 6149 6145 6147 6145 6149 6150 6151 6146 6148 6149 6152 6150 6153 6151 6148 6151 6153 6154 6150 6152 6155 6152 6156 6155 6156 6152 6157 6157 6158 6156 6158 6157 6159 6160 6161 6162 6160 6162 6163 6164 6160 6163 6165 6162 6161 6164 6163 6166 6162 6165 6167 6168 6164 6166 6164 6168 6169 6170 6169 6168 6169 6170 6171 6172 6171 6170 6170 6173 6172 6174 6172 6173 6172 6174 6175 6174 6176 6175 6176 6174 6177 6178 6176 6177 6177 6179 6178 6180 6178 6179 6178 6180 6181 6182 6181 6180 6181 6182 6183 6184 6183 6182 6182 6185 6184 6186 6187 6188 6187 6186 6189 6190 6189 6186 6187 6191 6188 6189 6190 6192 6191 6187 6193 6189 6194 6187 6194 6193 6187 6194 6189 6195 6192 6195 6189 6196 6191 6193 6195 6192 6197 6193 6194 6198 6191 6196 6199 6193 6200 6196 6200 6193 6198 6201 6199 6196 6202 6196 6200 6196 6202 6201 6199 6201 6203 6201 6202 6204 6201 6204 6205 6203 6201 6205 6202 6206 6204 6207 6205 6204 6204 6208 6207 6208 6204 6206 6205 6207 6209 6207 6208 6210 6211 6210 6208 6209 6207 6212 6207 6210 6212 6210 6211 6213 6210 6213 6214 6212 6210 6214 6215 6214 6213 6211 6216 6213 6214 6215 6217 6218 6213 6216 6213 6218 6215 6219 6217 6215 6220 6215 6218 6215 6220 6219 6217 6219 6221 6219 6220 6222 6220 6223 6222 6221 6219 6224 6219 6222 6224 6225 6226 6227 6226 6225 6228 6229 6228 6225 6226 6230 6227 6228 6229 6231 6230 6226 6232 6233 6231 6229 6229 6234 6233 6235 6233 6234 6236 6235 6234 6237 6235 6236 6235 6237 6238 6237 6239 6238 6239 6237 6240 6241 6239 6240 6239 6241 6242 6243 6242 6241 6242 6243 6244 6243 6245 6244 6245 6243 6246 6246 6247 6245 6247 6246 6248 6249 6247 6248 6247 6249 6250 6251 6252 6253 6252 6251 6254 6255 6254 6251 6256 6253 6252 6254 6255 6257 6253 6256 6258 6259 6258 6256 6260 6257 6255 6258 6259 6261 6257 6260 6262 6263 6262 6260 6259 6264 6261 6262 6263 6265 6264 6259 6266 6266 6267 6264 6263 6268 6265 6267 6266 6269 6268 6263 6270 6271 6267 6269 6270 6272 6268 6267 6271 6273 6271 6272 6274 6274 6273 6271 6272 6270 6274 6275 6276 6277 6276 6275 6278 6279 6275 6277 6278 6280 6276 6280 6278 6281 6275 6279 6282 6279 6283 6282 6283 6279 6284 6285 6283 6284 6283 6285 6286 6287 6286 6285 6286 6287 6288 6287 6289 6288 6289 6287 6290 6291 6289 6290 6289 6291 6292 6293 6292 6291 6292 6293 6294 6295 6294 6293 6293 6296 6295 6297 6295 6296 6295 6297 6298 6299 6298 6297 6298 6299 6300 6301 6302 6303 6302 6301 6304 6304 6305 6302 6305 6304 6306 6307 6305 6306 6305 6307 6308 6307 6309 6308 6309 6307 6310 6310 6311 6309 6311 6310 6312 6313 6314 6315 6314 6313 6316 6317 6316 6313 6316 6317 6318 6317 6319 6318 6319 6317 6320 6321 6319 6320 6319 6321 6322 6323 6322 6321 6322 6323 6324 6325 6326 6327 6327 6328 6325 6327 6326 6329 6328 6327 6330 6331 6329 6326 6332 6329 6331 6331 6333 6332 6333 6331 6334 6334 6335 6333 6335 6334 6336 6336 6337 6335 6335 6337 6338 6337 6339 6338 6339 6337 6340 6340 6341 6339 6342 6339 6341 6341 6343 6342 6342 6343 6344 6343 6345 6344 6345 6343 6346 6346 6347 6345 6347 6346 6348 6348 6349 6347 6347 6349 6350 6351 6352 6353 6352 6351 6354 6353 6355 6351 6356 6353 6352 6357 6352 6354 6355 6353 6358 6357 6359 6352 6359 6356 6352 6357 6360 6359 6353 6356 6361 6361 6358 6353 6359 6362 6356 6360 6357 6363 6358 6361 6364 6365 6359 6360 6359 6365 6362 6363 6366 6360 6367 6360 6366 6360 6367 6365 6366 6363 6368 6366 6369 6367 6366 6370 6369 6368 6370 6366 6367 6369 6371 6370 6372 6369 6369 6373 6371 6373 6369 6372 6372 6370 6374 6373 6372 6375 6372 6376 6375 6374 6376 6372 6373 6375 6377 6376 6378 6375 6375 6378 6379 6375 6379 6377 6377 6379 6380 6378 6381 6379 6381 6378 6382 6383 6379 6381 6379 6383 6380 6382 6384 6381 6385 6381 6384 6381 6385 6383 6384 6382 6386 6384 6387 6385 6385 6387 6388 6384 6389 6387 6386 6389 6384 6390 6391 6392 6391 6390 6393 6392 6394 6390 6395 6391 6393 6394 6392 6396 6397 6391 6395 6398 6394 6396 6399 6394 6398 6398 6400 6399 6400 6398 6401 6401 6402 6400 6402 6401 6403 6403 6404 6402 6402 6404 6405 6404 6406 6405 6406 6404 6407 6407 6408 6406 6408 6407 6409 6409 6410 6408 6408 6410 6411 6410 6412 6411 6412 6410 6413 6413 6414 6412 6414 6413 6415 6416 6417 6418 6417 6416 6419 6418 6420 6416 6419 6421 6417 6420 6418 6422 6421 6419 6423 6422 6424 6420 6423 6425 6421 6424 6422 6426 6425 6423 6427 6426 6428 6424 6429 6425 6427 6428 6426 6430 6425 6429 6431 6429 6432 6431 6428 6430 6433 6432 6434 6431 6435 6428 6433 6432 6436 6434 6437 6435 6433 6435 6437 6438 6436 6438 6437 6438 6436 6439 6436 6432 6439 6440 6441 6442 6441 6440 6443 6444 6440 6442 6441 6443 6445 6446 6440 6444 6444 6447 6446 6441 6445 6448 6447 6444 6449 6449 6450 6447 6445 6451 6448 6450 6449 6452 6448 6451 6453 6454 6450 6452 6455 6450 6454 6456 6455 6454 6456 6457 6455 6456 6458 6457 6458 6456 6459 6459 6460 6458 6458 6460 6461 6460 6462 6461 6462 6460 6463 6463 6464 6462 6464 6463 6465 6466 6467 6468 6468 6469 6466 6468 6467 6470 6469 6468 6471 6472 6469 6471 6473 6470 6467 6471 6474 6472 6470 6473 6475 6473 6476 6475 6474 6477 6472 6476 6473 6478 6472 6477 6479 6480 6476 6478 6481 6479 6477 6476 6480 6482 6483 6479 6481 6484 6483 6481 6480 6485 6482 6483 6484 6486 6482 6485 6487 6485 6488 6487 6488 6485 6489 6489 6490 6488 6490 6489 6491 6492 6493 6494 6492 6494 6495 6496 6494 6493 6497 6492 6495 6494 6496 6498 6497 6495 6499 6500 6497 6499 6497 6500 6501 6502 6501 6500 6501 6502 6503 6504 6503 6502 6502 6505 6504 6506 6504 6505 6504 6506 6507 6506 6508 6507 6508 6506 6509 6510 6508 6509 6509 6511 6510 6512 6510 6511 6510 6512 6513 6514 6513 6512 6514 6512 6515 6516 6514 6515 6515 6517 6516 6518 6519 6520 6519 6518 6521 6519 6522 6520 6521 6523 6519 6524 6521 6518 6523 6521 6525 6526 6525 6521 6521 6524 6526 6523 6527 6519 6522 6519 6527 6527 6523 6528 6525 6526 6529 6530 6527 6528 6527 6530 6531 6531 6522 6527 6522 6531 6532 6531 6530 6533 6533 6532 6531 6532 6533 6534 6535 6533 6530 6534 6533 6536 6533 6535 6537 6533 6537 6536 6538 6536 6537 6536 6538 6539 6535 6540 6537 6539 6538 6541 6542 6537 6540 6537 6542 6538 6538 6543 6541 6538 6544 6543 6544 6538 6542 6541 6543 6545 6543 6546 6545 6543 6544 6546 6544 6547 6546 6548 6545 6546 6546 6549 6548 6549 6546 6547 6545 6548 6550 6548 6549 6551 6552 6551 6549 6548 6551 6553 6550 6548 6553 6551 6552 6554 6551 6554 6555 6553 6551 6555 6552 6556 6554 6557 6558 6559 6558 6557 6560 6559 6561 6557 6562 6558 6560 6561 6559 6563 6558 6562 6564 6565 6564 6562 6565 6566 6567 6566 6565 6568 6562 6568 6565 6569 6567 6566 6567 6569 6570 6569 6571 6570 6571 6569 6572 6573 6571 6572 6571 6573 6574 6575 6574 6573 6574 6575 6576 6575 6577 6576 6577 6575 6578 6579 6577 6578 6577 6579 6580 6581 6580 6579 6580 6581 6582 6583 6584 6585 6584 6583 6586 6583 6587 6586 6588 6585 6584 6585 6588 6589 6587 6583 6590 6591 6589 6588 6589 6591 6592 6593 6587 6590 6594 6592 6591 6587 6593 6595 6592 6594 6596 6597 6596 6594 6593 6598 6595 6596 6597 6599 6593 6600 6598 6600 6601 6598 6602 6599 6597 6601 6600 6603 6599 6602 6604 6605 6604 6602 6603 6605 6601 6605 6603 6606 6604 6605 6606 6607 6608 6609 6608 6607 6610 6611 6610 6607 6612 6609 6608 6607 6613 6611 6614 6611 6613 6609 6612 6615 6611 6614 6616 6617 6616 6614 6616 6617 6618 6617 6619 6618 6619 6617 6620 6621 6619 6620 6619 6621 6622 6621 6623 6622 6623 6621 6624 6624 6625 6623 6625 6624 6626 6627 6625 6626 6625 6627 6628 6627 6629 6628 6629 6627 6630 6630 6631 6629 6631 6630 6632 6633 6634 6635 6634 6633 6636 6635 6637 6633 6638 6634 6636 6637 6635 6639 6634 6638 6640 6638 6641 6640 6641 6638 6642 6642 6643 6641 6643 6642 6644 6645 6646 6647 6646 6645 6648 6649 6648 6645 6648 6649 6650 6649 6651 6650 6651 6649 6652 6653 6651 6652 6651 6653 6654 6655 6654 6653 6654 6655 6656 6657 6658 6659 6659 6660 6657 6659 6658 6661 6660 6659 6662 6663 6661 6658 6664 6661 6663 6663 6665 6664 6665 6663 6666 6666 6667 6665 6667 6666 6668 6668 6669 6667 6667 6669 6670 6669 6671 6670 6671 6669 6672 6672 6673 6671 6674 6671 6673 6673 6675 6674 6674 6675 6676 6675 6677 6676 6677 6675 6678 6679 6677 6678 6680 6677 6679 6679 6681 6680 6680 6681 6682 6683 6684 6685 6684 6683 6686 6685 6687 6683 6688 6684 6686 6687 6685 6689 6690 6685 6684 6691 6690 6684 6688 6691 6684 6685 6690 6692 6692 6689 6685 6691 6693 6690 6688 6694 6691 6689 6692 6695 6696 6691 6694 6691 6696 6693 6694 6688 6697 6696 6694 6698 6697 6698 6694 6696 6698 6699 6698 6697 6700 6698 6701 6699 6698 6702 6701 6700 6702 6698 6699 6701 6703 6702 6704 6701 6705 6701 6704 6701 6705 6703 6704 6702 6706 6704 6707 6705 6706 6708 6704 6707 6704 6709 6704 6708 6709 6709 6710 6707 6707 6710 6711 6709 6712 6710 6708 6712 6709 6710 6713 6711 6713 6710 6714 6712 6714 6710 6714 6712 6715 6713 6714 6716 6714 6717 6716 6715 6717 6714 6713 6716 6718 6717 6719 6716 6716 6720 6718 6716 6719 6720 6718 6720 6721 6722 6723 6724 6725 6723 6722 6726 6723 6725 6722 6724 6727 6724 6728 6727 6728 6724 6729 6730 6728 6729 6731 6728 6730 6730 6732 6731 6732 6730 6733 6733 6734 6732 6734 6733 6735 6735 6736 6734 6734 6736 6737 6736 6738 6737 6738 6736 6739 6739 6740 6738 6740 6739 6741 6741 6742 6740 6740 6742 6743 6742 6744 6743 6744 6742 6745 6745 6746 6744 6746 6745 6747 6748 6749 6750 6749 6748 6751 6752 6748 6750 6751 6753 6749 6748 6752 6754 6753 6751 6755 6755 6756 6753 6752 6757 6754 6756 6755 6758 6757 6752 6759 6758 6760 6756 6761 6757 6759 6762 6757 6761 6760 6758 6763 6762 6761 6764 6763 6765 6760 6766 6762 6764 6765 6763 6767 6768 6766 6764 6767 6769 6765 6766 6768 6770 6769 6767 6771 6771 6768 6769 6768 6771 6770 6772 6773 6774 6773 6772 6775 6772 6774 6776 6777 6773 6775 6778 6773 6777 6772 6776 6779 6780 6778 6777 6780 6781 6778 6776 6782 6779 6780 6783 6781 6783 6780 6784 6779 6782 6785 6784 6786 6783 6782 6787 6785 6787 6782 6788 6783 6786 6789 6787 6788 6790 6786 6791 6789 6787 6790 6792 6791 6786 6793 6790 6794 6792 6793 6795 6791 6795 6793 6796 6792 6794 6797 6798 6799 6800 6799 6798 6801 6802 6801 6798 6799 6803 6800 6801 6802 6804 6803 6799 6805 6806 6803 6805 6802 6807 6804 6805 6808 6806 6807 6802 6809 6809 6810 6807 6808 6811 6806 6807 6810 6812 6806 6811 6813 6814 6813 6811 6810 6815 6812 6816 6813 6814 6812 6815 6817 6818 6816 6814 6815 6819 6817 6819 6815 6820 6816 6818 6821 6820 6822 6819 6822 6820 6823 6824 6825 6826 6824 6826 6827 6828 6824 6827 6829 6826 6825 6828 6827 6830 6826 6829 6831 6832 6828 6830 6828 6832 6833 6834 6833 6832 6833 6834 6835 6836 6835 6834 6834 6837 6836 6838 6836 6837 6836 6838 6839 6838 6840 6839 6840 6838 6841 6842 6840 6841 6841 6843 6842 6844 6842 6843 6842 6844 6845 6846 6845 6844 6846 6844 6847 6848 6846 6847 6847 6849 6848 6850 6851 6852 6851 6850 6853 6854 6853 6850 6851 6855 6852 6853 6854 6856 6855 6851 6857 6853 6858 6851 6858 6857 6851 6858 6853 6859 6856 6859 6853 6860 6855 6857 6859 6856 6861 6857 6858 6862 6855 6860 6863 6857 6864 6860 6864 6857 6862 6865 6863 6860 6860 6866 6865 6866 6860 6864 6863 6865 6867 6865 6866 6868 6865 6868 6869 6867 6865 6869 6866 6870 6868 6871 6869 6868 6872 6868 6870 6868 6872 6871 6869 6871 6873 6871 6872 6874 6875 6874 6872 6871 6874 6876 6873 6871 6876 6874 6875 6877 6874 6877 6878 6876 6874 6878 6879 6878 6877 6875 6880 6877 6878 6879 6881 6882 6877 6880 6877 6882 6879 6883 6881 6879 6879 6882 6883 6884 6883 6882 6881 6883 6885 6883 6884 6886 6884 6887 6886 6885 6883 6888 6883 6886 6888 6889 6890 6891 6890 6889 6892 6893 6892 6889 6890 6894 6891 6892 6893 6895 6894 6890 6896 6897 6895 6893 6893 6898 6897 6899 6897 6898 6900 6899 6898 6901 6899 6900 6899 6901 6902 6901 6903 6902 6903 6901 6904 6905 6903 6904 6903 6905 6906 6907 6906 6905 6906 6907 6908 6907 6909 6908 6909 6907 6910 6910 6911 6909 6911 6910 6912 6913 6911 6912 6911 6913 6914 6915 6916 6917 6916 6915 6918 6919 6918 6915 6920 6917 6916 6918 6919 6921 6917 6920 6922 6923 6922 6920 6924 6921 6919 6922 6923 6925 6926 6925 6923 6919 6927 6924 6925 6926 6928 6927 6929 6924 6927 6930 6929 6926 6931 6928 6930 6932 6929 6931 6926 6933 6932 6930 6934 6935 6931 6933 6934 6936 6932 6931 6935 6937 6938 6937 6935 6936 6934 6938 6935 6936 6938 6939 6940 6941 6940 6939 6942 6943 6939 6941 6939 6943 6944 6945 6940 6942 6943 6946 6944 6940 6945 6947 6946 6943 6948 6948 6949 6946 6950 6947 6945 6949 6948 6951 6947 6950 6952 6953 6949 6951 6949 6953 6954 6955 6952 6950 6956 6954 6953 6954 6956 6957 6950 6958 6955 6956 6959 6957 6959 6956 6960 6955 6958 6961 6958 6962 6961 6963 6961 6962 6961 6963 6964 6965 6966 6967 6965 6968 6966 6965 6969 6968 6969 6965 6970 6971 6969 6970 6969 6971 6972 6971 6973 6972 6973 6971 6974 6973 6974 6975 6973 6975 6976 6977 6978 6979 6980 6978 6977 6979 6978 6981 6978 6980 6982 6980 6983 6982 6983 6980 6984 6985 6983 6984 6983 6985 6986 6986 6985 6987 6987 6985 6988 6989 6990 6991 6991 6992 6989 6991 6990 6993 6992 6991 6994 6995 6993 6990 6996 6993 6995 6995 6997 6996 6997 6995 6998 6998 6999 6997 6999 6998 7000 7000 7001 6999 6999 7001 7002 7001 7003 7002 7003 7001 7004 7004 7005 7003 7006 7003 7005 7005 7007 7006 7006 7007 7008 7007 7009 7008 7009 7007 7010 7011 7009 7010 7012 7009 7011 7011 7013 7012 7012 7013 7014 7015 7016 7017 7016 7015 7018 7017 7019 7015 7020 7017 7016 7019 7017 7021 7022 7020 7016 7023 7021 7017 7017 7020 7023 7024 7016 7018 7024 7022 7016 7022 7025 7020 7024 7026 7022 7027 7022 7026 7022 7027 7025 7026 7024 7028 7026 7029 7027 7028 7030 7026 7029 7026 7030 7030 7028 7031 7030 7032 7029 7031 7033 7030 7030 7033 7032 7029 7032 7034 7033 7035 7032 7035 7033 7036 7032 7037 7034 7037 7032 7035 7036 7038 7035 7035 7038 7039 7037 7035 7039 7037 7039 7040 7038 7041 7039 7039 7041 7042 7039 7042 7040 7040 7042 7043 7041 7044 7042 7045 7042 7044 7042 7045 7043 7044 7041 7046 7046 7047 7044 7045 7044 7047 7045 7047 7048 7047 7046 7049 7047 7050 7048 7047 7051 7050 7049 7051 7047 7048 7050 7052 7053 7054 7055 7056 7054 7053 7057 7056 7053 7054 7058 7055 7059 7056 7057 7058 7054 7060 7060 7061 7058 7061 7060 7062 7057 7063 7059 7063 7057 7064 7065 7061 7062 7066 7061 7065 7064 7067 7063 7063 7067 7068 7067 7069 7068 7069 7067 7070 7070 7071 7069 7071 7070 7072 7072 7073 7071 7071 7073 7074 7074 7073 7075 7074 7075 7076 7075 7077 7076 7077 7075 7078 7079 7080 7081 7080 7079 7082 7081 7083 7079 7083 7081 7084 7082 7085 7080 7085 7082 7086 7084 7087 7083 7087 7084 7088 7086 7089 7085 7089 7090 7085 7088 7091 7087 7089 7092 7090 7091 7088 7093 7092 7089 7094 7095 7091 7093 7096 7092 7094 7092 7096 7097 7091 7095 7098 7099 7097 7096 7097 7099 7100 7101 7098 7095 7102 7098 7101 7102 7101 7100 7099 7102 7100 7103 7104 7105 7106 7104 7103 7107 7106 7103 7107 7108 7106 7107 7109 7108 7109 7107 7110 7111 7109 7110 7112 7109 7111 7113 7112 7111 7113 7114 7112 7113 7115 7114 7115 7113 7116 7117 7115 7116 7118 7115 7117 7117 7119 7118 7119 7117 7120 7120 7121 7119 7121 7120 7122 7122 7123 7121 7121 7123 7124 7123 7125 7124 7124 7125 7126 7125 7127 7126 7127 7125 7128 7021 7023 7129 7130 7131 7132 7133 7134 7135 7136 7137 7138 7136 7138 7139 7140 7141 7142 7143 7144 7145 7143 7145 7146 7147 7148 7149 7150 7151 7152 7131 7130 7153 7134 7133 7154 7155 7156 7157 7156 7155 7158 7159 7160 7161 7160 7159 7162 7141 7140 7163 7164 7165 7166 7165 7164 7167 7168 7169 7170 7168 7170 7171 7148 7147 7172 7173 7174 7175 7173 7175 7176 7177 7150 7152</p>
        </triangles>
      </mesh>
    </geometry>
  </library_geometries>
  <library_controllers>
    <controller id="Controller">
      <skin source="#Geometry">
        <bind_shape_matrix>1 0 0 0 0 1 0 0 0 0 1 0 0 0 0 1</bind_shape_matrix>
        <source id="Controller-joints">
          <Name_array id="Controller-joints-array" count="31">Bone_000 Bone_001 Bone_002 Bone_011 Bone_003 Bone_004 Bone_005 Bone_006 Bone_013 Bone_007 Bone_008 Bone_009 Bone_010 Bone_012 Bone_014 Bone_015 Bone_016 Bone_019 Bone_017 Bone_018 Bone_020 Bone_021 Bone_022 Bone_023 Bone_024 Bone_025 Bone_027 Bone_026 Bone_028 Bone_029 menkmackspaceship_MenkMackSpaceShip_Armature</Name_array>
          <technique_common>
            <accessor source="#Controller-joints-array" count="31" stride="1">
              <param name="JOINT" type="Name"/>
            </accessor>
          </technique_common>
        </source>
        <source id="Controller-bind_poses">
          <float_array id="Controller-bind_poses-array" count="496">0.01 0 0 0 0 0 -0.01 0 0 0.01 0 0 0 0 0 1 -0.01 0 0 0 0 0.009995 0.000286 0 0 0.000286 -0.009995 0 0 0 0 1 0.01 0 0 0 0 -0.007331 -0.0068 -1.25025 0 0.0068 -0.007331 -1.76246 0 0 0 1 0.01 0 0 0 0 0.004412 -0.008973 -2.25196 0 0.008973 0.004412 1.37732 0 0 0 1 0.01 0 0 0 0 0.004412 -0.008973 -2.78538 0 0.008973 0.004412 1.37732 0 0 0 1 0.01 0 0 0 0 0.002929 -0.009561 -1.52845 0 0.009561 0.002929 0.000000 0 0 0 1 0.01 0 0 0 0 0.006988 -0.007153 -1.26045 0 0.007153 0.006988 0.000000 0 0 0 1 -0.01 0 0 0.000000 0 -0.006418 0.007668 -1.07439 0 0.007668 0.006418 -2.17214 0 0 0 1 -0.01 0 0 -0.000000 0 -0.006418 0.007668 -1.73772 0 0.007668 0.006418 -2.17213 0 0 0 1 -0.01 0 0 0 0 0.005985 0.008011 -1.87703 0 0.008011 -0.005985 0.000000 0 0 0 1 -0.01 0 0 0 0 0.00842 0.005394 -1.48576 0 0.005394 -0.00842 0.000000 0 0 0 1 0.01 0 0 -0.000001 0 0.009913 -0.001311 -0.55177 0 0.001311 0.009913 -0.215049 0 0 0 1 0.01 0 0 0 0 0.008592 -0.005115 -1.26413 0 0.005115 0.008592 -0.415279 0 0 0 1 -0.01 0 0 0 0 0.009645 0.00264 -1.34203 0 0.00264 -0.009645 -0.016006 0 0 0 1 -0.002443 0 0.009696 0.625891 0.008775 -0.004254 0.002211 -0.665909 0.004125 0.009049 0.001039 -1.11485 0 0 0 1 -0.009999 0 -0.000027 1.83323 -0.000027 0 0.009999 -0.237411 0 0.01 0 -0.725601 0 0 0 1 -0.001715 0 -0.009851 1.3799 0.005517 -0.008284 -0.00096 -0.304665 -0.008162 -0.0056 0.001421 1.74644 0 0 0 1 0.000018 0.001163 -0.009932 0.986819 0.005517 -0.008284 -0.00096 -1.22665 -0.00834 -0.005477 -0.000657 1.99509 0 0 0 1 0.00748 0 0.006636 -0.66744 0.006299 -0.003145 -0.0071 -1.49196 0.002087 0.009492 -0.002352 -1.01957 0 0 0 1 -0.005187 0 0.008549 0.914981 0.006451 -0.00656 0.003914 -1.03991 0.005609 0.007546 0.003403 -1.10214 0 0 0 1 0.01 0 0 0 0 0.008276 -0.005612 -1.61023 0 0.005612 0.008276 -0.439407 0 0 0 1 -0.004976 0 0.008674 -0.122174 0.00687 0.006104 0.003941 -2.00601 -0.005295 0.00792 -0.003037 -0.412794 0 0 0 1 0.004976 0 0.008674 -0.122174 -0.00687 0.006104 0.003941 -2.00601 -0.005295 -0.00792 0.003037 0.412796 0 0 0 1 0.002443 0 0.009696 0.625889 -0.008775 -0.004254 0.002211 -0.665908 0.004125 -0.009049 -0.001039 1.11485 0 0 0 1 0.01 0 0 1.83257 0 0 0.01 -0.242444 0 -0.01 0 0.725602 0 0 0 1 -0.001876 0 0.009822 -1.40667 -0.005483 -0.008296 -0.001047 -0.289421 0.008149 -0.005582 0.001557 1.73003 0 0 0 1 0.000003 -0.001255 0.00992 -0.981704 -0.005483 -0.008296 -0.001047 -1.20815 0.008362 -0.005439 -0.000691 2.00199 0 0 0 1 0.005187 0 0.008549 0.914978 -0.006451 -0.00656 0.003914 -1.03991 0.005609 -0.007546 -0.003403 1.10214 0 0 0 1 -0.00748 0 0.006636 -0.667439 -0.006299 -0.003145 -0.0071 -1.49196 0.002087 -0.009492 0.002352 1.01957 0 0 0 1 0.01 0 0 0 0 0 -0.01 0 0 0.01 0 0 0 0 0 1 0.01 0 0 0 0 0 -0.01 0 0 0.01 0 0 0 0 0 1</float_array>
          <technique_common>
            <accessor source="#Controller-bind_poses-array" count="31" stride="16">
              <param name="TRANSFORM" type="float4x4"/>
            </accessor>
          </technique_common>
        </source>
        <source id="Controller-weights">
          <float_array id="Controller-weights-array" count="169">1 0.5 0.5 0.491473 0.491473 0.008527 0.008527 0.491929 0.491929 0.008071 0.008071 0.5 0.5 0.496701 0.496701 0.003299 0.003299 0.5 0.5 0.5 0.5 0.491929 0.491929 0.008071 0.008071 0.491494 0.491494 0.008505 0.008505 0.5 0.5 0.5 0.5 0.491168 0.491168 0.008832 0.008832 0.496475 0.496475 0.003525 0.003525 0.5 0.5 0.492103 0.492103 0.007897 0.007897 0.491582 0.491582 0.008417 0.008417 0.496732 0.496732 0.003267 0.003267 0.5 0.5 0.496732 0.496732 0.003267 0.003267 0.496507 0.496507 0.003492 0.003492 0.5 0.5 0.496507 0.496507 0.003492 0.003492 0.491278 0.491278 0.008722 0.008722 0.496701 0.496701 0.003299 0.003299 0.496475 0.496475 0.003525 0.003525 0.491473 0.491473 0.008527 0.008527 0.496475 0.496475 0.003525 0.003525 0.491168 0.491168 0.008832 0.008832 0.496701 0.496701 0.003299 0.003299 0.491494 0.491494 0.008505 0.008505 0.491473 0.491473 0.008527 0.008527 0.491168 0.491168 0.008832 0.008832 0.491929 0.491929 0.008071 0.008071 0.491494 0.491494 0.008505 0.008505 0.491582 0.491582 0.008417 0.008417 0.491671 0.491671 0.008329 0.008329 0.491278 0.491278 0.008722 0.008722 0.492103 0.492103 0.007897 0.007897 0.491278 0.491278 0.008722 0.008722 0.496507 0.496507 0.003492 0.003492 0.496732 0.496732 0.003267 0.003267 0.491582 0.491582 0.008417 0.008417 0.5 0.5 0.492103 0.492103 0.007897 0.007897 0.5 0.5 0.5 0.5 0.491671 0.491671 0.008329 0.008329 0.491671 0.491671 0.008329 0.008329</float_array>
          <technique_common>
            <accessor source="#Controller-weights-array" count="169" stride="1">
              <param name="WEIGHT" type="float"/>
            </accessor>
          </technique_common>
        </source>
        <joints>
          <input semantic="JOINT" source="#Controller-joints"/>
          <input semantic="INV_BIND_MATRIX" source="#Controller-bind_poses"/>
        </joints>
        <vertex_weights count="7178">
          <input semantic="JOINT" source="#Controller-joints" offset="0"/>
          <input semantic="WEIGHT" source="#Controller-weights" offset="1"/>
          <vcount>1 1 1 1 1 1 1 1 1 1 1 1 1 1 1 1 1 1 1 1 1 1 1 1 1 1 1 1 1 1 1 1 1 1 1 1 1 1 1 1 1 1 1 1 1 1 1 1 1 1 1 1 1 1 1 1 1 1 1 1 1 1 1 1 1 1 1 1 1 1 1 1 1 1 1 1 1 1 1 1 1 1 1 1 1 1 1 1 1 1 1 1 1 1 1 1 1 1 1 1 1 1 1 1 1 1 1 1 1 1 1 1 1 1 1 1 1 1 1 1 1 1 1 1 1 1 1 1 1 1 1 1 1 1 1 1 1 1 1 1 1 1 1 1 1 1 1 1 1 1 1 1 1 1 1 1 1 1 1 1 1 1 1 1 1 1 1 1 1 1 1 1 1 1 1 1 1 1 1 1 1 1 1 1 1 1 1 1 1 1 1 1 1 1 1 1 1 1 1 1 1 1 1 1 1 1 1 1 1 1 1 1 1 1 1 1 1 1 1 1 1 1 1 1 1 1 1 1 1 1 1 1 1 1 1 1 1 1 1 1 1 1 1 1 1 1 1 1 1 1 1 1 1 1 1 1 1 1 1 1 1 1 1 1 1 1 1 1 1 1 1 1 1 1 1 1 1 1 1 1 1 1 1 1 1 1 1 1 1 1 1 1 1 1 1 1 1 1 1 1 1 1 1 1 1 1 1 1 1 1 1 1 1 1 1 1 1 1 1 1 1 1 1 1 1 1 1 1 1 1 1 1 1 1 1 1 1 1 1 1 1 1 1 1 1 1 1 1 1 1 1 1 1 1 1 1 1 1 1 1 1 1 1 1 1 1 1 1 1 1 1 1 1 1 1 1 1 1 1 1 1 1 1 1 1 1 1 1 1 1 1 1 1 1 1 1 1 1 1 1 1 1 1 1 1 1 1 1 1 1 1 1 1 1 1 1 1 1 1 1 1 1 1 1 1 1 1 1 1 1 1 1 1 1 1 1 1 1 1 1 1 1 1 1 1 1 1 1 1 1 1 1 1 1 1 1 1 1 1 1 1 1 1 1 1 1 1 1 1 1 1 1 1 1 1 1 1 1 1 1 1 1 1 1 1 1 1 1 1 1 1 1 1 1 1 1 1 1 1 1 1 1 1 1 1 1 1 1 1 1 1 1 1 1 1 1 1 1 1 1 1 1 1 1 1 1 1 1 1 1 1 1 1 1 1 1 1 1 1 1 1 1 1 1 1 1 1 1 1 1 1 1 1 1 1 1 1 1 1 1 1 1 1 1 1 1 1 1 1 1 1 1 1 1 1 1 1 1 1 1 1 1 1 1 1 1 1 1 1 1 1 1 1 1 1 1 1 1 1 1 1 1 1 1 1 1 1 1 1 1 1 1 1 1 1 1 1 1 1 1 1 1 1 1 1 1 1 1 1 1 1 1 1 1 1 1 1 1 1 1 1 1 1 1 1 1 1 1 1 1 1 1 1 1 1 1 1 1 1 1 1 1 1 1 1 1 1 1 1 1 1 1 1 1 1 1 1 1 1 1 1 1 1 1 1 1 1 1 1 1 1 1 1 1 1 1 1 1 1 1 1 1 1 1 1 1 1 1 1 1 1 1 1 1 1 1 1 1 1 1 1 1 1 1 1 1 1 1 1 1 1 1 1 1 1 1 1 1 1 1 1 1 1 1 1 1 1 1 1 1 1 1 1 1 1 1 1 1 1 1 1 1 1 1 1 1 1 1 1 1 1 1 1 1 1 1 1 1 1 1 1 1 1 1 1 1 1 1 1 1 1 1 1 1 1 1 1 1 1 1 1 1 1 1 1 1 1 1 1 1 1 1 1 1 1 1 1 1 1 1 1 1 1 1 1 1 1 1 1 1 1 1 1 1 1 1 1 1 1 1 1 1 1 1 1 1 1 1 1 1 1 1 1 1 1 1 1 1 1 1 1 1 1 1 1 1 1 1 1 1 1 1 1 1 1 1 1 1 1 1 1 1 1 1 1 1 1 1 1 1 1 1 1 1 1 1 1 1 1 1 1 1 1 1 1 1 1 1 1 1 1 1 1 1 1 1 1 1 1 1 1 1 1 1 1 1 1 1 1 1 1 1 1 1 1 1 1 1 1 1 1 1 1 1 1 1 1 1 1 1 1 1 1 1 1 1 1 1 1 1 1 1 1 1 1 1 1 1 1 1 1 1 1 1 1 1 1 1 1 1 1 1 1 1 1 1 1 1 1 1 1 1 1 1 1 1 1 1 1 1 1 1 1 1 1 1 1 1 1 1 1 1 1 1 1 1 1 1 1 1 1 1 1 1 1 1 1 1 1 1 1 1 1 1 1 1 1 1 1 1 1 1 1 1 1 1 1 1 1 1 1 1 1 1 1 1 1 1 1 1 1 1 1 1 1 1 1 1 1 1 1 1 1 1 1 1 1 1 1 1 1 1 1 1 1 1 1 1 1 1 1 1 1 1 1 1 1 1 1 1 1 1 1 1 1 1 1 1 1 1 1 1 1 1 1 1 1 1 1 1 1 1 1 1 1 1 1 1 1 1 1 1 1 1 1 1 1 1 1 1 1 1 1 1 1 1 1 1 1 1 1 1 1 1 1 1 1 1 1 1 1 1 1 1 1 1 1 1 1 1 1 1 1 1 1 1 1 1 1 1 1 1 1 1 1 1 1 1 1 1 1 1 1 1 1 1 1 1 1 1 1 1 1 1 1 1 1 1 1 1 1 1 1 1 1 1 1 1 1 1 1 1 1 1 1 1 1 1 1 1 1 1 1 1 1 1 1 1 1 1 1 1 1 1 1 1 1 1 1 1 1 1 1 1 1 1 1 1 1 1 1 1 1 1 1 1 1 1 1 1 1 1 1 1 1 1 1 1 1 1 1 1 1 1 1 1 1 1 1 1 1 1 1 1 1 1 1 1 1 1 1 1 1 1 1 1 1 1 1 1 1 1 1 1 1 1 1 1 1 1 1 1 1 1 1 1 1 1 1 1 1 1 1 1 1 1 1 1 1 1 1 1 1 1 1 1 1 1 1 1 1 1 1 1 1 1 1 1 1 1 1 1 1 1 1 1 1 1 1 1 1 1 1 1 1 1 1 1 1 1 1 1 1 1 1 1 1 1 1 1 1 1 1 1 1 1 1 1 1 1 1 1 1 1 1 1 1 1 1 1 1 1 1 1 1 1 1 1 1 1 1 1 1 1 1 1 1 1 1 1 1 1 1 1 1 1 1 1 1 1 1 1 1 1 1 1 1 1 1 1 1 1 1 1 1 1 1 1 1 1 1 1 1 1 1 1 1 1 1 1 1 1 1 1 1 1 1 1 1 1 1 1 1 1 1 1 1 1 1 1 1 1 1 1 1 1 1 1 1 1 1 1 1 1 1 1 1 1 1 1 1 1 1 1 1 1 1 1 1 1 1 1 1 1 1 1 1 1 1 1 1 1 1 1 1 1 1 1 1 1 1 1 1 1 1 1 1 1 1 1 1 1 1 1 1 1 1 1 1 1 1 1 1 1 1 1 1 1 1 1 1 1 1 1 1 1 1 1 1 1 1 1 1 1 1 1 1 1 1 1 1 1 1 1 1 1 1 1 1 1 1 1 1 1 1 1 1 1 1 1 1 1 1 1 1 1 1 1 1 1 1 1 1 1 1 1 1 1 1 1 1 1 1 1 1 1 1 1 1 1 1 1 1 1 1 1 1 1 1 1 1 1 1 1 1 1 1 1 1 1 1 1 1 1 1 1 1 1 1 1 1 1 1 1 1 1 1 1 1 1 1 1 1 1 1 1 1 1 1 1 1 1 1 1 1 1 1 1 1 1 1 1 1 1 1 1 1 1 1 1 1 1 1 1 1 1 1 1 1 1 1 1 1 1 1 1 1 1 1 1 1 1 1 1 1 1 1 1 1 1 1 1 1 1 1 1 1 1 1 1 1 1 1 1 1 1 1 1 1 1 1 1 1 1 1 1 1 1 1 1 1 1 1 1 1 1 1 1 1 1 1 1 1 1 1 1 1 1 1 1 1 1 1 1 1 1 1 1 1 1 1 1 1 1 1 1 1 1 1 1 1 1 1 1 1 1 1 1 1 1 1 1 1 1 1 1 1 1 1 1 1 1 1 1 1 1 1 1 1 1 1 1 1 1 1 1 1 1 1 1 1 1 1 1 1 1 1 1 1 1 1 1 1 1 1 1 1 1 1 1 1 1 1 1 1 1 1 1 1 1 1 1 1 1 1 1 1 1 1 1 1 1 1 1 1 1 1 1 1 1 1 1 1 1 1 1 1 1 1 1 1 1 1 1 1 1 1 1 1 1 1 1 1 1 1 1 1 1 1 1 1 1 1 1 1 1 1 1 1 1 1 1 1 1 1 1 1 1 1 1 1 1 1 1 1 1 1 1 1 1 1 1 1 1 1 1 1 1 1 1 1 1 1 1 1 1 1 1 1 1 1 1 1 1 1 1 1 1 1 1 1 1 1 1 1 1 1 1 1 1 1 1 1 1 1 1 1 1 1 1 1 1 1 1 1 1 1 1 1 1 1 1 1 1 1 1 1 1 1 1 1 1 1 1 1 1 1 1 1 1 1 1 1 1 1 1 1 1 1 1 1 1 1 1 1 1 1 1 1 1 1 1 1 1 1 1 1 1 1 1 1 1 1 1 1 1 1 1 1 1 1 1 1 1 1 1 1 1 1 1 1 1 1 1 1 1 1 1 1 1 1 1 1 1 1 1 1 1 1 1 1 1 1 1 1 1 1 1 1 1 1 1 1 1 1 1 1 1 1 1 1 1 1 1 1 1 1 1 1 1 1 1 1 1 1 1 1 1 1 1 1 1 1 1 1 1 1 1 1 1 1 1 1 1 1 1 1 1 1 1 1 1 1 1 1 1 1 1 1 1 1 1 1 1 1 1 1 1 1 1 1 1 1 1 1 1 1 1 1 1 1 1 1 1 1 1 1 1 1 1 1 1 1 1 1 1 1 1 1 1 1 1 1 1 1 1 1 1 1 1 1 1 1 1 1 1 1 1 1 1 1 1 1 1 1 1 1 1 1 1 1 1 1 1 1 1 1 1 1 1 1 1 1 1 1 1 1 1 1 1 1 1 1 1 1 1 1 1 1 1 1 1 1 1 1 1 1 1 1 1 1 1 1 1 1 1 1 1 1 1 1 1 1 1 1 1 1 1 1 1 1 1 1 1 1 1 1 1 1 1 1 1 1 1 1 1 1 1 1 1 1 1 1 1 1 1 1 1 1 1 1 1 1 1 1 1 1 1 1 1 1 1 1 1 1 1 1 1 1 1 1 1 1 1 1 1 1 1 1 1 1 1 1 1 1 1 1 1 1 1 1 1 1 1 1 1 1 1 1 1 1 1 1 1 1 1 1 1 1 1 1 1 1 1 1 1 1 1 1 1 1 1 1 1 1 1 1 1 1 1 1 1 1 1 1 1 1 1 1 1 1 1 1 1 1 1 1 1 1 1 1 1 1 1 1 1 1 1 1 1 1 1 1 1 1 1 1 1 1 1 1 1 1 1 1 1 1 1 1 1 1 1 1 1 1 1 1 1 1 1 1 1 1 1 1 1 1 1 1 1 1 1 1 1 1 1 1 1 1 1 1 1 1 1 1 1 1 1 1 1 1 1 1 1 1 1 1 1 1 1 1 1 1 1 1 1 1 1 1 1 1 1 1 1 1 1 1 1 1 1 1 1 1 1 1 1 1 1 1 1 1 1 1 1 1 1 1 1 1 1 1 1 1 1 1 1 1 1 1 1 1 1 1 1 1 1 1 1 1 1 1 1 1 1 1 1 1 1 1 1 1 1 1 1 1 1 1 1 1 1 1 1 1 1 1 1 1 1 1 1 1 1 1 1 1 1 1 1 1 1 1 1 1 1 1 1 1 1 1 1 1 1 1 1 1 1 1 1 1 1 1 1 1 1 1 1 1 1 1 1 1 1 1 1 1 1 1 1 1 1 1 1 1 1 1 1 1 1 1 1 1 1 1 1 1 1 1 1 1 1 1 1 1 1 1 1 1 1 1 1 1 1 1 1 1 1 1 1 1 1 1 1 1 1 1 1 1 1 1 1 1 1 1 1 1 1 1 1 1 1 1 1 1 1 1 1 1 1 1 1 1 1 1 1 1 1 1 1 1 1 1 1 1 1 1 1 1 1 1 1 1 1 1 1 1 1 1 1 1 1 1 1 1 1 1 1 1 1 1 1 1 1 1 1 1 1 1 1 1 1 1 1 1 1 1 1 1 1 1 1 1 1 1 1 1 1 1 1 1 1 1 1 1 1 1 1 1 1 1 1 1 1 1 1 1 1 1 1 1 1 1 1 1 1 1 1 1 1 1 1 1 1 1 1 1 1 1 1 1 1 1 1 1 1 1 1 1 1 1 1 1 1 1 1 1 1 1 1 1 1 1 1 1 1 1 1 1 1 1 1 1 1 1 1 1 1 1 1 1 1 1 1 1 1 1 1 1 1 1 1 1 1 1 1 1 1 1 1 1 1 1 1 1 1 1 1 1 1 1 1 1 1 1 1 1 1 1 1 1 1 1 1 1 1 1 1 1 1 1 1 1 1 1 1 1 1 1 1 1 1 1 1 1 1 1 1 1 1 1 1 1 1 1 1 1 1 1 1 1 1 1 1 1 1 1 1 1 1 1 1 1 1 1 1 1 1 1 1 1 1 1 1 1 1 1 1 1 1 1 1 1 1 1 1 1 1 1 1 1 1 1 1 1 1 1 1 1 1 1 1 1 1 1 1 1 1 1 1 1 1 1 1 1 1 1 1 1 1 1 1 1 1 1 1 1 1 1 1 1 1 1 1 1 1 1 1 1 1 1 1 1 1 1 1 1 1 1 1 1 1 1 1 1 1 1 1 1 1 1 1 1 1 1 1 1 1 1 1 1 1 1 1 1 1 1 1 1 1 1 1 1 1 1 1 1 1 1 1 1 1 1 1 1 1 1 1 1 1 1 1 1 1 1 1 1 1 1 1 1 1 1 1 1 1 1 1 1 1 1 1 1 1 1 1 1 1 1 1 1 1 1 1 1 1 1 1 1 1 1 1 1 1 1 1 1 1 1 1 1 1 1 1 1 1 1 1 1 1 1 1 1 1 1 1 1 1 1 1 1 1 1 1 1 1 1 1 1 1 1 1 1 1 1 1 1 1 1 1 1 1 1 1 1 1 1 1 1 1 1 1 1 1 1 1 1 1 1 1 1 1 1 1 1 1 1 1 1 1 1 1 1 1 1 1 1 1 1 1 1 1 1 1 1 1 1 1 1 1 1 1 1 1 1 1 1 1 1 1 1 1 1 1 1 1 1 1 1 1 1 1 1 1 1 1 1 1 1 1 1 1 1 1 1 1 1 1 1 1 1 1 1 1 1 1 1 1 1 1 1 1 1 1 1 1 1 1 1 1 1 1 1 1 1 1 1 1 1 1 1 1 1 1 1 1 1 1 1 1 1 1 1 1 1 1 1 1 1 1 1 1 1 1 1 1 1 1 1 1 1 1 1 1 1 1 1 1 1 1 1 1 1 1 1 1 1 1 1 1 1 1 1 1 1 1 1 1 1 1 1 1 1 1 1 1 1 1 1 1 1 1 1 1 1 1 1 1 1 1 1 1 1 1 1 1 1 1 1 1 1 1 1 1 1 1 1 1 1 1 1 1 1 1 1 1 1 1 1 1 1 1 1 1 1 1 1 1 1 1 1 1 1 1 1 1 1 1 1 1 1 1 1 1 1 1 1 1 1 1 1 1 1 1 1 1 1 1 1 1 1 1 1 1 1 1 1 1 1 1 1 1 1 1 1 1 1 1 1 1 1 1 1 1 1 1 1 1 1 1 1 1 1 1 1 1 1 1 1 1 1 1 1 1 1 1 1 1 1 1 1 1 1 1 1 1 1 1 1 1 1 1 1 1 1 1 1 1 1 1 1 1 1 1 1 1 1 1 1 1 1 1 1 1 1 1 1 1 1 1 1 1 1 1 1 1 1 1 1 1 1 1 1 1 1 1 1 1 1 1 1 1 1 1 1 1 1 1 1 1 1 1 1 1 1 1 1 1 1 1 1 1 1 1 1 1 1 1 1 1 1 1 1 1 1 1 1 1 1 1 1 1 1 1 1 1 1 1 1 1 1 1 1 1 1 1 1 1 1 1 1 1 1 1 1 1 1 1 1 1 1 1 1 1 1 1 1 1 1 1 1 1 1 1 1 1 1 1 1 1 1 1 1 1 1 1 1 1 1 1 1 1 1 1 1 1 1 1 1 1 1 1 1 1 1 1 1 1 1 1 1 1 1 1 1 1 1 1 1 1 1 1 1 1 1 1 1 1 1 1 1 1 1 1 1 1 1 1 1 1 1 1 1 1 1 1 1 1 1 1 1 1 1 1 1 1 1 1 1 1 1 1 1 1 1 1 1 1 1 1 1 1 1 1 1 1 1 1 1 1 1 1 1 1 1 1 1 1 1 1 1 1 1 1 1 1 1 1 1 1 1 1 1 1 1 1 1 1 1 1 1 1 1 1 1 1 1 1 1 1 1 1 1 1 1 1 1 1 1 1 1 1 1 1 1 1 1 1 1 1 1 1 1 1 1 1 1 1 1 1 1 1 1 1 1 1 1 1 1 1 1 1 1 1 1 1 1 1 1 1 1 1 1 1 1 1 1 1 1 1 1 1 1 1 1 1 1 1 1 1 1 1 1 1 1 1 1 1 1 1 1 1 1 1 1 1 1 1 1 1 1 1 1 1 1 1 1 1 1 1 1 1 1 1 1 1 1 1 1 1 1 1 1 1 1 1 1 1 1 1 1 1 1 1 1 1 1 1 1 1 1 1 1 1 1 1 1 1 1 1 1 1 1 1 1 1 1 1 1 1 1 1 1 1 1 1 1 1 1 1 1 1 1 1 1 1 1 1 1 1 1 1 1 1 1 1 1 1 1 1 1 1 1 1 1 1 1 1 1 1 1 1 1 1 1 1 1 1 1 1 1 1 1 1 1 1 1 1 1 1 1 1 1 1 1 1 1 1 1 1 1 1 1 1 1 1 1 1 1 1 1 1 1 1 1 1 1 1 1 1 1 1 1 1 1 1 1 1 1 1 1 1 1 1 1 1 1 1 1 1 1 1 1 1 1 1 1 1 1 1 1 1 1 1 1 1 1 1 1 1 1 1 1 1 1 1 1 1 1 1 1 1 1 1 1 1 1 1 1 1 1 1 1 1 1 1 1 1 1 1 1 1 1 1 1 1 1 1 1 1 1 1 1 1 1 1 1 1 1 1 1 1 1 1 1 1 1 1 1 1 1 1 1 1 1 1 1 1 1 1 1 1 1 1 1 1 1 1 1 1 1 1 1 1 1 1 1 1 1 1 1 1 1 1 1 1 1 1 1 1 1 1 1 1 1 1 1 1 1 1 1 1 1 1 1 1 1 1 1 1 1 1 1 1 1 1 1 1 1 1 1 1 1 1 1 1 1 1 1 1 1 1 1 1 1 1 1 1 1 1 1 1 1 1 1 1 1 1 1 1 1 1 1 1 1 1 1 1 1 1 1 1 1 1 1 1 1 1 1 1 1 1 1 1 1 1 1 1 1 1 1 1 1 1 1 1 1 1 1 1 1 1 1 1 1 1 1 1 1 1 1 1 1 1 1 1 1 1 1 1 1 1 1 1 1 1 1 1 1 1 1 1 1 1 1 1 1 1 1 1 1 1 1 1 1 1 1 1 1 1 1 1 1 1 1 1 1 1 1 1 1 1 1 1 1 1 1 1 1 1 1 1 1 1 1 1 1 1 1 1 1 1 1 1 1 1 1 1 1 1 1 1 1 1 1 1 1 1 1 1 1 1 1 1 1 1 1 1 1 1 1 1 1 1 1 1 1 1 1 1 1 1 1 1 1 1 1 1 1 1 1 1 1 1 1 1 1 1 1 1 1 1 1 1 1 1 1 1 1 1 1 1 1 1 1 1 1 1 1 1 1 1 1 1 1 1 1 1 1 1 1 1 1 1 1 1 1 1 1 1 1 1 1 1 1 1 1 1 1 1 1 1 1 1 1 1 1 1 1 1 1 1 1 1 1 1 1 1 1 1 1 1 1 1 1 1 1 1 1 1 1 1 1 1 1 1 1 1 1 1 1 1 1 1 1 1 1 1 1 1 1 1 1 1 1 1 1 1 1 1 1 1 1 1 1 1 1 1 1 1 1 1 1 1 1 1 1 1 1 1 1 1 1 1 1 1 1 1 1 1 1 1 1 1 1 1 1 1 1 1 1 1 1 1 1 1 1 1 1 1 1 1 1 1 1 1 1 1 1 1 1 1 1 1 1 1 1 1 1 1 1 1 1 1 1 1 1 1 1 1 1 1 1 1 1 1 1 1 1 1 1 1 1 1 1 1 1 1 1 1 1 1 1 1 1 1 1 1 1 1 1 1 1 1 1 1 1 1 1 1 1 1 1 1 1 1 1 1 1 1 1 1 1 1 1 1 1 1 1 1 1 1 1 1 1 1 1 1 1 1 1 1 1 1 1 1 1 1 1 1 1 1 1 1 1 1 1 1 1 1 1 1 1 1 1 1 1 1 1 1 1 1 1 1 1 1 1 1 1 1 1 1 1 1 1 1 1 1 1 1 1 1 1 1 1 1 1 1 1 1 1 1 1 1 1 1 1 1 1 1 1 1 1 1 1 1 1 1 1 1 1 1 1 1 1 1 1 1 1 1 1 1 1 1 1 1 1 1 1 1 1 1 1 1 1 1 1 1 1 1 1 1 1 1 1 1 1 1 1 1 1 1 1 1 1 1 1 1 1 1 1 1 1 1 1 1 1 1 1 1 1 1 1 1 1 1 1 1 1 1 1 1 1 1 1 1 1 1 1 1 1 1 1 1 1 1 1 1 1 1 1 1 1 1 1 1 1 1 1 1 1 1 1 1 1 1 1 1 1 1 1 1 1 1 1 1 1 1 1 1 1 1 1 1 1 1 1 1 1 1 1 1 1 1 1 1 1 1 1 1 1 1 1 1 1 1 1 1 1 1 1 1 1 1 1 1 1 1 1 1 1 1 1 1 1 1 1 1 1 1 1 1 1 1 1 1 1 1 1 1 1 1 1 1 1 1 1 1 1 1 1 1 1 1 1 1 1 1 1 1 1 1 1 1 1 1 1 1 1 1 1 1 1 1 1 1 1 1 1 1 1 1 1 1 1 1 1 1 1 1 1 1 1 1 1 1 1 1 1 1 1 1 1 1 1 1 1 1 1 1 1 1 1 1 1 1 1 1 1 1 1 1 1 1 1 1 1 1 1 1 1 1 1 1 1 1 1 1 1 1 1 1 1 1 1 1 1 1 1 1 1 1 1 1 1 1 1 1 1 1 1 1 1 1 1 1 1 1 1 1 1 1 1 1 1 1 1 1 1 1 1 1 1 1 1 1 1 1 1 1 1 1 1 1 1 1 1 1 1 1 1 1 1 1 1 1 1 1 1 1 1 1 1 1 1 1 1 1 1 1 1 1 1 1 1 1 1 1 1 1 1 1 1 1 1 1 1 1 1 1 1 1 1 1 1 1 1 1 1 1 1 1 1 1 1 1 1 1 1 1 1 1 1 1 1 1 1 1 1 1 1 1 1 1 1 1 1 1 1 1 1 1 1 1 1 1 1 1 1 1 1 1 1 1 1 1 1 1 1 1 1 1 1 1 1 1 1 1 1 1 1 1 1 1 1 1 1 1 1 1 1 1 1 1 1 1 1 1 1 1 1 1 1 1 1 1 1 1 1 1 1 1 1 1 1 1 1 1 1 1 1 1 1 1 1 1 1 1 1 1 1 1 1 1 1 1 1 1 1 1 1 1 1 1 1 1 1 1 1 1 1 1 1 1 1 1 1 1 1 1 1 1 1 1 1 1 1 1 1 1 1 1 1 1 1 1 1 1 1 1 1 1 1 1 1 1 1 1 1 1 1 1 1 1 1 1 1 1 1 1 1 1 1 1 1 1 1 1 1 1 1 1 1 1 1 1 1 1 1 1 1 1 1 1 1 1 1 1 1 1 1 1 1 1 1 1 1 1 1 1 1 1 1 1 1 1 1 1 1 1 1 1 1 1 1 1 1 1 1 1 1 1 1 1 1 1 1 1 1 1 1 1 1 1 1 1 1 1 1 1 1 1 1 1 1 1 1 1 1 1 1 1 1 1 1 1 1 1 1 1 1 1 1 1 1 1 1 1 1 1 1 1 1 1 1 1 1 1 1 1 1 1 1 1 1 1 1 1 1 1 1 1 1 1 1 1 1 1 1 1 1 1 1 1 1 1 1 1 1 1 1 1 1 1 1 1 1 1 1 1 1 1 1 1 1 1 1 1 1 1 1 1 1 1 1 1 1 1 1 1 1 1 1 1 1 1 1 1 1 1 1 1 1 1 1 1 1 1 1 1 1 1 1 1 1 1 1 1 1 1 1 1 1 1 1 1 1 1 1 1 1 1 1 1 1 1 1 1 1 1 1 1 1 1 1 1 1 1 1 1 1 1 1 1 1 1 1 1 1 1 1 1 1 1 1 1 1 1 1 1 1 1 1 1 1 1 1 1 1 1 1 1 1 1 1 1 1 1 1 1 1 1 1 1 1 1 1 1 1 1 1 1 1 1 1 1 1 1 1 1 1 1 1 1 1 1 1 1 1 1 1 1 1 1 1 1 1 1 1 1 1 1 1 1 1 1 1 1 1 1 1 1 1 1 1 1 1 1 1 1 1 1 1 1 1 1 1 1 1 1 1 1 1 1 1 1 1 1 1 1 1 1 1 1 1 1 1 1 1 1 1 1 1 1 1 1 1 1 1 1 1 1 1 1 1 1 1 1 1 1 1 1 1 1 1 1 1 1 1 1 1 1 1 1 1 1 1 1 1 1 1 1 1 1 1 1 1 1 1 1 1 1 1 1 1 1 1 1 1 1 1 1 1 1 1 1 1 1 1 1 1 1 1 1 1 1 1 1 1 1 1 1 1 1 1 1 1 1 1 1 1 1 1 1 1 1 1 1 1 1 1 1 1 1 1 1 1 1 1 1 1 1 1 1 1 1 1 1 1 1 1 1 1 1 1 1 1 1 1 1 1 1 1 1 1 1 1 1 1 1 1 1 1 1 1 1 1 1 1 1 1 1 1 1 1 1 1 1 1 1 1 1 1 1 1 1 1 1 1 1 1 1 1 1 1 1 1 1 1 1 1 1 1 1 1 1 1 1 1 1 1 1 1 1 1 1 1 1 1 1 1 1 1 1 1 1 1 1 1 1 1 1 1 1 1 1 1 1 1 1 1 1 1 1 1 1 1 1 1 1 1 1 1 1 1 1 1 1 1 1 1 1 1 1 1 1 1 1 1 1 1 1 1 1 1 1 1 1 1 1 1 1 1 1 1 1 1 1 1 1 1 1 1 1 1 1 1 1 1 1 1 1 1 1 1 1 1 1 1 1 1 1 1 1 1 1 1 1 1 1 1 1 1 1 1 1 1 1 1 1 1 1 1 1 1 1 1 1 1 1 1 1 1 1 1 1 1 1 1 1 1 1 1 1 1 1 1 1 1 1 1 1 1 1 1 1 1 1 1 1 1 1 1 1 1 1 1 1 1 1 1 1 1 1 1 1 1 1 1 1 1 1 1 1 1 1 1 1 1 1 1 1 1 1 1 1 1 1 1 1 1 1 1 1 1 1 1 1 1 1 1 1 1 1 1 1 1 1 1 1 1 1 1 1 1 1 1 1 1 1 1 1 1 1 1 1 1 1 1 1 1 1 1 1 1 1 1 1 1 1 1 1 1 1 1 1 1 1 1 1 1 1 1 1 1 1 1 1 1 1 1 1 1 1 1 1 1 1 1 1 1 1 1 1 1 1 1 1 1 1 1 1 1 1 1 1 1 1 1 1 1 1 1 1 1 1 1 1 1 1 1 1 1 1 1 1 1 1 1 1 1 1 1 1 1 1 1 1 1 1 1 1 1 1 1 1 1 1 1 1 1 1 1 1 1 1 1 1 1 1 1 1 1 1 1 1 1 1 1 1 1 1 1 1 1 1 1 1 1 1 1 1 1 1 1 1 1 1 1 1 1 1 1 1 1 1 1 1 1 1 1 1 1 1 1 1 1 1 1 1 1 1 1 1 1 1 1 1 1 1 1 1 1 1 1 1 1 1 1 1 1 1 1 1 1 1 1 1 1 1 1 1 1 1 1 1 1 1 1 1 1 1 1 1 1 1 1 1 1 1 1 1 1 1 1 1 1 1 1 1 1 1 1 1 1 1 1 1 1 1 1 1 1 1 1 1 1 1 1 1 1 1 1 1 1 1 1 1 1 1 1 1 1 1 1 1 1 1 1 1 1 1 1 1 1 1 1 1 1 1 1 1 1 1 1 1 1 1 1 1 1 1 1 1 1 1 1 1 1 1 1 1 1 1 1 1 1 1 1 1 1 1 1 1 1 1 1 1 1 1 1 1 1 1 1 1 1 1 1 1 1 1 1 1 1 1 1 1 1 1 1 1 1 1 1 1 1 1 1 1 1 1 1 1 1 1 1 1 1 1 1 1 1 1 1 1 1 1 1 1 1 1 1 1 1 1 1 1 1 1 1 1 1 1 1 1 1 1 1 1 1 1 1 1 1 1 1 1 1 1 1 1 1 1 1 1 1 1 1 1 1 1 1 1 1 1 1 1 1 1 1 1 1 1 1 1 1 1 1 1 1 1 1 1 1 1 1 1 1 1 1 1 1 1 1 1 1 1 1 1 1 1 1 1 1 1 1 1 1 1 1 1 1 1 1 1 1 1 1 1 1 1 1 1 1 1 1 1 1 1 1 1 1 1 1 1 1 1 1 1 1 1 1 1 1 1 1 1 1 1 1 1 1 1 1 1 1 1 1 1 1 1 1 1 1 1 1 1 1 1 1 1 1 1 1 1 1 1 1 1 1 1 1 1 1 1 1 1 1 1 1 1 1 1 1 1 1 1 1 1 1 1 1 1 1 1 1 1 1 1 1 1 1 1 1 1 1 1 1 1 1 1 1 1 1 1 1 1 1 1 1 1 1 1 1 1 1 1 1 1 1 1 1 1 1 1 1 1 1 1 1 1 1 1 1 1 1 1 1 1 1 1 1 1 1 1 1 1 1 1 1 1 1 1 1 1 1 1 1 1 1 1 1 1 1 1 1 1 1 1 1 1 1 1 1 1 1 1 1 1 1 1 1 1 1 1 1 1 1 1 1 1 1 1 1 1 1 1 1 1 1 1 1 1 1 1 1 1 1 1 1 1 1 1 1 1 1 1 1 1 1 1 1 1 1 1 1 1 1 1 1 1 1 1 1 1 1 1 1 1 1 1 1 1 1 1 1 1 1 1 1 1 1 1 1 1 1 1 1 1 1 1 1 1 1 1 1 1 1 1 1 1 1 1 1 1 1 1 1 1 1 1 1 1 1 1 1 1 1 1 1 1 1 1 1 1 1 1 1 1 1 1 1 1 1 1 1 1 1 1 1 1 1 1 1 1 1 1 1 1 1 1 1 1 1 1 1 1 1 1 1 1 1 1 1 1 1 1 1 1 1 1 1 1 1 1 1 1 1 1 1 1 1 1 1 1 1 1 1 1 1 1 1 1 1 1 1 1 1 1 1 1 1 1 1 1 1 1 1 1 1 1 1 1 1 1 1 1 1 1 1 1 1 1 1 1 1 1 1 1 1 1 1 1 1 1 1 1 1 1 1 1 1 1 1 1 1 1 1 1 1 1 1 1 1 1 1 1 1 1 1 1 1 1 1 1 1 1 1 1 1 1 1 1 1 1 1 1 1 1 1 1 1 1 1 1 1 1 1 1 1 1 1 1 1 1 1 1 1 1 1 1 1 1 1 1 1 1 1 1 1 1 1 1 1 1 1 1 1 1 1 1 1 1 1 1 1 1 1 1 1 1 1 1 1 1 1 1 1 1 1 1 1 1 1 1 1 1 1 1 1 1 1 1 1 1 1 1 1 1 1 1 2 4 4 2 4 2 2 4 4 2 2 4 4 2 4 4 4 2 4 4 2 4 4 4 4 4 4 4 4 4 4 4 4 4 4 4 4 4 4 4 4 4 2 4 2 2 4 4 </vcount>
          <v>20 0 20 0 20 0 20 0 20 0 20 0 20 0 20 0 20 0 20 0 20 0 20 0 20 0 20 0 20 0 20 0 20 0 20 0 20 0 20 0 20 0 20 0 20 0 20 0 20 0 20 0 20 0 20 0 20 0 20 0 20 0 20 0 20 0 20 0 20 0 20 0 20 0 20 0 20 0 20 0 20 0 20 0 20 0 20 0 20 0 20 0 20 0 20 0 20 0 20 0 20 0 20 0 20 0 20 0 20 0 20 0 20 0 20 0 20 0 20 0 20 0 20 0 20 0 20 0 20 0 20 0 20 0 20 0 20 0 20 0 20 0 20 0 20 0 20 0 20 0 20 0 20 0 20 0 20 0 20 0 20 0 20 0 20 0 20 0 20 0 20 0 20 0 20 0 20 0 20 0 20 0 20 0 20 0 20 0 20 0 20 0 20 0 20 0 20 0 20 0 20 0 20 0 20 0 20 0 20 0 20 0 20 0 20 0 20 0 20 0 20 0 20 0 20 0 20 0 20 0 20 0 20 0 20 0 20 0 20 0 20 0 20 0 20 0 20 0 20 0 20 0 20 0 20 0 20 0 20 0 20 0 20 0 20 0 20 0 20 0 20 0 20 0 20 0 20 0 20 0 20 0 20 0 20 0 20 0 20 0 20 0 20 0 20 0 20 0 20 0 20 0 20 0 20 0 20 0 20 0 20 0 20 0 20 0 20 0 20 0 20 0 20 0 20 0 20 0 20 0 11 0 20 0 20 0 20 0 11 0 20 0 20 0 11 0 20 0 11 0 11 0 11 0 20 0 20 0 20 0 20 0 20 0 20 0 20 0 20 0 20 0 20 0 20 0 20 0 20 0 20 0 20 0 20 0 20 0 20 0 20 0 20 0 20 0 20 0 20 0 20 0 20 0 20 0 20 0 20 0 20 0 20 0 20 0 20 0 20 0 20 0 20 0 20 0 20 0 20 0 20 0 20 0 20 0 20 0 20 0 20 0 20 0 20 0 20 0 20 0 20 0 20 0 20 0 20 0 20 0 20 0 20 0 20 0 20 0 20 0 20 0 20 0 20 0 20 0 20 0 20 0 20 0 20 0 20 0 20 0 20 0 20 0 20 0 20 0 20 0 20 0 20 0 20 0 20 0 20 0 20 0 20 0 20 0 20 0 20 0 20 0 20 0 20 0 20 0 20 0 20 0 20 0 20 0 20 0 20 0 20 0 20 0 20 0 20 0 20 0 20 0 20 0 20 0 20 0 20 0 20 0 20 0 20 0 20 0 20 0 20 0 20 0 20 0 20 0 20 0 20 0 20 0 20 0 20 0 20 0 20 0 20 0 20 0 20 0 20 0 20 0 20 0 20 0 20 0 20 0 20 0 20 0 20 0 20 0 20 0 20 0 20 0 20 0 20 0 20 0 20 0 20 0 20 0 20 0 20 0 20 0 20 0 20 0 20 0 20 0 20 0 20 0 20 0 20 0 20 0 20 0 20 0 20 0 20 0 20 0 20 0 20 0 20 0 20 0 20 0 20 0 20 0 20 0 20 0 20 0 20 0 20 0 20 0 20 0 20 0 20 0 20 0 20 0 20 0 20 0 20 0 20 0 20 0 20 0 20 0 20 0 20 0 20 0 20 0 20 0 20 0 20 0 20 0 20 0 20 0 20 0 20 0 20 0 20 0 20 0 20 0 20 0 20 0 20 0 20 0 20 0 20 0 20 0 20 0 20 0 20 0 20 0 20 0 20 0 20 0 20 0 20 0 20 0 20 0 20 0 20 0 20 0 20 0 20 0 20 0 20 0 20 0 20 0 20 0 20 0 20 0 20 0 20 0 20 0 20 0 20 0 20 0 20 0 20 0 20 0 20 0 20 0 20 0 20 0 20 0 20 0 20 0 20 0 20 0 20 0 20 0 20 0 20 0 20 0 20 0 20 0 20 0 20 0 20 0 20 0 20 0 20 0 20 0 20 0 20 0 20 0 20 0 20 0 20 0 20 0 20 0 20 0 20 0 20 0 20 0 20 0 20 0 20 0 20 0 20 0 20 0 20 0 20 0 20 0 20 0 20 0 11 0 20 0 20 0 20 0 20 0 20 0 20 0 20 0 20 0 20 0 11 0 11 0 11 0 11 0 11 0 11 0 11 0 11 0 11 0 11 0 11 0 11 0 11 0 11 0 11 0 11 0 11 0 11 0 11 0 11 0 11 0 11 0 11 0 11 0 11 0 11 0 11 0 11 0 11 0 11 0 11 0 11 0 11 0 11 0 11 0 11 0 11 0 11 0 11 0 11 0 11 0 11 0 11 0 11 0 11 0 11 0 11 0 11 0 11 0 11 0 11 0 11 0 11 0 11 0 11 0 11 0 11 0 11 0 22 0 22 0 22 0 22 0 22 0 22 0 22 0 22 0 22 0 22 0 22 0 22 0 22 0 22 0 22 0 22 0 22 0 22 0 22 0 22 0 22 0 22 0 22 0 22 0 22 0 22 0 11 0 11 0 11 0 11 0 11 0 11 0 11 0 11 0 11 0 11 0 11 0 11 0 11 0 11 0 11 0 11 0 11 0 11 0 11 0 11 0 11 0 11 0 11 0 11 0 11 0 11 0 11 0 11 0 11 0 11 0 11 0 11 0 11 0 11 0 22 0 22 0 22 0 22 0 22 0 22 0 11 0 11 0 11 0 11 0 11 0 11 0 11 0 11 0 11 0 11 0 11 0 11 0 11 0 11 0 11 0 11 0 11 0 11 0 11 0 11 0 11 0 11 0 11 0 11 0 11 0 11 0 11 0 11 0 11 0 11 0 11 0 11 0 11 0 11 0 11 0 11 0 11 0 11 0 11 0 11 0 11 0 11 0 11 0 11 0 22 0 22 0 22 0 22 0 11 0 11 0 11 0 11 0 11 0 11 0 11 0 11 0 11 0 11 0 11 0 11 0 11 0 11 0 11 0 11 0 11 0 11 0 11 0 11 0 11 0 11 0 11 0 11 0 11 0 11 0 11 0 11 0 11 0 11 0 11 0 11 0 11 0 11 0 11 0 11 0 11 0 11 0 11 0 11 0 11 0 11 0 11 0 11 0 11 0 11 0 11 0 11 0 11 0 11 0 11 0 11 0 11 0 11 0 11 0 11 0 11 0 11 0 11 0 11 0 11 0 11 0 11 0 11 0 11 0 11 0 11 0 11 0 11 0 11 0 11 0 11 0 11 0 11 0 11 0 23 0 23 0 23 0 23 0 23 0 23 0 23 0 23 0 23 0 23 0 23 0 23 0 23 0 23 0 23 0 23 0 23 0 23 0 23 0 23 0 23 0 23 0 23 0 23 0 23 0 23 0 23 0 23 0 23 0 23 0 23 0 23 0 23 0 23 0 23 0 23 0 23 0 23 0 23 0 23 0 28 0 28 0 28 0 28 0 28 0 28 0 28 0 28 0 28 0 28 0 28 0 28 0 28 0 28 0 28 0 28 0 28 0 28 0 28 0 28 0 28 0 28 0 28 0 28 0 28 0 28 0 28 0 28 0 28 0 28 0 28 0 28 0 28 0 28 0 28 0 28 0 28 0 28 0 28 0 28 0 28 0 28 0 28 0 28 0 28 0 28 0 28 0 28 0 28 0 28 0 28 0 28 0 28 0 28 0 28 0 28 0 28 0 28 0 28 0 28 0 28 0 28 0 28 0 28 0 28 0 28 0 28 0 28 0 28 0 28 0 28 0 28 0 28 0 28 0 28 0 28 0 28 0 28 0 28 0 28 0 28 0 28 0 28 0 28 0 28 0 28 0 28 0 28 0 28 0 28 0 28 0 28 0 28 0 28 0 28 0 28 0 28 0 28 0 28 0 28 0 28 0 28 0 28 0 28 0 28 0 28 0 28 0 28 0 28 0 28 0 28 0 28 0 28 0 28 0 28 0 28 0 28 0 28 0 28 0 28 0 28 0 28 0 28 0 28 0 28 0 28 0 28 0 28 0 28 0 28 0 28 0 28 0 28 0 28 0 28 0 28 0 28 0 28 0 28 0 28 0 28 0 28 0 28 0 28 0 28 0 28 0 28 0 28 0 28 0 28 0 28 0 28 0 28 0 28 0 28 0 28 0 28 0 28 0 28 0 28 0 28 0 28 0 28 0 28 0 28 0 28 0 28 0 28 0 28 0 28 0 28 0 28 0 28 0 28 0 28 0 28 0 28 0 28 0 28 0 28 0 28 0 28 0 28 0 28 0 28 0 28 0 28 0 28 0 28 0 28 0 28 0 28 0 28 0 28 0 28 0 28 0 28 0 28 0 28 0 28 0 28 0 28 0 28 0 28 0 11 0 11 0 11 0 11 0 11 0 11 0 11 0 11 0 11 0 11 0 11 0 11 0 11 0 11 0 11 0 11 0 11 0 11 0 11 0 11 0 11 0 11 0 11 0 11 0 11 0 11 0 11 0 28 0 28 0 28 0 28 0 28 0 28 0 28 0 28 0 28 0 28 0 28 0 28 0 28 0 28 0 28 0 28 0 28 0 28 0 28 0 28 0 11 0 11 0 11 0 11 0 11 0 11 0 11 0 11 0 11 0 11 0 11 0 11 0 11 0 11 0 28 0 28 0 28 0 28 0 28 0 28 0 28 0 28 0 28 0 28 0 28 0 28 0 28 0 28 0 28 0 28 0 28 0 28 0 28 0 28 0 28 0 28 0 28 0 28 0 28 0 28 0 28 0 28 0 28 0 28 0 28 0 28 0 28 0 28 0 28 0 28 0 28 0 28 0 28 0 28 0 28 0 28 0 28 0 28 0 28 0 28 0 28 0 28 0 28 0 28 0 28 0 28 0 28 0 28 0 28 0 28 0 28 0 28 0 28 0 28 0 28 0 28 0 28 0 28 0 28 0 28 0 28 0 28 0 28 0 28 0 28 0 28 0 28 0 28 0 28 0 28 0 28 0 28 0 28 0 28 0 28 0 28 0 28 0 28 0 28 0 28 0 28 0 28 0 28 0 28 0 28 0 28 0 28 0 28 0 28 0 28 0 28 0 28 0 28 0 28 0 28 0 28 0 28 0 28 0 28 0 28 0 28 0 28 0 28 0 28 0 28 0 28 0 28 0 28 0 28 0 28 0 28 0 28 0 28 0 28 0 28 0 28 0 28 0 28 0 28 0 28 0 28 0 23 0 23 0 23 0 23 0 23 0 23 0 23 0 23 0 23 0 23 0 23 0 23 0 23 0 23 0 23 0 23 0 23 0 23 0 23 0 23 0 23 0 23 0 23 0 23 0 23 0 23 0 23 0 23 0 23 0 23 0 23 0 23 0 23 0 23 0 23 0 23 0 23 0 23 0 23 0 23 0 23 0 23 0 23 0 23 0 23 0 23 0 28 0 28 0 28 0 28 0 28 0 28 0 28 0 28 0 28 0 28 0 28 0 28 0 11 0 11 0 11 0 11 0 28 0 28 0 28 0 28 0 28 0 28 0 28 0 28 0 28 0 28 0 28 0 28 0 28 0 28 0 28 0 28 0 28 0 28 0 28 0 28 0 28 0 28 0 28 0 28 0 28 0 28 0 28 0 28 0 28 0 28 0 28 0 28 0 28 0 28 0 28 0 28 0 28 0 28 0 28 0 28 0 28 0 28 0 28 0 28 0 28 0 28 0 28 0 28 0 28 0 28 0 28 0 28 0 28 0 28 0 28 0 28 0 28 0 28 0 28 0 28 0 28 0 28 0 28 0 28 0 28 0 28 0 28 0 28 0 28 0 28 0 28 0 28 0 28 0 28 0 28 0 28 0 28 0 28 0 28 0 28 0 28 0 28 0 28 0 28 0 28 0 28 0 28 0 28 0 28 0 28 0 28 0 28 0 28 0 28 0 28 0 28 0 28 0 28 0 28 0 28 0 28 0 28 0 28 0 28 0 28 0 28 0 28 0 28 0 28 0 28 0 28 0 28 0 28 0 28 0 28 0 28 0 28 0 28 0 28 0 28 0 28 0 28 0 28 0 28 0 28 0 28 0 28 0 28 0 28 0 28 0 28 0 28 0 28 0 28 0 28 0 28 0 28 0 28 0 28 0 28 0 28 0 28 0 28 0 28 0 28 0 28 0 28 0 28 0 28 0 28 0 28 0 28 0 28 0 28 0 28 0 28 0 28 0 28 0 28 0 28 0 28 0 28 0 28 0 28 0 28 0 28 0 28 0 28 0 28 0 28 0 28 0 11 0 11 0 11 0 11 0 23 0 23 0 23 0 23 0 27 0 27 0 27 0 27 0 27 0 27 0 27 0 27 0 27 0 27 0 27 0 27 0 27 0 27 0 27 0 27 0 27 0 27 0 27 0 27 0 27 0 27 0 27 0 27 0 27 0 27 0 27 0 27 0 27 0 27 0 27 0 27 0 27 0 27 0 27 0 27 0 27 0 27 0 27 0 27 0 27 0 27 0 27 0 27 0 27 0 27 0 27 0 27 0 27 0 27 0 27 0 27 0 27 0 27 0 27 0 27 0 27 0 27 0 27 0 27 0 27 0 27 0 27 0 27 0 27 0 27 0 27 0 27 0 27 0 27 0 27 0 27 0 27 0 27 0 27 0 27 0 27 0 27 0 27 0 27 0 27 0 27 0 27 0 27 0 27 0 27 0 27 0 27 0 27 0 27 0 27 0 27 0 27 0 27 0 27 0 27 0 27 0 27 0 27 0 27 0 27 0 27 0 27 0 27 0 27 0 27 0 27 0 27 0 27 0 27 0 27 0 27 0 27 0 27 0 27 0 27 0 27 0 27 0 27 0 27 0 27 0 27 0 27 0 27 0 27 0 27 0 27 0 27 0 27 0 27 0 27 0 27 0 27 0 27 0 27 0 27 0 27 0 27 0 27 0 27 0 27 0 27 0 27 0 27 0 27 0 27 0 27 0 27 0 27 0 27 0 27 0 27 0 27 0 27 0 27 0 27 0 27 0 27 0 27 0 27 0 27 0 27 0 27 0 27 0 27 0 27 0 27 0 27 0 27 0 27 0 27 0 27 0 27 0 27 0 27 0 27 0 27 0 27 0 27 0 27 0 27 0 27 0 27 0 27 0 27 0 27 0 27 0 27 0 27 0 27 0 27 0 27 0 27 0 27 0 27 0 27 0 27 0 27 0 27 0 27 0 27 0 27 0 28 0 28 0 28 0 28 0 28 0 28 0 28 0 28 0 28 0 28 0 28 0 28 0 28 0 28 0 28 0 28 0 28 0 28 0 28 0 28 0 28 0 28 0 28 0 28 0 28 0 28 0 28 0 28 0 28 0 28 0 28 0 28 0 28 0 28 0 28 0 28 0 28 0 28 0 28 0 28 0 28 0 28 0 28 0 28 0 28 0 28 0 28 0 28 0 28 0 28 0 28 0 28 0 28 0 28 0 28 0 28 0 28 0 28 0 28 0 28 0 28 0 28 0 28 0 28 0 28 0 28 0 28 0 28 0 28 0 28 0 28 0 28 0 28 0 28 0 28 0 28 0 28 0 28 0 28 0 28 0 28 0 28 0 28 0 28 0 28 0 28 0 28 0 28 0 28 0 28 0 28 0 28 0 28 0 28 0 28 0 28 0 28 0 28 0 28 0 28 0 28 0 28 0 28 0 28 0 28 0 28 0 28 0 28 0 28 0 28 0 28 0 28 0 28 0 28 0 28 0 28 0 28 0 28 0 28 0 28 0 28 0 28 0 28 0 28 0 28 0 28 0 28 0 28 0 28 0 28 0 28 0 28 0 28 0 28 0 28 0 28 0 28 0 28 0 28 0 28 0 28 0 28 0 28 0 28 0 28 0 28 0 28 0 28 0 28 0 28 0 28 0 28 0 28 0 28 0 28 0 28 0 28 0 28 0 28 0 28 0 28 0 28 0 28 0 28 0 28 0 28 0 28 0 28 0 28 0 28 0 28 0 28 0 28 0 28 0 28 0 28 0 28 0 28 0 28 0 28 0 28 0 28 0 28 0 28 0 28 0 28 0 28 0 28 0 28 0 28 0 28 0 28 0 28 0 28 0 28 0 28 0 28 0 28 0 28 0 28 0 28 0 28 0 28 0 28 0 28 0 28 0 28 0 28 0 28 0 28 0 28 0 28 0 28 0 28 0 28 0 28 0 28 0 28 0 28 0 28 0 28 0 28 0 28 0 28 0 28 0 28 0 28 0 28 0 28 0 28 0 28 0 28 0 28 0 28 0 28 0 28 0 28 0 28 0 28 0 28 0 28 0 28 0 28 0 28 0 28 0 28 0 28 0 28 0 28 0 28 0 28 0 28 0 28 0 28 0 28 0 28 0 28 0 28 0 28 0 28 0 28 0 28 0 28 0 28 0 28 0 28 0 28 0 28 0 28 0 28 0 28 0 28 0 28 0 28 0 28 0 28 0 28 0 28 0 28 0 28 0 28 0 28 0 28 0 28 0 28 0 28 0 28 0 28 0 28 0 28 0 28 0 28 0 28 0 28 0 28 0 28 0 28 0 28 0 28 0 28 0 28 0 28 0 28 0 28 0 28 0 28 0 28 0 28 0 28 0 28 0 28 0 28 0 28 0 28 0 28 0 28 0 28 0 28 0 28 0 28 0 28 0 28 0 28 0 28 0 28 0 28 0 28 0 28 0 28 0 28 0 28 0 28 0 28 0 28 0 28 0 28 0 28 0 28 0 28 0 28 0 28 0 28 0 28 0 28 0 28 0 28 0 28 0 28 0 28 0 28 0 28 0 28 0 28 0 28 0 28 0 28 0 28 0 28 0 11 0 11 0 11 0 11 0 11 0 11 0 11 0 11 0 11 0 11 0 11 0 11 0 11 0 11 0 11 0 11 0 28 0 28 0 28 0 28 0 28 0 28 0 28 0 28 0 28 0 28 0 28 0 28 0 11 0 11 0 11 0 11 0 11 0 11 0 11 0 11 0 11 0 11 0 11 0 11 0 11 0 11 0 11 0 11 0 11 0 11 0 11 0 11 0 22 0 22 0 22 0 22 0 22 0 22 0 22 0 22 0 22 0 22 0 22 0 22 0 22 0 22 0 22 0 22 0 3 0 3 0 3 0 3 0 3 0 3 0 3 0 3 0 3 0 3 0 3 0 3 0 3 0 3 0 12 0 12 0 12 0 12 0 12 0 12 0 12 0 12 0 12 0 12 0 12 0 12 0 12 0 12 0 12 0 12 0 12 0 12 0 12 0 12 0 12 0 12 0 12 0 12 0 3 0 3 0 3 0 3 0 3 0 3 0 3 0 3 0 3 0 3 0 12 0 12 0 12 0 12 0 12 0 12 0 12 0 12 0 12 0 12 0 12 0 12 0 12 0 12 0 12 0 12 0 3 0 3 0 3 0 3 0 3 0 3 0 3 0 3 0 3 0 3 0 12 0 12 0 12 0 12 0 12 0 12 0 12 0 12 0 12 0 12 0 12 0 12 0 12 0 12 0 11 0 11 0 11 0 11 0 11 0 11 0 11 0 11 0 11 0 11 0 11 0 11 0 3 0 3 0 3 0 3 0 3 0 3 0 3 0 3 0 3 0 3 0 3 0 3 0 3 0 3 0 3 0 3 0 3 0 3 0 3 0 3 0 3 0 3 0 3 0 3 0 3 0 3 0 3 0 3 0 3 0 3 0 3 0 3 0 3 0 3 0 3 0 3 0 3 0 3 0 3 0 3 0 3 0 3 0 8 0 8 0 8 0 8 0 12 0 12 0 12 0 12 0 12 0 12 0 13 0 13 0 13 0 13 0 12 0 13 0 13 0 13 0 13 0 12 0 8 0 8 0 8 0 8 0 8 0 8 0 8 0 8 0 8 0 8 0 8 0 8 0 8 0 8 0 8 0 8 0 8 0 8 0 8 0 8 0 8 0 8 0 8 0 8 0 8 0 8 0 13 0 13 0 13 0 13 0 13 0 13 0 13 0 13 0 8 0 8 0 8 0 8 0 8 0 8 0 8 0 8 0 8 0 8 0 8 0 8 0 8 0 8 0 8 0 8 0 13 0 13 0 13 0 13 0 13 0 13 0 13 0 13 0 13 0 13 0 8 0 8 0 8 0 8 0 8 0 12 0 12 0 12 0 12 0 12 0 12 0 12 0 12 0 12 0 12 0 3 0 3 0 3 0 3 0 3 0 3 0 3 0 3 0 3 0 3 0 3 0 3 0 3 0 3 0 3 0 3 0 3 0 3 0 3 0 3 0 11 0 11 0 11 0 11 0 13 0 13 0 13 0 13 0 13 0 13 0 12 0 12 0 12 0 12 0 12 0 12 0 12 0 12 0 12 0 12 0 12 0 12 0 12 0 12 0 12 0 12 0 12 0 12 0 12 0 12 0 12 0 12 0 12 0 12 0 12 0 12 0 12 0 12 0 12 0 12 0 12 0 12 0 13 0 13 0 13 0 13 0 13 0 13 0 13 0 13 0 13 0 13 0 13 0 13 0 13 0 13 0 12 0 12 0 13 0 12 0 12 0 13 0 13 0 13 0 13 0 13 0 13 0 13 0 13 0 13 0 13 0 13 0 13 0 13 0 13 0 13 0 13 0 13 0 13 0 13 0 13 0 13 0 3 0 3 0 3 0 3 0 3 0 3 0 3 0 3 0 12 0 12 0 12 0 12 0 12 0 12 0 12 0 12 0 12 0 12 0 12 0 12 0 12 0 12 0 12 0 12 0 3 0 3 0 3 0 3 0 3 0 3 0 3 0 3 0 3 0 3 0 3 0 3 0 3 0 3 0 3 0 3 0 3 0 3 0 3 0 3 0 3 0 3 0 3 0 3 0 21 0 21 0 21 0 21 0 21 0 21 0 21 0 21 0 21 0 21 0 21 0 21 0 21 0 21 0 21 0 21 0 21 0 21 0 21 0 21 0 21 0 21 0 21 0 21 0 21 0 21 0 21 0 21 0 21 0 21 0 21 0 21 0 21 0 21 0 21 0 21 0 11 0 11 0 11 0 11 0 11 0 11 0 11 0 11 0 11 0 11 0 11 0 11 0 18 0 18 0 18 0 18 0 18 0 18 0 18 0 18 0 18 0 18 0 18 0 18 0 18 0 18 0 18 0 18 0 18 0 18 0 18 0 18 0 18 0 18 0 18 0 18 0 18 0 18 0 18 0 18 0 18 0 18 0 18 0 18 0 18 0 18 0 18 0 18 0 18 0 18 0 18 0 18 0 18 0 18 0 18 0 18 0 18 0 18 0 18 0 18 0 18 0 18 0 18 0 18 0 18 0 18 0 18 0 18 0 18 0 18 0 18 0 18 0 18 0 18 0 18 0 18 0 18 0 18 0 18 0 18 0 18 0 18 0 18 0 18 0 18 0 18 0 18 0 18 0 18 0 18 0 18 0 18 0 18 0 18 0 18 0 18 0 18 0 18 0 18 0 18 0 18 0 18 0 18 0 18 0 18 0 18 0 18 0 18 0 18 0 18 0 18 0 18 0 18 0 18 0 18 0 18 0 18 0 18 0 18 0 18 0 18 0 18 0 18 0 18 0 18 0 18 0 18 0 18 0 18 0 18 0 18 0 18 0 18 0 18 0 18 0 18 0 18 0 18 0 18 0 18 0 18 0 18 0 18 0 18 0 18 0 18 0 18 0 18 0 18 0 18 0 18 0 18 0 18 0 18 0 18 0 18 0 18 0 18 0 18 0 18 0 18 0 18 0 18 0 18 0 18 0 18 0 18 0 18 0 18 0 18 0 18 0 18 0 18 0 18 0 18 0 18 0 18 0 18 0 18 0 18 0 18 0 18 0 18 0 18 0 18 0 18 0 18 0 18 0 18 0 18 0 18 0 18 0 18 0 18 0 18 0 18 0 18 0 18 0 18 0 18 0 18 0 18 0 18 0 18 0 18 0 18 0 18 0 18 0 18 0 18 0 18 0 18 0 18 0 18 0 18 0 18 0 18 0 18 0 18 0 18 0 18 0 18 0 18 0 18 0 18 0 18 0 18 0 18 0 18 0 18 0 18 0 18 0 18 0 18 0 18 0 18 0 18 0 18 0 18 0 18 0 18 0 18 0 18 0 18 0 18 0 18 0 18 0 18 0 18 0 18 0 18 0 18 0 18 0 18 0 18 0 18 0 18 0 18 0 18 0 18 0 18 0 18 0 18 0 18 0 18 0 18 0 18 0 18 0 18 0 18 0 18 0 18 0 18 0 18 0 18 0 18 0 18 0 18 0 18 0 18 0 18 0 18 0 18 0 18 0 18 0 18 0 18 0 18 0 18 0 18 0 18 0 18 0 18 0 18 0 18 0 18 0 18 0 18 0 18 0 18 0 18 0 18 0 18 0 18 0 18 0 18 0 18 0 18 0 18 0 18 0 18 0 18 0 18 0 18 0 18 0 18 0 18 0 18 0 18 0 18 0 18 0 18 0 18 0 18 0 18 0 18 0 18 0 18 0 18 0 18 0 18 0 18 0 18 0 18 0 18 0 18 0 18 0 18 0 18 0 18 0 18 0 18 0 18 0 18 0 18 0 18 0 18 0 18 0 18 0 18 0 18 0 18 0 18 0 18 0 18 0 18 0 18 0 18 0 18 0 18 0 18 0 18 0 18 0 18 0 18 0 18 0 18 0 18 0 18 0 18 0 18 0 18 0 18 0 18 0 18 0 18 0 18 0 18 0 18 0 18 0 18 0 18 0 18 0 18 0 18 0 18 0 18 0 18 0 18 0 18 0 18 0 18 0 18 0 18 0 18 0 18 0 18 0 18 0 18 0 18 0 18 0 18 0 18 0 18 0 18 0 18 0 18 0 18 0 18 0 18 0 18 0 18 0 18 0 18 0 18 0 18 0 18 0 18 0 18 0 18 0 18 0 18 0 18 0 18 0 18 0 18 0 18 0 18 0 18 0 18 0 18 0 18 0 18 0 18 0 18 0 18 0 18 0 18 0 18 0 18 0 18 0 18 0 18 0 18 0 18 0 18 0 18 0 18 0 18 0 18 0 18 0 18 0 18 0 18 0 18 0 18 0 18 0 18 0 18 0 18 0 18 0 18 0 18 0 18 0 18 0 18 0 18 0 18 0 18 0 18 0 18 0 18 0 18 0 18 0 18 0 18 0 18 0 18 0 18 0 18 0 18 0 18 0 18 0 18 0 18 0 18 0 18 0 18 0 18 0 18 0 18 0 18 0 18 0 18 0 18 0 18 0 18 0 18 0 18 0 18 0 18 0 18 0 18 0 18 0 18 0 18 0 18 0 18 0 18 0 18 0 18 0 18 0 18 0 18 0 18 0 18 0 18 0 18 0 18 0 18 0 18 0 18 0 18 0 18 0 18 0 18 0 18 0 18 0 18 0 18 0 18 0 18 0 18 0 18 0 18 0 18 0 18 0 18 0 18 0 18 0 18 0 18 0 18 0 18 0 18 0 18 0 18 0 18 0 18 0 18 0 18 0 18 0 18 0 18 0 18 0 18 0 18 0 18 0 18 0 18 0 18 0 18 0 18 0 18 0 18 0 18 0 18 0 18 0 18 0 18 0 18 0 18 0 18 0 18 0 18 0 18 0 18 0 18 0 18 0 18 0 18 0 18 0 18 0 18 0 18 0 18 0 18 0 18 0 18 0 18 0 18 0 18 0 18 0 18 0 18 0 18 0 18 0 18 0 18 0 18 0 18 0 18 0 18 0 18 0 18 0 18 0 18 0 18 0 18 0 18 0 18 0 18 0 18 0 18 0 18 0 18 0 18 0 18 0 18 0 18 0 18 0 18 0 18 0 18 0 18 0 18 0 18 0 18 0 18 0 18 0 18 0 18 0 18 0 18 0 18 0 18 0 18 0 18 0 18 0 18 0 18 0 18 0 18 0 18 0 18 0 18 0 18 0 18 0 18 0 18 0 18 0 18 0 18 0 18 0 18 0 18 0 18 0 18 0 18 0 18 0 18 0 18 0 18 0 18 0 18 0 18 0 18 0 18 0 18 0 18 0 18 0 18 0 18 0 18 0 18 0 18 0 18 0 18 0 18 0 18 0 18 0 18 0 18 0 18 0 18 0 18 0 18 0 18 0 18 0 18 0 18 0 18 0 18 0 18 0 18 0 18 0 18 0 18 0 18 0 18 0 18 0 18 0 18 0 18 0 18 0 18 0 18 0 18 0 18 0 18 0 18 0 18 0 18 0 18 0 18 0 18 0 18 0 18 0 18 0 18 0 18 0 18 0 18 0 18 0 18 0 18 0 18 0 18 0 18 0 18 0 18 0 18 0 18 0 18 0 18 0 18 0 18 0 18 0 18 0 18 0 18 0 18 0 18 0 18 0 18 0 18 0 18 0 18 0 18 0 18 0 18 0 18 0 18 0 18 0 18 0 18 0 18 0 18 0 18 0 18 0 18 0 18 0 18 0 18 0 18 0 18 0 18 0 18 0 18 0 18 0 18 0 18 0 18 0 18 0 18 0 18 0 18 0 18 0 18 0 18 0 18 0 18 0 18 0 18 0 18 0 18 0 18 0 18 0 18 0 18 0 18 0 18 0 18 0 18 0 18 0 18 0 18 0 18 0 18 0 18 0 18 0 18 0 18 0 18 0 18 0 18 0 18 0 18 0 18 0 18 0 18 0 18 0 18 0 18 0 18 0 18 0 18 0 18 0 18 0 18 0 18 0 18 0 18 0 18 0 18 0 18 0 18 0 18 0 18 0 18 0 18 0 18 0 18 0 18 0 18 0 18 0 18 0 18 0 18 0 18 0 18 0 18 0 18 0 18 0 18 0 18 0 18 0 18 0 18 0 18 0 18 0 18 0 18 0 18 0 18 0 18 0 18 0 18 0 18 0 18 0 18 0 18 0 18 0 18 0 18 0 18 0 18 0 18 0 18 0 18 0 18 0 18 0 18 0 18 0 18 0 18 0 18 0 18 0 18 0 18 0 18 0 18 0 18 0 18 0 18 0 18 0 18 0 18 0 18 0 18 0 18 0 18 0 18 0 18 0 18 0 18 0 18 0 18 0 18 0 18 0 18 0 18 0 18 0 18 0 18 0 18 0 18 0 18 0 18 0 18 0 18 0 18 0 18 0 18 0 18 0 18 0 18 0 18 0 21 0 21 0 21 0 21 0 21 0 21 0 21 0 21 0 21 0 21 0 21 0 21 0 21 0 21 0 21 0 21 0 2 0 2 0 2 0 2 0 2 0 2 0 2 0 2 0 2 0 2 0 2 0 2 0 2 0 2 0 2 0 2 0 2 0 2 0 2 0 2 0 2 0 2 0 2 0 2 0 2 0 2 0 2 0 2 0 2 0 2 0 2 0 2 0 2 0 2 0 2 0 2 0 2 0 2 0 2 0 2 0 2 0 2 0 2 0 2 0 2 0 2 0 2 0 2 0 2 0 2 0 2 0 2 0 2 0 2 0 2 0 2 0 2 0 2 0 2 0 2 0 2 0 2 0 2 0 2 0 2 0 2 0 2 0 2 0 2 0 2 0 2 0 2 0 2 0 2 0 2 0 2 0 2 0 2 0 2 0 2 0 2 0 2 0 2 0 2 0 2 0 2 0 2 0 2 0 2 0 2 0 2 0 2 0 2 0 2 0 2 0 2 0 2 0 2 0 2 0 2 0 2 0 2 0 2 0 2 0 2 0 2 0 2 0 2 0 2 0 2 0 2 0 2 0 2 0 2 0 2 0 2 0 2 0 2 0 2 0 2 0 2 0 2 0 2 0 2 0 2 0 2 0 2 0 2 0 2 0 2 0 2 0 2 0 2 0 2 0 2 0 2 0 2 0 2 0 2 0 2 0 2 0 2 0 2 0 2 0 2 0 2 0 2 0 2 0 2 0 2 0 2 0 2 0 2 0 2 0 2 0 2 0 2 0 2 0 2 0 2 0 2 0 2 0 2 0 2 0 2 0 2 0 2 0 2 0 2 0 2 0 2 0 2 0 2 0 2 0 2 0 2 0 2 0 2 0 2 0 2 0 2 0 2 0 2 0 2 0 2 0 2 0 2 0 2 0 2 0 2 0 2 0 2 0 2 0 2 0 2 0 2 0 2 0 2 0 2 0 2 0 2 0 2 0 2 0 2 0 2 0 2 0 2 0 2 0 2 0 2 0 2 0 2 0 2 0 2 0 2 0 2 0 2 0 2 0 2 0 2 0 2 0 2 0 2 0 2 0 2 0 2 0 2 0 2 0 2 0 2 0 2 0 2 0 2 0 2 0 2 0 2 0 2 0 2 0 2 0 2 0 2 0 2 0 2 0 2 0 2 0 2 0 2 0 2 0 2 0 2 0 2 0 2 0 2 0 2 0 2 0 2 0 2 0 2 0 2 0 2 0 2 0 2 0 2 0 2 0 2 0 2 0 2 0 2 0 2 0 2 0 2 0 2 0 2 0 2 0 2 0 2 0 2 0 2 0 2 0 2 0 2 0 2 0 2 0 2 0 2 0 2 0 2 0 2 0 2 0 2 0 2 0 2 0 2 0 2 0 2 0 2 0 2 0 2 0 2 0 2 0 2 0 2 0 2 0 2 0 2 0 2 0 2 0 2 0 2 0 2 0 2 0 2 0 2 0 2 0 2 0 2 0 2 0 2 0 2 0 2 0 2 0 2 0 2 0 2 0 2 0 2 0 2 0 2 0 2 0 2 0 2 0 2 0 11 0 11 0 11 0 11 0 11 0 11 0 11 0 11 0 11 0 11 0 11 0 11 0 11 0 11 0 11 0 11 0 11 0 11 0 11 0 11 0 11 0 11 0 11 0 11 0 11 0 11 0 11 0 11 0 11 0 11 0 11 0 11 0 11 0 11 0 11 0 11 0 11 0 11 0 11 0 11 0 11 0 11 0 11 0 11 0 11 0 11 0 11 0 11 0 11 0 11 0 11 0 11 0 11 0 11 0 11 0 11 0 11 0 11 0 11 0 11 0 11 0 11 0 11 0 11 0 11 0 11 0 11 0 11 0 11 0 11 0 11 0 11 0 11 0 11 0 11 0 11 0 11 0 11 0 11 0 11 0 11 0 11 0 11 0 11 0 11 0 11 0 11 0 11 0 11 0 11 0 11 0 11 0 11 0 11 0 11 0 11 0 11 0 11 0 11 0 11 0 11 0 11 0 11 0 11 0 11 0 11 0 11 0 11 0 11 0 11 0 11 0 11 0 11 0 11 0 11 0 11 0 11 0 11 0 11 0 11 0 11 0 11 0 11 0 11 0 11 0 11 0 11 0 11 0 11 0 11 0 11 0 11 0 11 0 11 0 11 0 11 0 11 0 11 0 11 0 11 0 11 0 11 0 24 0 24 0 24 0 24 0 24 0 24 0 24 0 24 0 24 0 24 0 24 0 24 0 24 0 24 0 24 0 24 0 24 0 24 0 24 0 24 0 24 0 24 0 24 0 24 0 24 0 24 0 24 0 24 0 24 0 24 0 24 0 24 0 24 0 24 0 24 0 24 0 24 0 24 0 24 0 24 0 24 0 24 0 24 0 24 0 24 0 24 0 24 0 24 0 24 0 24 0 24 0 24 0 24 0 24 0 24 0 24 0 24 0 24 0 24 0 24 0 24 0 24 0 24 0 24 0 24 0 24 0 24 0 24 0 24 0 24 0 24 0 24 0 24 0 24 0 24 0 24 0 24 0 24 0 24 0 24 0 24 0 24 0 24 0 24 0 24 0 24 0 24 0 24 0 24 0 24 0 24 0 24 0 24 0 24 0 24 0 24 0 24 0 24 0 24 0 24 0 24 0 24 0 24 0 24 0 24 0 24 0 24 0 24 0 24 0 24 0 24 0 24 0 24 0 24 0 24 0 13 0 13 0 13 0 13 0 8 0 8 0 8 0 8 0 8 0 13 0 13 0 13 0 13 0 13 0 13 0 13 0 13 0 13 0 13 0 13 0 13 0 21 0 21 0 21 0 21 0 8 0 8 0 8 0 8 0 8 0 8 0 8 0 8 0 8 0 8 0 8 0 8 0 8 0 8 0 8 0 8 0 13 0 13 0 13 0 13 0 13 0 13 0 13 0 13 0 8 0 8 0 8 0 8 0 14 0 14 0 14 0 14 0 14 0 14 0 14 0 14 0 14 0 14 0 14 0 14 0 14 0 14 0 14 0 14 0 14 0 14 0 14 0 14 0 14 0 14 0 14 0 14 0 14 0 14 0 14 0 14 0 14 0 14 0 14 0 14 0 14 0 14 0 14 0 14 0 14 0 14 0 14 0 14 0 14 0 14 0 14 0 14 0 14 0 14 0 14 0 14 0 14 0 14 0 14 0 14 0 14 0 14 0 14 0 14 0 14 0 14 0 14 0 14 0 14 0 14 0 14 0 14 0 14 0 14 0 14 0 14 0 14 0 14 0 14 0 14 0 14 0 14 0 14 0 14 0 14 0 14 0 14 0 14 0 14 0 14 0 14 0 14 0 14 0 14 0 14 0 14 0 14 0 14 0 15 0 15 0 15 0 15 0 15 0 15 0 15 0 15 0 15 0 15 0 15 0 15 0 15 0 15 0 15 0 15 0 15 0 15 0 15 0 15 0 15 0 15 0 15 0 15 0 15 0 15 0 15 0 15 0 15 0 15 0 15 0 15 0 15 0 15 0 15 0 15 0 15 0 15 0 15 0 15 0 15 0 15 0 15 0 15 0 15 0 15 0 15 0 15 0 15 0 15 0 15 0 15 0 15 0 15 0 15 0 15 0 15 0 15 0 15 0 15 0 15 0 15 0 15 0 15 0 15 0 15 0 15 0 15 0 15 0 15 0 15 0 15 0 15 0 15 0 15 0 15 0 15 0 15 0 15 0 15 0 15 0 15 0 15 0 15 0 15 0 15 0 15 0 15 0 15 0 15 0 15 0 15 0 15 0 15 0 15 0 15 0 15 0 15 0 15 0 15 0 15 0 15 0 15 0 15 0 15 0 15 0 15 0 15 0 15 0 15 0 15 0 15 0 15 0 15 0 15 0 15 0 15 0 15 0 15 0 15 0 15 0 15 0 15 0 15 0 15 0 15 0 15 0 15 0 15 0 15 0 15 0 15 0 15 0 15 0 15 0 15 0 15 0 15 0 15 0 15 0 15 0 15 0 15 0 15 0 15 0 15 0 11 0 11 0 11 0 11 0 11 0 11 0 11 0 11 0 11 0 11 0 11 0 11 0 11 0 11 0 11 0 11 0 11 0 11 0 11 0 11 0 11 0 11 0 11 0 11 0 11 0 11 0 11 0 11 0 11 0 11 0 11 0 11 0 11 0 11 0 11 0 11 0 11 0 11 0 11 0 11 0 11 0 11 0 11 0 11 0 11 0 11 0 11 0 11 0 11 0 11 0 11 0 11 0 11 0 11 0 11 0 11 0 11 0 11 0 11 0 11 0 11 0 11 0 11 0 11 0 11 0 11 0 11 0 11 0 11 0 11 0 11 0 11 0 11 0 11 0 11 0 11 0 11 0 11 0 11 0 11 0 11 0 11 0 11 0 11 0 11 0 11 0 11 0 11 0 11 0 11 0 11 0 11 0 11 0 11 0 11 0 11 0 11 0 12 0 12 0 12 0 12 0 12 0 12 0 12 0 12 0 13 0 13 0 13 0 13 0 13 0 13 0 13 0 13 0 11 0 11 0 11 0 11 0 11 0 11 0 11 0 11 0 11 0 11 0 11 0 11 0 11 0 11 0 11 0 11 0 11 0 11 0 11 0 11 0 11 0 11 0 11 0 11 0 11 0 11 0 11 0 11 0 11 0 11 0 11 0 11 0 11 0 11 0 11 0 11 0 11 0 11 0 11 0 11 0 11 0 11 0 11 0 11 0 11 0 11 0 11 0 11 0 11 0 11 0 11 0 11 0 11 0 11 0 11 0 11 0 11 0 11 0 11 0 11 0 11 0 11 0 11 0 11 0 11 0 11 0 11 0 11 0 11 0 11 0 11 0 11 0 11 0 11 0 11 0 11 0 11 0 11 0 11 0 11 0 11 0 11 0 11 0 11 0 11 0 11 0 11 0 11 0 11 0 11 0 11 0 11 0 11 0 11 0 11 0 11 0 11 0 11 0 11 0 11 0 11 0 11 0 11 0 11 0 11 0 11 0 11 0 11 0 11 0 11 0 11 0 11 0 11 0 11 0 11 0 11 0 11 0 11 0 11 0 11 0 11 0 11 0 11 0 11 0 11 0 11 0 11 0 11 0 11 0 11 0 11 0 11 0 11 0 11 0 11 0 11 0 11 0 11 0 11 0 11 0 11 0 11 0 11 0 11 0 11 0 11 0 11 0 11 0 11 0 11 0 11 0 11 0 11 0 11 0 11 0 11 0 11 0 11 0 11 0 11 0 11 0 11 0 11 0 11 0 11 0 11 0 11 0 11 0 11 0 11 0 11 0 11 0 11 0 11 0 11 0 11 0 11 0 11 0 11 0 11 0 11 0 11 0 11 0 11 0 11 0 11 0 11 0 11 0 11 0 11 0 11 0 11 0 11 0 11 0 11 0 11 0 11 0 11 0 11 0 11 0 11 0 11 0 11 0 11 0 11 0 11 0 11 0 11 0 11 0 11 0 11 0 11 0 11 0 11 0 11 0 11 0 11 0 11 0 11 0 11 0 11 0 11 0 11 0 11 0 11 0 11 0 11 0 11 0 11 0 11 0 11 0 11 0 11 0 11 0 11 0 11 0 11 0 11 0 11 0 11 0 11 0 11 0 11 0 11 0 11 0 11 0 11 0 11 0 11 0 11 0 11 0 11 0 11 0 11 0 11 0 11 0 11 0 11 0 11 0 11 0 11 0 11 0 11 0 11 0 11 0 11 0 11 0 11 0 11 0 11 0 11 0 11 0 11 0 11 0 11 0 11 0 11 0 12 0 12 0 12 0 12 0 12 0 12 0 12 0 12 0 12 0 12 0 12 0 12 0 12 0 12 0 12 0 12 0 12 0 12 0 12 0 12 0 12 0 12 0 12 0 12 0 12 0 12 0 12 0 12 0 12 0 12 0 12 0 12 0 12 0 12 0 12 0 12 0 12 0 12 0 12 0 12 0 12 0 12 0 12 0 12 0 12 0 12 0 12 0 12 0 12 0 12 0 12 0 12 0 12 0 12 0 12 0 12 0 12 0 12 0 12 0 12 0 12 0 12 0 12 0 12 0 12 0 12 0 12 0 12 0 12 0 12 0 12 0 12 0 12 0 12 0 12 0 12 0 12 0 12 0 12 0 12 0 12 0 12 0 12 0 12 0 12 0 12 0 12 0 12 0 12 0 12 0 12 0 12 0 12 0 12 0 12 0 12 0 12 0 12 0 12 0 12 0 12 0 12 0 12 0 12 0 12 0 12 0 12 0 12 0 12 0 12 0 12 0 12 0 12 0 12 0 12 0 12 0 12 0 12 0 18 0 18 0 18 0 18 0 18 0 18 0 18 0 18 0 18 0 18 0 18 0 18 0 18 0 18 0 18 0 18 0 18 0 18 0 18 0 18 0 18 0 18 0 18 0 18 0 18 0 18 0 18 0 18 0 18 0 18 0 18 0 18 0 18 0 18 0 18 0 18 0 18 0 18 0 18 0 18 0 18 0 18 0 18 0 18 0 18 0 18 0 18 0 18 0 18 0 18 0 18 0 18 0 18 0 18 0 18 0 18 0 18 0 18 0 18 0 18 0 18 0 18 0 18 0 18 0 18 0 18 0 18 0 18 0 18 0 18 0 18 0 18 0 18 0 18 0 18 0 18 0 18 0 18 0 28 0 28 0 28 0 28 0 28 0 28 0 28 0 28 0 28 0 28 0 28 0 28 0 28 0 28 0 28 0 28 0 28 0 28 0 28 0 28 0 28 0 28 0 28 0 28 0 28 0 28 0 28 0 28 0 28 0 28 0 28 0 28 0 28 0 28 0 28 0 28 0 28 0 28 0 28 0 28 0 28 0 28 0 28 0 28 0 28 0 28 0 28 0 28 0 28 0 28 0 28 0 28 0 28 0 28 0 28 0 28 0 28 0 28 0 28 0 28 0 28 0 28 0 28 0 28 0 28 0 28 0 28 0 28 0 28 0 28 0 28 0 28 0 28 0 28 0 28 0 28 0 28 0 28 0 11 0 11 0 11 0 11 0 11 0 11 0 11 0 11 0 11 0 11 0 11 0 11 0 11 0 11 0 11 0 11 0 11 0 11 0 11 0 11 0 11 0 11 0 11 0 11 0 11 0 11 0 11 0 11 0 11 0 11 0 11 0 11 0 11 0 11 0 11 0 11 0 11 0 11 0 11 0 11 0 11 0 11 0 11 0 11 0 11 0 11 0 11 0 11 0 11 0 11 0 11 0 11 0 11 0 11 0 11 0 11 0 11 0 11 0 11 0 11 0 11 0 11 0 11 0 11 0 11 0 11 0 11 0 11 0 11 0 11 0 11 0 24 0 24 0 24 0 24 0 24 0 24 0 24 0 24 0 24 0 24 0 24 0 24 0 24 0 24 0 24 0 24 0 24 0 24 0 24 0 24 0 24 0 24 0 24 0 24 0 24 0 24 0 11 0 11 0 11 0 11 0 11 0 11 0 11 0 11 0 11 0 11 0 11 0 11 0 11 0 11 0 11 0 11 0 11 0 11 0 11 0 11 0 11 0 11 0 11 0 11 0 11 0 11 0 11 0 11 0 11 0 11 0 11 0 11 0 11 0 11 0 11 0 11 0 11 0 11 0 11 0 11 0 11 0 11 0 11 0 11 0 11 0 11 0 11 0 11 0 11 0 11 0 11 0 11 0 11 0 11 0 11 0 11 0 11 0 11 0 11 0 11 0 11 0 11 0 11 0 11 0 11 0 11 0 11 0 11 0 11 0 11 0 11 0 11 0 11 0 11 0 3 0 3 0 3 0 3 0 24 0 24 0 24 0 24 0 24 0 11 0 11 0 11 0 11 0 19 0 19 0 19 0 19 0 19 0 19 0 19 0 19 0 19 0 19 0 19 0 19 0 19 0 19 0 19 0 19 0 19 0 19 0 19 0 19 0 19 0 19 0 19 0 19 0 19 0 19 0 19 0 19 0 19 0 19 0 19 0 19 0 19 0 19 0 19 0 19 0 19 0 19 0 19 0 19 0 19 0 19 0 19 0 19 0 19 0 19 0 19 0 19 0 19 0 19 0 19 0 19 0 19 0 19 0 19 0 19 0 19 0 19 0 19 0 19 0 19 0 19 0 19 0 19 0 19 0 19 0 19 0 19 0 19 0 19 0 19 0 19 0 19 0 19 0 19 0 19 0 19 0 19 0 19 0 19 0 19 0 19 0 19 0 19 0 19 0 19 0 19 0 19 0 19 0 19 0 19 0 19 0 19 0 19 0 19 0 19 0 19 0 19 0 19 0 19 0 19 0 19 0 19 0 19 0 19 0 19 0 19 0 19 0 19 0 19 0 19 0 19 0 19 0 19 0 19 0 19 0 19 0 19 0 19 0 19 0 19 0 19 0 19 0 19 0 19 0 19 0 19 0 19 0 19 0 19 0 19 0 19 0 19 0 19 0 19 0 19 0 19 0 19 0 19 0 19 0 19 0 19 0 19 0 19 0 19 0 19 0 19 0 19 0 19 0 19 0 19 0 19 0 19 0 19 0 19 0 19 0 19 0 19 0 19 0 19 0 19 0 19 0 19 0 19 0 19 0 19 0 19 0 19 0 19 0 19 0 19 0 19 0 19 0 19 0 19 0 19 0 19 0 19 0 19 0 19 0 19 0 19 0 19 0 19 0 19 0 19 0 19 0 19 0 19 0 19 0 19 0 19 0 19 0 19 0 19 0 19 0 19 0 19 0 19 0 19 0 19 0 19 0 11 0 11 0 11 0 11 0 11 0 11 0 11 0 11 0 11 0 11 0 11 0 11 0 11 0 11 0 11 0 11 0 11 0 11 0 11 0 11 0 11 0 11 0 11 0 11 0 28 0 28 0 28 0 28 0 28 0 28 0 28 0 28 0 28 0 28 0 28 0 28 0 28 0 28 0 28 0 28 0 18 0 18 0 18 0 18 0 18 0 18 0 18 0 18 0 18 0 18 0 18 0 18 0 18 0 18 0 18 0 18 0 11 0 11 0 11 0 11 0 11 0 11 0 11 0 11 0 11 0 11 0 11 0 11 0 11 0 11 0 11 0 11 0 11 0 11 0 11 0 11 0 11 0 11 0 11 0 11 0 11 0 11 0 11 0 11 0 11 0 11 0 11 0 11 0 11 0 11 0 3 0 3 0 3 0 18 0 18 0 18 0 18 0 18 0 18 0 18 0 18 0 18 0 18 0 18 0 18 0 18 0 18 0 18 0 18 0 18 0 18 0 18 0 28 0 28 0 28 0 28 0 28 0 28 0 28 0 28 0 28 0 28 0 28 0 28 0 28 0 28 0 28 0 28 0 28 0 28 0 28 0 28 0 28 0 28 0 28 0 28 0 28 0 28 0 28 0 28 0 28 0 28 0 28 0 28 0 18 0 18 0 18 0 18 0 18 0 18 0 18 0 18 0 18 0 18 0 18 0 18 0 18 0 18 0 18 0 18 0 28 0 28 0 28 0 11 0 11 0 11 0 12 0 3 0 3 0 3 0 5 0 5 0 5 0 5 0 5 0 5 0 5 0 5 0 5 0 5 0 5 0 5 0 5 0 5 0 5 0 5 0 5 0 5 0 5 0 5 0 5 0 5 0 5 0 5 0 5 0 5 0 5 0 5 0 5 0 5 0 5 0 5 0 5 0 5 0 5 0 5 0 5 0 5 0 5 0 5 0 5 0 5 0 5 0 5 0 5 0 5 0 5 0 5 0 5 0 5 0 5 0 5 0 5 0 5 0 5 0 5 0 5 0 5 0 5 0 5 0 5 0 5 0 5 0 5 0 5 0 5 0 5 0 5 0 5 0 5 0 5 0 5 0 5 0 5 0 5 0 5 0 5 0 5 0 5 0 5 0 5 0 5 0 5 0 5 0 5 0 5 0 5 0 5 0 5 0 5 0 5 0 5 0 5 0 5 0 5 0 5 0 5 0 5 0 5 0 5 0 5 0 5 0 5 0 5 0 5 0 5 0 5 0 5 0 5 0 5 0 5 0 5 0 5 0 5 0 5 0 5 0 5 0 5 0 5 0 5 0 5 0 5 0 5 0 5 0 5 0 5 0 5 0 5 0 5 0 5 0 5 0 5 0 5 0 5 0 5 0 5 0 5 0 5 0 5 0 5 0 5 0 5 0 5 0 5 0 5 0 5 0 5 0 5 0 5 0 5 0 5 0 5 0 5 0 5 0 5 0 5 0 5 0 5 0 5 0 5 0 5 0 5 0 5 0 5 0 5 0 5 0 5 0 5 0 5 0 5 0 5 0 5 0 5 0 5 0 5 0 5 0 5 0 5 0 5 0 5 0 5 0 5 0 5 0 5 0 5 0 5 0 5 0 5 0 5 0 5 0 5 0 5 0 5 0 5 0 5 0 5 0 5 0 5 0 5 0 5 0 5 0 5 0 5 0 5 0 5 0 5 0 5 0 5 0 5 0 5 0 5 0 5 0 5 0 5 0 5 0 5 0 5 0 5 0 5 0 5 0 5 0 5 0 5 0 5 0 5 0 5 0 5 0 5 0 5 0 5 0 5 0 5 0 5 0 5 0 5 0 5 0 5 0 5 0 5 0 5 0 5 0 5 0 5 0 5 0 5 0 5 0 5 0 5 0 5 0 5 0 5 0 5 0 5 0 5 0 5 0 5 0 5 0 5 0 5 0 5 0 5 0 5 0 5 0 5 0 5 0 5 0 5 0 5 0 5 0 5 0 5 0 5 0 5 0 5 0 5 0 5 0 5 0 5 0 5 0 5 0 5 0 5 0 5 0 5 0 5 0 5 0 5 0 5 0 5 0 5 0 5 0 5 0 5 0 5 0 5 0 5 0 5 0 5 0 5 0 5 0 5 0 5 0 5 0 5 0 5 0 5 0 5 0 5 0 5 0 5 0 5 0 5 0 5 0 5 0 5 0 5 0 5 0 5 0 5 0 5 0 5 0 5 0 5 0 5 0 5 0 5 0 5 0 5 0 5 0 5 0 5 0 5 0 6 0 6 0 6 0 6 0 6 0 6 0 6 0 6 0 6 0 6 0 6 0 6 0 6 0 6 0 6 0 6 0 6 0 6 0 6 0 6 0 6 0 6 0 6 0 6 0 6 0 6 0 6 0 6 0 6 0 6 0 6 0 6 0 6 0 6 0 6 0 6 0 6 0 6 0 6 0 6 0 6 0 6 0 6 0 6 0 6 0 6 0 6 0 6 0 6 0 6 0 6 0 6 0 6 0 6 0 6 0 6 0 6 0 6 0 6 0 6 0 6 0 6 0 6 0 6 0 6 0 6 0 6 0 6 0 6 0 6 0 6 0 6 0 6 0 6 0 6 0 6 0 6 0 6 0 6 0 6 0 6 0 6 0 6 0 6 0 6 0 6 0 6 0 6 0 6 0 6 0 6 0 6 0 6 0 6 0 6 0 6 0 6 0 6 0 6 0 6 0 6 0 6 0 6 0 6 0 6 0 6 0 6 0 6 0 6 0 6 0 6 0 6 0 6 0 6 0 6 0 6 0 6 0 6 0 6 0 6 0 6 0 6 0 6 0 6 0 6 0 6 0 6 0 6 0 6 0 6 0 6 0 6 0 6 0 6 0 6 0 6 0 6 0 6 0 6 0 6 0 6 0 6 0 6 0 6 0 6 0 6 0 6 0 6 0 6 0 6 0 6 0 6 0 6 0 6 0 6 0 6 0 6 0 6 0 6 0 6 0 6 0 6 0 6 0 6 0 6 0 6 0 6 0 6 0 6 0 6 0 6 0 6 0 6 0 6 0 6 0 6 0 6 0 6 0 6 0 6 0 6 0 6 0 6 0 6 0 6 0 6 0 6 0 6 0 6 0 6 0 6 0 6 0 6 0 6 0 6 0 6 0 6 0 6 0 6 0 6 0 6 0 6 0 6 0 6 0 6 0 6 0 6 0 6 0 6 0 6 0 6 0 6 0 6 0 6 0 6 0 6 0 6 0 6 0 6 0 6 0 6 0 6 0 6 0 6 0 6 0 6 0 6 0 6 0 6 0 6 0 6 0 6 0 6 0 6 0 6 0 6 0 6 0 6 0 6 0 6 0 6 0 6 0 6 0 6 0 6 0 6 0 6 0 6 0 6 0 6 0 6 0 6 0 6 0 6 0 6 0 6 0 6 0 6 0 6 0 6 0 6 0 6 0 6 0 6 0 6 0 6 0 6 0 6 0 6 0 6 0 6 0 6 0 6 0 6 0 6 0 6 0 6 0 6 0 6 0 6 0 6 0 6 0 6 0 6 0 6 0 6 0 6 0 6 0 6 0 6 0 6 0 6 0 6 0 6 0 6 0 6 0 6 0 6 0 6 0 6 0 6 0 6 0 6 0 6 0 6 0 6 0 6 0 6 0 6 0 6 0 6 0 6 0 6 0 6 0 6 0 6 0 6 0 6 0 6 0 6 0 6 0 6 0 6 0 6 0 6 0 6 0 6 0 6 0 6 0 6 0 6 0 6 0 7 0 7 0 7 0 7 0 7 0 7 0 7 0 7 0 7 0 7 0 7 0 7 0 7 0 7 0 7 0 7 0 7 0 7 0 7 0 7 0 7 0 7 0 7 0 7 0 7 0 7 0 7 0 7 0 7 0 7 0 7 0 7 0 7 0 7 0 7 0 7 0 7 0 7 0 7 0 7 0 7 0 7 0 7 0 7 0 7 0 7 0 7 0 7 0 7 0 7 0 7 0 7 0 7 0 7 0 7 0 7 0 7 0 7 0 7 0 7 0 7 0 7 0 7 0 7 0 7 0 7 0 7 0 7 0 7 0 7 0 7 0 7 0 7 0 7 0 7 0 7 0 7 0 7 0 7 0 7 0 7 0 7 0 7 0 7 0 7 0 7 0 7 0 7 0 7 0 7 0 7 0 7 0 7 0 7 0 7 0 7 0 7 0 7 0 7 0 7 0 7 0 7 0 7 0 7 0 7 0 7 0 7 0 7 0 7 0 7 0 7 0 7 0 7 0 7 0 7 0 7 0 7 0 7 0 7 0 7 0 7 0 7 0 7 0 7 0 7 0 7 0 7 0 7 0 7 0 7 0 7 0 7 0 7 0 7 0 7 0 7 0 7 0 7 0 7 0 7 0 7 0 7 0 7 0 7 0 7 0 7 0 7 0 7 0 7 0 7 0 7 0 7 0 7 0 7 0 7 0 7 0 7 0 7 0 7 0 7 0 7 0 7 0 7 0 7 0 7 0 7 0 7 0 7 0 7 0 7 0 7 0 7 0 7 0 7 0 7 0 7 0 7 0 7 0 7 0 7 0 7 0 7 0 7 0 7 0 7 0 7 0 7 0 7 0 7 0 7 0 7 0 7 0 7 0 7 0 7 0 7 0 7 0 7 0 7 0 7 0 7 0 7 0 7 0 7 0 7 0 7 0 7 0 7 0 7 0 7 0 7 0 7 0 7 0 7 0 7 0 7 0 7 0 7 0 7 0 7 0 7 0 7 0 7 0 7 0 7 0 7 0 7 0 7 0 7 0 7 0 7 0 7 0 7 0 7 0 7 0 7 0 7 0 7 0 7 0 7 0 7 0 7 0 7 0 7 0 7 0 7 0 7 0 7 0 7 0 7 0 7 0 7 0 7 0 7 0 7 0 7 0 7 0 7 0 7 0 7 0 7 0 7 0 7 0 7 0 7 0 7 0 7 0 7 0 7 0 7 0 7 0 7 0 7 0 7 0 7 0 7 0 7 0 7 0 7 0 7 0 7 0 7 0 7 0 7 0 7 0 7 0 7 0 7 0 7 0 7 0 7 0 7 0 7 0 7 0 7 0 7 0 7 0 7 0 7 0 7 0 7 0 7 0 7 0 7 0 7 0 7 0 7 0 7 0 7 0 7 0 7 0 7 0 7 0 7 0 7 0 7 0 7 0 7 0 7 0 7 0 7 0 7 0 7 0 7 0 7 0 7 0 7 0 7 0 7 0 7 0 7 0 7 0 9 0 9 0 9 0 9 0 9 0 9 0 9 0 9 0 9 0 9 0 9 0 9 0 9 0 9 0 9 0 9 0 9 0 9 0 9 0 9 0 9 0 9 0 9 0 9 0 9 0 9 0 9 0 9 0 9 0 9 0 9 0 9 0 9 0 9 0 9 0 9 0 9 0 9 0 9 0 9 0 9 0 9 0 9 0 9 0 9 0 9 0 9 0 9 0 9 0 9 0 9 0 9 0 9 0 9 0 9 0 9 0 9 0 9 0 9 0 9 0 9 0 9 0 9 0 9 0 9 0 9 0 9 0 9 0 9 0 9 0 9 0 9 0 9 0 9 0 9 0 9 0 9 0 9 0 9 0 9 0 9 0 9 0 9 0 9 0 9 0 9 0 9 0 9 0 9 0 9 0 9 0 9 0 9 0 9 0 9 0 9 0 9 0 9 0 9 0 9 0 9 0 9 0 9 0 9 0 9 0 9 0 9 0 9 0 9 0 9 0 9 0 9 0 9 0 9 0 9 0 9 0 9 0 9 0 9 0 9 0 9 0 9 0 9 0 9 0 9 0 9 0 9 0 9 0 9 0 9 0 9 0 9 0 9 0 9 0 9 0 9 0 9 0 9 0 9 0 9 0 9 0 9 0 9 0 9 0 9 0 9 0 9 0 9 0 9 0 9 0 9 0 9 0 9 0 9 0 9 0 9 0 9 0 9 0 9 0 9 0 9 0 9 0 9 0 9 0 9 0 9 0 9 0 9 0 9 0 9 0 9 0 9 0 9 0 9 0 9 0 9 0 9 0 9 0 9 0 9 0 9 0 9 0 9 0 9 0 9 0 9 0 9 0 9 0 9 0 9 0 9 0 9 0 9 0 9 0 9 0 9 0 9 0 9 0 9 0 9 0 9 0 9 0 9 0 9 0 9 0 9 0 9 0 9 0 9 0 9 0 9 0 9 0 9 0 9 0 9 0 9 0 9 0 9 0 9 0 9 0 9 0 9 0 9 0 9 0 9 0 9 0 9 0 9 0 9 0 9 0 9 0 9 0 9 0 9 0 9 0 9 0 9 0 9 0 9 0 9 0 9 0 9 0 9 0 9 0 9 0 9 0 9 0 9 0 9 0 9 0 9 0 9 0 9 0 9 0 9 0 9 0 9 0 9 0 9 0 9 0 9 0 9 0 9 0 9 0 9 0 9 0 9 0 9 0 9 0 9 0 9 0 9 0 9 0 9 0 9 0 9 0 9 0 9 0 9 0 9 0 9 0 9 0 9 0 9 0 9 0 9 0 9 0 9 0 9 0 9 0 9 0 9 0 9 0 9 0 9 0 9 0 9 0 9 0 9 0 9 0 9 0 9 0 9 0 9 0 9 0 9 0 9 0 9 0 9 0 9 0 9 0 9 0 9 0 9 0 9 0 9 0 9 0 9 0 9 0 9 0 9 0 9 0 9 0 9 0 9 0 9 0 9 0 9 0 9 0 9 0 9 0 9 0 10 0 10 0 10 0 10 0 10 0 10 0 10 0 10 0 10 0 10 0 10 0 10 0 10 0 10 0 10 0 10 0 10 0 10 0 10 0 10 0 10 0 10 0 10 0 10 0 10 0 10 0 10 0 10 0 10 0 10 0 10 0 10 0 10 0 10 0 10 0 10 0 10 0 10 0 10 0 10 0 10 0 10 0 10 0 10 0 10 0 10 0 10 0 10 0 10 0 10 0 10 0 10 0 10 0 10 0 10 0 10 0 10 0 10 0 10 0 10 0 10 0 10 0 10 0 10 0 10 0 10 0 10 0 10 0 10 0 10 0 10 0 10 0 10 0 10 0 10 0 10 0 10 0 10 0 10 0 10 0 10 0 10 0 10 0 10 0 10 0 10 0 10 0 10 0 10 0 10 0 10 0 10 0 10 0 10 0 10 0 10 0 10 0 10 0 10 0 10 0 10 0 10 0 10 0 10 0 10 0 10 0 10 0 10 0 10 0 10 0 10 0 10 0 10 0 10 0 10 0 10 0 10 0 10 0 10 0 10 0 10 0 10 0 10 0 10 0 10 0 10 0 10 0 10 0 10 0 10 0 10 0 10 0 10 0 10 0 10 0 10 0 10 0 10 0 10 0 10 0 10 0 10 0 10 0 10 0 10 0 10 0 10 0 10 0 10 0 10 0 10 0 10 0 10 0 10 0 10 0 10 0 10 0 10 0 10 0 10 0 10 0 10 0 10 0 10 0 10 0 10 0 10 0 10 0 10 0 10 0 10 0 10 0 10 0 10 0 10 0 10 0 10 0 10 0 10 0 10 0 10 0 10 0 10 0 10 0 10 0 10 0 10 0 10 0 10 0 10 0 10 0 10 0 10 0 10 0 10 0 10 0 10 0 10 0 10 0 10 0 10 0 10 0 10 0 10 0 10 0 10 0 10 0 10 0 10 0 10 0 10 0 10 0 10 0 10 0 10 0 10 0 10 0 10 0 10 0 10 0 10 0 10 0 10 0 10 0 10 0 10 0 10 0 10 0 10 0 10 0 10 0 10 0 10 0 10 0 10 0 10 0 10 0 10 0 10 0 10 0 10 0 10 0 10 0 10 0 10 0 10 0 10 0 10 0 10 0 10 0 10 0 10 0 10 0 10 0 10 0 10 0 10 0 10 0 10 0 10 0 10 0 10 0 10 0 10 0 10 0 10 0 10 0 10 0 10 0 10 0 10 0 10 0 10 0 10 0 10 0 10 0 10 0 10 0 10 0 10 0 10 0 10 0 10 0 10 0 10 0 10 0 10 0 10 0 10 0 10 0 10 0 10 0 10 0 10 0 10 0 10 0 10 0 10 0 10 0 10 0 10 0 10 0 10 0 10 0 10 0 10 0 10 0 10 0 10 0 10 0 10 0 10 0 10 0 10 0 10 0 10 0 10 0 10 0 10 0 10 0 10 0 10 0 10 0 10 0 10 0 10 0 10 0 10 0 10 0 10 0 10 0 10 0 12 1 3 2 12 3 3 4 2 5 1 6 12 7 3 8 2 9 1 10 12 11 3 12 12 13 3 14 2 15 1 16 12 17 3 18 12 19 3 20 12 21 3 22 2 23 1 24 12 25 3 26 2 27 1 28 12 29 3 30 12 31 3 32 12 33 3 34 2 35 1 36 12 37 3 38 2 39 1 40 12 41 3 42 12 43 3 44 2 45 1 46 12 47 3 48 2 49 1 50 12 51 3 52 2 53 1 54 12 55 3 56 12 57 3 58 2 59 1 60 12 61 3 62 2 63 1 64 12 65 3 66 12 67 3 68 2 69 1 70 12 71 3 72 2 73 1 74 12 75 3 76 2 77 1 78 12 79 3 80 2 81 1 82 12 83 3 84 2 85 1 86 12 87 3 88 2 89 1 90 12 91 3 92 2 93 1 94 12 95 3 96 2 97 1 98 12 99 3 100 2 101 1 102 12 103 3 104 2 105 1 106 12 107 3 108 2 109 1 110 12 111 3 112 2 113 1 114 12 115 3 116 2 117 1 118 12 119 3 120 2 121 1 122 12 123 3 124 2 125 1 126 12 127 3 128 2 129 1 130 12 131 3 132 2 133 1 134 12 135 3 136 2 137 1 138 12 139 3 140 2 141 1 142 12 143 3 144 2 145 1 146 12 147 3 148 2 149 1 150 12 151 3 152 12 153 3 154 2 155 1 156 12 157 3 158 12 159 3 160 12 161 3 162 2 163 1 164 12 165 3 166 2 167 1 168</v>
        </vertex_weights>
      </skin>
      <extra>
        <technique profile="FCOLLADA">
          <user_properties>SkinController</user_properties>
        </technique>
      </extra>
    </controller>
  </library_controllers>
  <library_visual_scenes>
    <visual_scene id="VisualSceneNode" name="rdmscene">
      <node id="VisualSceneNode1" name="menkmackspaceship_MenkMackSpaceShip_Armature" sid="menkmackspaceship_MenkMackSpaceShip_Armature" type="JOINT">
        <matrix>100 0 0 0 0 -0.000016 100 0 0 -100 -0.000016 0 0 0 0 1</matrix>
        <node id="VisualSceneNode2" name="Bone_000" sid="Bone_000" type="JOINT">
          <matrix>1 0 0 0 0 1 0 0 0 0 1 0 0 0 0 1</matrix>
          <node id="VisualSceneNode3" name="Bone_001" sid="Bone_001" type="JOINT">
            <matrix>-1 0 0.000004 0 0.000004 -0.028629 0.99959 0 0.000000 0.99959 0.028629 0 0 0 0 1</matrix>
            <node id="VisualSceneNode4" name="Bone_002" sid="Bone_002" type="JOINT">
              <matrix>-1 0.000002 0.000003 0.000009 0 -0.752331 0.658785 0.220481 0.000004 0.658785 0.752332 2.1496 0 0 0 1</matrix>
              <node id="VisualSceneNode5" name="Bone_011" sid="Bone_011" type="JOINT">
                <matrix>1 0 0 0 0 0.286743 -0.958007 0.714968 0 0.958008 0.286743 -0.000000 0 0 0 1</matrix>
                <node id="VisualSceneNode6" name="Bone_003" sid="Bone_003" type="JOINT">
                  <matrix>1 0 0 0 0 1 -0.000000 0.533418 0 0.000000 1 -0.000000 0 0 0 1</matrix>
                </node>
              </node>
            </node>
            <node id="VisualSceneNode7" name="Bone_004" sid="Bone_004" type="JOINT">
              <matrix>-1 0.000004 -0.000001 0.000006 0 0.265417 0.964134 0.405676 0.000004 0.964134 -0.265417 1.47363 0 0 0 1</matrix>
            </node>
            <node id="VisualSceneNode8" name="Bone_005" sid="Bone_005" type="JOINT">
              <matrix>-1 0.000003 -0.000003 0.000004 0 0.678036 0.735028 0.854631 0.000004 0.735028 -0.678036 0.926467 0 0 0 1</matrix>
            </node>
            <node id="VisualSceneNode9" name="Bone_006" sid="Bone_006" type="JOINT">
              <matrix>1 -0.000003 -0.000002 -0.000009 0 -0.619584 0.78493 1.0393 -0.000004 -0.78493 -0.619584 -2.18914 0 0 0 1</matrix>
              <node id="VisualSceneNode10" name="Bone_013" sid="Bone_013" type="JOINT">
                <matrix>1 0 -0.000000 0 0 1 0 0.663329 0.000000 0.000000 1 0 0 0 0 1</matrix>
              </node>
            </node>
            <node id="VisualSceneNode11" name="Bone_007" sid="Bone_007" type="JOINT">
              <matrix>1 -0.000003 0.000002 -0.000006 0 0.621219 0.783637 1.16605 -0.000004 -0.783637 0.621219 -1.47091 0 0 0 1</matrix>
            </node>
            <node id="VisualSceneNode12" name="Bone_008" sid="Bone_008" type="JOINT">
              <matrix>1 -0.000002 0.000003 -0.000003 0.000000 0.857129 0.515101 1.27349 -0.000004 -0.515101 0.857129 -0.765316 0 0 0 1</matrix>
            </node>
            <node id="VisualSceneNode13" name="Bone_009" sid="Bone_009" type="JOINT">
              <matrix>-1 -0.000000 0.000002 -0.000000 0.000000 0.987208 0.159438 0.578999 -0.000002 0.159438 -0.987208 -0.124325 0 0 0 1</matrix>
              <node id="VisualSceneNode14" name="Bone_010" sid="Bone_010" type="JOINT">
                <matrix>1 -0.000003 0.000006 -0.000003 0.000000 0.918899 0.394494 0.773661 -0.000007 -0.394494 0.918898 -0.332142 0 0 0 1</matrix>
              </node>
              <node id="VisualSceneNode15" name="Bone_012" sid="Bone_012" type="JOINT">
                <matrix>-1 0.000001 -0.000006 0.000001 -0.000000 0.92158 0.38819 0.691229 0.000006 0.388189 -0.92158 0.291161 0 0 0 1</matrix>
              </node>
              <node id="VisualSceneNode16" name="Bone_014" sid="Bone_014" type="JOINT">
                <matrix>-0.244334 0.87755 0.412562 1.19724 -0.127136 -0.450775 0.883537 0.212642 0.961321 0.163427 0.221708 -0.460733 0 0 0 1</matrix>
                <node id="VisualSceneNode17" name="Bone_015" sid="Bone_015" type="JOINT">
                  <matrix>0.241677 0.970357 -0.000000 0.413216 -0.878152 0.218712 -0.425457 0.687155 -0.412845 0.102823 0.904979 0.323051 0 0 0 1</matrix>
                  <node id="VisualSceneNode18" name="Bone_016" sid="Bone_016" type="JOINT">
                    <matrix>0.174249 -0.551436 0.815816 0 -0.984702 -0.09758 0.144363 0.83953 0.000000 -0.828491 -0.560003 0 0 0 0 1</matrix>
                    <node id="VisualSceneNode19" name="Bone_019" sid="Bone_019" type="JOINT">
                      <matrix>0.978166 -0.000000 0.207826 -0.000000 -0.000000 1 0 0.921988 -0.207825 -0.000000 0.978166 -0.000000 0 0 0 1</matrix>
                    </node>
                  </node>
                </node>
                <node id="VisualSceneNode20" name="Bone_017" sid="Bone_017" type="JOINT">
                  <matrix>0.460759 -0.842483 -0.279149 -0.608141 0.803191 0.529632 -0.272715 0.382312 0.377604 -0.098553 0.920708 -0.07114 0 0 0 1</matrix>
                </node>
                <node id="VisualSceneNode21" name="Bone_018" sid="Bone_018" type="JOINT">
                  <matrix>0.955762 0.221981 0.192986 0.194925 -0.266192 0.931893 0.246407 0.818309 -0.125145 -0.286877 0.949758 -0.251911 0 0 0 1</matrix>
                </node>
              </node>
              <node id="VisualSceneNode22" name="Bone_020" sid="Bone_020" type="JOINT">
                <matrix>1 -0.000004 0.000006 -0.000004 0.000000 0.894088 0.447892 1.08473 -0.000007 -0.447892 0.894088 -0.543393 0 0 0 1</matrix>
              </node>
              <node id="VisualSceneNode23" name="Bone_021" sid="Bone_021" type="JOINT">
                <matrix>-0.497599 0.687019 -0.529528 1.09879 -0.113726 0.55353 0.825028 0.885291 0.859919 0.470754 -0.197305 0.752904 0 0 0 1</matrix>
              </node>
              <node id="VisualSceneNode24" name="Bone_022" sid="Bone_022" type="JOINT">
                <matrix>0.497612 -0.687014 -0.529523 -1.09878 -0.113725 0.553527 -0.82503 0.885285 0.859912 0.470765 0.197312 0.752919 0 0 0 1</matrix>
              </node>
              <node id="VisualSceneNode25" name="Bone_023" sid="Bone_023" type="JOINT">
                <matrix>0.244347 -0.877547 0.41256 -1.19724 -0.127136 -0.450776 -0.883537 0.21264 0.961318 0.163438 -0.221713 -0.460716 0 0 0 1</matrix>
                <node id="VisualSceneNode26" name="Bone_024" sid="Bone_024" type="JOINT">
                  <matrix>0.24434 0.96969 -0.000000 0.413215 -0.877549 0.221122 0.425456 0.68716 0.41256 -0.103955 0.904979 -0.323053 0 0 0 1</matrix>
                  <node id="VisualSceneNode27" name="Bone_025" sid="Bone_025" type="JOINT">
                    <matrix>-0.187671 -0.5483 0.814952 0 0.982232 -0.104761 0.155709 0.839527 0.000000 0.829694 0.558218 0 0 0 0 1</matrix>
                    <node id="VisualSceneNode28" name="Bone_027" sid="Bone_027" type="JOINT">
                      <matrix>0.974399 0.000000 -0.224824 0.000000 0 1 -0.000000 0.918726 0.224823 -0.000000 0.9744 -0.000000 0 0 0 1</matrix>
                    </node>
                  </node>
                </node>
                <node id="VisualSceneNode29" name="Bone_026" sid="Bone_026" type="JOINT">
                  <matrix>0.955762 0.221981 -0.192986 0.194925 -0.266192 0.931894 -0.246407 0.81831 0.125145 0.286877 0.949758 0.251912 0 0 0 1</matrix>
                </node>
                <node id="VisualSceneNode30" name="Bone_028" sid="Bone_028" type="JOINT">
                  <matrix>0.46076 -0.842482 0.279149 -0.60814 0.803192 0.529633 0.272713 0.382312 -0.377603 0.098554 0.920708 0.071141 0 0 0 1</matrix>
                </node>
              </node>
            </node>
          </node>
          <node id="VisualSceneNode31" name="Bone_029" sid="Bone_029" type="JOINT">
            <matrix>1 0 0 0 0 1 0 0 0 0 1 0 0 0 0 1</matrix>
          </node>
        </node>
      </node>
      <node id="VisualSceneNode32" name="menkmackspaceship_MenkMackSpaceShip" type="NODE">
        <matrix>1 0 0 0 0 1 0 0 0 0 1 0 0 0 0 1</matrix>
        <instance_controller url="#Controller">
          <skeleton>#VisualSceneNode1</skeleton>
          <bind_material>
            <technique_common>
              <instance_material symbol="VisualMaterial0" target="#VisualMaterial"/>
            </technique_common>
          </bind_material>
        </instance_controller>
      </node>
    </visual_scene>
  </library_visual_scenes>
  <scene>
    <instance_visual_scene url="#VisualSceneNode"/>
  </scene>
</COLLADA>
