<?xml version="1.0" encoding="utf-8"?>
<COLLADA xmlns="http://www.collada.org/2005/11/COLLADASchema" version="1.4.1">
  <asset>
    <created>2026-03-16T11:10:58Z</created>
    <modified>2026-03-16T11:10:58Z</modified>
  </asset>
  <library_images>
    <image id="Image">
      <init_from>./DrenkendShip_DIF.png%20.png</init_from>
    </image>
  </library_images>
  <library_materials>
    <material id="VisualMaterial" name="drenkendship_DrenkendShip">
      <instance_effect url="#Effect"/>
      <extra>
        <technique profile="FCOLLADA">
          <user_properties>drenkendship_DrenkendShip</user_properties>
        </technique>
      </extra>
    </material>
  </library_materials>
  <library_effects>
    <effect id="Effect" name="S__tmp_StarControl_Ships_Drenkend_DrenkendShip_DIF_png__png">
      <profile_COMMON>
        <newparam sid="Image-surface">
          <surface type="2D">
            <init_from>Image</init_from>
            <format>A8R8G8B8</format>
          </surface>
        </newparam>
        <newparam sid="Image-sampler">
          <sampler2D>
            <source>Image-surface</source>
            <wrap_s>WRAP</wrap_s>
            <wrap_t>WRAP</wrap_t>
            <minfilter>NONE</minfilter>
            <magfilter>NONE</magfilter>
            <mipfilter>NONE</mipfilter>
          </sampler2D>
        </newparam>
        <technique sid="common">
          <phong>
            <emission>
              <color>0 0 0 1</color>
            </emission>
            <ambient>
              <color>0 0 0 1</color>
            </ambient>
            <diffuse>
              <texture texture="Image-sampler" texcoord=""/>
            </diffuse>
            <specular>
              <color>1 1 1 1</color>
            </specular>
            <shininess>
              <float>0</float>
            </shininess>
            <transparent opaque="A_ONE">
              <color>0 0 0 1</color>
            </transparent>
            <transparency>
              <float>1</float>
            </transparency>
            <index_of_refraction>
              <float>1.55</float>
            </index_of_refraction>
          </phong>
          <extra>
            <technique profile="FCOLLADA">
              <spec_level>
                <float>0</float>
              </spec_level>
            </technique>
          </extra>
        </technique>
      </profile_COMMON>
      <extra>
        <technique profile="FCOLLADA">
          <user_properties>S:%5Ctmp%5CStarControl%5CShips%5CDrenkend%5CDrenkendShip_DIF.png .png</user_properties>
        </technique>
      </extra>
    </effect>
  </library_effects>
  <library_geometries>
    <geometry id="Geometry" name="drenkendship_DrenkendShip">
      <mesh>
        <source id="GeometrySource" name="drenkendship_DrenkendShipPos">
          <float_array id="GeometrySource-array" count="22140">43.264 97.3684 43.6779 -43.264 97.3684 43.6779 -43.264 97.3684 -30.5416 43.264 97.3684 -30.5416 -43.264 193.98 -29.6993 43.264 193.98 55.0251 43.264 193.98 -29.6993 -43.264 193.98 55.025 43.264 97.3684 43.6779 43.264 166.197 55.0251 43.264 107.454 55.0251 -43.264 166.383 -192.961 43.264 13.2578 -192.961 -43.264 13.2578 -192.961 -43.264 146.136 -159.043 -43.264 97.3684 -30.5416 -43.264 162.579 -29.4568 -43.264 13.2578 -115.825 -43.264 146.136 -159.043 43.264 193.98 -79.5265 43.264 146.136 -159.043 43.264 193.98 55.0251 -43.264 193.98 55.025 -43.264 166.197 55.0251 43.264 166.197 55.0251 43.264 107.454 55.0251 -43.264 107.454 55.0251 -43.264 166.197 55.0251 -43.264 193.98 -29.6993 -43.264 193.98 55.025 -43.264 13.2578 -192.961 -43.264 146.136 -159.043 -43.264 166.383 -192.961 -43.264 13.2578 -115.825 43.264 13.2578 -192.961 43.264 166.383 -192.961 43.264 146.136 -159.043 -129.204 212.228 -115.248 -79.3179 253.847 37.3902 -79.3179 253.847 -115.248 -129.204 212.228 37.3902 -49.6336 197.496 37.3902 -49.6336 197.496 -115.248 -49.6336 231.753 37.3902 -49.6335 231.753 -115.248 -49.6335 231.753 -115.248 -84.643 184.501 -115.248 -79.3179 253.847 -115.248 -49.6336 197.496 -115.248 -79.3179 253.847 -115.248 -49.6336 231.753 37.3902 -49.6335 231.753 -115.248 -79.3179 253.847 37.3902 -43.984 173.846 -109.743 -43.984 173.846 -46.923 -43.9259 123.143 -46.923 -43.9259 123.143 -109.743 -78.9935 160.852 -109.743 -43.984 173.846 -109.743 -43.9259 123.143 -109.743 -73.3016 123.616 -109.743 -84.643 184.501 -115.248 -90.3647 118.853 -115.248 -129.204 212.228 -115.248 -84.643 184.501 -115.248 -129.204 212.228 -115.248 -79.3179 253.847 -115.248 -78.9935 160.852 -46.923 -43.9259 123.143 -46.923 -43.984 173.846 -46.923 -84.643 184.501 -115.248 -84.643 184.501 37.3902 -71.5439 118.938 37.3902 -71.5439 118.938 -115.248 -142.829 83.3816 -99.8811 -89.5843 119.571 -110.42 -142.829 83.3816 -110.42 -142.829 83.3816 -31.7883 -89.5843 119.571 -39.6396 -142.829 83.3816 -39.7454 -89.5843 119.571 -31.7883 -128.249 44.0036 -99.8811 -142.829 83.3816 -39.7454 -142.829 83.3816 -99.8811 -128.249 44.0036 -39.7454 -142.829 83.3816 -110.42 -128.249 44.0036 -31.7883 -128.249 44.0036 -110.42 -142.829 83.3816 -31.7883 145.437 209.049 -10.2054 166.471 150.235 -19.1634 158.815 209.049 -23.5837 149.857 150.235 -2.54936 127.162 209.049 -5.30866 127.162 150.235 3.53187 145.437 209.049 -10.2054 149.857 150.235 -2.54936 108.887 209.049 -10.2054 127.162 150.235 3.53187 127.162 209.049 -5.30866 104.467 150.235 -2.54936 92.7524 187.876 -21.9924 108.887 209.049 -10.2054 95.5086 209.049 -23.5837 104.467 150.235 -2.54936 95.5086 209.049 -23.5837 87.4293 187.876 -41.8586 92.7524 187.876 -21.9924 90.6118 209.049 -41.8586 90.6118 209.049 -41.8586 95.5086 209.049 -60.1337 87.4293 187.876 -41.8586 92.7524 187.876 -61.725 108.887 209.049 -73.5118 92.7524 187.876 -61.725 95.5086 209.049 -60.1337 104.467 150.235 -81.168 127.162 209.049 -78.4087 127.162 150.235 -87.2491 108.887 209.049 -73.5118 104.467 150.235 -81.168 145.437 209.049 -73.5118 127.162 150.235 -87.2491 127.162 209.049 -78.4087 149.857 150.235 -81.168 158.815 209.049 -60.1337 149.857 150.235 -81.168 145.437 209.049 -73.5118 166.471 150.235 -64.5539 163.712 209.049 -41.8586 172.552 150.235 -41.8586 158.815 209.049 -60.1337 166.471 150.235 -64.5539 143.287 206.399 -41.8586 155.092 206.399 -25.7332 159.413 206.399 -41.8586 143.287 206.399 -13.9286 145.153 103.095 -10.6968 158.324 103.095 -59.8499 158.324 103.095 -23.8673 163.144 103.095 -41.8586 166.51 146.105 -41.8586 166.471 150.235 -19.1634 161.239 146.105 -22.1844 172.552 150.235 -41.8586 161.239 146.105 -22.1844 149.857 150.235 -2.54936 146.836 146.105 -7.78172 166.471 150.235 -19.1634 146.836 146.105 -7.78172 127.162 150.235 3.53187 127.162 146.105 -2.51005 149.857 150.235 -2.54936 104.467 150.235 -2.54936 127.162 146.105 -2.51005 127.162 150.235 3.53187 107.487 146.105 -7.78172 95.4329 182.068 -24.1025 107.487 146.105 -7.78172 104.467 150.235 -2.54936 92.7524 187.876 -21.9924 87.4293 187.876 -41.8586 95.4329 182.068 -24.1025 92.7524 187.876 -21.9924 90.1612 182.067 -41.8586 95.4329 182.067 -59.6149 87.4293 187.876 -41.8586 92.7524 187.876 -61.725 90.1612 182.067 -41.8586 95.4329 182.067 -59.6149 104.467 150.235 -81.168 107.488 146.105 -75.9355 92.7524 187.876 -61.725 104.467 150.235 -81.168 127.162 146.105 -81.2073 107.488 146.105 -75.9355 127.162 150.235 -87.2491 127.162 146.105 -81.2073 149.857 150.235 -81.168 146.836 146.105 -75.9355 127.162 150.235 -87.2491 166.471 150.235 -64.5539 146.836 146.105 -75.9355 149.857 150.235 -81.168 161.239 146.105 -61.533 172.552 150.235 -41.8586 161.239 146.105 -61.533 166.471 150.235 -64.5539 166.51 146.105 -41.8586 161.239 140.322 -22.1844 166.51 146.105 -41.8586 161.239 146.105 -22.1844 166.51 140.322 -41.8586 161.239 146.105 -22.1844 146.836 146.105 -7.78172 146.836 140.322 -7.78172 161.239 140.322 -22.1844 146.836 146.105 -7.78172 127.162 146.105 -2.51005 127.162 140.322 -2.51005 146.836 140.322 -7.78172 127.162 146.105 -2.51005 107.487 146.105 -7.78172 107.487 140.322 -7.78172 127.162 140.322 -2.51005 107.487 146.105 -7.78172 95.4329 182.068 -24.1025 93.0849 146.407 -22.1844 90.1612 182.067 -41.8586 87.8132 146.664 -41.8586 95.4329 182.068 -24.1025 93.0849 146.407 -22.1844 87.8132 146.664 -41.8586 90.1612 182.067 -41.8586 95.4329 182.067 -59.6149 93.0849 146.327 -61.533 95.4329 182.067 -59.6149 107.488 146.105 -75.9355 93.0849 146.327 -61.533 107.488 146.105 -75.9355 127.162 146.105 -81.2073 127.162 140.322 -81.2073 107.488 140.322 -75.9355 127.162 146.105 -81.2073 146.836 146.105 -75.9355 146.836 140.322 -75.9355 127.162 140.322 -81.2073 146.836 146.105 -75.9355 161.239 146.105 -61.533 161.239 140.322 -61.533 146.836 140.322 -75.9355 166.51 140.322 -41.8586 161.239 146.105 -61.533 166.51 146.105 -41.8586 161.239 140.322 -61.533 171.739 136.467 -41.8586 161.239 140.322 -22.1844 165.767 136.467 -19.57 166.51 140.322 -41.8586 149.45 136.467 -3.25377 165.767 136.467 -19.57 161.239 140.322 -22.1844 146.836 140.322 -7.78172 127.162 136.467 2.71846 146.836 140.322 -7.78172 127.162 140.322 -2.51005 149.45 136.467 -3.25377 127.162 136.467 2.71846 107.487 140.322 -7.78172 104.873 136.467 -3.25377 127.162 140.322 -2.51005 104.873 136.467 -3.25377 95.4329 120.431 -24.1025 91.7265 115.442 -21.4001 107.487 140.322 -7.78172 95.4329 120.431 -24.1025 90.1612 120.431 -41.8586 86.2446 115.442 -41.8586 91.7265 115.442 -21.4001 95.4329 120.217 -59.6149 86.2446 115.442 -41.8586 90.1612 120.431 -41.8586 91.7265 115.442 -62.3172 104.873 136.467 -80.4636 91.7265 115.442 -62.3172 95.4329 120.217 -59.6149 107.488 140.322 -75.9355 127.162 136.467 -86.4358 104.873 136.467 -80.4636 107.488 140.322 -75.9355 127.162 140.322 -81.2073 127.162 136.467 -86.4358 146.836 140.322 -75.9355 149.45 136.467 -80.4637 127.162 140.322 -81.2073 165.767 136.467 -64.1473 146.836 140.322 -75.9355 161.239 140.322 -61.533 149.45 136.467 -80.4637 171.739 136.467 -41.8586 165.767 136.467 -64.1473 161.239 140.322 -61.533 166.51 140.322 -41.8586 165.767 136.467 -19.57 158.324 103.095 -23.8673 171.739 136.467 -41.8586 163.144 103.095 -41.8586 149.45 136.467 -3.25377 158.324 103.095 -23.8673 165.767 136.467 -19.57 145.153 103.095 -10.6968 127.162 136.467 2.71846 145.153 103.095 -10.6968 149.45 136.467 -3.25377 127.162 103.095 -5.87601 104.873 136.467 -3.25377 109.171 103.095 -10.6968 127.162 136.467 2.71846 127.162 103.095 -5.87601 109.171 103.095 -10.6968 91.7265 115.442 -21.4001 96 103.095 -23.8673 104.873 136.467 -3.25377 127.162 136.467 -86.4358 109.171 103.095 -73.0204 104.873 136.467 -80.4636 127.162 103.095 -77.8412 149.45 136.467 -80.4637 145.153 103.095 -73.0204 127.162 136.467 -86.4358 127.162 103.095 -77.8412 165.767 136.467 -64.1473 145.153 103.095 -73.0204 149.45 136.467 -80.4637 158.324 103.095 -59.8499 171.739 136.467 -41.8586 158.324 103.095 -59.8499 165.767 136.467 -64.1473 163.144 103.095 -41.8586 159.413 206.399 -41.8586 158.815 209.049 -23.5837 163.712 209.049 -41.8586 155.092 206.399 -25.7332 159.413 206.399 -41.8586 158.815 209.049 -60.1337 155.092 206.399 -57.9842 163.712 209.049 -41.8586 155.092 206.399 -57.9842 145.437 209.049 -73.5118 143.287 206.399 -69.7889 158.815 209.049 -60.1337 143.287 206.399 -69.7889 127.162 209.049 -78.4087 127.162 206.399 -74.1096 145.437 209.049 -73.5118 108.887 209.049 -73.5118 127.162 206.399 -74.1096 127.162 209.049 -78.4087 111.036 206.399 -69.7888 111.036 206.399 -69.7888 95.5086 209.049 -60.1337 99.2317 206.399 -57.9842 108.887 209.049 -73.5118 94.9109 206.399 -41.8586 99.2317 206.399 -57.9842 95.5086 209.049 -60.1337 90.6118 209.049 -41.8586 94.9109 206.399 -41.8586 95.5086 209.049 -23.5837 99.2317 206.399 -25.7332 90.6118 209.049 -41.8586 111.036 206.399 -13.9286 95.5086 209.049 -23.5837 108.887 209.049 -10.2054 99.2317 206.399 -25.7332 108.887 209.049 -10.2054 127.162 206.399 -9.60778 111.036 206.399 -13.9286 127.162 209.049 -5.30866 127.162 206.399 -9.60778 145.437 209.049 -10.2054 143.287 206.399 -13.9286 127.162 209.049 -5.30866 155.092 206.399 -25.7332 143.287 206.399 -13.9286 145.437 209.049 -10.2054 158.815 209.049 -23.5837 127.162 206.399 -41.8586 111.036 206.399 -41.8586 111.036 206.399 -13.9286 127.162 206.399 -9.60778 127.162 206.399 -41.8586 111.036 206.399 -69.7888 127.162 206.399 -74.1096 155.092 206.399 -57.9842 143.287 206.399 -41.8586 143.287 206.399 -69.7889 143.287 206.399 -69.7889 127.162 206.399 -41.8586 127.162 206.399 -74.1096 127.162 206.399 -41.8586 143.287 206.399 -13.9286 127.162 206.399 -9.60778 99.2317 206.399 -57.9842 94.9109 206.399 -41.8586 99.2317 206.399 -25.7332 111.036 206.399 -13.9286 -131.371 79.7043 -110.42 -89.5843 119.571 -110.42 -77.9379 106.621 -110.42 -128.249 44.0036 -110.42 -57.5963 46.7881 -110.42 -42.5743 28.9093 -110.42 -142.829 83.3816 -110.42 -123.481 56.1823 -110.42 -128.249 44.0036 -110.42 -131.371 79.7043 -110.42 -127.192 207.391 -110.61 -90.3647 118.853 -115.248 -90.3647 118.853 -110.61 -76.4295 118.938 32.7518 -71.5439 118.938 -115.248 -71.5439 118.938 37.3902 -96.2219 218.482 -110.824 -90.3647 118.853 -110.61 -76.4295 118.938 -110.61 -94.6357 257.288 -75.9197 -84.2853 249.86 -87.7662 -96.2625 255.923 -85.2243 -82.2141 251.598 -75.9197 -96.2625 255.923 -85.2243 -90.0889 244.991 -97.2662 -100.821 252.098 -92.6861 -84.2853 249.86 -87.7662 -98.4754 237.953 -102.538 -100.821 252.098 -92.6861 -90.0889 244.991 -97.2662 -107.408 246.571 -96.8271 -114.719 240.436 -96.8271 -98.4754 237.953 -102.538 -107.784 230.143 -102.538 -107.408 246.571 -96.8271 -121.306 234.909 -92.6861 -107.784 230.143 -102.538 -116.17 223.106 -97.2662 -114.719 240.436 -96.8271 -125.865 231.084 -85.2243 -116.17 223.106 -97.2662 -121.974 218.236 -87.7661 -121.306 234.909 -92.6861 -121.974 218.236 -87.7661 -127.492 229.719 -75.9197 -125.865 231.084 -85.2243 -124.045 216.498 -75.9197 -127.492 229.719 -75.9197 -121.974 218.236 -64.0733 -125.865 231.084 -66.615 -124.045 216.498 -75.9197 -125.865 231.084 -66.615 -116.17 223.106 -54.5732 -121.306 234.909 -59.1532 -121.974 218.236 -64.0733 -107.784 230.143 -49.3011 -121.306 234.909 -59.1532 -116.17 223.106 -54.5732 -114.719 240.436 -55.0122 -98.4754 237.953 -49.3011 -114.719 240.436 -55.0122 -107.784 230.143 -49.3011 -107.408 246.571 -55.0122 -90.0889 244.991 -54.5732 -100.821 252.098 -59.1532 -98.4754 237.953 -49.3011 -107.408 246.571 -55.0122 -84.2853 249.86 -64.0733 -96.2625 255.923 -66.615 -90.0889 244.991 -54.5732 -100.821 252.098 -59.1532 -94.6357 257.288 -75.9197 -84.2853 249.86 -64.0733 -82.2141 251.598 -75.9197 -96.2625 255.923 -66.615 -96.2625 255.923 -66.615 -107.408 246.571 -55.0122 -100.821 252.098 -59.1532 -94.6357 257.288 -75.9197 -94.6187 218.705 -96.7201 -84.7273 129.989 -88.6028 -121.301 212.602 -88.6028 -121.301 212.602 -88.6028 -84.7273 129.989 -88.6028 -125.458 211.089 -76.0214 -88.8845 128.476 -76.0214 -125.458 211.089 -76.0214 -84.7273 129.989 -63.4399 -121.301 212.602 -63.4399 -121.301 212.602 -63.4399 -84.7273 129.989 -63.4399 -94.6187 218.705 -55.3228 -79.3179 253.847 37.3902 -129.204 212.228 37.3902 -84.643 184.501 37.3902 -73.3016 123.616 31.8856 -43.9259 123.143 -28.943 -43.9259 123.143 31.8856 -129.204 212.228 37.3902 -90.3647 118.853 37.3902 -84.643 184.501 37.3902 -71.5439 118.938 37.3902 -78.9935 160.852 -28.943 -43.984 173.846 -28.943 -43.9259 123.143 -28.943 -73.3016 123.616 -28.943 -96.2219 218.482 -110.824 -76.4295 118.938 32.7518 -96.2219 218.482 32.9661 -76.4295 118.938 -110.61 -78.9935 160.852 31.8856 -43.9259 123.143 31.8856 -43.984 173.846 31.8856 -73.3016 123.616 31.8856 -49.6336 231.753 37.3902 -49.6336 197.496 37.3902 -49.6336 197.496 -115.248 -49.6336 197.496 37.3902 -84.643 184.501 37.3902 -84.643 184.501 -115.248 -90.3647 118.853 37.3902 -76.4295 118.938 32.7518 -71.5439 118.938 37.3902 -90.3647 118.853 32.7518 -90.3647 118.853 37.3902 -129.204 212.228 37.3902 -127.192 207.391 32.7518 -90.3647 118.853 32.7518 -127.192 207.391 32.7518 -129.204 212.228 -115.248 -127.192 207.391 -110.61 -129.204 212.228 37.3902 -96.2219 218.482 32.9661 -90.3647 118.853 32.7518 -127.192 207.391 32.7518 -76.4295 118.938 32.7518 -96.2219 218.482 -110.824 -96.2219 218.482 32.9661 -127.192 207.391 32.7518 -127.192 207.391 -110.61 -94.6357 257.288 -0.275444 -84.2853 249.86 -12.1219 -96.2626 255.923 -9.58012 -82.2141 251.598 -0.275448 -96.2626 255.923 -9.58012 -90.0889 244.991 -21.6219 -100.821 252.098 -17.042 -84.2853 249.86 -12.1219 -98.4754 237.953 -26.8941 -100.821 252.098 -17.042 -90.0889 244.991 -21.6219 -107.408 246.571 -21.183 -114.719 240.436 -21.183 -98.4754 237.953 -26.8941 -107.784 230.143 -26.8941 -107.408 246.571 -21.183 -121.306 234.909 -17.042 -107.784 230.143 -26.8941 -116.17 223.106 -21.6219 -114.719 240.436 -21.183 -125.865 231.084 -9.5801 -116.17 223.106 -21.6219 -121.974 218.236 -12.1219 -121.306 234.909 -17.042 -121.974 218.236 -12.1219 -127.492 229.719 -0.27542 -125.865 231.084 -9.5801 -124.045 216.498 -0.275416 -127.492 229.719 -0.27542 -121.974 218.236 11.571 -125.865 231.084 9.02927 -124.045 216.498 -0.275416 -125.865 231.084 9.02927 -116.17 223.106 21.0711 -121.306 234.909 16.491 -121.974 218.236 11.571 -107.784 230.143 26.3432 -121.306 234.909 16.491 -116.17 223.106 21.0711 -114.719 240.436 20.632 -98.4754 237.953 26.3432 -114.719 240.436 20.632 -107.784 230.143 26.3432 -107.408 246.571 20.632 -90.0889 244.991 21.0711 -100.821 252.098 16.491 -98.4754 237.953 26.3432 -107.408 246.571 20.632 -84.2853 249.86 11.5709 -96.2626 255.923 9.02925 -90.0889 244.991 21.0711 -100.821 252.098 16.491 -94.6357 257.288 -0.275444 -84.2853 249.86 11.5709 -82.2141 251.598 -0.275448 -96.2626 255.923 9.02925 -114.719 240.436 -21.183 -94.6357 257.288 -0.275444 -107.408 246.571 -21.183 -96.2626 255.923 9.02925 -84.7273 129.989 -12.3958 -94.6187 218.705 -20.1968 -74.6912 133.642 -17.6072 -121.301 212.602 -12.3959 -121.301 212.602 -12.3959 -84.7273 129.989 -12.3958 -125.458 211.089 0.185699 -88.8845 128.476 0.185726 -125.458 211.089 0.185699 -84.7273 129.989 12.7671 -121.301 212.602 12.7671 -88.8845 128.476 0.185726 -74.6912 133.642 17.9785 -94.6187 218.705 20.5681 -84.7273 129.989 12.7671 -121.301 212.602 12.7671 -51.8921 184.153 -48.803 -43.984 173.846 -109.743 -51.8921 184.153 -107.864 -43.984 173.846 -46.923 -51.8921 184.153 -107.864 -78.9935 160.852 -109.743 -84.8676 171.565 -107.864 -43.984 173.846 -109.743 -51.8921 184.153 -48.803 -84.8676 171.565 -48.803 -78.9935 160.852 -46.923 -43.984 173.846 -46.923 -51.8921 184.153 30.0056 -43.984 173.846 -28.943 -51.8921 184.153 -27.0631 -51.8921 184.153 -27.0631 -78.9935 160.852 -28.943 -84.8676 171.565 -27.0631 -43.984 173.846 -28.943 -51.8921 184.153 30.0056 -84.8676 171.565 30.0056 -78.9935 160.852 31.8856 -43.984 173.846 31.8856 150.364 130.867 -126.381 132.493 130.867 -126.381 150.015 130.867 -102.004 132.493 130.867 -98.4513 132.493 130.867 -126.381 97.1573 130.867 -126.381 132.493 130.867 -98.4513 97.1573 130.867 -97.5483 132.493 130.867 -154.311 97.1573 130.867 -155.214 150.015 130.867 -150.758 150.364 130.867 -126.381 162.553 130.867 -109.632 169.048 130.867 -126.381 150.015 130.867 -102.004 162.553 130.867 -143.131 134.709 137.156 -94.4377 153.673 137.156 -98.5012 150.015 130.867 -102.004 132.493 130.867 -98.4513 168.032 137.156 -107.225 176.556 137.156 -126.381 169.048 130.867 -126.381 162.553 130.867 -109.632 97.1573 137.156 -93.4048 134.709 137.156 -94.4377 132.493 130.867 -98.4513 97.1573 130.867 -97.5483 169.048 130.867 -126.381 168.032 137.156 -145.538 162.553 130.867 -143.131 176.556 137.156 -126.381 153.673 137.156 -154.261 162.553 130.867 -143.131 168.032 137.156 -145.538 150.015 130.867 -150.758 97.1573 137.156 -159.357 132.493 130.867 -154.311 134.709 137.156 -158.325 97.1573 130.867 -155.214 153.673 137.156 -98.5012 168.032 137.156 -107.225 162.553 130.867 -109.632 150.015 130.867 -102.004 134.709 137.156 -158.325 150.015 130.867 -150.758 153.673 137.156 -154.261 132.493 130.867 -154.311 135.187 137.156 -90.6473 153.673 137.156 -98.5012 134.709 137.156 -94.4377 155.129 137.156 -95.193 171.192 137.156 -104.952 181.007 137.156 -126.381 176.556 137.156 -126.381 168.032 137.156 -107.225 97.1573 137.156 -89.4919 134.709 137.156 -94.4377 97.1573 137.156 -93.4048 135.187 137.156 -90.6473 171.192 137.156 -147.811 176.556 137.156 -126.381 168.032 137.156 -145.538 168.032 137.156 -145.538 155.129 137.156 -157.569 153.673 137.156 -154.261 171.192 137.156 -147.811 97.1573 137.156 -163.27 134.709 137.156 -158.325 135.187 137.156 -162.115 97.1573 137.156 -159.357 155.129 137.156 -95.193 168.032 137.156 -107.225 153.673 137.156 -98.5012 171.192 137.156 -104.952 135.187 137.156 -162.115 153.673 137.156 -154.261 155.129 137.156 -157.569 134.709 137.156 -158.325 135.187 137.156 -90.6473 153.24 127.829 -97.5677 155.129 137.156 -95.193 134.75 127.829 -93.3683 181.007 137.156 -126.381 171.192 137.156 -104.952 168.998 127.543 -106.584 178.813 127.543 -126.381 97.1573 137.156 -89.4919 134.75 127.829 -93.3683 135.187 137.156 -90.6473 97.1573 127.829 -92.3008 181.007 137.156 -126.381 168.998 127.543 -146.179 171.192 137.156 -147.811 178.813 127.543 -126.381 171.192 137.156 -147.811 168.998 127.543 -146.179 155.129 137.156 -157.569 153.24 127.829 -155.195 97.1573 137.156 -163.27 135.187 137.156 -162.115 134.75 127.829 -159.394 97.1573 127.829 -160.461 155.129 137.156 -95.193 168.998 127.543 -106.584 171.192 137.156 -104.952 153.24 127.829 -97.5677 135.187 137.156 -162.115 155.129 137.156 -157.569 153.24 127.829 -155.195 134.75 127.829 -159.394 134.75 127.829 -93.3683 144.541 100.767 -100.045 153.24 127.829 -97.5677 129.066 100.767 -96.2069 168.998 127.543 -106.584 160.298 100.481 -108.286 178.813 127.543 -126.381 168.942 100.481 -126.381 97.1573 127.829 -92.3008 129.066 100.767 -96.2069 134.75 127.829 -93.3683 97.1573 100.767 -95.2313 178.813 127.543 -126.381 160.298 100.481 -144.476 168.998 127.543 -146.179 168.942 100.481 -126.381 168.998 127.543 -146.179 160.298 100.481 -144.476 153.24 127.829 -155.195 147.557 100.767 -152.717 129.066 100.767 -156.555 97.1573 127.829 -160.461 134.75 127.829 -159.394 97.1573 100.767 -157.531 153.24 127.829 -97.5677 160.298 100.481 -108.286 168.998 127.543 -106.584 144.541 100.767 -100.045 153.24 127.829 -155.195 147.557 100.767 -152.717 134.75 127.829 -159.394 129.066 100.767 -156.555 129.066 100.767 -96.2069 138.187 89.0742 -104.201 144.541 100.767 -100.045 126.084 89.0742 -102.141 150.537 88.788 -111.844 168.942 100.481 -126.381 160.298 100.481 -108.286 158.124 88.788 -126.381 97.1573 100.767 -95.2313 126.084 89.0742 -102.141 129.066 100.767 -96.2069 97.1573 89.0742 -101.357 168.942 100.481 -126.381 150.537 88.788 -140.918 160.298 100.481 -144.476 158.124 88.788 -126.381 160.298 100.481 -144.476 150.537 88.788 -140.918 147.557 100.767 -152.717 138.667 89.0742 -148.561 97.1573 100.767 -157.531 129.066 100.767 -156.555 126.084 89.0742 -150.622 97.1573 89.0742 -151.405 144.541 100.767 -100.045 150.537 88.788 -111.844 160.298 100.481 -108.286 138.187 89.0742 -104.201 147.557 100.767 -152.717 138.667 89.0742 -148.561 129.066 100.767 -156.555 126.084 89.0742 -150.622 138.187 89.0742 -104.201 126.084 89.0742 -150.622 138.667 89.0742 -148.561 126.084 89.0742 -102.141 97.1573 89.0742 -101.357 126.084 89.0742 -150.622 126.084 89.0742 -102.141 97.1573 89.0742 -151.405 150.537 88.788 -111.844 150.537 88.788 -140.918 158.124 88.788 -126.381 150.537 88.788 -140.918 150.537 88.788 -111.844 138.187 89.0742 -104.201 138.667 89.0742 -148.561 97.1573 137.156 -163.27 97.1573 127.829 -160.461 97.1573 137.156 -159.357 97.1573 130.867 -155.214 97.1573 137.156 -93.4048 97.1573 127.829 -92.3008 97.1573 137.156 -89.4919 97.1573 130.867 -97.5483 97.1573 101.38 -103.863 97.1573 130.867 -97.5483 97.1573 113.623 -126.381 97.1573 130.867 -126.381 97.1573 130.867 -155.214 97.1573 113.623 -126.381 97.1573 101.38 -148.899 97.1573 127.829 -160.461 97.1573 100.767 -157.531 97.1573 127.829 -92.3008 97.1573 101.38 -103.863 97.1573 100.767 -95.2313 97.1573 130.867 -97.5483 97.1573 89.0742 -101.357 97.1573 95.8685 -147.575 97.1573 89.0742 -151.405 97.1573 95.8685 -105.187 97.1573 101.38 -103.863 97.1573 100.767 -157.531 97.1573 95.8685 -147.575 97.1573 89.0742 -151.405 97.1573 95.8685 -105.187 97.1573 100.767 -95.2313 97.1573 101.38 -103.863 97.1573 89.0742 -101.357 86.2446 115.442 -41.8586 96 103.095 -23.8673 91.7265 115.442 -21.4001 91.1792 103.095 -41.8586 86.2446 115.442 -41.8586 91.7265 115.442 -62.3172 96 103.095 -59.8499 91.1792 103.095 -41.8586 109.171 103.095 -73.0204 91.7265 115.442 -62.3172 104.873 136.467 -80.4636 96 103.095 -59.8499 107.488 140.322 -75.9355 95.4329 120.217 -59.6149 93.0849 140.348 -61.533 87.8132 140.685 -41.8586 95.4329 120.217 -59.6149 90.1612 120.431 -41.8586 93.0849 140.348 -61.533 87.8132 140.685 -41.8586 95.4329 120.431 -24.1025 93.0849 140.428 -22.1844 90.1612 120.431 -41.8586 93.0849 140.428 -22.1844 95.4329 120.431 -24.1025 107.487 140.322 -7.78172 93.0849 140.428 -22.1844 107.487 146.105 -7.78172 93.0849 146.407 -22.1844 107.487 140.322 -7.78172 93.0849 146.407 -22.1844 87.8132 146.664 -41.8586 87.8132 140.685 -41.8586 93.0849 140.428 -22.1844 93.0849 146.327 -61.533 87.8132 140.685 -41.8586 87.8132 146.664 -41.8586 93.0849 140.348 -61.533 107.488 146.105 -75.9355 93.0849 140.348 -61.533 93.0849 146.327 -61.533 107.488 140.322 -75.9355 144.701 86.8998 -30.3438 157.272 102.781 -42.7138 151.619 102.781 -25.3174 148.72 86.8998 -42.7138 136.821 102.781 -14.5656 144.701 86.8998 -30.3438 151.619 102.781 -25.3174 134.178 86.8998 -22.6988 118.529 102.781 -14.5656 134.178 86.8998 -22.6988 136.821 102.781 -14.5656 121.172 86.8998 -22.6988 103.731 102.781 -25.3174 110.649 86.8998 -30.3438 118.529 102.781 -14.5656 121.172 86.8998 -22.6988 98.0784 102.78 -42.7138 110.649 86.8998 -30.3438 103.731 102.781 -25.3174 106.63 86.8998 -42.7138 103.731 102.78 -60.1103 110.649 86.8998 -55.0838 98.0784 102.78 -42.7138 106.63 86.8998 -42.7138 118.529 102.78 -70.862 110.649 86.8998 -55.0838 103.731 102.78 -60.1103 121.172 86.8997 -62.7288 136.821 102.78 -70.862 134.178 86.8998 -62.7288 118.529 102.78 -70.862 121.172 86.8997 -62.7288 151.619 102.78 -60.1103 144.701 86.8998 -55.0838 136.821 102.78 -70.862 134.178 86.8998 -62.7288 157.272 102.781 -42.7138 144.701 86.8998 -55.0838 151.619 102.78 -60.1103 148.72 86.8998 -42.7138 134.178 86.8998 -22.6988 148.72 86.8998 -42.7138 144.701 86.8998 -30.3438 144.701 86.8998 -55.0838 96 103.095 -23.8673 96 103.095 -59.8499 109.171 103.095 -73.0204 91.1792 103.095 -41.8586 109.171 103.095 -10.6968 109.171 103.095 -73.0204 127.162 103.095 -77.8412 96 103.095 -23.8673 109.171 103.095 -10.6968 127.162 103.095 -77.8412 145.153 103.095 -73.0204 127.162 103.095 -5.87601 145.153 103.095 -73.0204 145.153 103.095 -10.6968 127.162 103.095 -5.87601 158.324 103.095 -59.8499 110.649 86.8998 -55.0838 110.649 86.8998 -30.3438 106.63 86.8998 -42.7138 121.172 86.8997 -62.7288 110.649 86.8998 -30.3438 121.172 86.8997 -62.7288 134.178 86.8998 -62.7288 121.172 86.8998 -22.6988 134.178 86.8998 -62.7288 134.178 86.8998 -22.6988 121.172 86.8998 -22.6988 144.701 86.8998 -55.0838 -74.6912 133.642 -17.6072 -70.498 117.253 -17.8477 -84.7273 129.989 -12.3958 -80.8144 114.489 -12.6363 -84.7273 129.989 -12.3958 -80.8144 114.489 -12.6363 -88.8845 128.476 0.185726 -85.0875 113.344 -0.054812 -88.8845 128.476 0.185726 -80.8144 114.489 12.5266 -84.7273 129.989 12.7671 -85.0875 113.344 -0.054812 -84.7273 129.989 12.7671 -70.498 117.254 17.738 -74.6912 133.642 17.9785 -80.8144 114.489 12.5266 -89.5843 119.571 -31.7883 -70.605 120.824 -39.5337 -89.5843 119.571 -39.6396 172.552 150.235 -41.8586 158.815 209.049 -23.5837 166.471 150.235 -19.1634 163.712 209.049 -41.8586 -128.249 44.0036 -31.7883 -42.5743 28.9093 -39.5337 -42.5743 28.9093 -31.7883 -128.249 44.0036 -39.7454 -42.5743 28.9093 -99.0293 -128.249 44.0036 -99.8811 -42.5743 28.9093 -110.42 -89.5843 119.571 -31.7883 -42.5743 28.9093 -31.7883 -70.605 120.824 -31.7883 -125.743 77.5733 -99.2267 -77.9379 106.621 -110.42 -80.781 99.3285 -99.2267 -123.481 56.1823 -110.42 -64.3702 52.6642 -99.2267 -57.5963 46.7881 -110.42 -131.371 79.7043 -110.42 -119.663 60.2871 -99.2266 -123.481 56.1823 -110.42 -125.743 77.5733 -99.2267 -105.285 90.4074 -99.7992 -86.7605 47.4102 -108.301 -93.0809 51.7672 -99.7992 -108.957 103.934 20.2157 -108.957 103.934 -20.6382 -106.53 89.6219 -20.6382 -106.53 89.6219 20.2157 -87.4082 119.586 -26.9854 -108.957 103.934 20.2157 -87.4082 119.586 35.9054 -108.957 103.934 -20.6382 -108.957 103.934 -20.6382 -84.6496 105.861 -26.9854 -106.53 89.6219 -20.6382 -87.4082 119.586 -26.9854 -106.53 89.6219 20.2157 -84.6496 105.861 35.9054 -108.957 103.934 20.2157 -87.4082 119.586 35.9054 -84.6496 105.861 -26.9854 -84.6496 105.861 35.9054 -106.53 89.6219 20.2157 -106.53 89.6219 -20.6382 37.277 1.39907 -447.059 73.3467 7.34371 -443.407 75.5173 1.39906 -447.059 39.4475 7.34371 -443.407 28.1475 2.61861 -418.525 37.277 1.39907 -447.059 84.6468 2.6186 -418.525 75.5173 1.39906 -447.059 39.4475 7.34371 -443.407 28.1475 2.61861 -418.525 30.3852 13.7648 -418.851 37.277 1.39907 -447.059 82.409 13.7648 -418.851 39.4475 7.34371 -443.407 30.3852 13.7648 -418.851 73.3467 7.34371 -443.407 84.6468 2.6186 -418.525 73.3467 7.34371 -443.407 82.409 13.7648 -418.851 75.5173 1.39906 -447.059 -31.5858 1.39907 -447.059 -69.8261 1.39907 -447.059 -67.6556 7.34371 -443.407 -33.7563 7.34371 -443.407 -78.9556 2.61861 -418.525 -31.5858 1.39907 -447.059 -22.4563 2.61861 -418.525 -69.8261 1.39907 -447.059 -67.6556 7.34371 -443.407 -78.9556 2.61861 -418.525 -76.7179 13.7648 -418.851 -69.8261 1.39907 -447.059 -76.7179 13.7648 -418.851 -24.694 13.7648 -418.851 -33.7563 7.34371 -443.407 -67.6556 7.34371 -443.407 -22.4563 2.61861 -418.525 -33.7563 7.34371 -443.407 -24.694 13.7648 -418.851 -31.5858 1.39907 -447.059 -155.869 63.5416 -266.933 -139.987 20.2991 -246.38 -152.494 54.0803 -250.396 -136.388 10.7667 -253.726 -127.405 3.81523 -322.681 -127.405 3.81525 -253.783 -136.154 3.81525 -253.783 -136.154 3.81523 -322.681 -159.917 3.81524 -301.73 -159.917 3.81525 -262.097 -147.102 63.5488 -266.933 -146.732 63.6853 -322.83 -155.463 63.6923 -322.83 -155.869 63.5416 -266.933 -135.887 10.9525 -322.619 -155.463 63.6923 -322.83 -146.732 63.6853 -322.83 -127.157 10.6054 -322.619 -139.987 20.2991 -246.38 -136.388 10.7667 -253.726 -131.298 20.2772 -246.38 -127.613 10.4371 -253.725 -155.869 63.5416 -266.933 -152.494 54.0803 -250.396 -147.102 63.5488 -266.933 -143.735 54.0825 -250.396 -157.77 8.55864 -301.692 -159.917 3.81525 -262.097 -157.77 8.55865 -262.059 -159.917 3.81524 -301.73 -127.405 3.81523 -322.681 -135.887 10.9525 -322.619 -127.157 10.6054 -322.619 -136.154 3.81523 -322.681 -127.405 3.81525 -253.783 -127.157 10.6054 -322.619 -127.613 10.4371 -253.725 -127.405 3.81523 -322.681 -136.388 10.7667 -253.726 -136.154 3.81525 -253.783 -127.613 10.4371 -253.725 -127.405 3.81525 -253.783 -136.388 10.7667 -253.726 -135.887 10.9525 -322.619 -157.77 8.55864 -301.692 -157.77 8.55865 -262.059 -136.154 3.81523 -322.681 -157.77 8.55864 -301.692 -135.887 10.9525 -322.619 -159.917 3.81524 -301.73 -131.298 20.2772 -246.38 -143.735 54.0825 -250.396 -139.987 20.2991 -246.38 -152.494 54.0803 -250.396 -157.77 8.55865 -262.059 -136.154 3.81525 -253.783 -136.388 10.7667 -253.726 -159.917 3.81525 -262.097 -147.102 63.5488 -266.933 -127.157 10.6054 -322.619 -146.732 63.6853 -322.83 -127.613 10.4371 -253.725 -145.382 53.903 -309.923 -105.515 54.2573 -331.889 -140.109 35.7372 -319.705 -115.158 72.8795 -315.32 -115.158 72.8795 -315.32 -145.382 53.903 -286.115 -115.158 72.8795 -279.541 -145.382 53.903 -309.923 -140.109 35.7372 -278.068 -105.515 54.2573 -264.161 -145.382 53.903 -286.115 -115.158 72.8795 -279.541 -140.109 35.7372 -278.068 -105.515 54.2573 -331.889 -105.515 54.2573 -264.161 -140.109 35.7372 -319.705 52.9808 216.101 -247.031 45.9399 216.101 -196.147 52.9808 216.101 -196.147 62.1113 208.352 -196.147 41.5812 213.447 -196.147 36.8094 208.352 -196.147 57.3396 213.447 -247.031 57.3396 213.447 -196.147 62.1113 208.352 -196.147 62.1113 208.352 -247.031 59.1194 206.362 -242.81 39.8014 206.362 -242.81 43.8371 210.672 -242.81 55.0837 210.672 -242.81 69.3216 183.105 -196.147 33.8279 201.69 -196.147 29.5992 183.105 -196.147 65.0929 201.69 -247.031 65.0929 201.69 -196.147 69.3216 183.105 -196.147 69.3215 183.105 -247.031 61.7154 200.562 -242.81 65.8183 182.53 -242.81 37.2054 200.562 -242.81 69.3216 183.105 -196.147 29.5992 183.105 -196.147 28.7103 174.382 -196.147 70.2105 174.382 -196.147 69.3215 183.105 -247.031 69.3216 183.105 -196.147 70.2105 174.382 -196.147 70.2105 174.382 -247.031 62.1113 208.352 -247.031 62.1113 208.352 -196.147 65.0929 201.69 -196.147 65.0929 201.69 -247.031 57.3396 213.447 -196.147 57.3396 213.447 -247.031 52.9808 216.101 -247.031 52.9808 216.101 -196.147 61.7154 200.562 -242.81 37.2054 200.562 -242.81 39.8014 206.362 -242.81 59.1194 206.362 -242.81 51.9869 212.557 -242.81 43.8371 210.672 -242.81 46.9338 212.557 -242.81 45.9399 216.101 -196.147 41.5812 213.447 -247.031 41.5812 213.447 -196.147 -2.33429 203.732 44.2808 -6.02832 200.589 50.9229 -2.78051 204.366 50.9229 -4.77557 199.993 44.2808 5.71002 199.993 44.2808 8.00568 194.075 50.9229 7.15723 194.075 44.0465 6.96259 200.589 50.9229 4.81128 194.075 39.0456 2.33869 198.41 37.4939 3.995 198.711 39.4121 2.63922 194.001 36.9766 -3.0606 198.711 39.4121 -6.22278 194.075 44.0465 -4.77557 199.993 44.2808 -3.87689 194.075 39.0456 2.46504 201.724 39.4121 5.71002 199.993 44.2808 3.995 198.711 39.4121 3.26869 203.732 44.2808 3.995 198.711 39.4121 7.15723 194.075 44.0465 4.81128 194.075 39.0456 5.71002 199.993 44.2808 -4.77557 199.993 44.2808 -7.07129 194.075 50.9229 -6.02832 200.589 50.9229 -6.22278 194.075 44.0465 0.467237 204.667 44.2808 0.467237 205.107 50.9229 3.26869 203.732 44.2808 3.71491 204.366 50.9229 -1.4043 198.41 37.4939 0.467236 194.001 36.9766 -1.70489 194.001 36.9766 0.467237 198.493 37.2353 0.467237 204.667 44.2808 0.467237 202.566 39.4121 -1.53069 201.724 39.4121 -2.33429 203.732 44.2808 -2.33429 203.732 44.2808 0.467237 205.107 50.9229 0.467237 204.667 44.2808 -2.78051 204.366 50.9229 -1.4043 198.41 37.4939 -3.87689 194.075 39.0456 -3.0606 198.711 39.4121 -1.70489 194.001 36.9766 -1.53069 201.724 39.4121 -4.77557 199.993 44.2808 -2.33429 203.732 44.2808 -3.0606 198.711 39.4121 2.33869 198.41 37.4939 0.467236 194.001 36.9766 0.467237 198.493 37.2353 2.63922 194.001 36.9766 0.467237 202.566 39.4121 0.467237 204.667 44.2808 2.46504 201.724 39.4121 3.26869 203.732 44.2808 3.26869 203.732 44.2808 6.96259 200.589 50.9229 5.71002 199.993 44.2808 3.71491 204.366 50.9229 -3.0606 198.711 39.4121 -1.53069 201.724 39.4121 -1.4043 198.41 37.4939 0.467237 202.566 39.4121 0.467237 198.493 37.2353 -1.53069 201.724 39.4121 -1.4043 198.41 37.4939 2.46504 201.724 39.4121 0.467237 198.493 37.2353 0.467237 202.566 39.4121 2.33869 198.41 37.4939 2.33869 198.41 37.4939 2.46504 201.724 39.4121 3.995 198.711 39.4121 -129.725 213.481 -45.3003 -79.5137 255.99 -32.1299 -79.5137 255.99 -45.3003 -129.725 213.481 -32.1299 -47.4141 233.063 -32.1299 -47.0672 116.795 -32.1298 -47.0672 116.795 -45.3002 -79.5137 255.99 -45.3003 -47.4141 233.063 -32.1299 -47.4141 233.063 -45.3003 -79.5137 255.99 -32.1299 -129.725 213.481 -32.1299 -79.3179 253.847 -32.1299 -79.5137 255.99 -32.1299 -129.204 212.228 -32.1299 -47.4141 233.063 -32.1299 -79.3179 253.847 -32.1299 -54.2014 225.26 -32.1299 -79.5137 255.99 -32.1299 -54.2014 225.26 -32.1299 -54.2015 116.795 -32.1298 -47.0672 116.795 -32.1298 -54.2014 225.26 -45.3003 -47.0672 116.795 -45.3002 -54.2015 116.795 -45.3002 -47.4141 233.063 -45.3003 -79.3179 253.847 -45.3003 -79.5137 255.99 -45.3003 -54.2014 225.26 -45.3003 -129.725 213.481 -45.3003 -79.3179 253.847 -45.3003 -129.204 212.228 -45.3003 -79.5137 255.99 -45.3003 161.483 180.216 -376.403 171.346 167.248 -412.964 160.846 182.39 -412.672 169.531 168.609 -376.186 95.7362 29.6934 -449.372 121.259 75.4829 -449.372 116.291 65.4675 -467.641 101.642 39.1863 -467.641 121.259 75.4829 -449.372 95.7362 29.6934 -449.372 116.614 66.0933 -431.38 101.279 38.5826 -431.38 121.487 62.5713 -467.641 106.838 36.2901 -467.641 101.642 39.1863 -467.641 116.291 65.4675 -467.641 101.642 39.1863 -467.641 100.932 26.7972 -449.372 95.7362 29.6934 -449.372 106.838 36.2901 -467.641 121.487 62.5713 -467.641 121.259 75.4829 -449.372 126.455 72.5867 -449.372 116.291 65.4675 -467.641 100.932 26.7972 -449.372 106.475 35.6864 -431.38 101.279 38.5826 -431.38 95.7362 29.6934 -449.372 106.475 35.6864 -431.38 121.81 63.1971 -431.38 116.614 66.0933 -431.38 101.279 38.5826 -431.38 121.81 63.1971 -431.38 126.455 72.5867 -449.372 121.259 75.4829 -449.372 116.614 66.0933 -431.38 100.932 26.7972 -449.372 126.455 72.5867 -449.372 121.81 63.1971 -431.38 106.475 35.6864 -431.38 121.487 62.5713 -467.641 100.932 26.7972 -449.372 106.838 36.2901 -467.641 126.455 72.5867 -449.372 116.802 61.6579 -419.315 97.6489 42.9215 -419.315 104.893 38.5396 -419.315 109.557 66.0398 -419.315 109.557 66.0398 -437.644 97.6489 42.9215 -419.315 109.557 66.0398 -419.315 97.6489 42.9215 -437.644 97.6489 42.9215 -419.315 97.6489 42.9215 -437.644 104.893 38.5396 -419.315 104.893 38.5396 -437.644 116.802 61.6579 -437.644 116.802 61.6579 -419.315 104.893 38.5396 -437.644 104.893 38.5396 -419.315 109.557 66.0398 -437.644 109.557 66.0398 -419.315 116.802 61.6579 -437.644 116.802 61.6579 -419.315 116.802 61.6579 -437.644 104.893 38.5396 -437.644 97.6489 42.9215 -437.644 109.557 66.0398 -437.644 169.531 168.609 -376.186 166.967 162.704 -416.018 171.346 167.248 -412.964 166.091 165.383 -374.008 166.967 162.704 -416.018 155.055 179.884 -415.691 160.846 182.39 -412.672 171.346 167.248 -412.964 160.846 182.39 -412.672 157.256 178.124 -374.25 161.483 180.216 -376.403 155.055 179.884 -415.691 169.531 168.609 -376.186 157.256 178.124 -374.25 166.091 165.383 -374.008 161.483 180.216 -376.403 155.055 179.884 -415.691 166.091 165.383 -374.008 157.256 178.124 -374.25 166.967 162.704 -416.018 159.433 175.245 -390.234 117.356 132.115 -352.896 163.853 168.87 -390.113 126.168 119.406 -352.655 159.433 175.245 -408.467 117.356 132.115 -398.099 159.433 175.245 -390.234 117.356 132.115 -352.896 117.356 132.115 -398.099 163.853 168.87 -408.588 126.168 119.406 -398.34 159.433 175.245 -408.467 163.853 168.87 -390.113 126.168 119.406 -398.34 163.853 168.87 -408.588 126.168 119.406 -352.655 105.821 141.875 -350.04 125.451 160.226 -366.154 97.2362 153.905 -350.203 121.433 166.252 -366.263 97.2362 153.905 -395.484 121.433 166.252 -366.263 121.433 166.252 -383.439 97.2362 153.905 -350.203 97.2362 153.905 -395.484 125.451 160.226 -383.48 105.821 141.875 -395.647 121.433 166.252 -383.439 125.451 160.226 -366.154 105.821 141.875 -395.647 125.451 160.226 -383.48 105.821 141.875 -350.04 121.433 166.252 -366.263 125.451 160.226 -383.48 121.433 166.252 -383.439 125.451 160.226 -366.154 82.409 13.7648 -418.851 30.3852 13.7648 -418.851 28.1475 2.61861 -418.525 84.6468 2.6186 -418.525 -24.694 13.7648 -418.851 -76.7179 13.7648 -418.851 -78.9556 2.61861 -418.525 -22.4563 2.61861 -418.525 -126.344 208.259 -40.2463 -67.0622 116.092 -43.3136 -87.8119 110.992 -40.2463 -129.725 213.481 -32.1299 -129.725 213.481 -45.3003 -129.204 212.228 -45.3003 -129.204 212.228 -32.1299 -87.8119 110.992 -35.9259 -126.344 208.259 -35.9259 -126.344 208.259 -40.2463 -87.8119 110.992 -40.2463 -126.344 208.259 -35.9259 -87.8119 110.992 -35.9259 -67.0622 116.092 -34.1153 -87.025 224.666 -34.1153 -87.8119 110.992 -40.2463 -67.0622 116.092 -34.1153 -87.8119 110.992 -35.9259 -53.7957 199.133 -107.864 -53.7957 199.133 -48.803 -51.8921 184.153 -48.803 -51.8921 184.153 -107.864 -86.7713 186.545 -107.864 -53.7957 199.133 -107.864 -51.8921 184.153 -107.864 -84.8676 171.565 -107.864 -86.7713 186.545 -48.803 -51.8921 184.153 -48.803 -53.7957 199.133 -48.803 -84.8676 171.565 -48.803 -53.7957 199.133 -27.0631 -53.7957 199.133 30.0056 -51.8921 184.153 30.0056 -51.8921 184.153 -27.0631 -86.7713 186.545 -27.0631 -53.7957 199.133 -27.0631 -51.8921 184.153 -27.0631 -84.8676 171.565 -27.0631 -86.7713 186.545 30.0056 -51.8921 184.153 30.0056 -53.7957 199.133 30.0056 -84.8676 171.565 30.0056 -100.821 252.098 -92.6861 -125.865 231.084 -66.615 -121.306 234.909 -59.1532 -107.408 246.571 -96.8271 -100.821 252.098 16.491 -125.865 231.084 -9.5801 -107.408 246.571 20.632 -121.306 234.909 -17.042 -127.492 229.719 -0.27542 -114.719 240.436 20.632 -107.408 246.571 20.632 -125.865 231.084 -9.5801 -96.2626 255.923 9.02925 -121.306 234.909 -17.042 -100.821 252.098 16.491 -114.719 240.436 -21.183 -96.2625 255.923 -85.2243 -121.306 234.909 -59.1532 -114.719 240.436 -55.0122 -100.821 252.098 -92.6861 -107.408 246.571 -96.8271 -127.492 229.719 -75.9197 -125.865 231.084 -66.615 -114.719 240.436 -96.8271 -114.719 240.436 -96.8271 -125.865 231.084 -85.2243 -127.492 229.719 -75.9197 -121.306 234.909 -92.6861 -114.719 240.436 -55.0122 -94.6357 257.288 -75.9197 -96.2625 255.923 -85.2243 -107.408 246.571 -55.0122 -107.408 246.571 -21.183 -94.6357 257.288 -0.275444 -96.2626 255.923 -9.58012 -100.821 252.098 -17.042 -114.719 240.436 20.632 -127.492 229.719 -0.27542 -125.865 231.084 9.02927 -121.306 234.909 16.491 97.5514 121.507 -117.252 70.3988 130.505 -113.52 67.4586 121.507 -117.728 97.5514 121.507 -135.249 63.6373 117.78 -126.364 60.3513 121.507 -135.248 97.5514 130.505 -138.976 60.3513 121.507 -135.248 58.1945 130.505 -138.965 97.5514 139.503 -135.249 60.3477 139.503 -135.248 63.688 143.23 -126.246 97.5514 143.231 -126.25 97.5514 143.231 -126.25 63.688 143.23 -126.246 67.4586 139.503 -117.728 97.5514 139.503 -117.252 97.5514 139.503 -117.252 67.4586 139.503 -117.728 70.3988 130.505 -113.52 97.5514 130.505 -113.525 113.531 130.505 -126.501 113.531 137.294 -138.501 113.531 137.284 -126.373 113.531 130.505 -141.101 97.5514 139.503 -135.249 109.65 138.403 -139.649 97.5514 130.505 -138.976 109.65 130.505 -142.669 109.65 144.106 -134.643 97.5514 143.231 -126.25 109.65 146.924 -126.25 97.5514 139.503 -135.249 97.5514 143.231 -126.25 109.65 144.106 -117.858 109.65 146.924 -126.25 97.5514 139.503 -117.252 109.65 138.403 -112.852 97.5514 130.505 -113.525 109.65 130.505 -109.832 97.5514 139.503 -117.252 86.2538 142.196 -28.0419 76.0704 133.198 -34.4006 86.2538 130.586 -32.1626 76.0704 142.196 -31.2068 76.0704 133.198 -34.4006 86.2538 125.777 -42.1111 86.2538 130.586 -32.1626 76.0704 129.471 -42.1111 86.2538 125.777 -42.1111 76.0704 133.198 -49.8216 86.2538 130.586 -52.0597 76.0704 129.471 -42.1111 76.0704 142.196 -53.0154 86.2538 142.196 -56.1805 76.0704 133.198 -49.8216 86.2538 130.586 -52.0597 76.0704 151.194 -49.8216 86.2538 142.196 -56.1805 76.0704 142.196 -53.0154 86.2538 153.806 -52.0597 76.0704 151.194 -49.8216 86.2538 158.615 -42.1111 86.2538 153.806 -52.0597 76.0704 154.922 -42.1111 86.2538 158.615 -42.1111 76.0704 151.194 -34.4006 86.2538 153.806 -32.1627 76.0704 154.922 -42.1111 76.0704 151.194 -34.4006 86.2538 142.196 -28.0419 86.2538 153.806 -32.1627 76.0704 142.196 -31.2068 76.0704 133.198 -34.4006 56.2276 142.196 -31.2068 56.2276 133.198 -34.4006 76.0704 129.471 -42.1111 56.2276 133.198 -34.4006 56.2276 129.471 -42.1111 76.0704 133.198 -49.8216 56.2276 129.471 -42.1111 56.2276 133.198 -49.8216 76.0704 133.198 -49.8216 56.2276 133.198 -49.8216 76.0704 142.196 -53.0154 76.0704 142.196 -53.0154 56.2276 142.196 -53.0154 76.0704 151.194 -49.8216 76.0704 154.922 -42.1111 56.2276 151.194 -49.8216 56.2276 154.922 -42.1111 76.0704 151.194 -34.4006 56.2276 154.922 -42.1111 56.2276 151.194 -34.4006 76.0704 142.196 -31.2068 56.2276 151.194 -34.4006 56.2276 142.196 -31.2068 16.8846 137.747 114.082 0.289921 137.87 114.082 0.289981 128.166 114.082 19.4518 128.166 114.082 -18.8719 128.166 114.082 -16.3047 118.585 114.082 0.289981 128.166 114.082 0.289981 118.462 114.082 16.8846 118.585 114.082 0.289981 128.166 114.082 19.4518 128.166 114.082 -18.8719 128.166 114.082 0.289981 128.166 114.082 -16.3047 137.747 114.082 0.289921 137.87 114.082 0.289982 147.328 114.082 -9.29102 144.761 114.082 0.289921 137.87 114.082 -16.3047 137.747 114.082 9.87091 111.571 114.082 0.289981 118.462 114.082 0.289919 109.004 114.082 16.8846 118.585 114.082 0.289921 137.87 114.082 9.87091 144.761 114.082 16.8846 137.747 114.082 -16.3047 118.585 114.082 -9.29102 111.571 114.082 0.289981 118.462 114.082 0.289919 109.004 114.082 -43.264 193.98 -79.5265 -43.264 162.579 -29.4568 -43.264 146.136 -159.043 -43.264 107.454 55.0251 43.264 97.3684 43.6779 43.264 107.454 55.0251 -43.264 97.3684 43.6779 -43.264 166.197 55.0251 -43.264 97.3684 43.6779 -43.264 107.454 55.0251 43.264 97.3684 -30.5416 43.264 162.579 -29.4568 24.9606 128.166 109.313 16.8846 137.747 114.082 19.4518 128.166 114.082 21.6554 140.502 109.313 16.8846 137.747 114.082 12.6253 149.531 109.313 9.87091 144.761 114.082 21.6554 140.502 109.313 12.6253 149.531 109.313 0.289982 152.837 109.313 0.289982 147.328 114.082 9.87091 144.761 114.082 -12.0454 149.531 109.313 0.289982 147.328 114.082 0.289982 152.837 109.313 -9.29102 144.761 114.082 -12.0454 149.531 109.313 -16.3047 137.747 114.082 -9.29102 144.761 114.082 -21.0755 140.502 109.313 -16.3047 137.747 114.082 -24.3807 128.166 109.313 -18.8719 128.166 114.082 -21.0755 140.502 109.313 -21.0755 115.831 109.313 -18.8719 128.166 114.082 -24.3807 128.166 109.313 -16.3047 118.585 114.082 -12.0454 106.801 109.313 -16.3047 118.585 114.082 -21.0755 115.831 109.313 -9.29102 111.571 114.082 -9.29102 111.571 114.082 0.289918 103.496 109.313 0.289919 109.004 114.082 -12.0454 106.801 109.313 9.87091 111.571 114.082 0.289919 109.004 114.082 0.289918 103.496 109.313 12.6253 106.801 109.313 12.6253 106.801 109.313 21.6554 115.831 109.313 16.8846 118.585 114.082 9.87091 111.571 114.082 19.4518 128.166 114.082 21.6554 115.831 109.313 24.9606 128.166 109.313 16.8846 118.585 114.082 24.9606 128.166 109.313 24.9606 128.166 54.0945 21.6554 140.502 109.313 21.6554 140.502 54.0945 21.6554 115.831 109.313 21.6554 115.831 54.0945 24.9606 128.166 109.313 24.9606 128.166 54.0945 0.289918 103.496 109.313 0.289918 103.496 54.0945 12.6253 106.801 109.313 12.6253 106.801 54.0945 12.6253 106.801 109.313 12.6253 106.801 54.0945 21.6554 115.831 109.313 12.6253 149.531 54.0945 12.6253 149.531 109.313 21.6554 140.502 54.0945 21.6554 140.502 109.313 0.289983 152.837 54.0945 0.289982 152.837 109.313 12.6253 149.531 54.0945 12.6253 149.531 109.313 -12.0454 149.531 54.0945 -12.0454 149.531 109.313 0.289983 152.837 54.0945 0.289982 152.837 109.313 -21.0755 140.502 54.0945 -21.0755 140.502 109.313 -12.0454 149.531 54.0945 -12.0454 149.531 109.313 -21.0755 140.502 54.0945 -24.3807 128.166 109.313 -21.0755 140.502 109.313 -24.3807 128.166 54.0945 -24.3807 128.166 54.0945 -21.0755 115.831 109.313 -24.3807 128.166 109.313 -21.0755 115.831 54.0945 -21.0755 115.831 54.0945 -12.0454 106.801 109.313 -21.0755 115.831 109.313 -12.0454 106.801 54.0945 -12.0454 106.801 109.313 -12.0454 106.801 54.0945 0.289918 103.496 109.313 0.289918 103.496 54.0945 51.9869 212.557 -242.81 52.9808 216.101 -247.031 55.0837 210.672 -242.81 57.3396 213.447 -247.031 57.3396 213.447 -247.031 59.1194 206.362 -242.81 55.0837 210.672 -242.81 62.1113 208.352 -247.031 59.1194 206.362 -242.81 65.0929 201.69 -247.031 61.7154 200.562 -242.81 62.1113 208.352 -247.031 61.7154 200.562 -242.81 69.3215 183.105 -247.031 65.8183 182.53 -242.81 65.0929 201.69 -247.031 65.8183 182.53 -242.81 69.3215 183.105 -247.031 66.2875 177.925 -242.81 70.2105 174.382 -247.031 28.7103 174.382 -247.031 66.2875 177.925 -242.81 70.2105 174.382 -247.031 32.6332 177.925 -242.81 99.5696 146.151 -126.25 109.65 145.842 -129.673 100.373 142.865 -128.458 109.65 150.651 -126.25 99.5696 146.151 -126.25 109.65 145.842 -122.828 109.65 150.651 -126.25 100.373 142.865 -124.043 99.5696 146.151 -126.25 100.373 142.865 -128.458 97.5555 143.163 -126.25 100.373 142.865 -124.043 99.5696 146.151 -126.25 97.5555 143.163 -126.25 113.531 137.294 -138.501 109.65 130.505 -142.669 109.65 138.403 -139.649 113.531 130.505 -141.101 113.531 142.997 -133.534 109.65 146.924 -126.25 113.531 145.356 -126.25 109.65 144.106 -134.643 113.531 142.997 -118.967 113.531 145.356 -126.25 109.65 146.924 -126.25 109.65 144.106 -117.858 113.531 137.294 -114 109.65 130.505 -109.832 113.531 130.505 -111.4 109.65 138.403 -112.852 113.369 150.037 -126.25 109.65 145.842 -129.673 109.65 150.651 -126.25 113.325 144.62 -129.673 113.369 150.037 -126.25 109.65 145.842 -122.828 113.325 144.62 -122.828 109.65 150.651 -126.25 113.369 150.037 -126.25 113.325 144.62 -122.828 113.325 144.62 -129.673 122.075 134.237 -122.137 125.057 130.762 -126.25 123.663 134.068 -126.251 123.177 130.762 -120.932 121.385 137.369 -126.251 123.663 134.068 -126.251 120.763 136.967 -129.117 122.075 134.237 -130.364 118.032 135.183 -133.155 113.789 130.505 -136.978 113.789 136.085 -134.842 117.909 130.668 -135.464 117.739 138.471 -130.341 113.789 136.085 -134.842 113.789 139.918 -131.663 118.032 135.183 -133.155 117.739 138.471 -130.341 113.789 139.918 -131.663 113.789 141.75 -126.25 117.883 139.766 -126.25 117.739 138.471 -122.16 113.789 136.085 -117.659 118.032 135.183 -119.346 113.789 139.918 -120.838 118.032 135.183 -119.346 113.789 130.505 -115.523 117.909 130.669 -117.037 113.789 136.085 -117.659 122.075 134.237 -130.364 117.909 130.668 -135.464 118.032 135.183 -133.155 123.177 130.762 -131.569 120.763 136.967 -129.117 118.032 135.183 -133.155 117.739 138.471 -130.341 122.075 134.237 -130.364 120.763 136.967 -129.117 117.739 138.471 -130.341 117.883 139.766 -126.25 121.385 137.369 -126.251 118.032 135.183 -119.346 120.763 136.967 -123.384 117.739 138.471 -122.16 122.075 134.237 -122.137 117.909 130.669 -117.037 122.075 134.237 -122.137 118.032 135.183 -119.346 123.177 130.762 -120.932 95.2192 142.196 -28.0419 86.2538 142.196 -28.0419 95.2192 130.586 -32.1626 86.2538 130.586 -32.1626 95.2192 130.586 -32.1626 86.2538 130.586 -32.1626 95.2192 125.777 -42.1111 86.2538 125.777 -42.1111 95.2192 125.777 -42.1111 86.2538 125.777 -42.1111 95.2192 130.586 -52.0597 86.2538 130.586 -52.0597 95.2192 142.196 -56.1805 86.2538 130.586 -52.0597 86.2538 142.196 -56.1805 95.2192 130.586 -52.0597 95.2192 153.806 -52.0597 86.2538 142.196 -56.1805 86.2538 153.806 -52.0597 95.2192 142.196 -56.1805 95.2192 153.806 -52.0597 86.2538 153.806 -52.0597 95.2192 158.615 -42.1111 86.2538 158.615 -42.1111 95.2192 158.615 -42.1111 86.2538 158.615 -42.1111 95.2192 153.806 -32.1627 86.2538 153.806 -32.1627 95.2192 153.806 -32.1627 86.2538 153.806 -32.1627 95.2192 142.196 -28.0419 86.2538 142.196 -28.0419 87.6946 142.146 -62.8351 93.2695 137.302 -53.7859 88.1117 138.621 -54.607 95.7669 142.146 -64.9559 95.7669 142.146 -64.9559 87.6946 142.146 -62.8351 93.2695 146.99 -53.7857 88.1117 145.671 -54.607 88.1117 145.671 -54.607 87.6946 142.146 -62.8351 81.4131 141.515 -53.8016 87.6946 142.146 -62.8351 88.1117 138.621 -54.607 81.4131 141.515 -53.8016 87.6946 141.966 -21.1147 93.2695 146.809 -30.164 88.1117 145.491 -29.3428 95.7669 141.966 -18.9939 95.7669 141.966 -18.9939 87.6946 141.966 -21.1147 93.2695 137.122 -30.164 88.1117 138.44 -29.3428 88.1117 138.44 -29.3428 87.6946 141.966 -21.1147 81.4131 142.597 -30.1482 87.6946 141.966 -21.1147 88.1117 145.491 -29.3428 81.4131 142.597 -30.1482 158.815 209.049 67.5598 172.552 150.235 49.2849 163.712 209.049 49.2849 166.471 150.235 71.9802 145.437 209.049 80.9381 166.471 150.235 71.9802 158.815 209.049 67.5598 149.857 150.235 88.5943 127.162 209.049 85.8348 127.162 150.235 94.6754 145.437 209.049 80.9381 149.857 150.235 88.5943 108.887 209.049 80.9381 127.162 150.235 94.6754 127.162 209.049 85.8348 104.467 150.235 88.5943 95.5086 209.049 67.5598 92.7524 187.876 69.1511 108.887 209.049 80.9381 104.467 150.235 88.5943 95.5086 209.049 67.5598 87.4293 187.876 49.2849 92.7524 187.876 69.1511 90.6118 209.049 49.2849 90.6118 209.049 49.2849 95.5086 209.049 31.01 87.4293 187.876 49.2849 92.7524 187.876 29.4187 108.887 209.049 17.6317 92.7524 187.876 29.4187 95.5086 209.049 31.01 104.467 150.235 9.97567 127.162 209.049 12.7349 127.162 150.235 3.89443 108.887 209.049 17.6317 104.467 150.235 9.97567 145.437 209.049 17.6317 127.162 150.235 3.89443 127.162 209.049 12.7349 149.857 150.235 9.97555 158.815 209.049 31.0098 149.857 150.235 9.97555 145.437 209.049 17.6317 166.471 150.235 26.5897 163.712 209.049 49.2849 172.552 150.235 49.2849 158.815 209.049 31.0098 166.471 150.235 26.5897 143.287 206.399 49.2849 155.092 206.399 65.4104 159.413 206.399 49.2849 143.287 206.399 77.215 155.092 206.399 33.1594 143.287 206.399 49.2849 159.413 206.399 49.2849 143.287 206.399 21.3547 166.51 146.105 49.2849 166.471 150.235 71.9802 161.239 146.105 68.9593 172.552 150.235 49.2849 161.239 146.105 68.9593 149.857 150.235 88.5943 146.836 146.105 83.3618 166.471 150.235 71.9802 146.836 146.105 83.3618 127.162 150.235 94.6754 127.162 146.105 88.6335 149.857 150.235 88.5943 104.467 150.235 88.5943 127.162 146.105 88.6335 127.162 150.235 94.6754 107.488 146.105 83.3618 95.4329 182.068 67.041 107.488 146.105 83.3618 104.467 150.235 88.5943 92.7524 187.876 69.1511 87.4293 187.876 49.2849 95.4329 182.068 67.041 92.7524 187.876 69.1511 90.1612 182.068 49.2849 87.4293 187.876 49.2849 92.7524 187.876 29.4187 95.4329 182.068 31.5288 90.1612 182.068 49.2849 95.4329 182.068 31.5288 104.467 150.235 9.97567 107.488 146.105 15.2081 92.7524 187.876 29.4187 104.467 150.235 9.97567 127.162 146.105 9.93636 107.488 146.105 15.2081 127.162 150.235 3.89443 127.162 146.105 9.93636 149.857 150.235 9.97555 146.836 146.105 15.2081 127.162 150.235 3.89443 166.471 150.235 26.5897 146.836 146.105 15.2081 149.857 150.235 9.97555 161.239 146.105 29.6105 166.51 146.105 49.2849 166.471 150.235 26.5897 172.552 150.235 49.2849 161.239 146.105 29.6105 166.51 146.105 49.2849 161.239 146.105 68.9593 161.239 140.322 68.9593 166.51 140.322 49.2849 161.239 146.105 68.9593 146.836 146.105 83.3618 146.836 140.322 83.3618 161.239 140.322 68.9593 146.836 146.105 83.3618 127.162 146.105 88.6335 127.162 140.322 88.6335 146.836 140.322 83.3618 127.162 146.105 88.6335 107.488 146.105 83.3618 107.488 140.322 83.3618 127.162 140.322 88.6335 107.488 146.105 83.3618 95.4329 182.068 67.041 93.0849 146.407 68.9593 90.1612 182.068 49.2849 87.8132 146.664 49.2849 95.4329 182.068 67.041 93.0849 146.407 68.9593 87.8132 146.664 49.2849 90.1612 182.068 49.2849 95.4329 182.068 31.5288 93.0849 146.327 29.6107 95.4329 182.068 31.5288 107.488 146.105 15.2081 93.0849 146.327 29.6107 107.488 146.105 15.2081 127.162 146.105 9.93636 127.162 140.322 9.93637 107.488 140.322 15.2081 127.162 146.105 9.93636 146.836 146.105 15.2081 146.836 140.322 15.2081 127.162 140.322 9.93637 146.836 146.105 15.2081 161.239 146.105 29.6105 161.239 140.322 29.6106 146.836 140.322 15.2081 166.51 140.322 49.2849 161.239 146.105 29.6105 166.51 146.105 49.2849 161.239 140.322 29.6106 165.767 136.467 71.5735 171.739 136.467 49.2849 166.51 140.322 49.2849 161.239 140.322 68.9593 149.45 136.467 87.8899 165.767 136.467 71.5735 161.239 140.322 68.9593 146.836 140.322 83.3618 127.162 140.322 88.6335 149.45 136.467 87.8899 146.836 140.322 83.3618 127.162 136.467 93.8621 127.162 136.467 93.8621 107.488 140.322 83.3618 104.873 136.467 87.8899 127.162 140.322 88.6335 104.873 136.467 87.8899 95.4329 120.431 67.041 91.7265 115.442 69.7435 107.488 140.322 83.3618 95.4329 120.431 67.041 90.1612 120.431 49.285 86.2446 115.442 49.285 91.7265 115.442 69.7435 95.4329 120.217 31.5288 86.2446 115.442 49.285 90.1612 120.431 49.285 91.7265 115.442 28.8264 104.873 136.467 10.68 91.7265 115.442 28.8264 95.4329 120.217 31.5288 107.488 140.322 15.2081 127.162 136.467 4.70779 104.873 136.467 10.68 107.488 140.322 15.2081 127.162 140.322 9.93637 149.45 136.467 10.68 127.162 136.467 4.70779 127.162 140.322 9.93637 146.836 140.322 15.2081 161.239 140.322 29.6106 149.45 136.467 10.68 146.836 140.322 15.2081 165.767 136.467 26.9962 171.739 136.467 49.2849 165.767 136.467 26.9962 161.239 140.322 29.6106 166.51 140.322 49.2849 165.767 136.467 71.5735 158.324 103.095 67.2762 171.739 136.467 49.2849 163.144 103.095 49.285 149.45 136.467 87.8899 145.153 103.095 80.4468 165.767 136.467 71.5735 158.324 103.095 67.2762 127.162 136.467 93.8621 145.153 103.095 80.4468 149.45 136.467 87.8899 127.162 103.095 85.2675 104.873 136.467 87.8899 109.171 103.095 80.4468 127.162 136.467 93.8621 127.162 103.095 85.2675 109.171 103.095 80.4468 91.7265 115.442 69.7435 96 103.095 67.2763 104.873 136.467 87.8899 127.162 136.467 4.70779 109.171 103.095 18.1231 104.873 136.467 10.68 127.162 103.095 13.3024 149.45 136.467 10.68 145.153 103.095 18.1231 127.162 136.467 4.70779 127.162 103.095 13.3024 165.767 136.467 26.9962 158.324 103.095 31.2936 149.45 136.467 10.68 145.153 103.095 18.1231 171.739 136.467 49.2849 158.324 103.095 31.2936 165.767 136.467 26.9962 163.144 103.095 49.285 159.413 206.399 49.2849 158.815 209.049 67.5598 163.712 209.049 49.2849 155.092 206.399 65.4104 163.712 209.049 49.2849 155.092 206.399 33.1594 159.413 206.399 49.2849 158.815 209.049 31.0098 143.287 206.399 21.3547 155.092 206.399 33.1594 158.815 209.049 31.0098 145.437 209.049 17.6317 127.162 206.399 17.0339 143.287 206.399 21.3547 145.437 209.049 17.6317 127.162 209.049 12.7349 111.036 206.399 21.3547 127.162 209.049 12.7349 108.887 209.049 17.6317 127.162 206.399 17.0339 108.887 209.049 17.6317 99.2317 206.399 33.1594 111.036 206.399 21.3547 95.5086 209.049 31.01 94.9109 206.399 49.2849 99.2317 206.399 33.1594 95.5086 209.049 31.01 90.6118 209.049 49.2849 94.9109 206.399 49.2849 95.5086 209.049 67.5598 99.2317 206.399 65.4104 90.6118 209.049 49.2849 108.887 209.049 80.9381 99.2317 206.399 65.4104 95.5086 209.049 67.5598 111.036 206.399 77.215 111.036 206.399 77.215 127.162 209.049 85.8348 127.162 206.399 81.5358 108.887 209.049 80.9381 143.287 206.399 77.215 127.162 206.399 81.5358 127.162 209.049 85.8348 145.437 209.049 80.9381 155.092 206.399 65.4104 143.287 206.399 77.215 145.437 209.049 80.9381 158.815 209.049 67.5598 127.162 206.399 49.2849 111.036 206.399 49.2849 111.036 206.399 77.215 127.162 206.399 81.5358 127.162 206.399 49.2849 111.036 206.399 21.3547 127.162 206.399 17.0339 158.324 103.095 67.2762 158.324 103.095 31.2936 163.144 103.095 49.285 145.153 103.095 80.4468 127.162 206.399 17.0339 127.162 206.399 49.2849 143.287 206.399 21.3547 143.287 206.399 49.2849 143.287 206.399 49.2849 127.162 206.399 49.2849 143.287 206.399 77.215 127.162 206.399 81.5358 111.036 206.399 21.3547 99.2317 206.399 33.1594 94.9109 206.399 49.2849 99.2317 206.399 65.4104 111.036 206.399 77.215 86.2446 115.442 49.285 96 103.095 67.2763 91.7265 115.442 69.7435 91.1792 103.095 49.285 86.2446 115.442 49.285 91.7265 115.442 28.8264 96 103.095 31.2937 91.1792 103.095 49.285 109.171 103.095 18.1231 91.7265 115.442 28.8264 104.873 136.467 10.68 96 103.095 31.2937 107.488 140.322 15.2081 95.4329 120.217 31.5288 93.0849 140.348 29.6107 87.8132 140.685 49.2849 95.4329 120.217 31.5288 90.1612 120.431 49.285 93.0849 140.348 29.6107 87.8132 140.685 49.2849 95.4329 120.431 67.041 93.0849 140.428 68.9593 90.1612 120.431 49.285 93.0849 140.428 68.9593 95.4329 120.431 67.041 107.488 140.322 83.3618 93.0849 140.428 68.9593 107.488 146.105 83.3618 93.0849 146.407 68.9593 107.488 140.322 83.3618 93.0849 146.407 68.9593 87.8132 146.664 49.2849 87.8132 140.685 49.2849 93.0849 140.428 68.9593 93.0849 146.327 29.6107 87.8132 140.685 49.2849 87.8132 146.664 49.2849 93.0849 140.348 29.6107 107.488 146.105 15.2081 93.0849 140.348 29.6107 93.0849 146.327 29.6107 107.488 140.322 15.2081 151.619 102.781 65.8263 144.701 86.8998 60.7997 157.272 102.781 48.4298 148.72 86.8998 48.4298 136.821 102.781 76.5779 144.701 86.8998 60.7997 151.619 102.781 65.8263 134.178 86.8998 68.4448 118.529 102.781 76.5779 134.178 86.8998 68.4448 136.821 102.781 76.5779 121.172 86.8998 68.4448 103.731 102.781 65.8263 110.649 86.8998 60.7997 118.529 102.781 76.5779 121.172 86.8998 68.4448 98.0784 102.781 48.4298 110.649 86.8998 60.7997 103.731 102.781 65.8263 106.63 86.8998 48.4298 103.731 102.781 31.0332 110.649 86.8998 36.0598 98.0784 102.781 48.4298 106.63 86.8998 48.4298 118.529 102.781 20.2816 110.649 86.8998 36.0598 103.731 102.781 31.0332 121.172 86.8998 28.4147 136.821 102.781 20.2816 134.178 86.8998 28.4147 118.529 102.781 20.2816 121.172 86.8998 28.4147 151.619 102.781 31.0333 144.701 86.8998 36.0598 136.821 102.781 20.2816 134.178 86.8998 28.4147 157.272 102.781 48.4298 144.701 86.8998 36.0598 151.619 102.781 31.0333 148.72 86.8998 48.4298 134.178 86.8998 68.4448 148.72 86.8998 48.4298 144.701 86.8998 60.7997 144.701 86.8998 36.0598 96 103.095 67.2763 96 103.095 31.2937 109.171 103.095 18.1231 91.1792 103.095 49.285 127.162 103.095 13.3024 109.171 103.095 80.4468 96 103.095 67.2763 109.171 103.095 18.1231 127.162 103.095 85.2675 127.162 103.095 13.3024 145.153 103.095 18.1231 109.171 103.095 80.4468 127.162 103.095 85.2675 158.324 103.095 31.2936 145.153 103.095 18.1231 110.649 86.8998 36.0598 110.649 86.8998 60.7997 106.63 86.8998 48.4298 121.172 86.8998 28.4147 110.649 86.8998 60.7997 121.172 86.8998 28.4147 134.178 86.8998 28.4147 121.172 86.8998 68.4448 134.178 86.8998 28.4147 134.178 86.8998 68.4448 121.172 86.8998 68.4448 144.701 86.8998 36.0598 43.4048 110.39 48.3309 43.4048 114.852 34.1302 51.1286 109.758 48.3309 51.1286 114.304 33.9307 51.1286 126.725 23.3891 43.4048 114.852 34.1302 43.4048 127.041 23.7346 51.1286 114.304 33.9307 51.1286 143.693 19.5306 43.4048 127.041 23.7346 43.4048 143.693 19.9296 51.1286 126.725 23.3891 43.4048 160.344 23.7346 51.1286 143.693 19.5306 43.4048 143.693 19.9296 51.1286 160.66 23.3891 43.4048 172.534 34.1302 51.1286 160.66 23.3891 43.4048 160.344 23.7346 51.1286 173.081 33.9307 51.1286 177.628 48.3308 51.1286 173.081 33.9307 43.4048 172.534 34.1302 14.5245 176.996 48.3308 51.1286 177.628 48.3308 14.5245 176.996 48.3308 14.7095 172.534 62.5316 51.1286 173.081 62.731 51.1286 173.081 62.731 14.7095 172.534 62.5316 15.02 160.344 72.9272 51.1286 160.66 73.2727 51.1286 160.66 73.2727 15.02 160.344 72.9272 15.7211 143.693 76.7323 51.1286 143.693 77.1312 24.9729 127.041 72.9272 51.1286 143.693 77.1312 15.7211 143.693 76.7323 51.1286 126.725 73.2727 43.4048 114.852 62.5316 51.1286 126.725 73.2727 24.9729 127.041 72.9272 51.1286 114.304 62.7311 51.1286 109.758 48.3309 51.1286 114.304 62.7311 43.4048 114.852 62.5316 43.4048 110.39 48.3309 55.0511 143.693 55.432 57.3744 162.235 55.432 57.3744 154.846 61.6667 57.3744 143.693 64.1882 86.2538 142.196 63.1018 76.0704 133.198 56.7429 86.2538 130.586 58.981 76.0704 142.196 59.9368 76.0704 133.198 56.7429 86.2538 125.777 49.0325 86.2538 130.586 58.981 76.0704 129.471 49.0325 86.2538 125.777 49.0325 76.0704 133.198 41.3219 86.2538 130.586 39.084 76.0704 129.471 49.0325 76.0704 142.196 38.1281 86.2538 142.196 34.9632 76.0704 133.198 41.3219 86.2538 130.586 39.084 76.0704 151.194 41.3219 86.2538 142.196 34.9632 76.0704 142.196 38.1281 86.2538 153.806 39.0839 76.0704 151.194 41.3219 86.2538 158.615 49.0325 86.2538 153.806 39.0839 76.0704 154.922 49.0325 86.2538 158.615 49.0325 76.0704 151.194 56.7429 86.2538 153.806 58.981 76.0704 154.922 49.0325 76.0704 151.194 56.7429 86.2538 142.196 63.1018 86.2538 153.806 58.981 76.0704 142.196 59.9368 56.2276 142.196 59.9368 76.0704 133.198 56.7429 76.0704 142.196 59.9368 56.2276 133.198 56.743 56.2276 133.198 56.743 76.0704 129.471 49.0325 76.0704 133.198 56.7429 56.2276 129.471 49.0325 56.2276 129.471 49.0325 76.0704 133.198 41.3219 76.0704 129.471 49.0325 56.2276 133.198 41.3219 76.0704 133.198 41.3219 56.2276 133.198 41.3219 76.0704 142.196 38.1281 56.2276 142.196 38.1281 76.0704 142.196 38.1281 56.2276 142.196 38.1281 76.0704 151.194 41.3219 56.2276 151.194 41.3219 56.2276 151.194 41.3219 76.0704 154.922 49.0325 76.0704 151.194 41.3219 56.2276 154.922 49.0325 56.2276 154.922 49.0325 76.0704 151.194 56.7429 76.0704 154.922 49.0325 56.2276 151.194 56.743 56.2276 151.194 56.743 76.0704 142.196 59.9368 76.0704 151.194 56.7429 56.2276 142.196 59.9368 51.1286 109.758 48.3309 59.6201 119.41 36.5015 59.6201 115.654 48.3309 51.1286 114.304 33.9307 59.6201 129.673 27.8418 59.6201 119.41 36.5015 51.1286 126.725 23.3891 51.1286 114.304 33.9307 59.6201 143.693 24.6721 59.6201 129.673 27.8418 51.1286 143.693 19.5306 51.1286 126.725 23.3891 51.1286 143.693 19.5306 51.1286 160.66 23.3891 59.6201 157.712 27.8418 59.6201 143.693 24.6721 51.1286 173.081 33.9307 59.6201 167.975 36.5015 51.1286 160.66 23.3891 59.6201 157.712 27.8418 59.6201 167.975 36.5015 51.1286 177.628 48.3308 59.6201 171.732 48.3308 51.1286 173.081 33.9307 51.1286 177.628 48.3308 59.6201 167.975 60.1603 59.6201 171.732 48.3308 51.1286 173.081 62.731 59.6201 167.975 60.1603 51.1286 173.081 62.731 51.1286 160.66 73.2727 59.6201 157.712 68.82 51.1286 160.66 73.2727 51.1286 143.693 77.1312 59.6201 157.712 68.82 59.6201 143.693 71.9897 51.1286 143.693 77.1312 59.6201 129.673 68.82 59.6201 143.693 71.9897 51.1286 126.725 73.2727 51.1286 126.725 73.2727 59.6201 119.411 60.1603 59.6201 129.673 68.82 51.1286 114.304 62.7311 59.6201 119.411 60.1603 51.1286 109.758 48.3309 59.6201 115.654 48.3309 51.1286 114.304 62.7311 95.2192 142.196 63.1018 86.2538 142.196 63.1018 95.2192 130.586 58.981 86.2538 130.586 58.981 95.2192 130.586 58.981 86.2538 130.586 58.981 95.2192 125.777 49.0325 86.2538 125.777 49.0325 95.2192 125.777 49.0325 86.2538 125.777 49.0325 95.2192 130.586 39.084 86.2538 130.586 39.084 95.2192 142.196 34.9632 86.2538 130.586 39.084 86.2538 142.196 34.9632 95.2192 130.586 39.084 95.2192 153.806 39.0839 86.2538 142.196 34.9632 86.2538 153.806 39.0839 95.2192 142.196 34.9632 95.2192 153.806 39.0839 86.2538 153.806 39.0839 95.2192 158.615 49.0325 86.2538 158.615 49.0325 95.2192 158.615 49.0325 86.2538 158.615 49.0325 95.2192 153.806 58.981 86.2538 153.806 58.981 95.2192 153.806 58.981 86.2538 153.806 58.981 95.2192 142.196 63.1018 86.2538 142.196 63.1018 87.6946 142.146 28.3084 93.2696 137.302 37.3578 88.1117 138.621 36.5366 95.7669 142.146 26.1878 95.7669 142.146 26.1878 87.6946 142.146 28.3084 93.2696 146.99 37.3578 88.1117 145.671 36.5366 88.1117 145.671 36.5366 87.6946 142.146 28.3084 81.4131 141.515 37.3421 87.6946 142.146 28.3084 88.1117 138.621 36.5366 81.4131 141.515 37.3421 87.6946 141.966 70.0289 93.2696 146.809 60.9796 88.1117 145.491 61.8009 95.7669 141.966 72.1496 95.7669 141.966 72.1496 87.6946 141.966 70.0289 93.2696 137.122 60.9796 88.1117 138.44 61.8009 88.1117 138.44 61.8009 87.6946 141.966 70.0289 81.4131 142.597 60.9953 87.6946 141.966 70.0289 88.1117 145.491 61.8009 81.4131 142.597 60.9953 -6.02832 200.589 50.9229 -6.02832 200.589 62.511 -2.78051 204.366 50.9229 -2.78051 204.366 62.511 6.96259 200.589 62.511 8.00568 194.075 50.9229 6.96259 200.589 50.9229 8.00568 194.075 62.511 -7.07129 194.075 50.9229 -7.07129 194.075 62.511 -6.02832 200.589 50.9229 -6.02832 200.589 62.511 0.467237 205.107 50.9229 0.467236 205.107 62.511 3.71491 204.366 50.9229 3.71491 204.366 62.511 -2.78051 204.366 50.9229 -2.78051 204.366 62.511 0.467237 205.107 50.9229 0.467236 205.107 62.511 3.71491 204.366 62.511 6.96259 200.589 50.9229 3.71491 204.366 50.9229 6.96259 200.589 62.511 168.87 179.596 -399.383 173.371 173.756 -406.141 169.152 179.84 -406.023 173.042 173.579 -399.271 173.042 173.579 -399.271 163.919 168.442 -398.141 173.371 173.756 -406.141 169.34 170.494 -421.031 163.653 178.624 -420.921 173.371 173.756 -406.141 169.34 170.494 -421.031 169.152 179.84 -406.023 159.339 175.048 -398.267 169.152 179.84 -406.023 163.653 178.624 -420.921 168.87 179.596 -399.383 163.919 168.442 -398.141 168.87 179.596 -399.383 159.339 175.048 -398.267 173.042 173.579 -399.271 158.46 175.751 -419.64 163.919 168.442 -398.141 159.339 175.048 -398.267 164.27 167.369 -419.809 164.27 167.369 -419.809 163.653 178.624 -420.921 169.34 170.494 -421.031 158.46 175.751 -419.64 163.653 178.624 -420.921 158.46 175.751 -419.64 159.339 175.048 -398.267 163.919 168.442 -398.141 164.27 167.369 -419.809 169.34 170.494 -421.031 57.3744 125.151 55.432 59.6201 115.654 48.3309 57.3744 122.896 48.3309 59.6201 119.411 60.1603 57.3744 125.151 41.2298 57.3744 122.896 48.3309 59.6201 115.654 48.3309 59.6201 119.41 36.5015 59.6201 119.41 36.5015 59.6201 129.673 27.8418 57.3744 132.54 34.9952 57.3744 125.151 41.2298 57.3744 143.693 32.4736 59.6201 129.673 27.8418 59.6201 143.693 24.6721 57.3744 132.54 34.9952 57.3744 143.693 32.4736 59.6201 157.712 27.8418 57.3744 154.846 34.9952 59.6201 143.693 24.6721 57.3744 154.846 34.9952 59.6201 167.975 36.5015 57.3744 162.235 41.2298 59.6201 157.712 27.8418 59.6201 171.732 48.3308 57.3744 162.235 41.2298 59.6201 167.975 36.5015 57.3744 164.489 48.3308 57.3744 162.235 55.432 59.6201 171.732 48.3308 59.6201 167.975 60.1603 57.3744 164.489 48.3308 59.6201 167.975 60.1603 57.3744 154.846 61.6667 57.3744 162.235 55.432 59.6201 157.712 68.82 57.3744 143.693 64.1882 57.3744 154.846 61.6667 59.6201 157.712 68.82 59.6201 143.693 71.9897 59.6201 129.673 68.82 57.3744 143.693 64.1882 59.6201 143.693 71.9897 57.3744 132.54 61.6667 59.6201 119.411 60.1603 57.3744 132.54 61.6667 59.6201 129.673 68.82 57.3744 125.151 55.432 57.3744 164.489 48.3308 55.0511 143.693 48.3309 57.3744 162.235 41.2298 55.0511 143.693 41.2298 57.3744 162.235 41.2298 55.0511 143.693 41.2298 57.3744 154.846 34.9952 57.3744 143.693 32.4736 57.3744 162.235 55.432 55.0511 143.693 48.3309 57.3744 164.489 48.3308 55.0511 143.693 55.432 55.0511 143.693 55.432 57.3744 132.54 61.6667 57.3744 125.151 55.432 57.3744 143.693 64.1882 55.0511 143.693 55.432 57.3744 125.151 55.432 55.0511 143.693 48.3309 57.3744 122.896 48.3309 57.3744 125.151 41.2298 55.0511 143.693 41.2298 55.0511 143.693 48.3309 57.3744 122.896 48.3309 57.3744 143.693 32.4736 55.0511 143.693 41.2298 57.3744 132.54 34.9952 57.3744 125.151 41.2298 -129.725 213.481 31.4749 -79.5137 255.99 37.3903 -79.5137 255.99 31.4749 -129.725 213.481 37.3903 -47.307 197.535 31.4749 -47.307 233.063 31.4749 -47.307 233.063 37.3903 -47.307 197.535 37.3903 -79.5137 255.99 31.4749 -47.307 233.063 37.3903 -47.307 233.063 31.4749 -79.5137 255.99 37.3903 -129.725 213.481 37.3903 -79.3179 253.847 37.3902 -79.5137 255.99 37.3903 -129.204 212.228 37.3902 -47.307 233.063 37.3903 -79.3179 253.847 37.3902 -49.6336 231.753 37.3902 -79.5137 255.99 37.3903 -47.307 197.535 37.3903 -47.307 233.063 37.3903 -49.6336 231.753 37.3902 -49.6336 197.496 37.3902 -47.307 197.535 31.4749 -47.307 197.535 37.3903 -49.6336 197.496 37.3902 -49.6336 197.535 31.4749 -49.6336 231.753 31.4749 -47.307 197.535 31.4749 -49.6336 197.535 31.4749 -47.307 233.063 31.4749 -47.307 233.063 31.4749 -79.3179 253.847 31.4749 -79.5137 255.99 31.4749 -49.6336 231.753 31.4749 -129.725 213.481 31.4749 -79.3179 253.847 31.4749 -129.204 212.228 31.4749 -79.5137 255.99 31.4749 -129.725 213.481 31.4749 -129.204 212.228 37.3902 -129.725 213.481 37.3903 -129.204 212.228 31.4749 -129.725 213.481 -115.248 -79.5137 255.99 -109.331 -79.5137 255.99 -115.248 -129.725 213.481 -109.331 -47.307 197.507 -115.248 -47.307 233.063 -115.248 -47.307 233.063 -109.331 -47.307 197.507 -109.331 -79.5137 255.99 -115.248 -47.307 233.063 -109.331 -47.307 233.063 -115.248 -79.5137 255.99 -109.331 -129.725 213.481 -109.331 -79.3179 253.847 -109.331 -79.5137 255.99 -109.331 -129.204 212.228 -109.331 -47.307 233.063 -109.331 -79.3179 253.847 -109.331 -49.6335 231.753 -109.331 -79.5137 255.99 -109.331 -47.307 197.507 -109.331 -47.307 233.063 -109.331 -49.6335 231.753 -109.331 -49.6336 197.507 -109.331 -47.307 197.507 -115.248 -47.307 197.507 -109.331 -49.6336 197.507 -109.331 -49.6336 197.496 -115.248 -49.6335 231.753 -115.248 -47.307 197.507 -115.248 -49.6336 197.496 -115.248 -47.307 233.063 -115.248 -47.307 233.063 -115.248 -79.3179 253.847 -115.248 -79.5137 255.99 -115.248 -49.6335 231.753 -115.248 -129.725 213.481 -115.248 -79.3179 253.847 -115.248 -129.204 212.228 -115.248 -79.5137 255.99 -115.248 -129.725 213.481 -115.248 -129.204 212.228 -109.331 -129.725 213.481 -109.331 -129.204 212.228 -115.248 23.0155 -25.3466 -373.035 -23.0155 -25.3466 -373.035 -23.0155 -25.3466 -412.801 23.0155 -25.3466 -412.801 -23.0155 11.4465 -412.801 23.0155 11.4465 -412.801 23.0155 -25.3466 -412.801 -23.0155 -25.3466 -412.801 23.0155 11.4465 -412.801 23.0155 11.4465 -338.22 23.0155 -25.3466 -373.035 23.0155 -25.3466 -412.801 23.0155 11.4465 -338.22 -23.0155 11.4465 -338.22 -23.0155 -25.3466 -373.035 23.0155 -25.3466 -373.035 -23.0155 11.4465 -412.801 -23.0155 -25.3466 -373.035 -23.0155 11.4465 -338.22 -23.0155 -25.3466 -412.801 -135.887 10.9525 -322.619 -155.869 63.5416 -266.933 -155.463 63.6923 -322.83 -136.388 10.7667 -253.726 -147.102 63.5488 -266.933 -131.298 20.2772 -246.38 -127.613 10.4371 -253.725 -143.735 54.0825 -250.396 122.075 134.237 -130.364 123.663 134.068 -126.251 125.057 130.762 -126.25 123.177 130.762 -131.569 121.385 137.369 -126.251 120.763 136.967 -123.384 123.663 134.068 -126.251 122.075 134.237 -122.137 117.883 139.766 -126.25 113.789 141.75 -126.25 117.739 138.471 -122.16 113.789 139.918 -120.838 121.385 137.369 -126.251 117.883 139.766 -126.25 120.763 136.967 -123.384 117.739 138.471 -122.16 109.65 138.403 -139.649 97.5514 139.503 -135.249 109.65 144.106 -134.643 109.65 138.403 -112.852 109.65 144.106 -117.858 97.5514 139.503 -117.252 113.531 145.356 -126.25 113.531 137.284 -126.373 113.531 142.997 -133.534 113.531 137.294 -138.501 113.531 142.997 -118.967 113.531 137.284 -126.373 113.531 145.356 -126.25 113.531 137.294 -114 113.531 142.997 -133.534 109.65 138.403 -139.649 109.65 144.106 -134.643 113.531 137.294 -138.501 113.531 142.997 -118.967 109.65 138.403 -112.852 113.531 137.294 -114 109.65 144.106 -117.858 113.531 130.505 -126.501 113.531 137.284 -126.373 113.531 130.505 -111.4 -67.4167 119.756 35.9054 -67.4166 119.755 -26.9854 -87.4082 119.586 -26.9854 -87.4082 119.586 35.9054 -67.4167 119.756 35.9054 -84.6496 105.861 35.9054 -67.0602 106.031 35.9054 -87.4082 119.586 35.9054 -67.0602 106.031 -26.9854 -67.0602 106.031 35.9054 -84.6496 105.861 35.9054 -84.6496 105.861 -26.9854 -84.6496 105.861 -26.9854 -67.4166 119.755 -26.9854 -67.0602 106.031 -26.9854 130.561 68.8869 -7.50924 121.886 62.3045 -55.0331 130.561 68.8843 -57.123 121.886 62.6268 -5.50674 131.216 81.1048 -11.1928 130.561 68.8843 -57.123 131.177 81.1048 -62.9781 130.561 68.8869 -7.50924 131.177 81.1048 -62.9781 124.834 86.9908 -13.7546 131.216 81.1048 -11.1928 123.374 87.2839 -65.1749 123.374 87.2839 -65.1749 114.281 88.9535 -14.8587 124.834 86.9908 -13.7546 112.242 88.9886 -65.5185 114.281 88.9535 -14.8587 112.242 88.9886 -65.5185 102.735 82.4687 -63.5999 105.032 81.7649 -13.4396 105.032 81.7649 -13.4396 102.735 82.4687 -63.5999 102.617 71.967 -58.9091 102.617 71.6206 -8.59633 102.617 71.6206 -8.59633 102.617 71.967 -58.9091 110.234 62.3053 -55.1633 110.234 63.2433 -5.73811 110.234 63.2433 -5.73811 121.886 62.3045 -55.0331 121.886 62.6268 -5.50674 110.234 62.3053 -55.1633 130.561 66.5588 -62.225 121.886 62.3045 -55.0331 130.561 61.2871 -63.682 130.561 61.2871 -63.682 131.177 61.2923 -75.9392 130.561 66.5588 -62.225 131.177 76.1002 -74.1322 123.374 61.3455 -81.7188 123.374 79.9388 -79.185 131.177 76.1002 -74.1322 131.177 61.2923 -75.9392 111.723 80.12 -80.56 123.374 79.9388 -79.185 111.723 61.7344 -84.5933 123.374 61.3455 -81.7188 103.047 74.7847 -73.8511 111.723 80.12 -80.56 111.723 61.7344 -84.5933 103.047 61.6758 -76.4156 103.047 61.6758 -76.4156 102.431 67.9223 -64.0716 103.047 74.7847 -73.8511 102.431 61.6122 -65.5075 102.431 61.6122 -65.5075 110.234 62.3053 -55.1633 102.431 67.9223 -64.0716 110.234 60.2828 -55.0112 110.234 62.3053 -55.1633 121.886 60.5298 -55.7162 121.886 62.3045 -55.0331 131.177 41.8452 -5.01961 131.177 41.8452 -61.1611 130.561 53.4905 -55.9968 123.374 34.3901 -8.70784 123.374 34.9834 -64.2658 131.177 41.8452 -61.1611 111.723 33.4893 -9.86171 111.723 33.7936 -65.2463 123.374 34.9834 -64.2658 111.723 33.4893 -9.86171 103.047 39.6764 -61.9925 111.723 33.7936 -65.2463 103.047 39.6764 -6.31991 102.431 49.2854 -58.0364 103.047 39.6764 -61.9925 102.431 49.4829 0.52866 110.234 60.2828 -55.0112 102.431 49.2854 -58.0364 121.886 60.4495 8.36729 110.234 60.2828 -55.0112 110.234 59.8335 7.75028 121.153 52.7698 19.3804 121.153 32.2772 22.0271 130.561 47.2909 12.5734 130.561 32.1898 14.7327 131.177 37.9684 -0.312949 130.561 47.2909 12.5734 130.561 32.1898 14.7327 131.177 32.1868 1.88347 131.177 37.9684 -0.312949 123.374 31.7673 -7.51003 123.374 34.3901 -8.70784 111.723 33.4893 -9.86171 123.374 34.3901 -8.70784 123.374 31.7673 -7.51003 111.723 32.2096 -8.90901 103.047 36.013 -3.33541 111.723 33.4893 -9.86171 103.047 32.2131 -1.80159 102.431 42.9638 6.99937 103.047 36.013 -3.33541 102.431 32.1785 8.29918 102.431 42.9638 6.99937 102.431 32.1785 8.29918 109.501 32.244 21.4026 109.501 52.1538 18.7634 121.153 52.7698 19.3804 109.501 52.1538 18.7634 121.153 32.2772 22.0271 109.501 32.244 21.4026 100.08 8.94205 -96.8551 42.8174 34.9238 -97.4015 42.8174 39.6591 -105.181 109.626 21.5558 -109.447 42.8174 39.6591 -105.181 42.8174 49.3546 -109.244 108.615 31.5891 -104.582 42.8174 49.3546 -109.244 42.8174 59.4154 -104.685 105.789 35.1901 -96.8549 42.8174 59.4154 -104.685 42.8174 62.1015 -96.9529 102.215 33.4605 -88.0136 42.8174 62.1015 -96.9529 42.8174 60.461 -88.1008 102.215 33.4605 -88.0136 42.8174 60.461 -88.1008 42.8174 49.3547 -83.4282 97.9096 25.0225 -83.174 97.9096 25.0225 -83.174 42.8174 49.3547 -83.4282 42.8174 39.7843 -87.5974 98.0826 14.9872 -87.4373 98.0826 14.9872 -87.4373 42.8174 39.7843 -87.5974 42.8174 34.9238 -97.4015 100.08 8.94205 -96.8551 131.163 73.6885 4.53244 121.886 62.6268 -5.50674 130.561 68.8869 -7.50924 121.812 67.563 8.90928 131.498 83.6488 -5.37643 130.561 68.8869 -7.50924 131.216 81.1048 -11.1928 131.163 73.6885 4.53244 131.216 81.1048 -11.1928 125.389 88.9567 -10.6884 131.498 83.6488 -5.37643 124.834 86.9908 -13.7546 124.834 86.9908 -13.7546 114.604 90.3483 -12.9324 125.389 88.9567 -10.6884 114.281 88.9535 -14.8587 105.032 81.7649 -13.4396 114.604 90.3483 -12.9324 114.281 88.9535 -14.8587 105.723 85.5546 -9.72359 102.807 75.4279 -1.31222 105.032 81.7649 -13.4396 102.617 71.6206 -8.59633 105.723 85.5546 -9.72359 110.234 63.2433 -5.73811 102.807 75.4279 -1.31222 102.617 71.6206 -8.59633 110.09 68.7727 6.42492 121.812 67.563 8.90928 110.09 68.7727 6.42492 121.886 62.6268 -5.50674 110.234 63.2433 -5.73811 121.886 62.3045 -55.0331 130.561 66.5588 -62.225 130.561 68.8843 -57.123 130.561 66.5588 -62.225 131.177 81.1048 -62.9781 130.561 68.8843 -57.123 131.177 76.1002 -74.1322 131.177 76.1002 -74.1322 123.374 87.2839 -65.1749 131.177 81.1048 -62.9781 123.374 79.9388 -79.185 123.374 79.9388 -79.185 112.242 88.9886 -65.5185 123.374 87.2839 -65.1749 111.723 80.12 -80.56 112.242 88.9886 -65.5185 111.723 80.12 -80.56 103.047 74.7847 -73.8511 102.735 82.4687 -63.5999 102.735 82.4687 -63.5999 102.431 67.9223 -64.0716 102.617 71.967 -58.9091 103.047 74.7847 -73.8511 102.617 71.967 -58.9091 102.431 67.9223 -64.0716 110.234 62.3053 -55.1633 130.561 47.2909 12.5734 121.886 60.4495 8.36729 121.153 52.7698 19.3804 130.561 53.4879 3.20817 131.177 37.9684 -0.312949 130.561 53.4879 3.20817 130.561 47.2909 12.5734 131.177 41.8452 -5.01961 131.177 41.8452 -5.01961 131.177 37.9684 -0.312949 123.374 34.3901 -8.70784 111.723 33.4893 -9.86171 103.047 36.013 -3.33541 103.047 39.6764 -6.31991 102.431 42.9638 6.99937 103.047 39.6764 -6.31991 103.047 36.013 -3.33541 102.431 49.4829 0.52866 102.431 42.9638 6.99937 110.234 59.8335 7.75028 102.431 49.4829 0.52866 109.501 52.1538 18.7634 121.886 60.4495 8.36729 110.234 59.8335 7.75028 121.153 52.7698 19.3804 109.501 52.1538 18.7634 117.63 10.888 -100.337 125.931 10.4061 -89.3738 118.298 4.348 -85.1987 109.428 5.26346 -94.6058 130.914 20.0034 -90.8988 117.63 10.888 -100.337 123.38 20.1294 -102.425 125.931 10.4061 -89.3738 130.914 20.0034 -90.8988 120.336 29.9361 -97.252 125.899 29.6002 -87.4619 123.38 20.1294 -102.425 125.899 29.6002 -87.4619 112.734 32.9987 -90.7533 117.484 32.2905 -83.2151 120.336 29.9361 -97.252 117.484 32.2905 -83.2151 112.734 32.9987 -90.7533 105.155 30.0548 -84.0783 106.683 27.3754 -78.5314 105.155 30.0548 -84.0783 101.49 20.9827 -81.1093 106.683 27.3754 -78.5314 102.981 20.0035 -75.7971 107.191 10.3022 -78.9067 102.981 20.0035 -75.7971 101.49 20.9827 -81.1093 102.658 11.5786 -85.6699 118.298 4.348 -85.1987 102.658 11.5786 -85.6699 109.428 5.26346 -94.6058 107.191 10.3022 -78.9067 125.931 10.4061 -89.3738 131.616 20.0035 -12.7807 129.072 10.0827 -12.661 125.899 29.6002 -87.4619 123.613 29.3699 -11.1734 131.616 20.0035 -12.7807 117.484 32.2905 -83.2151 123.613 29.3699 -11.1734 125.899 29.6002 -87.4619 106.683 27.3754 -78.5314 112.293 31.5695 -11.7046 117.484 32.2905 -83.2151 107.191 10.3022 -78.9067 108.125 8.04608 -12.4526 102.981 20.0035 -75.7971 130.561 61.2871 -63.682 131.177 49.0039 -70.284 131.177 61.2923 -75.9392 123.374 61.3455 -81.7188 131.177 49.0039 -70.284 123.374 43.9258 -76.514 131.177 61.2923 -75.9392 111.723 61.7344 -84.5933 123.374 43.9258 -76.514 111.723 43.3095 -79.5789 103.047 61.6758 -76.4156 111.723 61.7344 -84.5933 103.047 47.7905 -73.1367 111.723 43.3095 -79.5789 103.047 61.6758 -76.4156 102.431 55.493 -63.3529 102.431 61.6122 -65.5075 102.431 61.6122 -65.5075 102.431 55.493 -63.3529 110.234 60.2828 -55.0112 131.163 73.6885 4.53244 131.498 83.6488 -5.37643 131.62 91.4833 11.4222 131.498 83.6488 -5.37643 125.615 93.5291 -8.31771 131.797 93.9767 -0.87691 125.389 88.9567 -10.6884 114.641 91.9216 -11.7765 125.615 93.5291 -8.31771 105.723 85.5546 -9.72359 102.692 85.2716 3.67167 105.287 88.5111 -7.93404 110.09 68.7727 6.42492 102.692 85.2716 3.67167 102.807 75.4279 -1.31222 104.133 12.3151 -104.932 109.428 5.26346 -94.6058 100.08 8.94205 -96.8551 117.63 10.888 -100.337 117.63 10.888 -100.337 109.626 21.5558 -109.447 123.38 20.1294 -102.425 104.133 12.3151 -104.932 120.336 29.9361 -97.252 109.626 21.5558 -109.447 108.615 31.5891 -104.582 123.38 20.1294 -102.425 120.336 29.9361 -97.252 105.789 35.1901 -96.8549 112.734 32.9987 -90.7533 108.615 31.5891 -104.582 105.155 30.0548 -84.0783 112.734 32.9987 -90.7533 102.215 33.4605 -88.0136 105.789 35.1901 -96.8549 102.215 33.4605 -88.0136 97.9096 25.0225 -83.174 105.155 30.0548 -84.0783 101.49 20.9827 -81.1093 101.49 20.9827 -81.1093 98.0826 14.9872 -87.4373 102.658 11.5786 -85.6699 97.9096 25.0225 -83.174 100.08 8.94205 -96.8551 102.658 11.5786 -85.6699 98.0826 14.9872 -87.4373 109.428 5.26346 -94.6058 -126.412 63.8753 -33.4334 -116.525 55.4297 5.59725 -124.293 63.6343 8.92531 -126.304 73.8736 -33.3166 -124.293 63.6343 8.92531 -126.675 73.9731 9.98433 -126.304 73.8736 -33.3166 -126.675 73.9731 9.98433 -118.009 81.3504 8.91713 -116.402 80.6462 -33.3069 -118.009 81.3504 8.91713 -107.289 81.1971 5.58612 -105.404 79.9419 -33.382 -107.289 81.1971 5.58612 -99.8329 74.2317 0.594974 -99.1334 73.1338 -33.4889 -99.1334 73.1338 -33.4889 -99.8329 74.2317 0.594974 -98.0059 66.2911 -1.73247 -98.3695 66.3885 -33.5576 -98.3695 66.3885 -33.5576 -98.0059 66.2911 -1.73247 -107.174 56.662 -33.637 15.8912 142.748 118.305 -15.7374 142.748 118.305 -15.7374 142.748 76.1947 15.8912 142.748 76.1947 -15.7374 142.748 54.8423 15.8912 142.748 54.8423 15.8912 214.656 141.351 -15.7374 214.656 141.351 -15.7374 165.794 141.351 15.8912 165.794 141.351 15.8912 214.656 141.351 15.8912 167.778 76.5258 15.8912 214.656 76.5258 15.8912 165.794 141.351 15.8912 142.748 118.305 15.8912 142.748 76.1947 -15.7374 167.778 76.5258 -15.7374 142.748 54.8423 -15.7374 142.748 76.1947 -14.4707 172.715 55.0896 22.5074 208.625 154.78 -22.2992 208.625 154.78 22.5074 208.625 119.249 -22.2992 208.625 119.249 16.9426 292.39 229.977 -16.7344 292.39 229.977 -18.4509 281.718 229.977 18.6592 281.718 229.977 -16.7344 292.39 229.977 16.9426 292.39 229.977 -15.2139 299.77 229.977 15.4222 299.77 229.977 -9.7337 313.241 229.977 9.94202 313.241 229.977 5.41529 319.287 229.977 -13.2064 306.322 229.977 -5.20697 319.287 229.977 13.4148 306.322 229.977 -15.2139 299.77 229.977 15.4222 299.77 229.977 -13.2064 306.322 229.977 13.4148 306.322 229.977 20.327 266.07 119.249 20.319 266.335 168.617 21.1195 254.25 168.619 21.1383 254.25 119.249 5.41529 319.287 168.617 9.94201 313.241 119.249 5.41528 319.287 119.249 9.94201 313.241 168.617 5.41529 319.287 204.171 9.94202 313.241 204.171 9.94202 313.241 229.977 5.41529 319.287 229.977 -16.7539 292.392 168.617 -16.7509 292.392 119.249 -18.9286 277.799 119.249 -18.9327 277.799 168.617 20.0303 266.372 186.84 -19.8267 266.372 186.84 -20.6723 254.25 175.911 20.8763 254.25 175.911 20.0303 266.372 186.84 20.8763 254.25 175.911 20.319 266.335 168.617 21.1195 254.25 168.619 -5.20698 319.287 119.249 -5.20697 319.287 168.617 5.41528 319.287 119.249 5.41529 319.287 168.617 -5.20697 319.287 204.171 5.41529 319.287 204.171 -9.73181 312.748 168.617 -9.73181 312.748 204.171 -5.20697 319.287 168.617 -5.20697 319.287 204.171 -18.9327 277.799 168.617 -18.9327 277.799 204.171 -16.7539 292.392 168.617 -16.7539 292.392 204.171 -18.5748 280.798 217.074 19.1367 277.799 204.171 18.7831 280.798 217.074 -18.9327 277.799 204.171 19.1367 277.799 204.171 16.9591 292.392 204.171 18.7831 280.798 217.074 -5.20697 319.287 168.617 -9.73371 313.241 119.249 -9.73181 312.748 168.617 -5.20698 319.287 119.249 5.41529 319.287 229.977 -5.20697 319.287 229.977 -5.20697 319.287 204.171 -9.7337 313.241 229.977 -5.20697 319.287 229.977 -9.73181 312.748 204.171 -16.7539 292.392 204.171 -18.9327 277.799 204.171 -18.5748 280.798 217.074 14.6262 226.773 141.351 -14.4725 226.773 141.351 -15.7374 214.656 141.351 15.8912 214.656 141.351 14.6262 226.773 141.351 15.8912 214.656 76.5258 14.6262 226.773 76.5258 15.8912 214.656 141.351 6.93078 225.037 62.7985 -7.7583 214.881 62.7985 -6.7771 225.037 62.7985 7.91198 214.881 62.7985 -4.44312 232.491 62.7985 7.91198 196.578 62.7985 4.59679 232.491 62.7985 -1.92121 235.638 62.7985 -7.7583 196.578 62.7985 2.07501 235.638 62.7985 0.076902 236.774 62.7985 14.6262 226.773 141.351 -11.0784 236.803 141.351 -14.4725 226.773 141.351 11.2322 236.803 141.351 -14.4725 226.773 76.5258 -10.1849 235.57 55.0895 -13.307 226.343 55.0896 -11.0784 236.803 76.5258 -11.0784 236.803 141.351 6.51959 242.245 141.351 -6.36578 242.245 141.351 11.2322 236.803 141.351 11.2322 236.803 76.5258 6.51959 242.245 141.351 11.2322 236.803 141.351 6.51958 242.245 76.5258 14.6262 226.773 76.5258 11.2322 236.803 141.351 14.6262 226.773 141.351 11.2322 236.803 76.5258 -11.0784 236.803 76.5258 -5.84979 240.576 55.0895 -10.1849 235.57 55.0895 -6.36579 242.245 76.5258 -6.36578 242.245 141.351 1.3459 244.721 141.351 -1.19207 244.721 141.351 6.51959 242.245 141.351 6.51958 242.245 76.5258 1.3459 244.721 141.351 6.51959 242.245 141.351 1.34589 244.721 76.5258 -5.84979 240.576 55.0895 -1.19208 244.721 76.5258 -1.0904 242.854 55.0895 -6.36579 242.245 76.5258 -15.7374 165.794 141.351 15.8912 142.748 118.305 15.8912 165.794 141.351 -15.7374 142.748 118.305 -14.4707 215.197 55.0896 -14.4725 226.773 76.5258 -13.307 226.343 55.0896 -15.7374 214.656 76.5258 14.6245 172.715 55.0896 -15.7374 142.748 54.8423 -14.4707 172.715 55.0896 15.8912 142.748 54.8423 -15.7374 214.656 76.5258 -15.7374 167.778 76.5258 -15.7374 214.656 141.351 -15.7374 165.794 141.351 -15.7374 142.748 118.305 -15.7374 142.748 76.1947 -21.3724 242.134 119.249 21.5806 242.134 119.249 22.5074 208.625 119.249 -22.2992 208.625 119.249 -21.3724 242.134 119.249 21.1383 254.25 119.249 21.5806 242.134 119.249 -20.9302 254.25 119.249 -21.3406 242.134 167.586 -21.3724 242.134 119.249 -22.2992 208.625 154.78 -22.2992 208.625 119.249 -20.1188 266.07 119.249 -20.9159 254.25 168.619 -20.1155 266.335 168.617 -20.9302 254.25 119.249 -19.8267 266.372 186.84 -20.1155 266.335 168.617 -20.6723 254.25 175.911 -20.9159 254.25 168.619 16.9591 292.392 168.617 19.1367 277.799 119.249 16.9591 292.392 119.249 19.1367 277.799 168.617 16.9591 292.392 204.171 19.1367 277.799 204.171 21.545 242.134 167.586 -21.3406 242.134 167.586 -22.2992 208.625 154.78 22.5074 208.625 154.78 15.4306 299.77 119.249 -13.2092 306.323 119.249 13.4176 306.323 119.249 -15.2223 299.77 119.249 13.4176 306.323 168.617 15.4306 299.77 119.249 13.4176 306.323 119.249 15.4306 299.77 168.617 13.4176 306.323 204.171 15.4306 299.77 204.171 -15.2223 299.77 119.249 -13.2047 305.83 168.617 -13.2092 306.323 119.249 -15.2246 299.77 168.617 -15.2246 299.77 168.617 -15.2246 299.77 204.171 -13.2047 305.83 168.617 -13.2047 305.83 204.171 13.4148 306.322 229.977 15.4306 299.77 204.171 13.4176 306.323 204.171 15.4222 299.77 229.977 -13.2047 305.83 204.171 -15.2139 299.77 229.977 -13.2064 306.322 229.977 -15.2246 299.77 204.171 -9.73371 313.241 119.249 5.41528 319.287 119.249 9.94201 313.241 119.249 -5.20698 319.287 119.249 13.4176 306.323 119.249 -13.2092 306.323 119.249 9.94201 313.241 119.249 -9.73371 313.241 119.249 15.4306 299.77 119.249 15.4306 299.77 168.617 16.9591 292.392 168.617 16.9591 292.392 119.249 15.4306 299.77 204.171 16.9591 292.392 204.171 -9.73181 312.748 168.617 -9.73371 313.241 119.249 -13.2092 306.323 119.249 -13.2047 305.83 168.617 -13.2047 305.83 168.617 -13.2047 305.83 204.171 -9.73181 312.748 168.617 -9.73181 312.748 204.171 15.4222 299.77 229.977 16.9591 292.392 204.171 15.4306 299.77 204.171 16.9426 292.39 229.977 -9.73181 312.748 204.171 -13.2064 306.322 229.977 -9.7337 313.241 229.977 -13.2047 305.83 204.171 -20.1188 266.07 119.249 20.327 266.07 119.249 21.1383 254.25 119.249 -20.9302 254.25 119.249 16.9591 292.392 119.249 15.4306 299.77 119.249 -16.7509 292.392 119.249 -16.7509 292.392 119.249 -16.7539 292.392 168.617 -15.2223 299.77 119.249 -15.2246 299.77 168.617 9.94201 313.241 168.617 13.4176 306.323 119.249 9.94201 313.241 119.249 13.4176 306.323 168.617 9.94202 313.241 204.171 13.4176 306.323 204.171 -16.7539 292.392 168.617 -16.7539 292.392 204.171 -15.2246 299.77 168.617 -15.2246 299.77 204.171 9.94202 313.241 229.977 13.4176 306.323 204.171 9.94202 313.241 204.171 13.4148 306.322 229.977 -15.2139 299.77 229.977 -15.2246 299.77 204.171 -16.7539 292.392 204.171 -16.7344 292.39 229.977 19.1367 277.799 119.249 -20.1188 266.07 119.249 -18.9286 277.799 119.249 20.327 266.07 119.249 21.5806 242.134 119.249 22.5074 208.625 154.78 22.5074 208.625 119.249 21.545 242.134 167.586 19.1367 277.799 119.249 20.319 266.335 168.617 20.327 266.07 119.249 19.1367 277.799 168.617 21.1383 254.25 119.249 21.1195 254.25 168.619 21.545 242.134 167.586 21.5806 242.134 119.249 -18.9327 277.799 204.171 20.0303 266.372 186.84 19.1367 277.799 204.171 -19.8267 266.372 186.84 20.8763 254.25 175.911 -20.6723 254.25 175.911 -21.3406 242.134 167.586 21.545 242.134 167.586 20.0303 266.372 186.84 19.1367 277.799 168.617 19.1367 277.799 204.171 20.319 266.335 168.617 20.8763 254.25 175.911 21.545 242.134 167.586 21.1195 254.25 168.619 -21.3724 242.134 119.249 -21.3406 242.134 167.586 -20.9302 254.25 119.249 -20.9159 254.25 168.619 -18.9286 277.799 119.249 -20.1155 266.335 168.617 -18.9327 277.799 168.617 -20.1188 266.07 119.249 -20.9159 254.25 168.619 -21.3406 242.134 167.586 -20.6723 254.25 175.911 -18.9327 277.799 204.171 -18.9327 277.799 168.617 -19.8267 266.372 186.84 -20.1155 266.335 168.617 -18.4509 281.718 229.977 18.7831 280.798 217.074 18.6592 281.718 229.977 -18.5748 280.798 217.074 16.9426 292.39 229.977 18.7831 280.798 217.074 16.9591 292.392 204.171 18.6592 281.718 229.977 -16.7344 292.39 229.977 -18.5748 280.798 217.074 -18.4509 281.718 229.977 -16.7539 292.392 204.171 14.7879 256.862 217.008 18.7702 249.098 206.45 16.4351 257.813 206.45 16.8682 249.098 217.008 9.10449 262.545 217.008 16.4351 257.813 206.45 10.0555 264.192 206.45 14.7879 256.862 217.008 1.34082 266.527 206.45 9.10449 262.545 217.008 10.0555 264.192 206.45 1.34083 264.625 217.008 -7.37391 264.192 206.45 -6.42292 262.545 217.008 1.34082 266.527 206.45 1.34083 264.625 217.008 -6.42292 262.545 217.008 -13.7535 257.813 206.45 -12.1063 256.862 217.008 -7.37391 264.192 206.45 -12.1063 256.862 217.008 -16.0887 249.098 206.45 -14.1866 249.098 217.008 -13.7535 257.813 206.45 -14.1866 249.098 217.008 -16.0887 249.098 206.45 -12.1063 241.334 217.008 -13.7535 240.383 206.45 -7.37391 234.004 206.45 -6.42292 235.651 217.008 -13.7535 240.383 206.45 -12.1063 241.334 217.008 -6.42292 235.651 217.008 1.34082 231.669 206.45 1.34082 233.571 217.008 -7.37391 234.004 206.45 9.10449 235.651 217.008 1.34082 233.571 217.008 1.34082 231.669 206.45 10.0555 234.004 206.45 16.4351 240.383 206.45 9.10449 235.651 217.008 10.0555 234.004 206.45 14.7879 241.334 217.008 18.7702 249.098 206.45 14.7879 241.334 217.008 16.4351 240.383 206.45 16.8682 249.098 217.008 14.7879 256.862 217.008 20.8882 249.098 221.761 16.8682 249.098 217.008 18.2693 258.872 221.761 9.10449 262.545 217.008 18.2693 258.872 221.761 14.7879 256.862 217.008 11.1145 266.027 221.761 1.34083 264.625 217.008 1.34083 268.645 221.761 9.10449 262.545 217.008 11.1145 266.027 221.761 -6.42292 262.545 217.008 1.34083 268.645 221.761 1.34083 264.625 217.008 -8.43293 266.027 221.761 -15.5877 258.872 221.761 -6.42292 262.545 217.008 -12.1063 256.862 217.008 -8.43293 266.027 221.761 -18.2066 249.098 221.761 -15.5877 258.872 221.761 -12.1063 256.862 217.008 -14.1866 249.098 217.008 -18.2066 249.098 221.761 -12.1063 241.334 217.008 -15.5877 239.324 221.761 -14.1866 249.098 217.008 -15.5877 239.324 221.761 -6.42292 235.651 217.008 -8.43293 232.169 221.761 -12.1063 241.334 217.008 1.34082 229.551 221.761 -8.43293 232.169 221.761 -6.42292 235.651 217.008 1.34082 233.571 217.008 1.34082 229.551 221.761 9.10449 235.651 217.008 11.1145 232.169 221.761 1.34082 233.571 217.008 18.2693 239.324 221.761 11.1145 232.169 221.761 9.10449 235.651 217.008 14.7879 241.334 217.008 20.8882 249.098 221.761 14.7879 241.334 217.008 16.8682 249.098 217.008 18.2693 239.324 221.761 21.2752 260.607 231.095 24.3591 249.098 231.095 18.2693 258.872 221.761 20.8882 249.098 221.761 12.8499 269.032 231.095 21.2752 260.607 231.095 11.1145 266.027 221.761 18.2693 258.872 221.761 1.34083 272.116 231.095 11.1145 266.027 221.761 1.34083 268.645 221.761 12.8499 269.032 231.095 1.34083 268.645 221.761 -8.43293 266.027 221.761 1.34083 272.116 231.095 -10.1684 269.032 231.095 -8.43293 266.027 221.761 -18.5937 260.607 231.095 -10.1684 269.032 231.095 -15.5877 258.872 221.761 -15.5877 258.872 221.761 -21.6775 249.098 231.095 -18.5937 260.607 231.095 -18.2066 249.098 221.761 -21.6775 249.098 231.095 -18.2066 249.098 221.761 -15.5877 239.324 221.761 -18.5937 237.589 231.095 -18.5937 237.589 231.095 -15.5877 239.324 221.761 -8.43293 232.169 221.761 -10.1684 229.163 231.095 1.34083 226.08 231.095 -8.43293 232.169 221.761 1.34082 229.551 221.761 -10.1684 229.163 231.095 1.34083 226.08 231.095 11.1145 232.169 221.761 12.8499 229.163 231.095 1.34082 229.551 221.761 12.8499 229.163 231.095 18.2693 239.324 221.761 21.2752 237.589 231.095 11.1145 232.169 221.761 24.3591 249.098 231.095 18.2693 239.324 221.761 20.8882 249.098 221.761 21.2752 237.589 231.095 18.7846 249.098 243.093 21.417 260.689 240.429 16.4476 257.82 243.093 24.5228 249.098 240.429 16.4476 257.82 243.093 12.9318 269.174 240.429 10.0627 264.205 243.093 21.417 260.689 240.429 1.34083 272.28 240.429 10.0627 264.205 243.093 12.9318 269.174 240.429 1.34083 266.542 243.093 -7.38111 264.205 243.093 1.34083 272.28 240.429 -10.2502 269.174 240.429 1.34083 266.542 243.093 -10.2502 269.174 240.429 -13.766 257.82 243.093 -7.38111 264.205 243.093 -18.7354 260.689 240.429 -16.1031 249.098 243.093 -13.766 257.82 243.093 -18.7354 260.689 240.429 -21.8412 249.098 240.429 -18.7354 237.507 240.429 -16.1031 249.098 243.093 -21.8412 249.098 240.429 -13.766 240.376 243.093 -10.2502 229.022 240.429 -13.766 240.376 243.093 -18.7354 237.507 240.429 -7.38111 233.991 243.093 -10.2502 229.022 240.429 1.34083 231.654 243.093 -7.38111 233.991 243.093 1.34083 225.916 240.429 10.0627 233.991 243.093 1.34083 231.654 243.093 1.34083 225.916 240.429 12.9318 229.022 240.429 12.9318 229.022 240.429 21.417 237.507 240.429 16.4476 240.376 243.093 10.0627 233.991 243.093 18.7846 249.098 243.093 21.417 237.507 240.429 24.5228 249.098 240.429 16.4476 240.376 243.093 6.73327 252.211 222.09 18.7846 249.098 243.093 16.4476 257.82 243.093 7.56762 249.098 222.09 4.45423 254.491 222.09 16.4476 257.82 243.093 10.0627 264.205 243.093 6.73327 252.211 222.09 1.34083 266.542 243.093 4.45423 254.491 222.09 10.0627 264.205 243.093 1.34083 255.325 222.09 -7.38111 264.205 243.093 -1.77258 254.491 222.09 1.34083 266.542 243.093 1.34083 255.325 222.09 -13.766 257.82 243.093 -4.05182 252.211 222.09 -7.38111 264.205 243.093 -1.77258 254.491 222.09 -16.1031 249.098 243.093 -4.05182 252.211 222.09 -13.766 257.82 243.093 -4.88598 249.098 222.09 -13.766 240.376 243.093 -4.05182 245.985 222.09 -16.1031 249.098 243.093 -4.88598 249.098 222.09 -4.05182 245.985 222.09 -7.38111 233.991 243.093 -1.77258 243.705 222.09 -13.766 240.376 243.093 -1.77258 243.705 222.09 1.34083 231.654 243.093 1.34083 242.871 222.09 -7.38111 233.991 243.093 1.34083 242.871 222.09 1.34083 231.654 243.093 4.45423 243.705 222.09 10.0627 233.991 243.093 16.4476 240.376 243.093 4.45423 243.705 222.09 10.0627 233.991 243.093 6.73327 245.985 222.09 18.7846 249.098 243.093 6.73327 245.985 222.09 16.4476 240.376 243.093 7.56762 249.098 222.09 6.73327 252.211 222.09 1.34083 252.211 222.09 1.34083 249.098 222.09 7.56762 249.098 222.09 -4.05182 252.211 222.09 4.45423 254.491 222.09 6.73327 245.985 222.09 -4.88598 249.098 222.09 1.34083 255.325 222.09 1.34083 245.985 222.09 -4.05182 245.985 222.09 6.73327 245.985 222.09 1.34083 245.985 222.09 4.45423 243.705 222.09 1.34083 242.871 222.09 -8.9892 255.062 192.752 -14.7183 249.098 198.492 -12.5668 257.128 198.492 -10.5872 249.098 192.752 -14.7183 249.098 198.492 -8.9892 243.134 192.752 -12.5668 241.068 198.492 -10.5872 249.098 192.752 -12.5668 241.068 198.492 -8.9892 243.134 192.752 -6.68878 235.19 198.492 -4.62323 238.768 192.752 -6.68878 235.19 198.492 -4.62323 238.768 192.752 1.34082 233.039 198.492 1.34082 237.17 192.752 1.34082 233.039 198.492 7.30481 238.768 192.752 9.3703 235.19 198.492 1.34082 237.17 192.752 9.3703 235.19 198.492 11.6707 243.134 192.752 15.2484 241.068 198.492 7.30481 238.768 192.752 13.2688 249.098 192.752 17.3999 249.098 198.492 11.6707 243.134 192.752 15.2484 241.068 198.492 13.2688 249.098 192.752 13.2688 249.098 178.134 11.6708 255.062 192.752 11.6708 255.062 178.134 7.30481 259.428 178.134 7.30481 259.428 192.752 11.6708 255.062 178.134 11.6708 255.062 192.752 1.34082 261.026 178.134 1.34082 261.026 192.752 7.30481 259.428 178.134 7.30481 259.428 192.752 -4.62323 259.428 178.134 -4.62323 259.428 192.752 1.34082 261.026 178.134 1.34082 261.026 192.752 -8.9892 255.062 178.134 -8.9892 255.062 192.752 -4.62323 259.428 178.134 -4.62323 259.428 192.752 -8.9892 255.062 178.134 -10.5872 249.098 192.752 -8.9892 255.062 192.752 -10.5872 249.098 178.134 -10.5872 249.098 178.134 -8.9892 243.134 192.752 -10.5872 249.098 192.752 -8.9892 243.134 178.134 -8.9892 243.134 192.752 -8.9892 243.134 178.134 -4.62323 238.768 192.752 -4.62323 238.768 178.134 -4.62323 238.768 192.752 -4.62323 238.768 178.134 1.34082 237.17 192.752 1.34082 237.17 178.134 1.34082 237.17 192.752 1.34082 237.17 178.134 7.30481 238.768 192.752 7.30481 238.768 178.134 7.30481 238.768 192.752 7.30481 238.768 178.134 11.6707 243.134 192.752 11.6707 243.134 178.134 11.6707 243.134 192.752 11.6707 243.134 178.134 13.2688 249.098 192.752 13.2688 249.098 178.134 13.2688 249.098 178.134 9.2287 253.652 163.664 11.6708 255.062 178.134 10.4489 249.098 163.664 5.89489 256.986 163.664 7.30481 259.428 178.134 9.2287 253.652 163.664 11.6708 255.062 178.134 1.34082 258.206 163.664 1.34082 261.026 178.134 5.89489 256.986 163.664 7.30481 259.428 178.134 -3.21333 256.986 163.664 1.34082 261.026 178.134 1.34082 258.206 163.664 -4.62323 259.428 178.134 -6.54712 253.652 163.664 -4.62323 259.428 178.134 -3.21333 256.986 163.664 -8.9892 255.062 178.134 -6.54712 253.652 163.664 -10.5872 249.098 178.134 -8.9892 255.062 178.134 -7.7674 249.098 163.664 -10.5872 249.098 178.134 -6.54712 244.544 163.664 -8.9892 243.134 178.134 -7.7674 249.098 163.664 -8.9892 243.134 178.134 -6.54712 244.544 163.664 -4.62323 238.768 178.134 -3.21333 241.21 163.664 -4.62323 238.768 178.134 -3.21333 241.21 163.664 1.34082 237.17 178.134 1.34082 239.99 163.664 1.34082 237.17 178.134 5.89489 241.21 163.664 7.30481 238.768 178.134 1.34082 239.99 163.664 7.30481 238.768 178.134 9.22869 244.544 163.664 11.6707 243.134 178.134 5.89489 241.21 163.664 11.6707 243.134 178.134 9.22869 244.544 163.664 13.2688 249.098 178.134 10.4489 249.098 163.664 9.42059 225.625 55.0895 14.6245 215.197 55.0896 10.4449 215.023 55.0896 13.4608 226.343 55.0895 10.4449 193.841 55.0896 10.4449 215.023 55.0896 14.6245 215.197 55.0896 14.6245 172.715 55.0896 14.6245 172.715 55.0896 -14.4707 172.715 55.0896 -10.2911 193.841 55.0896 10.4449 193.841 55.0896 -10.2911 193.841 55.0896 -14.4707 215.197 55.0896 -10.2911 215.023 55.0896 -14.4707 172.715 55.0896 -14.4707 215.197 55.0896 -9.26691 225.625 55.0896 -10.2911 215.023 55.0896 -13.307 226.343 55.0896 -9.26691 225.625 55.0896 -10.1849 235.57 55.0895 -6.68298 233.877 55.0895 -13.307 226.343 55.0896 -5.84979 240.576 55.0895 -3.49061 237.861 55.0895 -1.0904 242.854 55.0895 -3.49061 237.861 55.0895 -0.295479 238.444 55.0895 1.2442 242.854 55.0895 -0.295479 238.444 55.0895 -1.0904 242.854 55.0895 0.453189 238.444 55.0895 3.64428 237.861 55.0895 1.2442 242.854 55.0895 6.00347 240.576 55.0895 0.453189 238.444 55.0895 6.00347 240.576 55.0895 6.83678 233.877 55.0895 3.64428 237.861 55.0895 10.3387 235.57 55.0895 9.42059 225.625 55.0895 6.93078 225.037 62.7985 10.4449 215.023 55.0896 7.91198 214.881 62.7985 9.42059 225.625 55.0895 7.91198 196.578 62.7985 7.91198 214.881 62.7985 10.4449 215.023 55.0896 10.4449 193.841 55.0896 -10.2911 193.841 55.0896 7.91198 196.578 62.7985 10.4449 193.841 55.0896 -7.7583 196.578 62.7985 -10.2911 215.023 55.0896 -7.7583 196.578 62.7985 -10.2911 193.841 55.0896 -7.7583 214.881 62.7985 -6.7771 225.037 62.7985 -10.2911 215.023 55.0896 -9.26691 225.625 55.0896 -7.7583 214.881 62.7985 -4.44312 232.491 62.7985 -9.26691 225.625 55.0896 -6.68298 233.877 55.0895 -6.7771 225.037 62.7985 -1.92121 235.638 62.7985 -6.68298 233.877 55.0895 -3.49061 237.861 55.0895 -4.44312 232.491 62.7985 -1.92121 235.638 62.7985 -0.295479 238.444 55.0895 0.076902 236.774 62.7985 -3.49061 237.861 55.0895 -0.295479 238.444 55.0895 0.453189 238.444 55.0895 0.076902 236.774 62.7985 0.076902 236.774 62.7985 0.453189 238.444 55.0895 2.07501 235.638 62.7985 3.64428 237.861 55.0895 2.07501 235.638 62.7985 6.83678 233.877 55.0895 4.59679 232.491 62.7985 3.64428 237.861 55.0895 4.59679 232.491 62.7985 9.42059 225.625 55.0895 6.93078 225.037 62.7985 6.83678 233.877 55.0895 7.30481 259.428 192.752 9.3703 263.006 198.492 11.6708 255.062 192.752 15.2484 257.128 198.492 -8.9892 255.062 192.752 -6.68878 263.006 198.492 -4.62323 259.428 192.752 -12.5668 257.128 198.492 7.30481 259.428 192.752 1.34082 261.026 192.752 1.34082 265.157 198.492 9.3703 263.006 198.492 -1.77258 254.491 222.09 17.3999 249.098 198.492 11.6708 255.062 192.752 15.2484 257.128 198.492 13.2688 249.098 192.752 -4.62323 259.428 192.752 1.34082 265.157 198.492 1.34082 261.026 192.752 -6.68878 263.006 198.492 -1.77258 243.705 222.09 15.2484 257.128 198.492 16.4351 257.813 206.45 18.7702 249.098 206.45 17.3999 249.098 198.492 10.0555 264.192 206.45 15.2484 257.128 198.492 9.3703 263.006 198.492 16.4351 257.813 206.45 9.3703 263.006 198.492 1.34082 266.527 206.45 10.0555 264.192 206.45 1.34082 265.157 198.492 -6.68878 263.006 198.492 1.34082 266.527 206.45 1.34082 265.157 198.492 -7.37391 264.192 206.45 -12.5668 257.128 198.492 -7.37391 264.192 206.45 -6.68878 263.006 198.492 -13.7535 257.813 206.45 -12.5668 257.128 198.492 -16.0887 249.098 206.45 -13.7535 257.813 206.45 -14.7183 249.098 198.492 -14.7183 249.098 198.492 -12.5668 241.068 198.492 -16.0887 249.098 206.45 -13.7535 240.383 206.45 -7.37391 234.004 206.45 -12.5668 241.068 198.492 -6.68878 235.19 198.492 -13.7535 240.383 206.45 1.34082 231.669 206.45 -6.68878 235.19 198.492 1.34082 233.039 198.492 -7.37391 234.004 206.45 10.0555 234.004 206.45 1.34082 231.669 206.45 9.3703 235.19 198.492 1.34082 233.039 198.492 16.4351 240.383 206.45 10.0555 234.004 206.45 15.2484 241.068 198.492 9.3703 235.19 198.492 18.7702 249.098 206.45 15.2484 241.068 198.492 17.3999 249.098 198.492 16.4351 240.383 206.45 21.2752 260.607 231.095 24.5228 249.098 240.429 24.3591 249.098 231.095 21.417 260.689 240.429 12.8499 269.032 231.095 21.417 260.689 240.429 21.2752 260.607 231.095 12.9318 269.174 240.429 12.8499 269.032 231.095 1.34083 272.116 231.095 1.34083 272.28 240.429 12.9318 269.174 240.429 -10.1684 269.032 231.095 1.34083 272.28 240.429 1.34083 272.116 231.095 -10.2502 269.174 240.429 -18.5937 260.607 231.095 -10.2502 269.174 240.429 -10.1684 269.032 231.095 -18.7354 260.689 240.429 -18.5937 260.607 231.095 -21.8412 249.098 240.429 -18.7354 260.689 240.429 -21.6775 249.098 231.095 -21.8412 249.098 240.429 -18.5937 237.589 231.095 -18.7354 237.507 240.429 -21.6775 249.098 231.095 -18.7354 237.507 240.429 -18.5937 237.589 231.095 -10.2502 229.022 240.429 -10.1684 229.163 231.095 -10.1684 229.163 231.095 1.34083 225.916 240.429 -10.2502 229.022 240.429 1.34083 226.08 231.095 1.34083 225.916 240.429 12.8499 229.163 231.095 12.9318 229.022 240.429 1.34083 226.08 231.095 12.9318 229.022 240.429 21.2752 237.589 231.095 21.417 237.507 240.429 12.8499 229.163 231.095 24.3591 249.098 231.095 24.5228 249.098 240.429 21.2752 237.589 231.095 21.417 237.507 240.429 -1.19208 244.721 76.5258 1.3459 244.721 141.351 1.34589 244.721 76.5258 -1.19207 244.721 141.351 -1.0904 242.854 55.0895 -1.19208 244.721 76.5258 1.2442 242.854 55.0895 1.34589 244.721 76.5258 15.8912 214.656 76.5258 14.6245 172.715 55.0896 14.6245 215.197 55.0896 15.8912 167.778 76.5258 -16.7509 292.392 119.249 16.9591 292.392 119.249 19.1367 277.799 119.249 -18.9286 277.799 119.249 14.6262 226.773 76.5258 14.6245 215.197 55.0896 13.4608 226.343 55.0895 15.8912 214.656 76.5258 -14.4725 226.773 76.5258 -15.7374 214.656 141.351 -14.4725 226.773 141.351 -15.7374 214.656 76.5258 10.3387 235.57 55.0895 14.6262 226.773 76.5258 13.4608 226.343 55.0895 11.2322 236.803 76.5258 -11.0784 236.803 76.5258 -14.4725 226.773 141.351 -11.0784 236.803 141.351 -14.4725 226.773 76.5258 6.00347 240.576 55.0895 11.2322 236.803 76.5258 10.3387 235.57 55.0895 6.51958 242.245 76.5258 -6.36579 242.245 76.5258 -11.0784 236.803 141.351 -6.36578 242.245 141.351 -11.0784 236.803 76.5258 1.2442 242.854 55.0895 1.34589 244.721 76.5258 6.00347 240.576 55.0895 6.51958 242.245 76.5258 -6.36579 242.245 76.5258 -6.36578 242.245 141.351 -1.19208 244.721 76.5258 -1.19207 244.721 141.351 15.8912 167.778 76.5258 15.8912 142.748 54.8423 14.6245 172.715 55.0896 15.8912 142.748 76.1947 -14.4707 215.197 55.0896 -14.4707 172.715 55.0896 -15.7374 214.656 76.5258 -15.7374 167.778 76.5258 -20.1657 134.372 118.305 -4.3514 106.981 76.1947 -20.1657 134.372 76.1947 -4.3514 106.981 118.305 -4.35141 106.981 54.8423 -20.1657 134.372 54.8423 -66.6254 71.0271 141.351 -40.1242 122.849 141.351 -82.4398 98.4184 141.351 -24.3098 95.4582 141.351 -82.4398 98.4184 141.351 -77.7516 66.0643 141.351 -66.6254 71.0271 141.351 -92.3009 91.2645 141.351 -45.4844 118.292 55.0896 -4.35141 106.981 54.8423 -30.9368 93.0947 55.0896 -20.1657 134.372 54.8423 -26.0277 94.4662 76.5259 -4.35141 106.981 54.8423 -4.3514 106.981 76.1947 -30.9368 93.0947 55.0896 -82.9692 106.027 119.249 -82.9692 106.027 154.78 -60.5659 67.2234 154.78 -60.5659 67.2234 119.249 -152.729 59.3254 229.977 -135.891 30.1602 229.977 -125.791 34.0095 229.977 -144.346 66.1478 229.977 -152.729 59.3254 229.977 -143.042 27.7871 229.977 -158.36 54.3187 229.977 -157.449 25.7973 229.977 -167.287 42.837 229.977 -170.259 35.8937 229.977 -149.721 26.2493 229.977 -164.948 26.6945 229.977 -163.031 49.304 229.977 -143.042 27.7871 229.977 -158.36 54.3187 229.977 -149.721 26.2493 229.977 -163.031 49.304 229.977 -121.787 82.0127 168.619 -121.797 82.029 119.249 -131.628 75.4159 119.249 -131.854 75.2766 168.617 -170.259 35.8937 119.249 -170.259 35.8937 168.617 -167.287 42.837 119.249 -167.287 42.837 168.617 -170.259 35.8937 204.171 -167.287 42.837 204.171 -164.948 26.6945 168.617 -157.449 25.7972 119.249 -157.023 26.0453 168.617 -164.948 26.6944 119.249 -135.883 30.1423 168.617 -122.158 35.5555 119.249 -122.155 35.5519 168.617 -135.884 30.1448 119.249 -131.741 75.0082 186.84 -111.813 40.4911 186.84 -100.891 45.8199 175.911 -121.666 81.8021 175.911 -131.741 75.0082 186.84 -121.666 81.8021 175.911 -131.854 75.2766 168.617 -121.787 82.0127 168.619 -164.948 26.6944 119.249 -164.948 26.6945 168.617 -170.259 35.8937 119.249 -170.259 35.8937 168.617 -164.948 26.6945 204.171 -170.259 35.8937 204.171 -170.259 35.8937 229.977 -170.259 35.8937 204.171 -164.948 26.6945 204.171 -164.948 26.6945 229.977 -135.883 30.1423 204.171 -135.883 30.1423 168.617 -122.155 35.552 204.171 -122.155 35.5519 168.617 -143.611 66.7152 217.074 -122.155 35.552 204.171 -141.19 68.5209 204.171 -124.932 34.3624 217.074 -141.19 68.5209 204.171 -152.739 59.3386 204.171 -143.611 66.7152 217.074 -167.287 42.837 229.977 -167.287 42.837 204.171 -170.259 35.8937 204.171 -170.259 35.8937 229.977 -164.948 26.6945 204.171 -164.948 26.6945 168.617 -157.023 26.0454 204.171 -157.023 26.0453 168.617 -157.449 25.7973 229.977 -164.948 26.6945 204.171 -157.023 26.0454 204.171 -164.948 26.6945 229.977 -135.883 30.1423 204.171 -122.155 35.552 204.171 -124.932 34.3624 217.074 -41.842 121.857 76.5259 -82.4398 98.4184 141.351 -40.1242 122.849 141.351 -82.4398 98.4184 76.5259 -92.3009 91.2644 76.5259 -92.3009 91.2645 141.351 -82.4398 98.4184 76.5259 -82.4398 98.4184 141.351 -80.0961 73.5964 62.7986 -86.9501 85.4678 62.7986 -78.6447 91.3959 62.7986 -70.8095 77.825 62.7986 -78.6447 91.3959 62.7986 -39.5587 95.8677 62.7986 -70.8095 77.825 62.7986 -47.3938 109.439 62.7986 -77.7516 66.0643 141.351 -92.3009 91.2645 141.351 -99.2901 83.3102 141.351 -88.1348 63.9886 141.351 -99.2901 83.3102 76.5259 -99.2901 83.3102 141.351 -92.3009 91.2644 76.5259 -92.3009 91.2645 141.351 -80.0961 73.5964 62.7986 -87.7185 71.8907 62.7986 -92.2385 79.7195 62.7986 -87.7185 71.8907 62.7986 -93.703 75.9619 62.7986 -91.7049 72.5011 62.7986 -93.6873 73.6639 62.7986 -95.2038 65.3489 141.351 -99.2901 83.3102 141.351 -101.647 76.5079 141.351 -88.1348 63.9886 141.351 -99.2901 83.3102 141.351 -99.2901 83.3102 76.5259 -101.647 76.5079 141.351 -101.647 76.5079 76.5259 -77.7516 66.0642 76.5259 -87.5138 65.3788 55.0896 -77.9624 67.2882 55.0896 -88.1348 63.9886 76.5259 -88.1348 63.9886 76.5259 -94.0167 66.6302 55.0896 -87.5138 65.3788 55.0896 -95.2038 65.3489 76.5259 -101.647 76.5079 141.351 -99.9354 68.5912 141.351 -101.204 70.7892 141.351 -101.647 76.5079 141.351 -101.647 76.5079 76.5259 -101.204 70.7892 141.351 -101.204 70.7892 76.5259 -99.9354 68.5912 76.5259 -98.3693 69.6128 55.0896 -95.2038 65.3489 76.5259 -94.0167 66.6302 55.0896 -24.3098 95.4582 141.351 -20.1657 134.372 118.305 -40.1242 122.849 141.351 -4.3514 106.981 118.305 -77.7516 66.0642 76.5259 -67.7274 71.8536 55.0896 -66.6255 71.0271 76.5259 -77.9624 67.2882 55.0896 -41.842 121.857 76.5259 -20.1657 134.372 118.305 -20.1657 134.372 76.1947 -40.1242 122.849 141.351 -24.3098 95.4582 141.351 -66.6254 71.0271 141.351 -26.0277 94.4662 76.5259 -66.6255 71.0271 76.5259 -141.19 68.5209 119.249 -135.884 30.1448 119.249 -152.739 59.3386 119.249 -122.158 35.5555 119.249 -111.526 88.4697 119.249 -60.5659 67.2234 119.249 -90.0494 51.2712 119.249 -82.9692 106.027 119.249 -111.526 88.4697 119.249 -82.9692 106.027 154.78 -82.9692 106.027 119.249 -111.508 88.4388 167.586 -60.5659 67.2234 154.78 -90.0652 51.2988 167.586 -90.0494 51.2712 119.249 -60.5659 67.2234 119.249 -100.77 45.6089 168.619 -111.405 40.3888 119.249 -100.763 45.5965 119.249 -111.636 40.2593 168.617 -100.891 45.8199 175.911 -111.813 40.4911 186.84 -111.636 40.2593 168.617 -100.77 45.6089 168.619 -152.739 59.3386 119.249 -152.739 59.3386 168.617 -141.19 68.5209 119.249 -141.19 68.5209 168.617 -152.739 59.3386 204.171 -141.19 68.5209 204.171 -111.508 88.4388 167.586 -90.0652 51.2988 167.586 -60.5659 67.2234 154.78 -82.9692 106.027 154.78 -158.365 54.3257 119.249 -149.72 26.2463 119.249 -163.033 49.306 119.249 -143.038 27.7795 119.249 -163.033 49.306 119.249 -157.449 25.7972 119.249 -167.287 42.837 119.249 -149.72 26.2463 119.249 -170.259 35.8937 119.249 -164.948 26.6944 119.249 -163.033 49.306 168.617 -163.033 49.306 204.171 -158.365 54.3257 168.617 -158.365 54.3257 119.249 -158.365 54.3257 204.171 -163.033 49.306 119.249 -158.36 54.3187 229.977 -158.365 54.3257 204.171 -163.033 49.306 204.171 -163.031 49.304 229.977 -143.042 27.7871 229.977 -149.295 26.4968 204.171 -143.037 27.7776 204.171 -149.721 26.2493 229.977 -149.295 26.4968 168.617 -143.038 27.7795 119.249 -143.037 27.7776 168.617 -149.72 26.2463 119.249 -143.037 27.7776 204.171 -149.295 26.4968 168.617 -143.037 27.7776 168.617 -149.295 26.4968 204.171 -152.739 59.3386 168.617 -152.739 59.3386 119.249 -158.365 54.3257 119.249 -158.365 54.3257 168.617 -158.365 54.3257 204.171 -152.739 59.3386 204.171 -157.023 26.0453 168.617 -149.72 26.2463 119.249 -149.295 26.4968 168.617 -157.449 25.7972 119.249 -157.023 26.0454 204.171 -157.023 26.0453 168.617 -149.295 26.4968 204.171 -149.295 26.4968 168.617 -158.365 54.3257 204.171 -158.36 54.3187 229.977 -152.739 59.3386 204.171 -152.729 59.3254 229.977 -149.721 26.2493 229.977 -157.023 26.0454 204.171 -149.295 26.4968 204.171 -157.449 25.7973 229.977 -121.797 82.029 119.249 -111.405 40.3888 119.249 -131.628 75.4159 119.249 -100.763 45.5965 119.249 -158.365 54.3257 119.249 -143.038 27.7795 119.249 -143.037 27.7776 168.617 -135.884 30.1448 119.249 -135.883 30.1423 168.617 -143.038 27.7795 119.249 -167.287 42.837 119.249 -167.287 42.837 168.617 -163.033 49.306 119.249 -163.033 49.306 168.617 -167.287 42.837 204.171 -163.033 49.306 204.171 -143.037 27.7776 204.171 -143.037 27.7776 168.617 -135.883 30.1423 204.171 -135.883 30.1423 168.617 -163.031 49.304 229.977 -163.033 49.306 204.171 -167.287 42.837 204.171 -167.287 42.837 229.977 -135.891 30.1602 229.977 -143.037 27.7776 204.171 -135.883 30.1423 204.171 -143.042 27.7871 229.977 -141.19 68.5209 119.249 -111.405 40.3888 119.249 -131.628 75.4159 119.249 -121.797 82.029 119.249 -90.0494 51.2712 119.249 -100.763 45.5965 119.249 -111.526 88.4697 119.249 -141.19 68.5209 119.249 -131.854 75.2766 168.617 -131.628 75.4159 119.249 -141.19 68.5209 168.617 -121.797 82.029 119.249 -111.508 88.4388 167.586 -111.526 88.4697 119.249 -121.787 82.0127 168.619 -131.741 75.0082 186.84 -141.19 68.5209 204.171 -111.813 40.4911 186.84 -122.155 35.552 204.171 -121.666 81.8021 175.911 -100.891 45.8199 175.911 -90.0652 51.2988 167.586 -111.508 88.4388 167.586 -131.854 75.2766 168.617 -141.19 68.5209 168.617 -131.741 75.0082 186.84 -141.19 68.5209 204.171 -121.666 81.8021 175.911 -111.508 88.4388 167.586 -121.787 82.0127 168.619 -100.77 45.6089 168.619 -100.763 45.5965 119.249 -90.0652 51.2988 167.586 -90.0494 51.2712 119.249 -111.636 40.2593 168.617 -122.158 35.5555 119.249 -111.405 40.3888 119.249 -122.155 35.5519 168.617 -100.77 45.6089 168.619 -90.0652 51.2988 167.586 -100.891 45.8199 175.911 -122.155 35.552 204.171 -122.155 35.5519 168.617 -111.813 40.4911 186.84 -111.636 40.2593 168.617 -124.932 34.3624 217.074 -143.611 66.7152 217.074 -144.346 66.1478 229.977 -125.791 34.0095 229.977 -152.729 59.3254 229.977 -143.611 66.7152 217.074 -152.739 59.3386 204.171 -144.346 66.1478 229.977 -135.891 30.1602 229.977 -124.932 34.3624 217.074 -125.791 34.0095 229.977 -135.883 30.1423 204.171 -124.35 73.551 206.45 -122.703 72.6 217.008 -117.971 79.9305 206.45 -117.02 78.2834 217.008 -122.703 72.6 217.008 -126.685 64.8362 206.45 -124.783 64.8363 217.008 -124.35 73.551 206.45 -124.783 64.8363 217.008 -126.685 64.8362 206.45 -122.703 57.0726 217.008 -124.35 56.1216 206.45 -122.703 57.0726 217.008 -117.971 49.7419 206.45 -117.02 51.3892 217.008 -124.35 56.1216 206.45 -117.02 51.3892 217.008 -109.256 47.4069 206.45 -109.256 49.3088 217.008 -117.971 49.7419 206.45 -101.492 51.3892 217.008 -109.256 49.3088 217.008 -109.256 47.4069 206.45 -100.541 49.7419 206.45 -101.492 51.3892 217.008 -100.541 49.7419 206.45 -95.8089 57.0726 217.008 -94.1617 56.1216 206.45 -91.8266 64.8362 206.45 -95.8089 57.0726 217.008 -94.1617 56.1216 206.45 -93.7286 64.8362 217.008 -95.8089 72.6 217.008 -91.8266 64.8362 206.45 -94.1617 73.551 206.45 -93.7286 64.8362 217.008 -100.541 79.9305 206.45 -95.8089 72.6 217.008 -94.1617 73.551 206.45 -101.492 78.2834 217.008 -109.256 82.2657 206.45 -101.492 78.2834 217.008 -100.541 79.9305 206.45 -109.256 80.3637 217.008 -117.02 78.2834 217.008 -109.256 82.2657 206.45 -117.971 79.9305 206.45 -109.256 80.3637 217.008 -122.703 72.6 217.008 -119.03 81.7648 221.761 -117.02 78.2834 217.008 -126.185 74.61 221.761 -128.803 64.8363 221.761 -126.185 74.61 221.761 -122.703 72.6 217.008 -124.783 64.8363 217.008 -128.803 64.8363 221.761 -122.703 57.0726 217.008 -126.185 55.0626 221.761 -124.783 64.8363 217.008 -126.185 55.0626 221.761 -117.02 51.3892 217.008 -119.03 47.9078 221.761 -122.703 57.0726 217.008 -109.256 45.2889 221.761 -119.03 47.9078 221.761 -117.02 51.3892 217.008 -109.256 49.3088 217.008 -109.256 45.2889 221.761 -101.492 51.3892 217.008 -99.4823 47.9078 221.761 -109.256 49.3088 217.008 -99.4823 47.9078 221.761 -95.8089 57.0726 217.008 -92.3275 55.0626 221.761 -101.492 51.3892 217.008 -89.7086 64.8362 221.761 -95.8089 57.0726 217.008 -93.7286 64.8362 217.008 -92.3275 55.0626 221.761 -95.8089 72.6 217.008 -89.7086 64.8362 221.761 -93.7286 64.8362 217.008 -92.3275 74.61 221.761 -95.8089 72.6 217.008 -101.492 78.2834 217.008 -99.4823 81.7648 221.761 -92.3275 74.61 221.761 -109.256 80.3637 217.008 -109.256 84.3837 221.761 -101.492 78.2834 217.008 -99.4823 81.7648 221.761 -117.02 78.2834 217.008 -109.256 84.3837 221.761 -109.256 80.3637 217.008 -119.03 81.7648 221.761 -120.765 84.7708 231.095 -119.03 81.7648 221.761 -126.185 74.61 221.761 -129.191 76.3455 231.095 -126.185 74.61 221.761 -132.274 64.8363 231.095 -129.191 76.3455 231.095 -128.803 64.8363 221.761 -132.274 64.8363 231.095 -128.803 64.8363 221.761 -126.185 55.0626 221.761 -129.191 53.3271 231.095 -126.185 55.0626 221.761 -120.765 44.9019 231.095 -129.191 53.3271 231.095 -119.03 47.9078 221.761 -109.256 41.818 231.095 -119.03 47.9078 221.761 -109.256 45.2889 221.761 -120.765 44.9019 231.095 -109.256 41.818 231.095 -99.4823 47.9078 221.761 -97.7469 44.9019 231.095 -109.256 45.2889 221.761 -97.7469 44.9019 231.095 -92.3275 55.0626 221.761 -89.3216 53.3271 231.095 -99.4823 47.9078 221.761 -86.2377 64.8362 231.095 -92.3275 55.0626 221.761 -89.7086 64.8362 221.761 -89.3216 53.3271 231.095 -89.3216 76.3455 231.095 -86.2377 64.8362 231.095 -92.3275 74.61 221.761 -89.7086 64.8362 221.761 -97.7469 84.7707 231.095 -92.3275 74.61 221.761 -99.4823 81.7648 221.761 -89.3216 76.3455 231.095 -109.256 87.8546 231.095 -99.4823 81.7648 221.761 -109.256 84.3837 221.761 -97.7469 84.7707 231.095 -109.256 84.3837 221.761 -119.03 81.7648 221.761 -109.256 87.8546 231.095 -120.765 84.7708 231.095 -120.847 84.9125 240.429 -124.363 73.5582 243.093 -117.978 79.9431 243.093 -129.332 76.4273 240.429 -126.7 64.8363 243.093 -124.363 73.5582 243.093 -129.332 76.4273 240.429 -132.438 64.8363 240.429 -129.332 53.2453 240.429 -126.7 64.8363 243.093 -132.438 64.8363 240.429 -124.363 56.1144 243.093 -117.978 49.7295 243.093 -129.332 53.2453 240.429 -120.847 44.7601 240.429 -124.363 56.1144 243.093 -120.847 44.7601 240.429 -109.256 47.3925 243.093 -117.978 49.7295 243.093 -109.256 41.6542 240.429 -100.534 49.7295 243.093 -109.256 47.3925 243.093 -109.256 41.6542 240.429 -97.665 44.7601 240.429 -89.1799 53.2453 240.429 -100.534 49.7295 243.093 -97.665 44.7601 240.429 -94.1492 56.1144 243.093 -86.0741 64.8363 240.429 -94.1492 56.1144 243.093 -89.1799 53.2453 240.429 -91.8122 64.8363 243.093 -86.0741 64.8363 240.429 -94.1492 73.5582 243.093 -91.8122 64.8363 243.093 -89.1798 76.4273 240.429 -100.534 79.9431 243.093 -94.1492 73.5582 243.093 -89.1798 76.4273 240.429 -97.665 84.9125 240.429 -109.256 88.0183 240.429 -100.534 79.9431 243.093 -97.665 84.9125 240.429 -109.256 82.2801 243.093 -117.978 79.9431 243.093 -109.256 88.0183 240.429 -120.847 84.9125 240.429 -109.256 82.2801 243.093 -124.363 73.5582 243.093 -114.649 67.9497 222.09 -117.978 79.9431 243.093 -112.369 70.2289 222.09 -126.7 64.8363 243.093 -114.649 67.9497 222.09 -124.363 73.5582 243.093 -115.483 64.8363 222.09 -124.363 56.1144 243.093 -114.649 61.7228 222.09 -126.7 64.8363 243.093 -115.483 64.8363 222.09 -114.649 61.7228 222.09 -117.978 49.7295 243.093 -112.369 59.4438 222.09 -124.363 56.1144 243.093 -112.369 59.4438 222.09 -109.256 47.3925 243.093 -109.256 58.6094 222.09 -117.978 49.7295 243.093 -109.256 58.6094 222.09 -109.256 47.3925 243.093 -106.143 59.4437 222.09 -100.534 49.7295 243.093 -94.1492 56.1144 243.093 -106.143 59.4437 222.09 -100.534 49.7295 243.093 -103.864 61.7228 222.09 -91.8122 64.8363 243.093 -103.864 61.7228 222.09 -94.1492 56.1144 243.093 -103.029 64.8362 222.09 -103.864 67.9496 222.09 -91.8122 64.8363 243.093 -94.1492 73.5582 243.093 -103.029 64.8362 222.09 -106.143 70.2289 222.09 -94.1492 73.5582 243.093 -100.534 79.9431 243.093 -103.864 67.9496 222.09 -109.256 82.2801 243.093 -106.143 70.2289 222.09 -100.534 79.9431 243.093 -109.256 71.063 222.09 -117.978 79.9431 243.093 -112.369 70.2289 222.09 -109.256 82.2801 243.093 -109.256 71.063 222.09 -114.649 67.9497 222.09 -111.952 63.2795 222.09 -109.256 64.8363 222.09 -112.369 70.2289 222.09 -109.256 71.063 222.09 -106.56 66.393 222.09 -111.952 63.2795 222.09 -109.256 58.6094 222.09 -109.256 64.8363 222.09 -109.256 71.063 222.09 -106.56 66.393 222.09 -106.143 70.2289 222.09 -106.143 59.4437 222.09 -103.864 67.9496 222.09 -123.164 56.8066 198.492 -115.22 54.5063 192.752 -117.286 50.9288 198.492 -119.586 58.8722 192.752 -117.286 50.9288 198.492 -115.22 54.5063 192.752 -109.256 48.7772 198.492 -109.256 52.9083 192.752 -109.256 48.7772 198.492 -103.292 54.5063 192.752 -101.227 50.9286 198.492 -109.256 52.9083 192.752 -101.227 50.9286 198.492 -103.292 54.5063 192.752 -95.3485 56.8066 198.492 -98.9261 58.8722 192.752 -97.328 64.8362 192.752 -93.197 64.8362 198.492 -98.9261 58.8722 192.752 -95.3485 56.8066 198.492 -98.9261 70.8003 192.752 -93.197 64.8362 198.492 -97.328 64.8362 192.752 -95.3485 72.8658 198.492 -103.292 75.1663 192.752 -95.3485 72.8658 198.492 -98.9261 70.8003 192.752 -101.227 78.7438 198.492 -103.292 75.1663 192.752 -109.256 76.7643 192.752 -109.256 80.8954 198.492 -101.227 78.7438 198.492 -115.22 75.1663 192.752 -109.256 80.8954 198.492 -109.256 76.7643 192.752 -117.286 78.7438 198.492 -119.586 70.8003 178.134 -119.586 70.8003 192.752 -115.22 75.1663 178.134 -115.22 75.1663 192.752 -119.586 70.8003 178.134 -121.184 64.8362 192.752 -119.586 70.8003 192.752 -121.184 64.8362 178.134 -121.184 64.8362 178.134 -119.586 58.8722 192.752 -121.184 64.8362 192.752 -119.586 58.8722 178.134 -119.586 58.8722 178.134 -115.22 54.5063 192.752 -119.586 58.8722 192.752 -115.22 54.5063 178.134 -115.22 54.5063 192.752 -115.22 54.5063 178.134 -109.256 52.9083 192.752 -109.256 52.9083 178.134 -109.256 52.9083 192.752 -109.256 52.9083 178.134 -103.292 54.5063 192.752 -103.292 54.5063 178.134 -103.292 54.5063 192.752 -103.292 54.5063 178.134 -98.9261 58.8722 192.752 -98.9261 58.8722 178.134 -98.9261 58.8722 192.752 -98.9261 58.8722 178.134 -97.328 64.8362 192.752 -97.328 64.8362 178.134 -97.328 64.8362 192.752 -97.328 64.8362 178.134 -98.9261 70.8003 192.752 -98.9261 70.8003 178.134 -98.9261 70.8003 192.752 -98.9261 70.8003 178.134 -103.292 75.1663 192.752 -103.292 75.1663 178.134 -109.256 76.7643 178.134 -109.256 76.7643 192.752 -103.292 75.1663 178.134 -103.292 75.1663 192.752 -115.22 75.1663 178.134 -115.22 75.1663 192.752 -109.256 76.7643 178.134 -109.256 76.7643 192.752 -117.144 69.3904 163.664 -115.22 75.1663 178.134 -113.81 72.7242 163.664 -119.586 70.8003 178.134 -117.144 69.3904 163.664 -121.184 64.8362 178.134 -119.586 70.8003 178.134 -118.364 64.8362 163.664 -121.184 64.8362 178.134 -117.144 60.2822 163.664 -119.586 58.8722 178.134 -118.364 64.8362 163.664 -119.586 58.8722 178.134 -113.81 56.9484 163.664 -115.22 54.5063 178.134 -117.144 60.2822 163.664 -115.22 54.5063 178.134 -113.81 56.9484 163.664 -109.256 52.9083 178.134 -109.256 55.7281 163.664 -109.256 52.9083 178.134 -104.702 56.9484 163.664 -103.292 54.5063 178.134 -109.256 55.7281 163.664 -103.292 54.5063 178.134 -104.702 56.9484 163.664 -98.9261 58.8722 178.134 -101.368 60.2822 163.664 -98.9261 58.8722 178.134 -101.368 60.2822 163.664 -97.328 64.8362 178.134 -100.148 64.8362 163.664 -97.328 64.8362 178.134 -101.368 69.3904 163.664 -98.9261 70.8003 178.134 -100.148 64.8362 163.664 -98.9261 70.8003 178.134 -104.702 72.7242 163.664 -103.292 75.1663 178.134 -101.368 69.3904 163.664 -109.256 73.9445 163.664 -109.256 76.7643 178.134 -104.702 72.7242 163.664 -103.292 75.1663 178.134 -113.81 72.7242 163.664 -109.256 76.7643 178.134 -109.256 73.9445 163.664 -115.22 75.1663 178.134 -88.7043 87.33 55.0896 -82.275 97.0508 55.0896 -80.0345 93.5182 55.0896 -91.3463 90.4698 55.0896 -46.2897 113.001 55.0896 -80.0345 93.5182 55.0896 -82.275 97.0508 55.0896 -45.4844 118.292 55.0896 -30.9368 93.0947 55.0896 -46.2897 113.001 55.0896 -45.4844 118.292 55.0896 -35.9218 95.0428 55.0896 -67.7274 71.8536 55.0896 -35.9218 95.0428 55.0896 -30.9368 93.0947 55.0896 -69.6665 75.5603 55.0896 -67.7274 71.8536 55.0896 -79.3605 71.1461 55.0896 -69.6665 75.5603 55.0896 -77.9624 67.2882 55.0896 -79.3605 71.1461 55.0896 -87.5138 65.3788 55.0896 -87.7989 69.2579 55.0896 -77.9624 67.2882 55.0896 -87.7989 69.2579 55.0896 -94.0167 66.6302 55.0896 -92.8452 70.0306 55.0896 -87.5138 65.3788 55.0896 -98.3693 69.6128 55.0896 -92.8452 70.0306 55.0896 -94.0167 66.6302 55.0896 -94.9475 72.5063 55.0896 -99.5366 71.6346 55.0896 -94.9475 72.5063 55.0896 -98.3693 69.6128 55.0896 -95.3218 73.1546 55.0896 -99.5366 71.6346 55.0896 -96.4127 76.2096 55.0896 -99.9433 76.8954 55.0896 -99.9433 76.8954 55.0896 -94.5587 80.9663 55.0896 -96.4127 76.2096 55.0896 -97.7756 83.1527 55.0896 -94.5587 80.9663 55.0896 -97.7756 83.1527 55.0896 -86.9501 85.4678 62.7986 -80.0345 93.5182 55.0896 -78.6447 91.3959 62.7986 -88.7043 87.33 55.0896 -78.6447 91.3959 62.7986 -46.2897 113.001 55.0896 -47.3938 109.439 62.7986 -80.0345 93.5182 55.0896 -47.3938 109.439 62.7986 -35.9218 95.0428 55.0896 -39.5587 95.8677 62.7986 -46.2897 113.001 55.0896 -69.6665 75.5603 55.0896 -39.5587 95.8677 62.7986 -35.9218 95.0428 55.0896 -70.8095 77.825 62.7986 -79.3605 71.1461 55.0896 -70.8095 77.825 62.7986 -69.6665 75.5603 55.0896 -80.0961 73.5964 62.7986 -87.7989 69.2579 55.0896 -80.0961 73.5964 62.7986 -79.3605 71.1461 55.0896 -87.7185 71.8907 62.7986 -92.8452 70.0306 55.0896 -91.7049 72.5011 62.7986 -87.7989 69.2579 55.0896 -87.7185 71.8907 62.7986 -94.9475 72.5063 55.0896 -93.6873 73.6639 62.7986 -92.8452 70.0306 55.0896 -91.7049 72.5011 62.7986 -94.9475 72.5063 55.0896 -95.3218 73.1546 55.0896 -93.6873 73.6639 62.7986 -96.4127 76.2096 55.0896 -93.6873 73.6639 62.7986 -95.3218 73.1546 55.0896 -93.703 75.9619 62.7986 -92.2385 79.7195 62.7986 -96.4127 76.2096 55.0896 -94.5587 80.9663 55.0896 -93.703 75.9619 62.7986 -86.9501 85.4678 62.7986 -94.5587 80.9663 55.0896 -88.7043 87.33 55.0896 -92.2385 79.7195 62.7986 -119.586 70.8003 192.752 -117.286 78.7438 198.492 -115.22 75.1663 192.752 -123.164 72.8658 198.492 -125.315 64.8362 198.492 -119.586 70.8003 192.752 -121.184 64.8362 192.752 -123.164 72.8658 198.492 -114.649 61.7228 222.09 -111.952 63.2795 222.09 -115.483 64.8363 222.09 -114.649 67.9497 222.09 -114.649 61.7228 222.09 -112.369 59.4438 222.09 -111.952 63.2795 222.09 -109.256 58.6094 222.09 -125.315 64.8362 198.492 -119.586 58.8722 192.752 -123.164 56.8066 198.492 -121.184 64.8362 192.752 -106.143 59.4437 222.09 -103.864 61.7228 222.09 -109.256 64.8363 222.09 -106.56 66.393 222.09 -103.029 64.8362 222.09 -106.56 66.393 222.09 -103.864 67.9496 222.09 -123.164 72.8658 198.492 -117.971 79.9305 206.45 -117.286 78.7438 198.492 -124.35 73.551 206.45 -123.164 72.8658 198.492 -126.685 64.8362 206.45 -124.35 73.551 206.45 -125.315 64.8362 198.492 -125.315 64.8362 198.492 -123.164 56.8066 198.492 -126.685 64.8362 206.45 -124.35 56.1216 206.45 -117.971 49.7419 206.45 -123.164 56.8066 198.492 -117.286 50.9288 198.492 -124.35 56.1216 206.45 -109.256 47.4069 206.45 -117.286 50.9288 198.492 -109.256 48.7772 198.492 -117.971 49.7419 206.45 -100.541 49.7419 206.45 -109.256 47.4069 206.45 -101.227 50.9286 198.492 -109.256 48.7772 198.492 -94.1617 56.1216 206.45 -100.541 49.7419 206.45 -95.3485 56.8066 198.492 -101.227 50.9286 198.492 -91.8266 64.8362 206.45 -95.3485 56.8066 198.492 -93.197 64.8362 198.492 -94.1617 56.1216 206.45 -95.3485 72.8658 198.492 -94.1617 73.551 206.45 -91.8266 64.8362 206.45 -93.197 64.8362 198.492 -101.227 78.7438 198.492 -100.541 79.9305 206.45 -94.1617 73.551 206.45 -95.3485 72.8658 198.492 -101.227 78.7438 198.492 -109.256 82.2657 206.45 -100.541 79.9305 206.45 -109.256 80.8954 198.492 -117.286 78.7438 198.492 -109.256 82.2657 206.45 -109.256 80.8954 198.492 -117.971 79.9305 206.45 -129.191 76.3455 231.095 -120.847 84.9125 240.429 -120.765 84.7708 231.095 -129.332 76.4273 240.429 -129.191 76.3455 231.095 -132.438 64.8363 240.429 -129.332 76.4273 240.429 -132.274 64.8363 231.095 -132.438 64.8363 240.429 -129.191 53.3271 231.095 -129.332 53.2453 240.429 -132.274 64.8363 231.095 -129.332 53.2453 240.429 -129.191 53.3271 231.095 -120.847 44.7601 240.429 -120.765 44.9019 231.095 -120.847 44.7601 240.429 -120.765 44.9019 231.095 -109.256 41.6542 240.429 -109.256 41.818 231.095 -109.256 41.6542 240.429 -97.7469 44.9019 231.095 -97.665 44.7601 240.429 -109.256 41.818 231.095 -89.3216 53.3271 231.095 -89.1799 53.2453 240.429 -97.7469 44.9019 231.095 -97.665 44.7601 240.429 -86.2377 64.8362 231.095 -86.0741 64.8363 240.429 -89.3216 53.3271 231.095 -89.1799 53.2453 240.429 -89.3216 76.3455 231.095 -86.0741 64.8363 240.429 -86.2377 64.8362 231.095 -89.1798 76.4273 240.429 -89.3216 76.3455 231.095 -97.7469 84.7707 231.095 -97.665 84.9125 240.429 -89.1798 76.4273 240.429 -97.7469 84.7707 231.095 -109.256 87.8546 231.095 -109.256 88.0183 240.429 -97.665 84.9125 240.429 -120.765 84.7708 231.095 -109.256 88.0183 240.429 -109.256 87.8546 231.095 -120.847 84.9125 240.429 -101.204 70.7892 141.351 -99.9354 68.5912 76.5259 -99.9354 68.5912 141.351 -101.204 70.7892 76.5259 -98.3693 69.6128 55.0896 -101.204 70.7892 76.5259 -99.5366 71.6346 55.0896 -99.9354 68.5912 76.5259 -45.4844 118.292 55.0896 -82.275 97.0508 55.0896 -82.4398 98.4184 76.5259 -41.842 121.857 76.5259 -24.3098 95.4582 141.351 -26.0277 94.4662 76.5259 -4.3514 106.981 118.305 -4.3514 106.981 76.1947 -91.3463 90.4698 55.0896 -82.4398 98.4184 76.5259 -82.275 97.0508 55.0896 -92.3009 91.2644 76.5259 -77.7516 66.0642 76.5259 -66.6254 71.0271 141.351 -77.7516 66.0643 141.351 -66.6255 71.0271 76.5259 -97.7756 83.1527 55.0896 -99.2901 83.3102 76.5259 -91.3463 90.4698 55.0896 -92.3009 91.2644 76.5259 -88.1348 63.9886 76.5259 -77.7516 66.0643 141.351 -88.1348 63.9886 141.351 -77.7516 66.0642 76.5259 -99.9433 76.8954 55.0896 -99.2901 83.3102 76.5259 -97.7756 83.1527 55.0896 -101.647 76.5079 76.5259 -95.2038 65.3489 76.5259 -88.1348 63.9886 141.351 -95.2038 65.3489 141.351 -88.1348 63.9886 76.5259 -99.5366 71.6346 55.0896 -101.647 76.5079 76.5259 -99.9433 76.8954 55.0896 -101.204 70.7892 76.5259 -99.9354 68.5912 141.351 -99.9354 68.5912 76.5259 -95.2038 65.3489 141.351 -95.2038 65.3489 76.5259 -20.1657 134.372 54.8423 -41.842 121.857 76.5259 -20.1657 134.372 76.1947 -45.4844 118.292 55.0896 -26.0277 94.4662 76.5259 -66.6255 71.0271 76.5259 -30.9368 93.0947 55.0896 -67.7274 71.8536 55.0896 20.9305 134.725 118.305 20.9306 134.725 76.1946 5.11624 107.334 118.305 5.11625 107.334 76.1946 20.9306 134.725 76.1946 20.9306 134.725 54.8422 5.11625 107.334 76.1946 5.11626 107.334 54.8422 67.3903 71.38 141.351 83.2047 98.7712 141.351 40.889 123.202 141.351 25.0748 95.8109 141.351 78.5165 66.417 141.351 93.0658 91.6172 141.351 67.3903 71.38 141.351 46.2493 118.645 55.0896 5.11626 107.334 54.8422 20.9306 134.725 54.8422 31.7017 93.4475 55.0896 20.9306 134.725 54.8422 42.607 122.21 76.5258 46.2493 118.645 55.0896 20.9306 134.725 76.1946 83.5147 106.063 119.249 61.1114 67.2593 119.249 83.5147 106.063 154.78 61.1114 67.2593 154.78 136.436 30.1963 229.977 153.275 59.3615 229.977 144.891 66.1837 229.977 126.336 34.0455 229.977 132.174 75.4521 119.249 111.951 40.4249 119.249 101.308 45.6327 119.249 122.342 82.0651 119.249 112.071 88.5056 119.249 90.5949 51.3073 119.249 157.995 25.8333 119.249 167.832 42.8729 119.249 170.805 35.9298 119.249 165.494 26.7305 119.249 90.6128 51.3381 167.586 112.055 88.4782 167.586 83.5147 106.063 154.78 61.1114 67.2593 154.78 101.318 45.649 168.619 111.951 40.4249 119.249 112.184 40.2994 168.617 101.308 45.6327 119.249 157.995 25.8333 168.617 157.995 25.8333 119.249 165.494 26.7305 168.617 165.494 26.7305 204.171 157.995 25.8333 204.171 165.494 26.7305 119.249 157.995 25.8333 229.977 165.494 26.7305 229.977 153.285 59.3747 119.249 141.738 68.5607 168.617 153.287 59.3772 168.617 141.736 68.5571 119.249 122.214 81.8418 175.911 112.361 40.531 186.84 132.289 75.0482 186.84 101.439 45.8597 175.911 112.184 40.2994 168.617 112.361 40.531 186.84 101.439 45.8597 175.911 101.318 45.649 168.619 170.805 35.9298 168.617 165.494 26.7305 119.249 170.805 35.9298 119.249 165.494 26.7305 168.617 170.805 35.9298 204.171 165.494 26.7305 204.171 165.494 26.7305 229.977 170.805 35.9298 229.977 141.738 68.5607 168.617 141.738 68.5607 204.171 153.287 59.3772 168.617 153.287 59.3772 204.171 141.738 68.5607 204.171 122.703 35.5916 204.171 144.156 66.7512 217.074 125.477 34.3984 217.074 122.703 35.5916 204.171 136.43 30.1809 204.171 125.477 34.3984 217.074 167.832 42.8729 119.249 170.805 35.9298 168.617 170.805 35.9298 119.249 167.405 43.1177 168.617 170.805 35.9298 168.617 167.405 43.1177 204.171 170.805 35.9298 204.171 167.405 43.1177 168.617 167.832 42.8729 229.977 170.805 35.9298 204.171 167.405 43.1177 204.171 170.805 35.9298 229.977 153.287 59.3772 204.171 141.738 68.5607 204.171 144.156 66.7512 217.074 67.3903 71.38 141.351 25.0748 95.8109 141.351 26.7926 94.8191 76.5258 67.3903 71.38 76.5258 67.3903 71.38 141.351 67.3903 71.38 76.5258 78.5165 66.417 141.351 78.5165 66.417 76.5259 80.861 73.9492 62.7985 79.4096 91.7487 62.7985 87.715 85.8206 62.7985 71.5744 78.1779 62.7985 71.5744 78.1779 62.7985 48.1587 109.791 62.7985 79.4096 91.7487 62.7985 40.3236 96.2206 62.7985 100.055 83.663 141.351 88.8996 64.3414 141.351 78.5165 66.417 141.351 78.5165 66.417 76.5259 88.8996 64.3414 141.351 88.8996 64.3414 76.5259 87.715 85.8206 62.7985 88.4834 72.2436 62.7985 80.861 73.9492 62.7985 93.0034 80.0724 62.7985 100.055 83.663 76.5259 92.1112 90.8227 55.0896 93.0658 91.6172 76.5258 98.5405 83.5055 55.0896 100.055 83.663 141.351 88.8996 64.3414 141.351 95.9687 65.7017 141.351 102.411 76.8608 141.351 88.8996 64.3414 141.351 88.8996 64.3414 76.5259 95.9687 65.7017 141.351 95.9687 65.7016 76.5259 93.0034 80.0724 62.7985 92.4698 72.854 62.7985 88.4834 72.2436 62.7985 94.4679 76.3149 62.7985 102.412 76.8608 76.5259 100.708 77.2483 55.0896 100.055 83.663 76.5259 98.5405 83.5055 55.0896 102.411 76.8608 141.351 95.9687 65.7017 141.351 100.7 68.9441 141.351 101.969 71.142 141.351 95.9687 65.7017 141.351 95.9687 65.7016 76.5259 100.7 68.9441 141.351 100.7 68.9441 76.5259 92.4698 72.854 62.7985 94.4679 76.3149 62.7985 94.4522 74.0166 62.7985 101.969 71.142 76.5259 100.302 71.9875 55.0896 102.412 76.8608 76.5259 100.708 77.2483 55.0896 40.889 123.202 141.351 5.11624 107.334 118.305 25.0748 95.8109 141.351 20.9305 134.725 118.305 83.0399 97.4037 55.0896 83.2047 98.7712 76.5258 92.1112 90.8227 55.0896 93.0658 91.6172 76.5258 26.7926 94.8191 76.5258 25.0748 95.8109 141.351 5.11624 107.334 118.305 5.11625 107.334 76.1946 42.607 122.21 76.5258 83.2047 98.7712 141.351 83.2047 98.7712 76.5258 40.889 123.202 141.351 136.43 30.1809 119.249 141.736 68.5571 119.249 153.285 59.3747 119.249 122.703 35.5916 119.249 158.91 54.3617 119.249 136.43 30.1809 119.249 153.285 59.3747 119.249 143.584 27.8155 119.249 90.6128 51.3381 167.586 61.1114 67.2593 154.78 90.5949 51.3073 119.249 61.1114 67.2593 119.249 83.5147 106.063 119.249 83.5147 106.063 154.78 112.071 88.5056 119.249 112.055 88.4782 167.586 132.174 75.4521 119.249 122.335 82.0527 168.619 132.402 75.3167 168.617 122.342 82.0651 119.249 122.214 81.8418 175.911 132.402 75.3167 168.617 122.335 82.0527 168.619 132.289 75.0482 186.84 122.703 35.5916 168.617 122.703 35.5916 119.249 136.43 30.1809 168.617 136.43 30.1809 119.249 122.703 35.5916 204.171 122.703 35.5916 168.617 136.43 30.1809 204.171 136.43 30.1809 168.617 158.906 54.3547 229.977 143.588 27.8231 229.977 163.577 49.3399 229.977 150.266 26.2852 229.977 143.584 27.8155 119.249 163.579 49.3419 119.249 150.265 26.2823 119.249 158.91 54.3617 119.249 143.584 27.8155 168.617 143.584 27.8155 119.249 150.265 26.2823 168.617 150.265 26.2823 119.249 158.91 54.3617 119.249 163.15 49.5844 168.617 163.579 49.3419 119.249 158.912 54.3637 168.617 143.584 27.8155 204.171 143.584 27.8155 168.617 150.265 26.2824 204.171 150.265 26.2823 168.617 158.912 54.3637 204.171 163.15 49.5844 168.617 158.912 54.3637 168.617 163.15 49.5844 204.171 143.588 27.8231 229.977 150.265 26.2824 204.171 150.266 26.2852 229.977 143.584 27.8155 204.171 158.906 54.3547 229.977 163.15 49.5844 204.171 158.912 54.3637 204.171 163.577 49.3399 229.977 157.995 25.8333 229.977 167.832 42.8729 229.977 157.995 25.8333 229.977 170.805 35.9298 229.977 167.832 42.8729 229.977 165.494 26.7305 229.977 136.43 30.1809 168.617 143.584 27.8155 119.249 143.584 27.8155 168.617 136.43 30.1809 119.249 163.579 49.3419 119.249 163.15 49.5844 168.617 167.405 43.1177 168.617 167.832 42.8729 119.249 136.43 30.1809 204.171 136.43 30.1809 168.617 143.584 27.8155 204.171 143.584 27.8155 168.617 163.15 49.5844 204.171 167.405 43.1177 168.617 163.15 49.5844 168.617 167.405 43.1177 204.171 136.436 30.1963 229.977 143.584 27.8155 204.171 143.588 27.8231 229.977 136.43 30.1809 204.171 163.577 49.3399 229.977 167.405 43.1177 204.171 163.15 49.5844 204.171 167.832 42.8729 229.977 153.275 59.3615 229.977 136.436 30.1963 229.977 61.1114 67.2593 119.249 83.5147 106.063 119.249 153.285 59.3747 119.249 153.287 59.3772 168.617 158.91 54.3617 119.249 158.912 54.3637 168.617 150.265 26.2823 168.617 150.265 26.2823 119.249 157.995 25.8333 168.617 157.995 25.8333 204.171 157.995 25.8333 119.249 150.265 26.2824 204.171 153.287 59.3772 204.171 158.912 54.3637 168.617 153.287 59.3772 168.617 158.912 54.3637 204.171 150.266 26.2852 229.977 157.995 25.8333 204.171 157.995 25.8333 229.977 150.265 26.2824 204.171 158.906 54.3547 229.977 158.912 54.3637 204.171 153.287 59.3772 204.171 153.275 59.3615 229.977 141.736 68.5571 119.249 111.951 40.4249 119.249 122.703 35.5916 119.249 150.265 26.2823 119.249 163.579 49.3419 119.249 157.995 25.8333 119.249 167.832 42.8729 119.249 112.184 40.2994 168.617 122.703 35.5916 119.249 122.703 35.5916 168.617 111.951 40.4249 119.249 101.308 45.6327 119.249 101.318 45.649 168.619 90.6128 51.3381 167.586 90.5949 51.3073 119.249 141.738 68.5607 204.171 112.361 40.531 186.84 122.703 35.5916 204.171 132.289 75.0482 186.84 101.439 45.8597 175.911 122.214 81.8418 175.911 112.055 88.4782 167.586 90.6128 51.3381 167.586 122.703 35.5916 168.617 122.703 35.5916 204.171 112.361 40.531 186.84 112.184 40.2994 168.617 101.439 45.8597 175.911 90.6128 51.3381 167.586 101.318 45.649 168.619 112.055 88.4782 167.586 122.342 82.0651 119.249 112.071 88.5056 119.249 122.335 82.0527 168.619 141.736 68.5571 119.249 132.402 75.3167 168.617 141.738 68.5607 168.617 132.174 75.4521 119.249 122.335 82.0527 168.619 112.055 88.4782 167.586 122.214 81.8418 175.911 141.738 68.5607 204.171 141.738 68.5607 168.617 132.289 75.0482 186.84 132.402 75.3167 168.617 144.891 66.1837 229.977 125.477 34.3984 217.074 126.336 34.0455 229.977 144.156 66.7512 217.074 136.436 30.1963 229.977 125.477 34.3984 217.074 136.43 30.1809 204.171 126.336 34.0455 229.977 153.275 59.3615 229.977 144.156 66.7512 217.074 144.891 66.1837 229.977 153.287 59.3772 204.171 97.1625 52.1201 217.008 104.926 48.1378 206.45 104.926 50.0397 217.008 96.2115 50.4729 206.45 112.69 52.1201 217.008 104.926 50.0397 217.008 104.926 48.1378 206.45 113.641 50.4729 206.45 112.69 52.1201 217.008 113.641 50.4729 206.45 118.373 57.8035 217.008 120.021 56.8525 206.45 122.356 65.5672 206.45 118.373 57.8035 217.008 120.021 56.8525 206.45 120.454 65.5672 217.008 118.373 73.3309 217.008 122.356 65.5672 206.45 120.021 74.2819 206.45 120.454 65.5672 217.008 113.641 80.6616 206.45 118.373 73.3309 217.008 120.021 74.2819 206.45 112.69 79.0143 217.008 104.926 82.9967 206.45 112.69 79.0143 217.008 113.641 80.6616 206.45 104.926 81.0946 217.008 96.2114 80.6614 206.45 97.1624 79.0143 217.008 104.926 82.9967 206.45 104.926 81.0946 217.008 89.8318 74.2819 206.45 91.479 73.3309 217.008 96.2114 80.6614 206.45 97.1624 79.0143 217.008 91.479 73.3309 217.008 87.4967 65.5671 206.45 89.3987 65.5671 217.008 89.8318 74.2819 206.45 89.3987 65.5671 217.008 87.4967 65.5671 206.45 91.4791 57.8035 217.008 89.8318 56.8525 206.45 91.4791 57.8035 217.008 96.2115 50.4729 206.45 97.1625 52.1201 217.008 89.8318 56.8525 206.45 104.926 46.0198 221.761 95.1525 48.6387 221.761 97.1625 52.1201 217.008 104.926 50.0397 217.008 104.926 46.0198 221.761 112.69 52.1201 217.008 114.7 48.6387 221.761 104.926 50.0397 217.008 114.7 48.6387 221.761 118.373 57.8035 217.008 121.855 55.7935 221.761 112.69 52.1201 217.008 124.474 65.5672 221.761 118.373 57.8035 217.008 120.454 65.5672 217.008 121.855 55.7935 221.761 118.373 73.3309 217.008 124.474 65.5672 221.761 120.454 65.5672 217.008 121.855 75.3409 221.761 112.69 79.0143 217.008 121.855 75.3409 221.761 118.373 73.3309 217.008 114.7 82.4958 221.761 104.926 81.0946 217.008 104.926 85.1146 221.761 112.69 79.0143 217.008 114.7 82.4958 221.761 97.1624 79.0143 217.008 104.926 85.1146 221.761 104.926 81.0946 217.008 95.1524 82.4958 221.761 87.9977 75.3409 221.761 97.1624 79.0143 217.008 91.479 73.3309 217.008 95.1524 82.4958 221.761 85.3788 65.5671 221.761 87.9977 75.3409 221.761 91.479 73.3309 217.008 89.3987 65.5671 217.008 85.3788 65.5671 221.761 91.4791 57.8035 217.008 87.9975 55.7936 221.761 89.3987 65.5671 217.008 95.1525 48.6387 221.761 87.9975 55.7936 221.761 91.4791 57.8035 217.008 97.1625 52.1201 217.008 104.926 42.5489 231.095 95.1525 48.6387 221.761 104.926 46.0198 221.761 93.417 45.6328 231.095 104.926 42.5489 231.095 114.7 48.6387 221.761 116.435 45.6328 231.095 104.926 46.0198 221.761 116.435 45.6328 231.095 121.855 55.7935 221.761 124.861 54.058 231.095 114.7 48.6387 221.761 127.944 65.5672 231.095 121.855 55.7935 221.761 124.474 65.5672 221.761 124.861 54.058 231.095 124.861 77.0764 231.095 127.944 65.5672 231.095 121.855 75.3409 221.761 124.474 65.5672 221.761 116.435 85.5017 231.095 121.855 75.3409 221.761 114.7 82.4958 221.761 124.861 77.0764 231.095 104.926 88.5855 231.095 114.7 82.4958 221.761 104.926 85.1146 221.761 116.435 85.5017 231.095 104.926 85.1146 221.761 95.1524 82.4958 221.761 104.926 88.5855 231.095 93.417 85.5017 231.095 95.1524 82.4958 221.761 84.9917 77.0763 231.095 93.417 85.5017 231.095 87.9977 75.3409 221.761 87.9977 75.3409 221.761 81.9078 65.5671 231.095 84.9917 77.0763 231.095 85.3788 65.5671 221.761 81.9078 65.5671 231.095 85.3788 65.5671 221.761 87.9975 55.7936 221.761 84.9916 54.058 231.095 87.9975 55.7936 221.761 93.417 45.6328 231.095 84.9916 54.058 231.095 95.1525 48.6387 221.761 93.3352 45.4911 240.429 104.926 48.1234 243.093 96.2042 50.4604 243.093 104.926 42.3852 240.429 113.648 50.4604 243.093 104.926 48.1234 243.093 104.926 42.3852 240.429 116.517 45.491 240.429 125.002 53.9762 240.429 113.648 50.4604 243.093 116.517 45.491 240.429 120.033 56.8453 243.093 128.108 65.5672 240.429 120.033 56.8453 243.093 125.002 53.9762 240.429 122.37 65.5672 243.093 128.108 65.5672 240.429 120.033 74.2891 243.093 122.37 65.5672 243.093 125.002 77.1582 240.429 113.648 80.6741 243.093 120.033 74.2891 243.093 125.002 77.1582 240.429 116.517 85.6434 240.429 104.926 88.7492 240.429 113.648 80.6741 243.093 116.517 85.6434 240.429 104.926 83.0111 243.093 93.3351 85.6434 240.429 104.926 83.0111 243.093 104.926 88.7492 240.429 96.2043 80.674 243.093 93.3351 85.6434 240.429 89.8193 74.2891 243.093 96.2043 80.674 243.093 84.85 77.1581 240.429 87.4822 65.5671 243.093 89.8193 74.2891 243.093 84.85 77.1581 240.429 81.7441 65.5671 240.429 84.85 53.9761 240.429 87.4822 65.5671 243.093 81.7441 65.5671 240.429 89.8193 56.8453 243.093 96.2042 50.4604 243.093 84.85 53.9761 240.429 93.3352 45.4911 240.429 89.8193 56.8453 243.093 101.813 60.1747 222.09 104.926 48.1234 243.093 104.926 59.3404 222.09 96.2042 50.4604 243.093 104.926 59.3404 222.09 104.926 48.1234 243.093 108.04 60.1747 222.09 113.648 50.4604 243.093 120.033 56.8453 243.093 110.319 62.4538 222.09 113.648 50.4604 243.093 108.04 60.1747 222.09 122.37 65.5672 243.093 110.319 62.4538 222.09 120.033 56.8453 243.093 111.153 65.5672 222.09 110.319 68.6806 222.09 122.37 65.5672 243.093 120.033 74.2891 243.093 111.153 65.5672 222.09 108.04 70.9598 222.09 120.033 74.2891 243.093 113.648 80.6741 243.093 110.319 68.6806 222.09 104.926 83.0111 243.093 108.04 70.9598 222.09 113.648 80.6741 243.093 104.926 71.794 222.09 96.2043 80.674 243.093 101.813 70.9598 222.09 104.926 83.0111 243.093 104.926 71.794 222.09 89.8193 74.2891 243.093 101.813 70.9598 222.09 96.2043 80.674 243.093 99.5337 68.6806 222.09 87.4822 65.5671 243.093 99.5337 68.6806 222.09 89.8193 74.2891 243.093 98.6993 65.5672 222.09 89.8193 56.8453 243.093 99.5336 62.4538 222.09 87.4822 65.5671 243.093 98.6993 65.5672 222.09 99.5336 62.4538 222.09 96.2042 50.4604 243.093 101.813 60.1747 222.09 89.8193 56.8453 243.093 104.926 59.3404 222.09 107.622 64.0105 222.09 104.926 65.5672 222.09 101.813 60.1747 222.09 110.319 68.6806 222.09 99.5336 62.4538 222.09 108.04 70.9598 222.09 102.23 67.1238 222.09 104.926 71.794 222.09 99.5336 62.4538 222.09 102.23 67.1238 222.09 98.6993 65.5672 222.09 111.153 65.5672 222.09 110.319 68.6806 222.09 107.622 64.0105 222.09 99.5337 68.6806 222.09 110.319 62.4538 222.09 110.89 75.8972 192.752 112.956 79.4748 198.492 115.256 71.5312 192.752 118.834 73.5968 198.492 110.89 75.8972 192.752 104.926 77.4952 192.752 104.926 81.6263 198.492 112.956 79.4748 198.492 98.9621 75.8972 192.752 104.926 81.6263 198.492 104.926 77.4952 192.752 96.8966 79.4748 198.492 94.5962 71.5312 192.752 96.8966 79.4748 198.492 98.9621 75.8972 192.752 91.0185 73.5967 198.492 94.5962 71.5312 192.752 88.867 65.5671 198.492 91.0185 73.5967 198.492 92.9981 65.5671 192.752 88.867 65.5671 198.492 94.5962 59.6032 192.752 91.0185 57.5377 198.492 92.9981 65.5671 192.752 91.0185 57.5377 198.492 94.5962 59.6032 192.752 96.8966 51.6597 198.492 98.9621 55.2372 192.752 98.9621 55.2372 178.134 104.926 53.6392 192.752 98.9621 55.2372 192.752 104.926 53.6392 178.134 104.926 53.6392 178.134 110.89 55.2372 192.752 104.926 53.6392 192.752 110.89 55.2372 178.134 110.89 55.2372 192.752 110.89 55.2372 178.134 115.256 59.6032 192.752 115.256 59.6032 178.134 115.256 59.6032 192.752 115.256 59.6032 178.134 116.854 65.5672 192.752 116.854 65.5672 178.134 116.854 65.5672 192.752 116.854 65.5672 178.134 115.256 71.5312 192.752 115.256 71.5312 178.134 110.89 75.8972 178.134 110.89 75.8972 192.752 115.256 71.5312 178.134 115.256 71.5312 192.752 104.926 77.4952 178.134 104.926 77.4952 192.752 110.89 75.8972 178.134 110.89 75.8972 192.752 98.9621 75.8972 178.134 98.9621 75.8972 192.752 104.926 77.4952 178.134 104.926 77.4952 192.752 98.9621 75.8972 178.134 94.5962 71.5312 192.752 98.9621 75.8972 192.752 94.5962 71.5312 178.134 94.5962 71.5312 178.134 92.9981 65.5671 192.752 94.5962 71.5312 192.752 92.9981 65.5671 178.134 92.9981 65.5671 178.134 94.5962 59.6032 192.752 92.9981 65.5671 192.752 94.5962 59.6032 178.134 94.5962 59.6032 178.134 98.9621 55.2372 192.752 94.5962 59.6032 192.752 98.9621 55.2372 178.134 98.9621 55.2372 178.134 100.372 57.6793 163.664 104.926 53.6392 178.134 104.926 56.4591 163.664 104.926 53.6392 178.134 109.48 57.6793 163.664 110.89 55.2372 178.134 104.926 56.4591 163.664 110.89 55.2372 178.134 109.48 57.6793 163.664 115.256 59.6032 178.134 112.814 61.0132 163.664 115.256 59.6032 178.134 112.814 61.0132 163.664 116.854 65.5672 178.134 114.034 65.5672 163.664 116.854 65.5672 178.134 112.814 70.1213 163.664 115.256 71.5312 178.134 114.034 65.5672 163.664 109.48 73.4551 163.664 110.89 75.8972 178.134 112.814 70.1213 163.664 115.256 71.5312 178.134 104.926 74.6754 163.664 104.926 77.4952 178.134 109.48 73.4551 163.664 110.89 75.8972 178.134 100.372 73.4551 163.664 104.926 77.4952 178.134 104.926 74.6754 163.664 98.9621 75.8972 178.134 100.372 73.4551 163.664 94.5962 71.5312 178.134 98.9621 75.8972 178.134 97.0382 70.1213 163.664 97.0382 70.1213 163.664 92.9981 65.5671 178.134 94.5962 71.5312 178.134 95.818 65.5671 163.664 92.9981 65.5671 178.134 97.0382 61.0131 163.664 94.5962 59.6032 178.134 95.818 65.5671 163.664 94.5962 59.6032 178.134 100.372 57.6793 163.664 98.9621 55.2372 178.134 97.0382 61.0131 163.664 80.1254 71.4991 55.0896 68.4923 72.2065 55.0896 70.4314 75.9131 55.0896 78.7273 67.641 55.0896 36.6867 95.3957 55.0896 70.4314 75.9131 55.0896 68.4923 72.2065 55.0896 31.7017 93.4475 55.0896 46.2493 118.645 55.0896 36.6867 95.3957 55.0896 47.0547 113.354 55.0896 83.0399 97.4037 55.0896 47.0547 113.354 55.0896 46.2493 118.645 55.0896 80.7994 93.8711 55.0896 83.0399 97.4037 55.0896 89.4692 87.6828 55.0896 80.7994 93.8711 55.0896 92.1112 90.8227 55.0896 98.5405 83.5055 55.0896 89.4692 87.6828 55.0896 95.3237 81.3193 55.0896 95.3237 81.3193 55.0896 100.708 77.2483 55.0896 97.1776 76.5625 55.0896 98.5405 83.5055 55.0896 100.302 71.9875 55.0896 96.0848 73.5041 55.0896 99.1342 69.9656 55.0896 95.7104 72.8558 55.0896 93.6101 70.3835 55.0896 94.7816 66.9829 55.0896 88.5638 69.6108 55.0896 88.2787 65.7317 55.0896 80.1254 71.4991 55.0896 88.5638 69.6108 55.0896 88.2787 65.7317 55.0896 78.7273 67.641 55.0896 70.4314 75.9131 55.0896 71.5744 78.1779 62.7985 80.1254 71.4991 55.0896 80.861 73.9492 62.7985 70.4314 75.9131 55.0896 36.6867 95.3957 55.0896 40.3236 96.2206 62.7985 71.5744 78.1779 62.7985 48.1587 109.791 62.7985 36.6867 95.3957 55.0896 47.0547 113.354 55.0896 40.3236 96.2206 62.7985 79.4096 91.7487 62.7985 48.1587 109.791 62.7985 47.0547 113.354 55.0896 80.7994 93.8711 55.0896 87.715 85.8206 62.7985 79.4096 91.7487 62.7985 80.7994 93.8711 55.0896 89.4692 87.6828 55.0896 87.715 85.8206 62.7985 95.3237 81.3193 55.0896 93.0034 80.0724 62.7985 89.4692 87.6828 55.0896 93.0034 80.0724 62.7985 97.1776 76.5625 55.0896 94.4679 76.3149 62.7985 95.3237 81.3193 55.0896 96.0848 73.5041 55.0896 94.4522 74.0166 62.7985 97.1776 76.5625 55.0896 94.4679 76.3149 62.7985 96.0848 73.5041 55.0896 95.7104 72.8558 55.0896 94.4522 74.0166 62.7985 93.6101 70.3835 55.0896 94.4522 74.0166 62.7985 95.7104 72.8558 55.0896 92.4698 72.854 62.7985 88.5638 69.6108 55.0896 92.4698 72.854 62.7985 93.6101 70.3835 55.0896 88.4834 72.2436 62.7985 80.1254 71.4991 55.0896 80.861 73.9492 62.7985 88.5638 69.6108 55.0896 88.4834 72.2436 62.7985 104.926 49.5081 198.492 98.9621 55.2372 192.752 104.926 53.6392 192.752 96.8966 51.6597 198.492 116.854 65.5672 192.752 120.985 65.5672 198.492 115.256 59.6032 192.752 118.834 57.5377 198.492 108.04 60.1747 222.09 107.622 64.0105 222.09 110.319 62.4538 222.09 120.985 65.5672 198.492 115.256 71.5312 192.752 118.834 73.5968 198.492 116.854 65.5672 192.752 104.926 49.5081 198.492 110.89 55.2372 192.752 112.956 51.6597 198.492 104.926 53.6392 192.752 112.956 51.6597 198.492 115.256 59.6032 192.752 118.834 57.5377 198.492 110.89 55.2372 192.752 104.926 71.794 222.09 101.813 70.9598 222.09 102.23 67.1238 222.09 99.5337 68.6806 222.09 104.926 48.1378 206.45 96.8966 51.6597 198.492 104.926 49.5081 198.492 96.2115 50.4729 206.45 113.641 50.4729 206.45 104.926 48.1378 206.45 112.956 51.6597 198.492 104.926 49.5081 198.492 120.021 56.8525 206.45 113.641 50.4729 206.45 118.834 57.5377 198.492 112.956 51.6597 198.492 122.356 65.5672 206.45 118.834 57.5377 198.492 120.985 65.5672 198.492 120.021 56.8525 206.45 118.834 73.5968 198.492 120.021 74.2819 206.45 122.356 65.5672 206.45 120.985 65.5672 198.492 113.641 80.6616 206.45 118.834 73.5968 198.492 112.956 79.4748 198.492 120.021 74.2819 206.45 112.956 79.4748 198.492 104.926 82.9967 206.45 113.641 80.6616 206.45 104.926 81.6263 198.492 96.8966 79.4748 198.492 104.926 82.9967 206.45 104.926 81.6263 198.492 96.2114 80.6614 206.45 91.0185 73.5967 198.492 96.2114 80.6614 206.45 96.8966 79.4748 198.492 89.8318 74.2819 206.45 91.0185 73.5967 198.492 87.4967 65.5671 206.45 89.8318 74.2819 206.45 88.867 65.5671 198.492 88.867 65.5671 198.492 91.0185 57.5377 198.492 87.4967 65.5671 206.45 89.8318 56.8525 206.45 96.2115 50.4729 206.45 91.0185 57.5377 198.492 96.8966 51.6597 198.492 89.8318 56.8525 206.45 93.3352 45.4911 240.429 93.417 45.6328 231.095 104.926 42.3852 240.429 104.926 42.5489 231.095 104.926 42.3852 240.429 116.435 45.6328 231.095 116.517 45.491 240.429 104.926 42.5489 231.095 116.517 45.491 240.429 124.861 54.058 231.095 125.002 53.9762 240.429 116.435 45.6328 231.095 127.944 65.5672 231.095 128.108 65.5672 240.429 124.861 54.058 231.095 125.002 53.9762 240.429 124.861 77.0764 231.095 128.108 65.5672 240.429 127.944 65.5672 231.095 125.002 77.1582 240.429 124.861 77.0764 231.095 116.435 85.5017 231.095 116.517 85.6434 240.429 125.002 77.1582 240.429 116.435 85.5017 231.095 104.926 88.5855 231.095 104.926 88.7492 240.429 116.517 85.6434 240.429 93.417 85.5017 231.095 104.926 88.7492 240.429 104.926 88.5855 231.095 93.3351 85.6434 240.429 93.417 85.5017 231.095 84.85 77.1581 240.429 93.3351 85.6434 240.429 84.9917 77.0763 231.095 84.9917 77.0763 231.095 81.7441 65.5671 240.429 84.85 77.1581 240.429 81.9078 65.5671 231.095 81.7441 65.5671 240.429 84.9916 54.058 231.095 84.85 53.9761 240.429 81.9078 65.5671 231.095 84.85 53.9761 240.429 84.9916 54.058 231.095 93.3352 45.4911 240.429 93.417 45.6328 231.095 101.969 71.142 76.5259 101.969 71.142 141.351 100.7 68.9441 141.351 100.7 68.9441 76.5259 101.969 71.142 76.5259 99.1342 69.9656 55.0896 100.302 71.9875 55.0896 100.7 68.9441 76.5259 67.3903 71.38 76.5258 26.7926 94.8191 76.5258 31.7017 93.4475 55.0896 68.4923 72.2065 55.0896 42.607 122.21 76.5258 20.9305 134.725 118.305 40.889 123.202 141.351 20.9306 134.725 76.1946 67.3903 71.38 76.5258 68.4923 72.2065 55.0896 78.5165 66.417 76.5259 78.7273 67.641 55.0896 83.2047 98.7712 76.5258 83.2047 98.7712 141.351 93.0658 91.6172 76.5258 93.0658 91.6172 141.351 78.5165 66.417 76.5259 88.2787 65.7317 55.0896 88.8996 64.3414 76.5259 78.7273 67.641 55.0896 100.055 83.663 141.351 100.055 83.663 76.5259 93.0658 91.6172 141.351 93.0658 91.6172 76.5258 88.8996 64.3414 76.5259 94.7816 66.9829 55.0896 95.9687 65.7016 76.5259 88.2787 65.7317 55.0896 102.411 76.8608 141.351 102.412 76.8608 76.5259 100.055 83.663 141.351 100.055 83.663 76.5259 95.9687 65.7016 76.5259 99.1342 69.9656 55.0896 100.7 68.9441 76.5259 94.7816 66.9829 55.0896 101.969 71.142 141.351 101.969 71.142 76.5259 102.411 76.8608 141.351 102.412 76.8608 76.5259 5.11626 107.334 54.8422 26.7926 94.8191 76.5258 5.11625 107.334 76.1946 31.7017 93.4475 55.0896 46.2493 118.645 55.0896 83.2047 98.7712 76.5258 83.0399 97.4037 55.0896 42.607 122.21 76.5258 83.2281 10.0375 -191.018 -83.2281 10.0376 -191.018 83.2281 10.0375 -423.157 -83.2281 10.0375 -423.157 74.3495 174.325 -423.157 -74.3495 174.325 -423.157 -74.3495 174.325 -191.018 74.3495 174.325 -191.018 135.553 110.978 -191.018 -135.553 110.978 -191.018 -83.2281 10.0376 -191.018 83.2281 10.0375 -191.018 135.553 110.978 -191.018 -88.2859 166.187 -191.018 -135.553 110.978 -191.018 88.2859 166.187 -191.018 -118.67 111.2 -208.908 118.67 111.2 -208.908 76.2235 27.4692 -206.898 -76.2236 27.4693 -206.898 -135.553 110.978 -191.018 -135.553 110.978 -423.157 -83.2281 10.0375 -423.157 -83.2281 10.0376 -191.018 135.553 110.978 -423.157 135.553 110.978 -191.018 83.2281 10.0375 -191.018 83.2281 10.0375 -423.157 88.2859 166.187 -423.157 88.2859 166.187 -191.018 135.553 110.978 -191.018 135.553 110.978 -423.157 -118.67 111.2 -208.908 78.8987 152.365 -206.981 118.67 111.2 -208.908 -78.8987 152.365 -206.981 -88.2859 166.187 -191.018 -88.2859 166.187 -423.157 -135.553 110.978 -423.157 -135.553 110.978 -191.018 74.3495 174.325 -423.157 74.3495 174.325 -191.018 88.2859 166.187 -423.157 88.2859 166.187 -191.018 -88.2859 166.187 -423.157 -88.2859 166.187 -191.018 -74.3495 174.325 -423.157 -74.3495 174.325 -191.018 78.8987 152.365 -206.981 -78.8987 152.365 -206.981 -70.9628 157.245 -274.926 70.9628 157.245 -274.926 -88.2859 166.187 -191.018 88.2859 166.187 -191.018 74.3495 174.325 -191.018 -74.3495 174.325 -191.018 83.2281 10.0375 -423.157 -83.2281 10.0375 -423.157 -80.7588 15.4507 -423.157 80.7588 15.4507 -423.157 -135.553 110.978 -423.157 -80.7588 15.4507 -423.157 -83.2281 10.0375 -423.157 -129.483 111.057 -423.157 -88.2859 166.187 -423.157 -129.483 111.057 -423.157 -135.553 110.978 -423.157 -84.4951 161.401 -423.157 -73.0888 168.609 -423.157 -84.4951 161.401 -423.157 -88.2859 166.187 -423.157 -74.3495 174.325 -423.157 -74.3495 174.325 -423.157 74.3495 174.325 -423.157 73.0888 168.609 -423.157 -73.0888 168.609 -423.157 88.2859 166.187 -423.157 73.0888 168.609 -423.157 74.3495 174.325 -423.157 84.4951 161.401 -423.157 88.2859 166.187 -423.157 135.553 110.978 -423.157 129.482 111.057 -423.157 84.4951 161.401 -423.157 135.553 110.978 -423.157 83.2281 10.0375 -423.157 80.7588 15.4507 -423.157 129.482 111.057 -423.157 -80.7588 15.4507 -423.157 76.2235 25.39 -401.105 80.7588 15.4507 -423.157 -76.2237 25.39 -401.105 -129.483 111.057 -423.157 -76.2237 25.39 -401.105 -80.7588 15.4507 -423.157 -118.67 111.196 -403.147 -78.8987 154.332 -401.191 -129.483 111.057 -423.157 -84.4951 161.401 -423.157 -118.67 111.196 -403.147 -78.8987 154.332 -401.191 -73.0888 168.609 -423.157 -70.9628 158.966 -401.07 -84.4951 161.401 -423.157 70.9628 158.966 -401.07 -70.9628 158.966 -401.07 -73.0888 168.609 -423.157 73.0888 168.609 -423.157 70.9628 158.966 -401.07 73.0888 168.609 -423.157 78.8987 154.332 -401.191 84.4951 161.401 -423.157 78.8987 154.332 -401.191 129.482 111.057 -423.157 118.67 111.196 -403.147 84.4951 161.401 -423.157 76.2235 25.39 -401.105 118.67 111.196 -403.147 129.482 111.057 -423.157 80.7588 15.4507 -423.157 -76.2237 25.39 -401.105 -76.2236 27.4693 -206.898 76.2235 25.39 -401.105 76.2235 27.4692 -206.898 -118.67 111.2 -208.908 -76.2237 25.39 -401.105 -118.67 111.196 -403.147 -76.2236 27.4693 -206.898 -78.8987 154.332 -401.191 -118.67 111.2 -208.908 -118.67 111.196 -403.147 -78.8987 152.365 -206.981 -78.8987 152.365 -206.981 -78.8987 154.332 -401.191 -70.9628 157.245 -274.926 -70.9628 158.966 -401.07 70.9628 157.245 -274.926 -70.9628 157.245 -274.926 -70.9628 158.966 -401.07 70.9628 158.966 -401.07 78.8987 154.332 -401.191 70.9628 157.245 -274.926 70.9628 158.966 -401.07 78.8987 152.365 -206.981 118.67 111.196 -403.147 118.67 111.2 -208.908 78.8987 154.332 -401.191 78.8987 152.365 -206.981 76.2235 25.39 -401.105 118.67 111.2 -208.908 118.67 111.196 -403.147 76.2235 27.4692 -206.898 -119.663 60.2871 -99.2266 -80.781 99.3285 -99.2267 -64.3702 52.6642 -99.2267 -89.5843 119.571 -31.7883 -142.829 83.3816 -31.7883 -128.249 44.0036 -31.7883 -16.4707 28.993 -443.638 16.4707 28.993 -443.638 16.4707 6.81219 -443.638 -16.4707 6.81219 -443.638 16.4707 -4.58513 -425.919 -16.4707 -4.58513 -425.919 -16.4707 6.81219 -443.638 16.4707 6.81219 -443.638 -16.4707 -4.58513 -425.919 -16.4707 41.765 -428.194 -16.4707 28.993 -443.638 -16.4707 6.81219 -443.638 16.4707 28.993 -443.638 -16.4707 28.993 -443.638 -16.4707 41.765 -428.194 16.4707 41.7649 -428.194 16.4707 -4.58513 -425.919 16.4707 28.993 -443.638 16.4707 41.7649 -428.194 16.4707 6.81219 -443.638 16.4707 -4.58512 -409.064 -16.4707 -4.58512 -409.064 -16.4707 -4.58513 -425.919 16.4707 -4.58513 -425.919 -16.4707 41.765 -411.339 -16.4707 -4.58512 -409.064 16.4707 41.7649 -428.194 -16.4707 41.765 -428.194 -16.4707 41.765 -411.339 16.4707 41.765 -411.339 16.4707 41.765 -411.339 16.4707 -4.58513 -425.919 16.4707 -4.58512 -409.064 -16.4707 41.765 -411.339 -16.4707 -4.58512 -409.064 16.4707 41.765 -411.339 16.4707 -4.58512 -409.064 -118.67 109.552 -410.937 118.67 109.552 -410.937 76.2235 23.7458 -410.937 78.8987 152.688 -410.937 -76.2236 23.7458 -410.937 -78.8987 152.688 -410.937 -70.9628 157.322 -410.937 70.9629 157.322 -410.937 76.2235 23.7458 -398.084 -76.2236 23.7458 -398.084 -76.2236 23.7458 -410.937 76.2235 23.7458 -410.937 -76.2236 23.7458 -398.084 -118.67 109.552 -398.084 -118.67 109.552 -410.937 -76.2236 23.7458 -410.937 118.67 109.552 -398.084 76.2235 23.7458 -410.937 118.67 109.552 -410.937 76.2235 23.7458 -398.084 -118.67 109.552 -398.084 -78.8987 152.688 -398.084 -78.8987 152.688 -410.937 -118.67 109.552 -410.937 78.8987 152.688 -398.084 118.67 109.552 -410.937 78.8987 152.688 -410.937 118.67 109.552 -398.084 -78.8987 152.688 -398.084 -70.9628 157.322 -410.937 -78.8987 152.688 -410.937 -70.9628 157.322 -398.084 70.9629 157.322 -410.937 -70.9628 157.322 -410.937 -70.9628 157.322 -398.084 70.9629 157.322 -398.084 70.9629 157.322 -398.084 78.8987 152.688 -410.937 70.9629 157.322 -410.937 78.8987 152.688 -398.084 -78.8987 152.688 -398.084 78.8987 152.688 -398.084 70.9629 157.322 -398.084 -118.67 109.552 -398.084 -70.9628 157.322 -398.084 118.67 109.552 -398.084 76.2235 23.7458 -398.084 -76.2236 23.7458 -398.084 43.264 193.98 -79.5265 -43.264 193.98 -79.5265 43.264 166.383 -192.961 -43.264 193.98 -79.5265 -43.264 13.2578 -115.825 -43.264 13.2578 -192.961 43.264 13.2578 -115.825 43.264 13.2578 -192.961 43.264 166.383 -192.961 -43.264 166.383 -192.961 -43.264 146.136 -159.043 43.264 146.136 -159.043 43.264 13.2578 -115.825 -73.3016 123.616 -46.923 -43.9259 123.143 -109.743 -43.9259 123.143 -46.923 -73.3016 123.616 -109.743 -71.5439 118.938 -115.248 -73.3016 123.616 -46.923 -89.5843 119.571 -99.4552 -142.829 83.3816 -39.7454 -89.5843 119.571 -39.6396 -142.829 83.3816 -110.42 -70.605 120.824 -110.42 -42.5743 28.9093 -110.42 -57.5963 46.7881 -110.42 -77.9379 106.621 -110.42 -123.481 56.1823 -110.42 -129.204 212.228 -115.248 -76.4295 118.938 -110.61 -90.3647 118.853 -110.61 -90.3647 118.853 -115.248 -71.5439 118.938 -115.248 -76.4295 118.938 -110.61 -127.192 207.391 -110.61 -74.6912 133.642 -93.8143 -88.8845 128.476 -76.0214 -74.6912 133.642 -58.2286 -73.3016 123.616 -28.943 -43.984 173.846 -28.943 -43.984 173.846 31.8856 -43.9259 123.143 31.8856 -43.9259 123.143 -28.943 -43.984 173.846 31.8856 -74.6912 133.642 -93.8143 -70.498 117.253 -94.0547 -84.7273 129.989 -88.6028 -80.8144 113.215 -88.8433 -84.7273 129.989 -88.6028 -80.8144 113.215 -88.8433 -88.8845 128.476 -76.0214 -85.0875 110.369 -76.2619 -88.8845 128.476 -76.0214 -80.8144 113.215 -63.6804 -84.7273 129.989 -63.4399 -85.0875 110.369 -76.2619 -84.7273 129.989 -63.4399 -70.498 117.253 -58.469 -74.6912 133.642 -58.2286 -80.8144 113.215 -63.6804 -15.5377 120.539 -99.0293 -70.605 120.824 -99.0293 -15.5377 120.539 -39.5337 -70.605 120.824 -39.5337 -15.5377 120.539 -39.5337 -42.5743 28.9093 -39.5337 -15.1366 30.8958 -39.5337 -70.605 120.824 -39.5337 -15.1366 30.8958 -99.0293 -15.1366 30.8958 -39.5337 -42.5743 28.9093 -39.5337 -42.5743 28.9093 -99.0293 -15.5377 120.539 -99.0293 -42.5743 28.9093 -99.0293 -70.605 120.824 -99.0293 -15.1366 30.8958 -99.0293 -70.605 120.824 -31.7883 -128.249 44.0036 -110.42 -42.5743 28.9093 -110.42 -70.605 120.824 -110.42 -70.605 120.824 -99.0293 -42.5743 28.9093 -99.0293 -128.249 44.0036 -31.7883 -70.605 120.824 -31.7883 -42.5743 28.9093 -39.5337 -70.605 120.824 -39.5337 -42.5743 28.9093 -31.7883 -131.371 79.7043 -110.42 -80.781 99.3285 -99.2267 -57.5963 46.7881 -110.42 -64.3702 52.6642 -99.2267 -77.9379 106.621 -110.42 -119.663 60.2871 -99.2266 -101.979 95.7558 -108.301 -97.9471 91.8702 -97.1537 -86.7605 47.4102 -108.301 -101.979 95.7558 -108.301 -84.6759 47.4102 -97.1537 45.9399 216.101 -247.031 57.3396 213.447 -196.147 41.5812 213.447 -196.147 41.5812 213.447 -247.031 36.8094 208.352 -247.031 36.8094 208.352 -196.147 65.0929 201.69 -196.147 33.1025 182.53 -242.81 29.5992 183.105 -247.031 33.8279 201.69 -196.147 33.8279 201.69 -247.031 29.5992 183.105 -196.147 33.1025 182.53 -242.81 65.8183 182.53 -242.81 66.2875 177.925 -242.81 32.6332 177.925 -242.81 29.5992 183.105 -196.147 29.5992 183.105 -247.031 28.7103 174.382 -247.031 28.7103 174.382 -196.147 33.8279 201.69 -196.147 65.0929 201.69 -196.147 62.1113 208.352 -196.147 36.8094 208.352 -196.147 41.5812 213.447 -196.147 57.3396 213.447 -196.147 52.9808 216.101 -196.147 45.9399 216.101 -196.147 36.8094 208.352 -196.147 36.8094 208.352 -247.031 33.8279 201.69 -247.031 33.8279 201.69 -196.147 45.9399 216.101 -247.031 -47.4141 233.063 -45.3003 -47.4141 233.063 -32.1299 -47.0672 116.795 -45.3002 -47.0672 116.795 -32.1298 -54.2015 116.795 -32.1298 -54.2015 116.795 -45.3002 -47.4141 233.063 -45.3003 -87.025 224.666 -43.3136 -67.0622 116.092 -43.3136 59.973 130.505 -74.3128 59.5294 130.505 -64.7285 56.1543 121.507 -74.1451 55.7661 121.507 -57.5799 55.7661 121.507 -57.5799 46.6807 117.78 -58.5168 56.1543 121.507 -74.1451 47.1277 117.78 -75.4537 46.6807 117.78 -58.5168 37.5953 121.507 -60.5986 47.1277 117.78 -75.4537 38.0431 121.507 -77.7649 34.2747 130.505 -79.7439 38.0431 121.507 -77.7649 33.832 130.505 -69.2212 37.5953 121.507 -60.5986 38.0425 139.503 -77.7649 33.832 130.505 -69.2212 37.5953 139.503 -67.2267 34.2747 130.505 -79.7439 47.1285 143.231 -75.4535 38.0425 139.503 -77.7649 37.5953 139.503 -67.2267 46.6807 143.231 -65.1449 56.1543 139.503 -74.1451 47.1285 143.231 -75.4535 46.6807 143.231 -65.1449 55.7661 139.503 -64.2082 56.1543 139.503 -74.1451 55.7661 139.503 -64.2082 59.5294 130.505 -64.7285 59.973 130.505 -74.3128 43.5179 110.39 -42.8127 43.5179 114.852 -57.0133 51.2416 109.758 -42.8127 51.2416 114.304 -57.2128 51.2416 126.725 -67.7544 43.5179 114.852 -57.0133 43.5179 127.041 -67.4089 51.2416 114.304 -57.2128 51.2416 143.693 -71.613 43.5179 127.041 -67.4089 43.5179 143.693 -71.214 51.2416 126.725 -67.7544 43.5179 160.344 -67.4089 51.2416 143.693 -71.613 43.5179 143.693 -71.214 51.2416 160.66 -67.7544 43.5179 172.534 -57.0133 51.2416 160.66 -67.7544 43.5179 160.344 -67.4089 51.2416 173.081 -57.2129 51.2416 177.628 -42.8127 51.2416 173.081 -57.2129 43.5179 172.534 -57.0133 43.5179 176.995 -42.8127 43.5179 176.995 -42.8127 43.5179 172.534 -28.612 51.2416 177.628 -42.8127 51.2416 173.081 -28.4125 43.5179 172.534 -28.612 51.2416 160.66 -17.8709 51.2416 173.081 -28.4125 43.5179 160.344 -18.2165 43.5179 160.344 -18.2165 51.2416 143.693 -14.0124 51.2416 160.66 -17.8709 43.5179 143.693 -14.4113 51.2416 143.693 -14.0124 43.5179 127.041 -18.2165 51.2416 126.725 -17.8708 43.5179 143.693 -14.4113 51.2416 126.725 -17.8708 43.5179 114.852 -28.612 51.2416 114.304 -28.4125 43.5179 127.041 -18.2165 51.2416 109.758 -42.8127 51.2416 114.304 -28.4125 43.5179 114.852 -28.612 43.5179 110.39 -42.8127 55.1642 143.693 -35.7116 57.4874 162.234 -35.7116 57.4874 154.846 -29.477 57.4874 143.693 -26.9553 97.5514 130.505 -113.525 97.5514 117.78 -126.25 97.5514 121.507 -135.249 76.0704 142.196 -31.2068 76.0704 133.198 -34.4006 76.0704 129.471 -42.1111 56.2276 142.196 -53.0154 56.2276 151.194 -49.8216 76.0704 151.194 -49.8216 76.0704 154.922 -42.1111 76.0704 151.194 -34.4006 43.264 97.3684 -30.5416 -43.264 97.3684 -30.5416 -43.264 13.2578 -115.825 43.264 13.2578 -115.825 43.264 162.579 -29.4568 43.264 146.136 -159.043 43.264 193.98 -79.5265 43.264 193.98 -29.6993 43.264 146.136 -159.043 43.264 97.3684 -30.5416 43.264 13.2578 -115.825 -43.264 97.3684 -30.5416 -43.264 97.3684 43.6779 43.264 193.98 -29.6993 43.264 193.98 55.0251 43.264 166.197 55.0251 43.264 162.579 -29.4568 21.6554 115.831 54.0945 45.9399 216.101 -247.031 52.9808 216.101 -247.031 51.9869 212.557 -242.81 46.9338 212.557 -242.81 29.5992 183.105 -247.031 32.6332 177.925 -242.81 28.7103 174.382 -247.031 33.1025 182.53 -242.81 37.2054 200.562 -242.81 29.5992 183.105 -247.031 33.8279 201.69 -247.031 33.1025 182.53 -242.81 39.8014 206.362 -242.81 33.8279 201.69 -247.031 36.8094 208.352 -247.031 37.2054 200.562 -242.81 39.8014 206.362 -242.81 41.5812 213.447 -247.031 43.8371 210.672 -242.81 36.8094 208.352 -247.031 43.8371 210.672 -242.81 45.9399 216.101 -247.031 46.9338 212.557 -242.81 41.5812 213.447 -247.031 51.2416 109.758 -42.8127 59.7331 119.41 -54.6421 59.7331 115.654 -42.8127 51.2416 114.304 -57.2128 59.7331 129.673 -63.3018 59.7331 119.41 -54.6421 51.2416 126.725 -67.7544 51.2416 114.304 -57.2128 59.7331 129.673 -63.3018 51.2416 143.693 -71.613 59.7331 143.693 -66.4714 51.2416 126.725 -67.7544 51.2416 143.693 -71.613 51.2416 160.66 -67.7544 59.7331 157.712 -63.3018 59.7331 143.693 -66.4714 51.2416 173.081 -57.2129 59.7331 167.975 -54.6421 51.2416 160.66 -67.7544 59.7331 157.712 -63.3018 59.7331 167.975 -54.6421 51.2416 177.628 -42.8127 59.7331 171.731 -42.8127 51.2416 173.081 -57.2129 51.2416 177.628 -42.8127 59.7331 167.975 -30.9833 59.7331 171.731 -42.8127 51.2416 173.081 -28.4125 59.7331 167.975 -30.9833 51.2416 173.081 -28.4125 51.2416 160.66 -17.8709 59.7331 157.712 -22.3236 51.2416 160.66 -17.8709 51.2416 143.693 -14.0124 59.7331 157.712 -22.3236 59.7331 143.693 -19.154 51.2416 143.693 -14.0124 59.7331 129.673 -22.3236 59.7331 143.693 -19.154 51.2416 126.725 -17.8708 51.2416 126.725 -17.8708 59.7331 119.411 -30.9833 59.7331 129.673 -22.3236 51.2416 114.304 -28.4125 59.7331 119.411 -30.9833 51.2416 109.758 -42.8127 59.7331 115.654 -42.8127 51.2416 114.304 -28.4125 58.6417 121.507 -110.391 64.2074 130.505 -111.958 62.8149 130.505 -108.298 49.9917 117.781 -114.082 60.4613 121.507 -115.737 58.6417 121.507 -110.391 53.6185 117.78 -123.197 40.9119 121.507 -117.862 46.2043 121.507 -130.692 63.6373 117.78 -126.364 60.4613 121.507 -115.737 53.6185 117.78 -123.197 53.6185 117.78 -123.197 60.3513 121.507 -135.248 63.6373 117.78 -126.364 46.2043 121.507 -130.692 67.4586 139.503 -117.728 64.2074 130.505 -111.958 70.3988 130.505 -113.52 -15.5377 120.539 -99.0293 -15.5377 120.539 -39.5337 -15.1366 30.8958 -39.5337 -15.1366 30.8958 -99.0293 -15.3781 47.4387 45.738 -15.3781 47.4387 -99.4412 15.3781 47.4387 45.738 15.3781 47.4387 -99.4412 -22.0869 95.1572 -31.3737 -15.3781 47.4387 45.738 -22.0869 95.1572 52.8401 -15.3781 47.4387 -99.4412 22.0869 95.1572 -31.3737 22.0869 95.1572 52.8401 15.3781 47.4387 45.738 15.3781 47.4387 -99.4412 22.0869 95.1572 52.8401 -22.0869 95.1572 52.8401 -15.3781 47.4387 45.738 15.3781 47.4387 45.738 57.4874 125.151 -49.9137 57.4874 122.896 -42.8127 59.7331 115.654 -42.8127 59.7331 119.41 -54.6421 59.7331 119.41 -54.6421 59.7331 129.673 -63.3018 57.4874 132.54 -56.1484 57.4874 125.151 -49.9137 57.4874 143.693 -58.67 59.7331 129.673 -63.3018 59.7331 143.693 -66.4714 57.4874 132.54 -56.1484 57.4874 143.693 -58.67 59.7331 157.712 -63.3018 57.4874 154.846 -56.1484 59.7331 143.693 -66.4714 57.4874 154.846 -56.1484 59.7331 167.975 -54.6421 57.4874 162.234 -49.9137 59.7331 157.712 -63.3018 59.7331 171.731 -42.8127 57.4874 162.234 -49.9137 59.7331 167.975 -54.6421 57.4874 164.489 -42.8127 57.4874 162.234 -35.7116 59.7331 171.731 -42.8127 59.7331 167.975 -30.9833 57.4874 164.489 -42.8127 59.7331 167.975 -30.9833 57.4874 154.846 -29.477 57.4874 162.234 -35.7116 59.7331 157.712 -22.3236 57.4874 143.693 -26.9553 57.4874 154.846 -29.477 59.7331 157.712 -22.3236 59.7331 143.693 -19.154 59.7331 129.673 -22.3236 57.4874 143.693 -26.9553 59.7331 143.693 -19.154 57.4874 132.54 -29.477 59.7331 119.411 -30.9833 57.4874 132.54 -29.477 59.7331 129.673 -22.3236 57.4874 125.151 -35.7116 57.4874 125.151 -35.7116 59.7331 115.654 -42.8127 57.4874 122.896 -42.8127 59.7331 119.411 -30.9833 57.4874 164.489 -42.8127 55.1642 143.693 -42.8127 57.4874 162.234 -49.9137 55.1642 143.693 -49.9137 57.4874 162.234 -49.9137 55.1642 143.693 -49.9137 57.4874 154.846 -56.1484 57.4874 143.693 -58.67 57.4874 162.234 -35.7116 55.1642 143.693 -42.8127 57.4874 164.489 -42.8127 55.1642 143.693 -35.7116 55.1642 143.693 -35.7116 57.4874 132.54 -29.477 57.4874 125.151 -35.7116 57.4874 143.693 -26.9553 55.1642 143.693 -35.7116 57.4874 125.151 -35.7116 55.1642 143.693 -42.8127 57.4874 122.896 -42.8127 57.4874 125.151 -49.9137 55.1642 143.693 -49.9137 55.1642 143.693 -42.8127 57.4874 122.896 -42.8127 57.4874 143.693 -58.67 55.1642 143.693 -49.9137 57.4874 132.54 -56.1484 57.4874 125.151 -49.9137 -67.4166 119.755 -26.9854 -67.4167 119.756 35.9054 -67.0602 106.031 35.9054 -67.0602 106.031 -26.9854 -87.4082 119.586 -26.9854 102.987 97.7883 18.7147 42.8826 113.44 11.9091 20.1425 98.2321 18.7147 110.516 112.996 11.9091 42.8826 113.477 -0.750501 110.516 112.996 11.9091 111.04 113.033 -0.704114 42.8826 113.44 11.9091 108.15 108.568 -7.82832 42.8826 109.012 -7.3586 42.8826 113.477 -0.750501 111.04 113.033 -0.704114 42.8826 109.012 -7.3586 108.15 108.568 -7.82832 102.987 97.7883 -10.9169 20.1425 98.2321 -11.6888 20.1425 98.2321 -11.6888 102.987 97.7883 -10.9169 98.5784 87.678 -7.31032 20.1425 87.5249 -7.31032 96.4906 82.5432 3.4696 20.1425 82.987 3.4696 20.1425 87.5249 -7.31032 98.5784 87.678 -7.31032 20.1425 87.4522 14.2495 96.4906 82.5432 3.4696 98.5363 87.0084 14.2495 20.1425 82.987 3.4696 20.1425 98.2321 18.7147 98.5363 87.0084 14.2495 102.987 97.7883 18.7147 20.1425 87.4522 14.2495 120.225 85.996 17.601 131.62 91.4833 11.4222 114.333 97.5899 18.9985 126.912 107.967 12.046 127.119 108.054 -0.210045 126.912 107.967 12.046 131.797 93.9767 -0.87691 131.62 91.4833 11.4222 122.128 104.658 -7.73372 127.119 108.054 -0.210045 131.797 93.9767 -0.87691 125.615 93.5291 -8.31771 125.615 93.5291 -8.31771 113.116 97.5581 -11.1417 122.128 104.658 -7.73372 114.641 91.9216 -11.7765 113.116 97.5581 -11.1417 105.287 88.5111 -7.93404 103.414 90.5061 -6.85219 114.641 91.9216 -11.7765 103.414 90.5061 -6.85219 102.692 85.2716 3.67167 101.553 85.6735 3.80339 105.287 88.5111 -7.93404 102.692 85.2716 3.67167 108.358 84.1604 14.6079 101.553 85.6735 3.80339 105.13 89.5234 15.0089 108.358 84.1604 14.6079 114.333 97.5899 18.9985 105.13 89.5234 15.0089 120.225 85.996 17.601 121.886 60.5298 -55.7162 110.234 60.2828 -55.0112 121.886 60.5298 -55.7162 130.561 53.4879 3.20817 130.561 53.4905 -55.9968 121.886 60.4495 8.36729 130.561 53.4879 3.20817 131.177 41.8452 -5.01961 123.374 34.3901 -8.70784 103.047 39.6764 -6.31991 102.431 49.4829 0.52866 110.234 59.8335 7.75028 121.886 60.5298 -55.7162 131.177 32.1868 1.88347 111.723 32.2096 -8.90901 103.047 32.2131 -1.80159 119.313 4.34802 8.63176 119.342 4.34802 -12.5318 129.283 10.1382 4.9002 129.072 10.0827 -12.661 131.222 21.5446 -4.2502 129.072 10.0827 -12.661 131.616 20.0035 -12.7807 129.283 10.1382 4.9002 131.222 21.5446 -4.2502 131.616 20.0035 -12.7807 123.613 29.3699 -11.1734 103.888 26.3103 -10.1647 101.993 20.0035 -12.5339 102.378 20.3112 -3.18263 101.993 20.0035 -12.5339 108.125 8.04608 -12.4526 102.378 20.3112 -3.18263 107.686 7.54497 6.281 107.686 7.54497 6.281 119.342 4.34802 -12.5318 119.313 4.34802 8.63176 108.125 8.04608 -12.4526 104.133 12.3151 -104.932 104.133 12.3151 -104.932 109.626 21.5558 -109.447 108.615 31.5891 -104.582 105.789 35.1901 -96.8549 110.516 112.996 11.9091 114.333 97.5899 18.9985 126.912 107.967 12.046 102.987 97.7883 18.7147 111.04 113.033 -0.704114 126.912 107.967 12.046 127.119 108.054 -0.210045 110.516 112.996 11.9091 122.128 104.658 -7.73372 108.15 108.568 -7.82832 111.04 113.033 -0.704114 127.119 108.054 -0.210045 113.116 97.5581 -11.1417 108.15 108.568 -7.82832 122.128 104.658 -7.73372 102.987 97.7883 -10.9169 113.116 97.5581 -11.1417 103.414 90.5061 -6.85219 102.987 97.7883 -10.9169 98.5784 87.678 -7.31032 96.4906 82.5432 3.4696 98.5784 87.678 -7.31032 101.553 85.6735 3.80339 103.414 90.5061 -6.85219 98.5363 87.0084 14.2495 101.553 85.6735 3.80339 105.13 89.5234 15.0089 96.4906 82.5432 3.4696 114.333 97.5899 18.9985 102.987 97.7883 18.7147 105.13 89.5234 15.0089 98.5363 87.0084 14.2495 121.886 60.5298 -55.7162 130.561 53.4905 -55.9968 130.561 57.0625 -61.2943 130.561 53.4905 -55.9968 131.177 49.0039 -70.284 130.561 57.0625 -61.2943 131.177 41.8452 -61.1611 131.177 49.0039 -70.284 123.374 34.9834 -64.2658 123.374 43.9258 -76.514 131.177 41.8452 -61.1611 111.723 33.7936 -65.2463 123.374 43.9258 -76.514 123.374 34.9834 -64.2658 111.723 43.3095 -79.5789 111.723 33.7936 -65.2463 103.047 47.7905 -73.1367 111.723 43.3095 -79.5789 103.047 39.6764 -61.9925 102.431 49.2854 -58.0364 103.047 47.7905 -73.1367 103.047 39.6764 -61.9925 102.431 55.493 -63.3529 102.431 55.493 -63.3529 102.431 49.2854 -58.0364 110.234 60.2828 -55.0112 130.561 17.0204 13.2765 119.313 4.34802 8.63176 129.283 10.1382 4.9002 119.566 13.06 18.6493 129.283 10.1382 4.9002 131.177 25.8918 0.360283 130.561 17.0204 13.2765 131.222 21.5446 -4.2502 131.222 21.5446 -4.2502 123.374 31.7673 -7.51003 131.177 25.8918 0.360283 123.613 29.3699 -11.1734 112.293 31.5695 -11.7046 123.374 31.7673 -7.51003 123.613 29.3699 -11.1734 111.723 32.2096 -8.90901 103.888 26.3103 -10.1647 111.723 32.2096 -8.90901 112.293 31.5695 -11.7046 103.047 28.3272 -3.72511 102.378 20.3112 -3.18263 103.047 28.3272 -3.72511 103.888 26.3103 -10.1647 102.431 23.0953 4.58098 107.686 7.54497 6.281 102.431 23.0953 4.58098 102.378 20.3112 -3.18263 107.914 15.6253 16.1078 119.566 13.06 18.6493 107.914 15.6253 16.1078 119.313 4.34802 8.63176 107.686 7.54497 6.281 119.342 4.34802 -12.5318 118.298 4.348 -85.1987 129.072 10.0827 -12.661 125.931 10.4061 -89.3738 130.914 20.0034 -90.8988 130.914 20.0034 -90.8988 112.293 31.5695 -11.7046 103.888 26.3103 -10.1647 103.888 26.3103 -10.1647 106.683 27.3754 -78.5314 102.981 20.0035 -75.7971 101.993 20.0035 -12.5339 101.993 20.0035 -12.5339 108.125 8.04608 -12.4526 107.191 10.3022 -78.9067 119.342 4.34802 -12.5318 118.298 4.348 -85.1987 130.561 32.1898 14.7327 121.153 32.2772 22.0271 130.561 17.0204 13.2765 119.566 13.06 18.6493 130.561 17.0204 13.2765 131.177 25.8918 0.360283 130.561 32.1898 14.7327 131.177 32.1868 1.88347 131.177 32.1868 1.88347 131.177 25.8918 0.360283 123.374 31.7673 -7.51003 111.723 32.2096 -8.90901 103.047 28.3272 -3.72511 103.047 32.2131 -1.80159 102.431 23.0953 4.58098 103.047 32.2131 -1.80159 103.047 28.3272 -3.72511 102.431 32.1785 8.29918 107.914 15.6253 16.1078 102.431 32.1785 8.29918 102.431 23.0953 4.58098 109.501 32.244 21.4026 121.153 32.2772 22.0271 109.501 32.244 21.4026 107.914 15.6253 16.1078 119.566 13.06 18.6493 121.886 60.5298 -55.7162 130.561 57.0625 -61.2943 130.561 61.2871 -63.682 130.561 57.0625 -61.2943 123.374 61.3455 -81.7188 103.047 47.7905 -73.1367 131.62 91.4833 11.4222 120.225 85.996 17.601 131.163 73.6885 4.53244 121.812 67.563 8.90928 131.797 93.9767 -0.87691 125.389 88.9567 -10.6884 114.604 90.3483 -12.9324 105.287 88.5111 -7.93404 114.604 90.3483 -12.9324 105.723 85.5546 -9.72359 114.641 91.9216 -11.7765 102.807 75.4279 -1.31222 108.358 84.1604 14.6079 120.225 85.996 17.601 108.358 84.1604 14.6079 110.09 68.7727 6.42492 121.812 67.563 8.90928 -15.7469 58.5689 24.4243 -109.378 59.5324 24.4243 -106.219 53.2558 16.6946 -14.879 53.5251 16.8292 -17.284 68.8286 28.3912 -108.112 68.9991 28.3912 -109.378 59.5324 24.4243 -15.7469 58.5689 24.4243 -17.284 68.8286 28.3912 -103.71 77.9881 23.7233 -108.112 68.9991 28.3912 -19.4603 79.6399 23.7295 -99.3649 79.5387 16.7434 -103.71 77.9881 23.7233 -20.2077 82.5781 16.8668 -97.3004 76.1263 7.00861 -99.3649 79.5387 16.7434 -19.2054 80.5047 7.97442 -95.6824 65.7104 1.91523 -97.3004 76.1263 7.00861 -15.7146 58.6896 7.22742 -101.15 57.4846 5.84083 -95.6824 65.7104 1.91523 -14.879 53.5251 16.8292 -101.15 57.4846 5.84083 -15.7146 58.6896 7.22742 -89.5843 119.571 -99.4552 -89.5843 119.571 -39.6396 -70.605 120.824 -99.0293 -70.605 120.824 -39.5337 -125.743 77.5733 -99.2267 -70.605 120.824 -110.42 -89.5843 119.571 -99.4552 -70.605 120.824 -99.0293 -89.5843 119.571 -110.42 -89.5843 119.571 -110.42 -70.605 120.824 -110.42 -77.9379 106.621 -110.42 56.1543 121.507 -74.1451 58.6417 121.507 -110.391 62.8149 130.505 -108.298 58.6417 121.507 -110.391 56.1543 121.507 -74.1451 47.1277 117.78 -75.4537 49.9917 117.781 -114.082 49.9917 117.781 -114.082 47.1277 117.78 -75.4537 38.0431 121.507 -77.7649 40.9119 121.507 -117.862 34.2747 130.505 -79.7439 37.1113 130.505 -119.743 40.9119 121.507 -117.862 38.0431 121.507 -77.7649 38.0425 139.503 -77.7649 40.9079 139.503 -117.862 34.2747 130.505 -79.7439 56.1543 139.503 -74.1451 62.8149 130.505 -108.298 58.6417 139.503 -110.391 67.4586 121.507 -117.728 97.5514 117.78 -126.25 97.5514 121.507 -117.252 63.6373 117.78 -126.364 60.3477 139.503 -135.248 97.5514 139.503 -135.249 97.5514 130.505 -138.976 58.1945 130.505 -138.965 60.4613 121.507 -115.737 53.6185 117.78 -123.197 49.9917 117.781 -114.082 46.2043 121.507 -130.692 37.1113 130.505 -119.743 42.3955 130.505 -134.416 40.9119 121.507 -117.862 40.9079 139.503 -117.862 46.1995 139.503 -130.692 37.1113 130.505 -119.743 42.3955 130.505 -134.416 49.9975 143.23 -114.08 53.6258 143.231 -123.195 40.9079 139.503 -117.862 46.1995 139.503 -130.692 58.6417 139.503 -110.391 60.4613 139.503 -115.736 49.9975 143.23 -114.08 53.6258 143.231 -123.195 58.6417 139.503 -110.391 64.2074 130.505 -111.958 60.4613 139.503 -115.736 62.8149 130.505 -108.298 64.2074 130.505 -111.958 67.4586 121.507 -117.728 70.3988 130.505 -113.52 60.4613 121.507 -115.737 67.4586 121.507 -117.728 42.3955 130.505 -134.416 58.1945 130.505 -138.965 46.2043 121.507 -130.692 60.3513 121.507 -135.248 58.1945 130.505 -138.965 46.1995 139.503 -130.692 60.3477 139.503 -135.248 42.3955 130.505 -134.416 53.6258 143.231 -123.195 60.3477 139.503 -135.248 46.1995 139.503 -130.692 63.688 143.23 -126.246 60.4613 139.503 -115.736 63.688 143.23 -126.246 53.6258 143.231 -123.195 67.4586 139.503 -117.728 60.4613 139.503 -115.736 -19.4603 79.6399 23.7295 -20.2077 82.5781 16.8668 -19.2054 80.5047 7.97442 -17.2824 68.8406 2.4472 -17.2824 68.8406 2.4472 -106.219 53.2558 16.6946 -112.479 54.4294 11.9483 -124.293 63.6343 8.92531 -116.525 55.4297 5.59725 -118.698 62.1661 18.9727 -126.675 73.9731 9.98433 -118.698 62.1661 18.9727 -120.323 72.3547 22.2328 -124.293 63.6343 8.92531 -126.675 73.9731 9.98433 -120.323 72.3547 22.2328 -118.009 81.3504 8.91713 -113.427 80.441 18.6181 -118.009 81.3504 8.91713 -104.28 80.7071 12.0547 -107.289 81.1971 5.58612 -113.427 80.441 18.6181 -104.28 80.7071 12.0547 -97.3004 76.1263 7.00861 -107.289 81.1971 5.58612 -99.8329 74.2317 0.594974 -97.3004 76.1263 7.00861 -95.6824 65.7104 1.91523 -99.8329 74.2317 0.594974 -98.0059 66.2911 -1.73247 -104.069 58.1103 0.422815 -98.0059 66.2911 -1.73247 -95.6824 65.7104 1.91523 -101.15 57.4846 5.84083 -112.479 54.4294 11.9483 -104.069 58.1103 0.422815 -101.15 57.4846 5.84083 -116.525 55.4297 5.59725 -118.686 56.0086 -33.5596 -126.412 63.8753 -33.4334 -116.402 80.6462 -33.3069 -105.404 79.9419 -33.382 -104.069 58.1103 0.422815 -116.525 55.4297 5.59725 -118.686 56.0086 -33.5596 -104.069 58.1103 0.422815 -107.174 56.662 -33.637 -118.698 62.1661 18.9727 -112.479 54.4294 11.9483 -106.219 53.2558 16.6946 -109.378 59.5324 24.4243 -108.112 68.9991 28.3912 -118.698 62.1661 18.9727 -109.378 59.5324 24.4243 -120.323 72.3547 22.2328 -113.427 80.441 18.6181 -108.112 68.9991 28.3912 -103.71 77.9881 23.7233 -120.323 72.3547 22.2328 -103.71 77.9881 23.7233 -99.3649 79.5387 16.7434 -104.28 80.7071 12.0547 -113.427 80.441 18.6181 -104.28 80.7071 12.0547 -99.3649 79.5387 16.7434 -97.3004 76.1263 7.00861 -101.15 57.4846 5.84083 -106.219 53.2558 16.6946 -112.479 54.4294 11.9483 59.973 130.505 -74.3128 37.1113 130.505 -119.743 40.9079 139.503 -117.862 38.0425 139.503 -77.7649 49.9975 143.23 -114.08 47.1285 143.231 -75.4535 49.9975 143.23 -114.08 47.1285 143.231 -75.4535 58.6417 139.503 -110.391 56.1543 139.503 -74.1451 59.973 130.505 -74.3128</float_array>
          <technique_common>
            <accessor source="#GeometrySource-array" count="7380" stride="3">
              <param name="X" type="float"/>
              <param name="Y" type="float"/>
              <param name="Z" type="float"/>
            </accessor>
          </technique_common>
        </source>
        <source id="GeometrySource1" name="drenkendship_DrenkendShipNrm">
          <float_array id="GeometrySource1-array" count="22140">0 -1 0.000000 0 -1 0.000000 0 -1 0.000000 0 -1 0.000000 0 1 -0.000000 0 1 -0.000000 0 1 -0.000000 0 1 -0.000000 1 0 0 1 0 0 1 0 0 -0.000000 -0.000000 -1 -0.000000 -0.000000 -1 -0.000000 -0.000000 -1 -1 0 0 -1 0 0 -1 0 0 -1 0 0 0 0.856854 -0.515559 0 0.856854 -0.515559 0 0.856854 -0.515559 0 0.000000 1 0 0.000000 1 0 0.000000 1 0 0.000000 1 0 0.000000 1 0 0.000000 1 -1 0 0 -1 0 0 -1 0 0 -1 0 0 -1 0 0 -1 0 0 -1 0 0 1 0 -0.000000 1 0 -0.000000 1 0 0 -0.640616 0.767861 -0.000000 -0.640616 0.767861 -0.000000 -0.640616 0.767861 -0.000000 -0.640616 0.767861 -0.000000 1 -0.000000 0 1 -0.000000 0 1 -0.000000 0 1 -0.000000 0 0 -0.000000 -1 0 -0.000000 -1 0 -0.000000 -1 0 -0.000000 -1 0.597066 0.802192 -0.000000 0.597066 0.802192 -0.000000 0.597066 0.802192 -0.000000 0.597067 0.802192 -0.000000 0.999999 0.001145 0 0.999999 0.001145 0 0.999999 0.001145 0 0.999999 0.001145 0 0 -0.000000 -1 0 -0.000000 -1 0 -0.000000 -1 0 -0.000000 -1 0 -0.000000 -1 0 -0.000000 -1 0 -0.000000 -1 0 0 -1 0 0 -1 0 0 -1 0 0.000000 1 0 0.000000 1 0 0.000000 1 0.980619 0.195923 0 0.980619 0.195923 0 0.980619 0.195923 0 0.980619 0.195923 0 -0.562131 0.827048 -0.000000 -0.562131 0.827048 -0.000000 -0.562131 0.827048 -0.000000 -0.562131 0.827048 -0.000000 -0.562132 0.827048 -0.000000 -0.562131 0.827048 -0.000000 -0.562132 0.827048 -0.000000 -0.937789 -0.347205 0.000000 -0.937789 -0.347205 0.000000 -0.937789 -0.347205 0.000000 -0.937789 -0.347205 0.000000 -0.937789 -0.347205 0.000000 -0.937789 -0.347205 0.000000 -0.937789 -0.347205 0.000000 -0.937789 -0.347205 0.000000 0.699771 0.143684 0.699769 0.699771 0.143684 0.699768 0.69977 0.143684 0.699769 0.699771 0.143684 0.699768 0.256134 0.143684 0.955903 0.256135 0.143684 0.955903 0.256134 0.143684 0.955903 0.256135 0.143684 0.955903 -0.256135 0.143684 0.955903 -0.256136 0.143683 0.955902 -0.256134 0.143684 0.955903 -0.256136 0.143683 0.955902 -0.69977 0.143683 0.699769 -0.69977 0.143684 0.699769 -0.699771 0.143685 0.699768 -0.699769 0.143683 0.69977 -0.955904 0.143682 0.256132 -0.955904 0.143682 0.256132 -0.955904 0.143685 0.256129 -0.955903 0.143679 0.256135 -0.955904 0.143679 -0.256134 -0.955904 0.143682 -0.256131 -0.955904 0.143682 -0.256131 -0.955904 0.143685 -0.256128 -0.699769 0.143684 -0.69977 -0.699769 0.143683 -0.699771 -0.699769 0.143684 -0.69977 -0.699769 0.143683 -0.699771 -0.256137 0.143682 -0.955902 -0.256135 0.143683 -0.955903 -0.256136 0.143683 -0.955903 -0.256134 0.143683 -0.955903 0.256136 0.143683 -0.955903 0.256135 0.143683 -0.955903 0.256137 0.143682 -0.955902 0.256134 0.143683 -0.955903 0.699769 0.143683 -0.69977 0.699767 0.143684 -0.699772 0.69977 0.143683 -0.699769 0.699766 0.143684 -0.699773 0.955904 0.143684 -0.256131 0.955903 0.143684 -0.256133 0.955903 0.143684 -0.256132 0.955903 0.143684 -0.256134 0 1 -0.000000 0 1 -0.000000 0 1 -0.000000 0 1 -0.000000 0.000002 -1 0.000000 -0.000001 -1 0.000000 0.000001 -1 0.000000 -0.000004 -1 0.000000 0.557984 -0.816272 0.149512 0.557984 -0.816272 0.149512 0.557983 -0.816272 0.149512 0.557984 -0.816272 0.149512 0.408473 -0.816273 0.408471 0.408472 -0.816273 0.408472 0.408471 -0.816274 0.408472 0.408474 -0.816272 0.408471 0.149511 -0.816272 0.557984 0.14951 -0.816274 0.557981 0.14951 -0.816275 0.55798 0.149512 -0.816271 0.557985 -0.149512 -0.816271 0.557986 -0.149511 -0.816274 0.557982 -0.149511 -0.816275 0.557981 -0.149512 -0.81627 0.557987 -0.905227 -0.382379 -0.185337 -0.905231 -0.382374 -0.185331 -0.905226 -0.382381 -0.185342 -0.90523 -0.382373 -0.185337 -0.861724 -0.445585 0.242664 -0.861726 -0.445581 0.242663 -0.861734 -0.445557 0.242679 -0.861739 -0.445546 0.242682 -0.861725 -0.445582 -0.242665 -0.861724 -0.445584 -0.242664 -0.861736 -0.445557 -0.242674 -0.861739 -0.445546 -0.242681 -0.905228 -0.382377 0.185339 -0.905226 -0.382378 0.185343 -0.905231 -0.382373 0.185331 -0.905229 -0.382377 0.185335 -0.149512 -0.816273 -0.557983 -0.149512 -0.816273 -0.557983 -0.149512 -0.816273 -0.557983 -0.149512 -0.816273 -0.557983 0.149512 -0.816273 -0.557983 0.149512 -0.816273 -0.557983 0.149511 -0.816273 -0.557983 0.149512 -0.816273 -0.557983 0.408471 -0.816274 -0.408471 0.408472 -0.816272 -0.408474 0.408473 -0.816271 -0.408475 0.408471 -0.816275 -0.40847 0.557983 -0.816273 -0.149511 0.557982 -0.816274 -0.149511 0.557982 -0.816274 -0.149511 0.557983 -0.816273 -0.149511 0.965926 0.000000 0.25882 0.965926 0.000000 0.25882 0.965926 0.000000 0.25882 0.965926 0.000000 0.25882 0.707108 0.000000 0.707106 0.707109 0.000000 0.707104 0.707109 0.000000 0.707105 0.707108 0.000000 0.707106 0.258817 0.000000 0.965926 0.258816 0.000000 0.965927 0.258816 0.000000 0.965927 0.258817 0.000000 0.965926 -0.258817 0.000000 0.965926 -0.258817 0.000000 0.965927 -0.258817 0.000000 0.965926 -0.258817 0.000000 0.965926 -0.703707 0.084281 0.705474 -0.703707 0.084281 0.705474 -0.703707 0.084281 0.705474 -0.960003 0.070749 0.270903 -0.960005 0.070752 0.270896 -0.960003 0.070746 0.270906 -0.960001 0.070743 0.270912 -0.95997 0.070672 -0.271039 -0.959974 0.070681 -0.271025 -0.959969 0.07067 -0.271043 -0.95997 0.070673 -0.27104 -0.703952 0.084096 -0.705251 -0.703952 0.084096 -0.705251 -0.703952 0.084096 -0.705251 -0.258819 -0.000000 -0.965926 -0.258819 -0.000000 -0.965926 -0.258819 -0.000000 -0.965926 -0.258819 -0.000000 -0.965926 0.258819 -0.000000 -0.965926 0.258819 -0.000000 -0.965926 0.258819 -0.000000 -0.965926 0.258819 -0.000000 -0.965926 0.707106 -0.000000 -0.707107 0.707107 -0.000000 -0.707107 0.707107 -0.000000 -0.707107 0.707106 -0.000000 -0.707107 0.965926 0 -0.258819 0.965926 0 -0.258819 0.965926 0 -0.258819 0.965926 0 -0.258819 0.586089 0.794882 0.157042 0.586085 0.794886 0.157039 0.586083 0.794887 0.157038 0.586091 0.79488 0.157043 0.429047 0.794883 0.429046 0.42904 0.794889 0.429042 0.429041 0.794887 0.429043 0.429049 0.794881 0.429047 0.15704 0.794884 0.586087 0.157043 0.79488 0.586091 0.15704 0.794885 0.586086 0.157044 0.79488 0.586092 -0.157041 0.794883 0.586088 -0.157043 0.794881 0.58609 -0.157044 0.79488 0.586091 -0.15704 0.794884 0.586087 -0.831266 0.55367 -0.04946 -0.831254 0.553686 -0.04948 -0.831268 0.553667 -0.04946 -0.831277 0.553654 -0.049443 -0.748418 0.628904 0.210595 -0.748426 0.628892 0.210604 -0.748439 0.628874 0.210613 -0.748438 0.628874 0.210613 -0.740935 0.637213 -0.212074 -0.740927 0.637223 -0.212069 -0.740946 0.637199 -0.212078 -0.740912 0.637245 -0.212057 -0.828331 0.557106 0.059158 -0.828309 0.557135 0.059194 -0.828309 0.557136 0.059189 -0.82833 0.557108 0.059162 -0.157042 0.794884 -0.586086 -0.157041 0.794885 -0.586086 -0.157041 0.794885 -0.586086 -0.157042 0.794884 -0.586086 0.157041 0.794886 -0.586084 0.157037 0.79489 -0.58608 0.157036 0.79489 -0.586079 0.157042 0.794885 -0.586085 0.42904 0.794889 -0.429041 0.429042 0.794888 -0.429039 0.42904 0.794889 -0.429042 0.429043 0.794888 -0.429039 0.58609 0.794881 -0.157042 0.586084 0.794887 -0.157039 0.586085 0.794886 -0.157039 0.586092 0.79488 -0.157043 0.937359 -0.241406 0.25116 0.937358 -0.241403 0.251165 0.937359 -0.241404 0.251162 0.937358 -0.241401 0.251168 0.686193 -0.241404 0.686195 0.686194 -0.241403 0.686194 0.686191 -0.241405 0.686197 0.686197 -0.241402 0.686192 0.251165 -0.241402 0.937359 0.251166 -0.241402 0.937359 0.251165 -0.241402 0.937359 0.251166 -0.241401 0.937359 -0.251165 -0.241402 0.937359 -0.251166 -0.241402 0.937358 -0.251166 -0.241402 0.937358 -0.251167 -0.241402 0.937358 -0.636832 -0.275465 0.720114 -0.636832 -0.275471 0.720112 -0.636838 -0.27549 0.720099 -0.636836 -0.275474 0.720107 -0.251166 -0.241405 -0.937358 -0.251166 -0.241404 -0.937358 -0.251165 -0.241405 -0.937358 -0.251167 -0.241404 -0.937358 0.25116 -0.241407 -0.937359 0.251164 -0.241405 -0.937358 0.251162 -0.241406 -0.937358 0.251166 -0.241404 -0.937358 0.686194 -0.241406 -0.686193 0.686194 -0.241406 -0.686194 0.686195 -0.241406 -0.686192 0.686193 -0.241406 -0.686194 0.937359 -0.241405 -0.251161 0.937359 -0.241403 -0.251164 0.937359 -0.241406 -0.251159 0.937358 -0.241402 -0.251167 -0.519693 0.842928 -0.139251 -0.519687 0.842932 -0.139252 -0.519695 0.842927 -0.139251 -0.519685 0.842933 -0.139252 -0.519692 0.842929 0.13925 -0.519688 0.842932 0.139251 -0.519686 0.842933 0.139251 -0.519693 0.842928 0.13925 -0.380439 0.84293 0.38044 -0.380443 0.842928 0.380441 -0.380444 0.842927 0.380442 -0.380438 0.842931 0.38044 -0.139253 0.842928 0.519694 -0.139244 0.842935 0.519684 -0.139242 0.842938 0.519681 -0.139255 0.842926 0.519696 0.13925 0.842933 0.519686 0.13925 0.842936 0.519681 0.13925 0.842937 0.519679 0.13925 0.842932 0.519688 0.380436 0.842933 0.380437 0.380437 0.842931 0.380441 0.380437 0.84293 0.380442 0.380436 0.842934 0.380436 0.519687 0.842932 0.139249 0.519688 0.842932 0.13925 0.519688 0.842932 0.13925 0.519687 0.842932 0.139249 0.519689 0.842931 -0.13925 0.519688 0.842932 -0.139251 0.519687 0.842932 -0.139251 0.519689 0.842931 -0.13925 0.38044 0.842932 -0.380435 0.380439 0.84293 -0.38044 0.38044 0.842933 -0.380433 0.380439 0.842929 -0.380442 0.139247 0.842935 -0.519683 0.139249 0.842936 -0.519682 0.139247 0.842935 -0.519683 0.13925 0.842936 -0.519682 -0.139249 0.842936 -0.519682 -0.139247 0.842935 -0.519683 -0.139247 0.842935 -0.519683 -0.13925 0.842936 -0.519682 -0.380442 0.842929 -0.380439 -0.380432 0.842935 -0.380436 -0.380434 0.842934 -0.380437 -0.380444 0.842928 -0.380439 0.000000 1 -0.000000 0 1 -0.000000 0.000001 1 -0.000000 0.000001 1 -0.000000 0 1 -0.000000 0 1 -0.000000 0 1 -0.000000 -0.000000 1 -0.000000 -0.000000 1 -0.000000 -0.000001 1 -0.000000 0.000001 1 -0.000000 0.000000 1 -0.000000 0.000001 1 -0.000000 -0.000000 1 -0.000000 -0.000001 1 -0.000000 -0.000001 1 -0.000000 0 1 -0.000000 0 1 -0.000000 0 1 -0.000000 0 1 -0.000000 -0.000000 -0.000001 -1 -0.000000 -0.000000 -1 -0.000000 0 -1 -0.000000 -0.000000 -1 -0.000000 -0.000000 -1 -0.000000 -0.000000 -1 -0.000000 -0.000000 -1 -0.000000 0.000000 -1 -0.000000 0.000000 -1 -0.000000 -0.000001 -1 -0.923313 -0.384049 0.000006 -0.923312 -0.38405 0.000000 -0.923312 -0.38405 0 -0.000000 -1 0.000000 0.000004 -1 0.000000 -0.000000 -1 0.000000 0.004197 0.002399 0.999988 0.004177 0.002397 0.999988 0.004198 0.002399 0.999988 0.407875 0.890424 -0.201946 0.407877 0.890424 -0.201945 0.407871 0.890425 -0.20195 0.40788 0.890423 -0.201941 0.273622 0.77778 -0.565853 0.273622 0.77778 -0.565853 0.273622 0.777779 -0.565854 0.273622 0.77778 -0.565853 0.03172 0.574797 -0.817681 0.03172 0.574797 -0.817681 0.031718 0.574797 -0.817681 0.031722 0.574797 -0.817681 -0.269924 0.321685 -0.907557 -0.269924 0.321685 -0.907557 -0.269924 0.321685 -0.907557 -0.269924 0.321685 -0.907557 -0.571576 0.068572 -0.817679 -0.571575 0.068572 -0.817679 -0.571575 0.068571 -0.81768 -0.571576 0.068572 -0.817679 -0.813477 -0.13441 -0.565853 -0.813477 -0.13441 -0.565853 -0.813477 -0.134409 -0.565852 -0.813476 -0.134411 -0.565853 -0.947722 -0.247059 -0.201951 -0.947722 -0.247059 -0.201951 -0.947722 -0.247059 -0.201952 -0.947722 -0.247058 -0.201951 -0.947722 -0.24706 0.201951 -0.947722 -0.24706 0.201952 -0.947722 -0.247061 0.20195 -0.947722 -0.247058 0.201952 -0.813476 -0.134413 0.565854 -0.813476 -0.134413 0.565854 -0.813476 -0.134412 0.565854 -0.813476 -0.134414 0.565854 -0.571574 0.068568 0.81768 -0.571574 0.068568 0.81768 -0.571575 0.068568 0.81768 -0.571574 0.068569 0.817681 -0.269922 0.321682 0.907559 -0.269922 0.321682 0.907559 -0.269923 0.321681 0.907559 -0.269922 0.321682 0.907559 0.03172 0.574796 0.817682 0.031724 0.574796 0.817682 0.031723 0.574796 0.817682 0.031727 0.574796 0.817682 0.273629 0.777778 0.565851 0.273626 0.777778 0.565853 0.273627 0.777778 0.565853 0.273622 0.777778 0.565855 0.407874 0.890425 0.201946 0.407875 0.890425 0.201945 0.407879 0.890424 0.201942 0.40787 0.890426 0.201949 -0.642786 0.766046 0.000004 -0.642786 0.766046 0.000009 -0.642785 0.766046 0.000015 -0.642786 0.766046 0.000003 -0.310197 -0.120864 -0.942958 -0.310224 -0.120863 -0.942949 -0.310189 -0.120866 -0.94296 -0.862846 -0.381985 -0.331035 -0.862844 -0.381982 -0.331042 -0.862846 -0.381985 -0.331036 -0.862844 -0.381982 -0.331043 -0.862848 -0.381984 0.331032 -0.862845 -0.381983 0.331039 -0.862848 -0.381985 0.331031 -0.310185 -0.120856 0.942963 -0.310209 -0.120864 0.942954 -0.310191 -0.120861 0.942961 0 0.000000 1 0 0.000000 1 0 0.000000 1 -0.016072 -0.999871 0.000000 -0.016072 -0.999871 0.000000 -0.016071 -0.999871 0.000000 0 0.000000 1 0 0.000000 1 0 0.000000 1 0 0.000000 1 0 -0.000000 -1 0 -0.000000 -1 0 -0.000000 -1 0 -0.000000 -1 -0.980801 -0.195014 0 -0.980801 -0.195014 0 -0.9808 -0.195014 0 -0.9808 -0.195014 0 0 0.000000 1 0 0.000000 1 0 0.000000 1 0 0.000000 1 0 0.000000 1 0 0.000000 1 0.347982 -0.937501 0.000000 0.347982 -0.937501 0.000000 0.347982 -0.937501 0.000000 0.347982 -0.937501 0.000000 0.005228 -0.999983 -0.002705 0.005205 -0.999983 -0.002772 0.005203 -0.999983 -0.002779 0.00522 -0.999983 -0.002728 -0.923312 -0.38405 0 -0.923312 -0.38405 -0.000006 -0.923312 -0.38405 -0.000006 -0.923312 -0.38405 0 -0.923311 -0.384054 0 -0.923311 -0.384053 0 -0.923311 -0.384053 0 -0.923311 -0.384054 0 0.004196 0.002398 -0.999988 0.004177 0.002397 -0.999988 0.004205 0.002398 -0.999988 0.00415 0.002395 -0.999989 0.337141 -0.941454 0.000000 0.337142 -0.941454 0.000000 0.337141 -0.941454 0.000000 0.337141 -0.941454 0.000000 0.407877 0.890421 -0.201956 0.407879 0.890421 -0.201954 0.407871 0.890423 -0.201961 0.407884 0.89042 -0.20195 0.273634 0.77778 -0.565847 0.273633 0.77778 -0.565848 0.273637 0.77778 -0.565845 0.273631 0.777779 -0.565849 0.031729 0.574794 -0.817683 0.031729 0.574794 -0.817683 0.03173 0.574794 -0.817683 0.031728 0.574794 -0.817683 -0.269924 0.321679 -0.907559 -0.269923 0.32168 -0.907559 -0.269923 0.321681 -0.907559 -0.269924 0.321678 -0.90756 -0.571574 0.068566 -0.817681 -0.571575 0.068565 -0.81768 -0.571576 0.068561 -0.817679 -0.571573 0.06857 -0.817681 -0.813477 -0.134414 -0.565852 -0.813477 -0.134413 -0.565852 -0.813477 -0.13441 -0.565853 -0.813477 -0.134416 -0.565851 -0.947722 -0.247057 -0.201953 -0.947722 -0.247057 -0.201954 -0.947722 -0.247055 -0.201956 -0.947722 -0.247059 -0.201952 -0.947722 -0.247057 0.201955 -0.947722 -0.247058 0.201954 -0.947722 -0.247056 0.201956 -0.947722 -0.247058 0.201953 -0.813477 -0.134411 0.565853 -0.813477 -0.134411 0.565852 -0.813475 -0.134408 0.565856 -0.813479 -0.134413 0.565849 -0.571572 0.068572 0.817682 -0.571572 0.068572 0.817682 -0.571573 0.068572 0.817681 -0.571572 0.068572 0.817682 -0.269923 0.321681 0.907559 -0.269923 0.32168 0.907559 -0.269923 0.321683 0.907558 -0.269923 0.321678 0.90756 0.031717 0.574792 0.817684 0.031723 0.574792 0.817684 0.031721 0.574792 0.817684 0.031728 0.574793 0.817684 0.273636 0.77778 0.565846 0.273633 0.77778 0.565848 0.273634 0.77778 0.565847 0.273629 0.77778 0.565849 0.407877 0.890422 0.201955 0.407878 0.890421 0.201954 0.407881 0.890421 0.20195 0.407874 0.890422 0.201959 -0.642791 0.766042 0.000003 -0.642789 0.766043 -0.000000 -0.642792 0.766041 0.000004 -0.642789 0.766044 -0.000000 -0.303991 -0.117034 -0.945459 -0.303945 -0.11703 -0.945474 -0.303988 -0.117032 -0.94546 -0.303967 -0.117032 -0.945467 -0.862848 -0.381985 -0.331031 -0.862846 -0.381983 -0.331038 -0.862847 -0.381985 -0.331031 -0.862845 -0.381983 -0.331039 -0.862846 -0.381984 0.331036 -0.862844 -0.381982 0.331044 -0.862846 -0.381984 0.331035 -0.862844 -0.381982 0.331044 -0.303995 -0.117021 0.945459 -0.303949 -0.117026 0.945473 -0.303997 -0.117026 0.945458 -0.303971 -0.117026 0.945466 0.793365 0.608747 -0.000000 0.793364 0.608748 -0.000000 0.793364 0.608747 -0.000000 0.793364 0.608747 0 -0.053314 0.141757 -0.988465 -0.053404 0.141859 -0.988445 -0.053361 0.141811 -0.988454 -0.053318 0.141761 -0.988464 -0.053318 0.141766 0.988463 -0.053396 0.141855 0.988446 -0.053376 0.141833 0.988451 -0.053321 0.14177 0.988462 0.793365 0.608747 -0.000000 0.793364 0.608748 0 0.793364 0.608748 -0.000000 -0.053376 0.141828 -0.988451 -0.053372 0.141823 -0.988452 -0.053361 0.141811 -0.988455 -0.053349 0.141797 -0.988457 -0.053349 0.141801 0.988456 -0.053365 0.14182 0.988453 -0.053407 0.141869 0.988444 -0.053384 0.141841 0.988449 0 1 -0.000000 0 1 -0.000000 -0.000000 1 -0.000000 -0.000000 1 -0.000000 0 1 -0.000000 0.000000 1 -0.000000 0.000000 1 -0.000000 0.000000 1 -0.000000 0 1 -0.000000 0 1 -0.000000 0 1 -0.000000 0.000000 1 -0.000000 0.000000 1 -0.000000 0 1 -0.000000 0.000000 1 -0.000000 0 1 -0.000000 -0.168932 0.56259 -0.809292 -0.168936 0.562585 -0.809295 -0.168943 0.562574 -0.809302 -0.168945 0.562571 -0.809303 -0.643767 0.716273 -0.269291 -0.643747 0.716288 -0.269298 -0.643762 0.716277 -0.269292 -0.643777 0.716265 -0.269288 -0.022225 0.546762 -0.836993 -0.022237 0.546717 -0.837022 -0.02222 0.546778 -0.836982 -0.022225 0.546759 -0.836995 -0.643763 0.716276 0.269293 -0.643766 0.716274 0.26929 -0.643775 0.716266 0.26929 -0.643749 0.716288 0.269294 -0.409957 0.614352 0.674171 -0.409686 0.61461 0.674101 -0.40951 0.614777 0.674055 -0.410157 0.614161 0.674223 -0.022235 0.546725 0.837017 -0.022232 0.546738 0.837009 -0.022238 0.546715 0.837023 -0.022225 0.546762 0.836993 -0.409718 0.614577 -0.674111 -0.409754 0.614544 -0.674119 -0.409691 0.614606 -0.674102 -0.410158 0.614162 -0.674222 -0.168931 0.56259 0.809292 -0.168942 0.562576 0.8093 -0.168958 0.562551 0.809314 -0.168946 0.562571 0.809303 0.000000 1 -0.000000 0.000001 1 -0.000000 0 1 -0.000000 0.000001 1 -0.000000 0 1 -0.000000 0 1 -0.000000 0 1 -0.000000 0 1 -0.000000 0.000000 1 -0.000000 -0.000000 1 -0.000000 0.000000 1 -0.000000 -0.000000 1 -0.000000 0.000001 1 -0.000000 0.000000 1 -0.000000 0.000001 1 -0.000000 0.000001 1 -0.000000 -0.000002 1 -0.000000 -0.000002 1 -0.000000 0.000001 1 -0.000000 -0.000000 1 -0.000000 0 1 -0.000000 0 1 -0.000000 -0.000000 1 -0.000000 -0.000000 1 -0.000000 -0.000002 1 -0.000000 0 1 -0.000000 -0.000002 1 -0.000000 0.000000 1 -0.000000 0.000000 1 -0.000000 0.000000 1 -0.000000 0 1 -0.000000 0.212684 -0.282389 0.935426 0.213033 -0.281789 0.935528 0.212833 -0.282135 0.935469 0.212768 -0.282246 0.93545 0.877448 -0.235665 0.417787 0.877449 -0.235688 0.417773 0.877447 -0.235694 0.417774 0.877448 -0.235667 0.417787 0.028163 -0.284709 0.9582 0.028175 -0.284665 0.958213 0.028163 -0.28471 0.9582 0.028155 -0.284738 0.958192 0.877449 -0.235664 -0.417786 0.877449 -0.23569 -0.417772 0.877448 -0.235685 -0.417777 0.87745 -0.235666 -0.417783 0.485979 -0.279882 -0.827943 0.485971 -0.279893 -0.827945 0.485972 -0.279891 -0.827945 0.485976 -0.279882 -0.827945 0.028162 -0.284711 -0.9582 0.028164 -0.284708 -0.958201 0.028163 -0.284708 -0.958201 0.028166 -0.284697 -0.958204 0.485974 -0.279892 0.827943 0.48597 -0.2799 0.827943 0.485974 -0.279891 0.827943 0.485956 -0.279921 0.827944 0.212852 -0.282101 -0.935475 0.21283 -0.282141 -0.935468 0.212865 -0.282079 -0.935478 0.212769 -0.282242 -0.935451 0.22751 -0.154894 0.961378 0.227535 -0.154884 0.961374 0.227512 -0.154894 0.961377 0.227533 -0.154885 0.961374 0.855681 -0.306703 0.416825 0.855683 -0.30671 0.416816 0.855677 -0.30669 0.416843 0.855683 -0.306712 0.416814 0.029405 -0.108748 0.993634 0.029073 -0.109135 0.993602 0.029176 -0.109014 0.993612 0.029228 -0.108954 0.993617 0.85567 -0.306661 -0.416878 0.855683 -0.306712 -0.416816 0.855681 -0.306706 -0.416824 0.855683 -0.306712 -0.416814 0.504648 -0.198997 -0.840078 0.504651 -0.198993 -0.840077 0.504643 -0.198997 -0.84008 0.504659 -0.198992 -0.840072 0.029073 -0.109136 -0.993602 0.029405 -0.108749 -0.993634 0.029176 -0.109015 -0.993612 0.029228 -0.108954 -0.993617 0.465907 -0.216038 0.858055 0.465881 -0.21605 0.858066 0.465883 -0.216048 0.858065 0.465905 -0.21604 0.858056 0.210319 -0.139224 -0.967669 0.210316 -0.139226 -0.967669 0.21036 -0.139203 -0.967663 0.210304 -0.139232 -0.967671 0.186675 -0.45106 0.872753 0.186676 -0.451059 0.872753 0.186696 -0.451047 0.872755 0.186649 -0.451076 0.87275 0.680282 -0.650197 0.33832 0.6803 -0.650144 0.338385 0.680296 -0.650155 0.338372 0.680302 -0.650137 0.338396 0.025631 -0.460804 0.887132 0.025657 -0.460756 0.887156 0.025664 -0.460742 0.887163 0.025639 -0.460789 0.887139 0.6803 -0.650144 -0.338386 0.680292 -0.650168 -0.338356 0.680296 -0.650155 -0.338373 0.680301 -0.650137 -0.338396 0.434243 -0.574975 -0.693424 0.434085 -0.57505 -0.693461 0.434187 -0.575001 -0.693437 0.434156 -0.575017 -0.693444 0.025655 -0.460759 -0.887154 0.025664 -0.460743 -0.887163 0.025698 -0.460677 -0.887196 0.025644 -0.46078 -0.887144 0.409712 -0.52777 0.74404 0.409514 -0.527893 0.744062 0.409712 -0.527767 0.744042 0.409738 -0.527753 0.744037 0.165551 -0.460343 -0.872168 0.165528 -0.460358 -0.872164 0.165548 -0.460345 -0.872168 0.165567 -0.460333 -0.87217 -0.000000 -1 0.000000 0.000000 -1 0.000000 0.000000 -1 0.000000 -0.000000 -1 0.000000 0.000000 -1 0.000000 -0.000000 -1 0.000000 0.000000 -1 0.000000 -0.000000 -1 0.000000 0 -1 0.000000 0 -1 0.000000 0 -1 0.000000 -0.02382 -0.999716 -0.000219 -0.023487 -0.999724 -0.000106 -0.023408 -0.999726 -0.00008 -0.023936 -0.999714 -0.000258 -1 0 0.000000 -1 0 -0.000001 -1 0 -0.000000 -1 0 -0.000002 -1 0 0.000001 -1 0 0.000002 -1 0 0.000000 -1 0 0.000002 -1 0 0.000000 -1 0 0.000000 -1 0 0.000000 -1 0 0.000000 -1 0 0.000000 -1 0 0.000000 -1 0 0.000000 -1 0 0.000000 -1 0 0.000000 -1 0 -0.000001 -1 0 -0.000000 -1 0 -0.000000 -1 0 -0.000001 -1 0 0.000000 -1 0 0.000000 -1 0 0.000000 -1 0 0.000000 -1 0 0.000000 -1 0 -0.000000 -1 0 -0.000000 -1 0 -0.000001 -1 0 0.000000 -1 0 0.000000 -1 0 -0.000000 -1 0 0.000000 -0.901118 -0.36012 0.241456 -0.901118 -0.36012 0.241455 -0.901118 -0.360121 0.241454 -0.901118 -0.360119 0.241457 -0.901118 -0.36012 -0.241455 -0.901118 -0.360121 -0.241453 -0.901118 -0.360121 -0.241454 -0.901118 -0.360119 -0.241456 -0.636845 -0.275506 -0.720087 -0.636833 -0.275471 -0.720111 -0.636835 -0.275476 -0.720107 -0.636836 -0.275491 -0.720101 -0.69943 -0.148198 -0.699167 -0.69943 -0.148198 -0.699167 -0.69943 -0.148198 -0.699167 -0.955638 -0.123974 -0.267182 -0.955607 -0.123795 -0.267375 -0.955612 -0.123818 -0.267348 -0.955612 -0.123825 -0.267343 -0.955296 -0.124161 0.268317 -0.955308 -0.124235 0.268239 -0.955308 -0.124227 0.268245 -0.955309 -0.124245 0.26823 -0.699745 -0.149177 0.698644 -0.699745 -0.149177 0.698644 -0.699745 -0.149177 0.698644 -0.70711 0.000000 0.707104 -0.707107 0.000000 0.707106 -0.70711 0.000000 0.707103 -0.707107 0.000000 0.707107 -0.965926 0 0.258818 -0.965926 0 0.258818 -0.965926 0 0.258818 -0.965926 0 0.258818 -0.965927 -0.000000 -0.258817 -0.965926 -0.000000 -0.258817 -0.965926 -0.000000 -0.258817 -0.965927 -0.000000 -0.258816 -0.707106 -0.000000 -0.707108 -0.707107 -0.000000 -0.707107 -0.707107 -0.000000 -0.707106 -0.707106 -0.000000 -0.707108 0.846502 -0.455834 0.275043 0.846503 -0.455834 0.275044 0.846503 -0.455832 0.275047 0.846502 -0.455837 0.275039 0.523167 -0.455834 0.720077 0.523167 -0.455835 0.720077 0.523171 -0.455832 0.720076 0.523162 -0.455838 0.720079 0 -0.455835 0.890064 0 -0.455835 0.890064 0 -0.455835 0.890064 0 -0.455835 0.890064 -0.523169 -0.455835 0.720076 -0.523168 -0.455835 0.720076 -0.523168 -0.455835 0.720076 -0.523168 -0.455835 0.720076 -0.846502 -0.455835 0.275043 -0.846502 -0.455834 0.275044 -0.846502 -0.455837 0.27504 -0.846502 -0.455831 0.275048 -0.846502 -0.455837 -0.275039 -0.846502 -0.455835 -0.275044 -0.846502 -0.455835 -0.275043 -0.846502 -0.455832 -0.275048 -0.523166 -0.455837 -0.720076 -0.523166 -0.455837 -0.720076 -0.523168 -0.455835 -0.720076 -0.523164 -0.455839 -0.720077 0 -0.455839 -0.890062 0 -0.455839 -0.890063 0 -0.455839 -0.890063 0 -0.455839 -0.890062 0.523171 -0.455832 -0.720076 0.523164 -0.455837 -0.720078 0.523165 -0.455836 -0.720078 0.523158 -0.455841 -0.72008 0.846502 -0.455834 -0.275043 0.846502 -0.455835 -0.275042 0.846503 -0.455832 -0.275046 0.846502 -0.455838 -0.275038 0 -1 0.000000 0 -1 0.000000 0 -1 0.000000 0 -1 0.000000 0.000000 -1 0.000000 -0.000001 -1 0.000000 -0.000002 -1 0.000000 0.000004 -1 0.000000 0.000000 -1 0.000000 0.000000 -1 0.000000 0.000000 -1 0.000000 0.000000 -1 0.000000 -0.000000 -1 0.000000 -0.000000 -1 0.000000 -0.000000 -1 0.000000 -0.000000 -1 0.000000 0 -1 0.000000 0.000000 -1 0.000000 0.000000 -1 0.000000 -0.000000 -1 0.000000 0.000001 -1 0.000000 0.000000 -1 0.000000 0 -1 0.000000 0.000001 -1 0.000000 -0.000000 -1 0.000000 0 -1 0.000000 -0.000000 -1 0.000000 -0.000000 -1 0.000000 0.000000 -1 0.000000 0 -1 0.000000 0 -1 0.000000 0.000000 -1 0.000000 -0.429677 -0.095698 -0.897897 -0.42945 -0.095384 -0.898039 -0.429859 -0.09595 -0.897783 -0.429622 -0.095622 -0.897932 -0.916368 -0.225468 -0.330807 -0.916355 -0.225366 -0.330914 -0.916376 -0.225537 -0.33074 -0.916366 -0.225452 -0.330823 -0.91385 -0.235279 0.330941 -0.913833 -0.23514 0.331088 -0.913839 -0.235185 0.331038 -0.913844 -0.235221 0.331 -0.422092 -0.12092 0.898453 -0.421965 -0.120745 0.898536 -0.422066 -0.120883 0.89847 -0.421902 -0.120658 0.898577 -0.065858 0.997829 -0.000000 -0.065859 0.997829 -0.000000 -0.065858 0.997829 -0.000000 0.955903 0.143684 0.256135 0.955903 0.143684 0.256133 0.955902 0.143684 0.256135 0.955903 0.143684 0.256132 -0.173509 -0.984832 0.000000 -0.173509 -0.984832 0.000000 -0.173509 -0.984832 0.000000 -0.173509 -0.984832 0.000000 -0.173509 -0.984832 0.000000 -0.173509 -0.984832 0.000000 -0.173509 -0.984832 0.000000 0.000000 0.000000 1 0.000000 0.000000 1 0.000000 0.000000 1 0.406947 -0.822696 -0.396945 0.406957 -0.822701 -0.396924 0.406942 -0.82269 -0.396962 0.128072 0.912 -0.389685 0.128074 0.911992 -0.389702 0.128076 0.911988 -0.389711 0.869855 0.297799 -0.393279 0.86985 0.297783 -0.393302 0.869851 0.297788 -0.393295 0.86985 0.297785 -0.3933 -0.833 -0.262593 -0.486986 -0.833054 -0.262639 -0.486869 -0.833022 -0.262611 -0.486939 -0.985927 -0.167176 0 -0.985927 -0.167176 0 -0.985927 -0.167176 0 -0.985927 -0.167176 0 -0.587676 0.809096 -0.000000 -0.587676 0.809096 -0.000000 -0.587677 0.809096 -0.000000 -0.587676 0.809097 -0.000000 -0.248974 -0.045974 -0.967419 -0.248965 -0.046067 -0.967416 -0.248967 -0.046042 -0.967417 -0.248966 -0.046058 -0.967416 -0.534126 -0.098761 0.839616 -0.534121 -0.098809 0.839614 -0.534125 -0.098766 0.839616 -0.534121 -0.098792 0.839616 0.595969 -0.803008 0.000000 0.595969 -0.803008 0.000000 0.595969 -0.803008 0.000000 0.595968 -0.803008 0.000000 0 0.523391 -0.852092 0 0.523384 -0.852097 0 0.523383 -0.852098 0 0.523393 -0.852091 0 -0.999088 0.042701 0 -0.999088 0.042701 0 -0.999088 0.042701 0 -0.999088 0.042701 -0.889389 0.297034 -0.347503 -0.8894 0.296981 -0.34752 -0.889401 0.296993 -0.347507 -0.889393 0.297035 -0.347491 0 0.967471 -0.252983 0 0.967471 -0.252983 0 0.967471 -0.252983 0 0.967471 -0.252983 0.889397 0.296992 -0.347519 0.889382 0.297046 -0.347509 0.889391 0.297006 -0.347522 0.88938 0.297051 -0.347511 0 0.523394 -0.852091 0 0.523384 -0.852097 0 0.523385 -0.852096 0 0.523396 -0.85209 0 -0.999088 0.042701 0 -0.999088 0.042701 0 -0.999088 0.042701 0 -0.999088 0.042701 -0.889388 0.297034 -0.347504 -0.889399 0.296984 -0.347521 -0.8894 0.296996 -0.347507 -0.889393 0.297035 -0.347492 0 0.967471 -0.252983 0 0.967471 -0.252983 0 0.967471 -0.252983 0 0.967471 -0.252982 0.8894 0.296983 -0.347517 0.889387 0.297029 -0.347512 0.889394 0.297 -0.34752 0.889386 0.297031 -0.347514 -0.937468 -0.347987 -0.007748 -0.937469 -0.347984 -0.007742 -0.937467 -0.347988 -0.00775 -0.937469 -0.347983 -0.007741 0 -1 0.000000 0 -1 0.000000 0 -1 0.000000 0 -1 0.000000 0 -1 0.000000 0 -1 0.000000 -0.000188 0.999997 0.002595 0.000133 0.999997 0.002546 0.000163 0.999997 0.002542 -0.000157 0.999997 0.00259 -0.000182 -0.004038 -0.999992 -0.000031 -0.004006 -0.999992 -0.000044 -0.004009 -0.999992 -0.000195 -0.004041 -0.999992 -0.012221 -0.607122 0.794515 -0.012183 -0.607135 0.794506 -0.012187 -0.607133 0.794507 -0.012202 -0.607128 0.794511 -0.000406 0.867874 0.496784 -0.00033 0.867864 0.496803 -0.00059 0.867899 0.49674 -0.000191 0.867844 0.496836 -0.911034 0.412331 0 -0.911034 0.412332 0 -0.911034 0.412332 0 -0.911034 0.412331 0 0.000182 0.008855 -0.999961 0.000136 0.0088 -0.999961 0.000323 0.009022 -0.999959 -0.000000 0.008639 -0.999963 0.99999 -0.002914 0.003307 0.99999 -0.002887 0.003306 0.99999 -0.002868 0.003312 0.99999 -0.002926 0.003305 -0.000359 -0.008287 0.999966 -0.000211 -0.008476 0.999964 -0.000152 -0.008551 0.999964 0.000000 -0.008747 0.999962 -0.10535 0.994434 0.001184 -0.105423 0.994427 0.001217 -0.105486 0.99442 0.001245 -0.105418 0.994427 0.001214 -0.673165 0.14275 -0.725584 -0.673147 0.142833 -0.725584 -0.673162 0.142742 -0.725588 -0.673152 0.142853 -0.725575 0.000361 0.118103 0.993001 0.000056 0.118068 0.993006 -0.000015 0.118057 0.993007 0.000012 0.118063 0.993006 -0.347664 0.04925 0.936325 -0.347679 0.049191 0.936322 -0.347673 0.049202 0.936324 -0.347666 0.049228 0.936325 0.938202 0.346017 0.007058 0.938202 0.346017 0.007057 0.938201 0.346019 0.007056 0.938202 0.346016 0.007059 -0.446124 0.394523 -0.803321 -0.446115 0.394563 -0.803307 -0.446127 0.394516 -0.803323 -0.446118 0.394564 -0.803305 -0.531739 0.846908 -0.000000 -0.531739 0.846908 -0.000000 -0.531739 0.846908 -0.000000 -0.531739 0.846908 -0.000000 -0.456122 0.338986 0.822825 -0.456119 0.339031 0.822808 -0.45612 0.33903 0.822808 -0.456117 0.339037 0.822807 0.471973 -0.881613 0.000000 0.471973 -0.881613 0.000000 0.471973 -0.881613 0.000000 0.471973 -0.881613 0.000000 0 1 -0.000000 0 1 -0.000000 0 1 -0.000000 0.000000 0.000001 1 0 0.000004 1 0 0.000004 1 0.729909 0.683544 -0.000000 0.729912 0.683541 -0.000000 0.729912 0.683542 -0.000000 0.729909 0.683544 -0.000000 -0.000000 0.000001 -1 0 0.000004 -1 0 0.000003 -1 -0.000000 -0.000000 -1 0.000000 0.000000 1 0 0 1 0 -0.000000 1 0.975078 0.221862 -0.000000 0.975078 0.221862 -0.000000 0.975078 0.221862 -0.000000 0.975078 0.221863 -0.000000 -0.000000 -0.000002 -1 -0.000000 -0.000001 -1 0 -0.000000 -1 0.000000 0.000000 1 0 0.000002 1 0 0.000002 1 0.000000 0.000000 1 0.994848 0.101376 -0.000000 0.994848 0.101376 -0.000000 0.994848 0.101376 -0.000000 0.994848 0.101376 -0.000000 0.912746 0.408527 -0.000000 0.912746 0.408529 -0.000000 0.912746 0.408528 -0.000000 0.912746 0.408527 -0.000000 0.520053 0.854134 -0.000000 0.520047 0.854137 -0.000000 0.520048 0.854137 -0.000000 0.520053 0.854134 -0.000000 -0.000000 -0.000000 -1 0 -0.000000 -1 0 -0.000000 -1 -0.000000 -0.000000 -1 -0.000000 0.000000 -1 0 0.000007 -1 0 0.000012 -1 -0.52006 0.85413 -0.000000 -0.520064 0.854127 -0.000000 -0.520059 0.85413 -0.000000 -0.787615 0.596102 -0.155962 -0.787619 0.596095 -0.155969 -0.787612 0.596108 -0.155956 -0.787624 0.596087 -0.155974 0.967456 0.196815 -0.159035 0.967459 0.19676 -0.159085 0.967454 0.196825 -0.159034 0.967459 0.196776 -0.159067 0.705323 0.154687 -0.691803 0.705319 0.154683 -0.691808 0.705316 0.154678 -0.691813 0.705319 0.154681 -0.691809 -0.893237 0.214077 -0.395347 -0.893224 0.213991 -0.395424 -0.893241 0.214104 -0.395323 -0.893241 0.214108 -0.39532 0.801906 0.471611 -0.366783 0.801902 0.471624 -0.366775 0.801915 0.471586 -0.366795 0.801904 0.471617 -0.366779 0.893236 0.214071 -0.395351 0.893223 0.213985 -0.395428 0.893242 0.214101 -0.395322 0.89324 0.214098 -0.395328 -0.967457 0.196803 -0.159047 -0.967456 0.196816 -0.159034 -0.967456 0.196795 -0.159061 -0.967459 0.196779 -0.159062 0.265903 0.960109 -0.086522 0.26588 0.960115 -0.08653 0.265886 0.960114 -0.086525 0.265843 0.960124 -0.086543 -0.065415 0.088821 -0.993897 -0.065391 0.088833 -0.993898 -0.065363 0.088838 -0.993899 -0.065411 0.088826 -0.993897 -0.319634 0.86324 -0.390705 -0.319654 0.863238 -0.390695 -0.319686 0.863232 -0.390681 -0.319662 0.863235 -0.390694 -0.265881 0.960114 -0.086531 -0.265875 0.960116 -0.086532 -0.265895 0.960111 -0.086521 -0.26584 0.960124 -0.086548 -0.705322 0.154686 -0.691805 -0.705329 0.154692 -0.691795 -0.70534 0.154704 -0.691782 -0.705327 0.154691 -0.691798 -0.801914 0.471603 -0.366774 -0.80191 0.471617 -0.366766 -0.801914 0.47161 -0.366768 -0.801922 0.471579 -0.366788 0.065421 0.08882 -0.993897 0.06539 0.08883 -0.993898 0.065414 0.088819 -0.993898 0.065365 0.088844 -0.993898 0.319674 0.863231 -0.390693 0.319644 0.863236 -0.390707 0.319659 0.863233 -0.3907 0.319669 0.863231 -0.390696 0.787616 0.596104 -0.155951 0.787624 0.596091 -0.155962 0.787619 0.596099 -0.155954 0.787601 0.596129 -0.155933 -0.682411 0.346511 -0.643619 -0.682411 0.346511 -0.643619 -0.682411 0.346511 -0.643619 -0.171408 0.475413 -0.862903 -0.171407 0.475415 -0.862902 -0.171412 0.475411 -0.862904 -0.171403 0.475414 -0.862904 0.171423 0.47541 -0.862902 0.171412 0.475414 -0.862902 0.171419 0.475411 -0.862902 0.171408 0.475417 -0.862901 0.682408 0.34652 -0.643617 0.682408 0.34652 -0.643617 0.682408 0.34652 -0.643617 -0.646145 0.763215 -0.000000 -0.646145 0.763215 -0.000000 -0.646145 0.763215 -0.000000 -0.646145 0.763215 -0.000000 0.999996 0.002983 0 0.999996 0.002983 0 0.999996 0.002983 0 0.581211 0.813753 -0.000000 0.581211 0.813753 -0.000000 0.581211 0.813753 -0.000000 0.581211 0.813753 -0.000000 0 0.000002 1 0 -0.000001 1 0 -0.000001 1 0 0.000002 1 0 0.000000 1 0 -0.000000 1 0 0.000000 1 0 -0.000000 1 0 0.000000 1 0 0.000000 1 0 0.000000 1 0 -0.000000 -1 0 -0.000000 -1 0 -0.000000 -1 0 -0.000000 -1 0 -0.000001 -1 0 -0.000001 -1 0 -0.000000 -1 0 -0.000000 -1 0 0.000000 -1 0 -0.000000 -1 0 0.000000 -1 0.821551 0.5698 0.019537 0.821695 0.569588 0.019651 0.82177 0.569479 0.019709 0.821462 0.569931 0.019467 -0.873096 0.486664 -0.029358 -0.873095 0.486666 -0.029355 -0.873095 0.486665 -0.029356 -0.873097 0.486663 -0.02936 -0.873116 0.486675 0.028549 -0.873116 0.486676 0.02855 -0.873116 0.486675 0.028549 -0.873116 0.486676 0.02855 -0.000000 -0.000004 -1 -0.000000 0.000005 -1 -0.000000 0.000003 -1 -0.000000 -0.000005 -1 -0.415416 -0.745266 -0.521544 -0.415411 -0.745269 -0.521545 -0.415409 -0.745269 -0.521545 -0.415418 -0.745265 -0.521544 0.415413 0.745267 -0.521545 0.415414 0.745266 -0.521545 0.415414 0.745266 -0.521545 0.415413 0.745267 -0.521546 -0.420876 -0.755072 0.502722 -0.420879 -0.755071 0.50272 -0.420879 -0.755072 0.502721 -0.420875 -0.755073 0.502722 0.000000 0.000004 1 0.000000 -0.000002 1 0.000000 -0.000001 1 0.000000 0.000005 1 0.420874 0.755074 0.502721 0.420881 0.755069 0.502722 0.420879 0.75507 0.502722 0.420872 0.755075 0.502721 0.873115 -0.486677 -0.028547 0.873116 -0.486677 -0.028547 0.873116 -0.486677 -0.028547 0.873115 -0.486678 -0.028548 0.873095 -0.486666 0.029351 0.873095 -0.486665 0.029353 0.873096 -0.486665 0.029354 0.873095 -0.486666 0.029351 0.000000 -0.000001 1 0.000000 0.000001 1 0.000000 0.000002 1 0.000000 -0.000001 1 -0.888991 0.457925 0 -0.888991 0.457925 0 -0.88899 0.457926 0 -0.888991 0.457924 0 -0.517555 -0.85565 0.000000 -0.517554 -0.855651 0.000000 -0.517554 -0.85565 0.000000 -0.517553 -0.855651 0.000000 0.888992 -0.457922 0 0.888993 -0.457921 0 0.888993 -0.457921 0 0.888993 -0.45792 0 0.517556 0.85565 -0.000000 0.517556 0.855649 -0.000000 0.517556 0.85565 -0.000000 0.517557 0.855649 -0.000000 -0.000000 -0.000002 -1 -0.000000 0.000004 -1 -0.000000 0.000002 -1 -0.000000 -0.000004 -1 0.700202 -0.711386 0.060389 0.700169 -0.711418 0.060395 0.700185 -0.711402 0.060392 0.700173 -0.711414 0.060395 0.353729 0.262574 -0.897736 0.353825 0.262603 -0.89769 0.354117 0.26267 -0.897555 0.353562 0.262534 -0.897814 -0.42073 0.905121 0.061168 -0.420664 0.905151 0.061177 -0.420669 0.905149 0.061176 -0.420725 0.905124 0.061168 0.338033 0.251578 0.906886 0.337998 0.251528 0.906913 0.338105 0.251682 0.906831 0.337913 0.251406 0.906979 -0.821526 -0.569846 0.01926 -0.821687 -0.569609 0.019385 -0.821786 -0.569464 0.019462 -0.821449 -0.569958 0.019201 0.429545 0.313937 0.84672 0.429537 0.313952 0.846719 0.429544 0.313939 0.84672 0.429536 0.313953 0.846719 -0.715789 0.698317 0 -0.715788 0.698318 0 -0.715788 0.698317 0 -0.715788 0.698318 0 -0.153 -0.087375 -0.984356 -0.152997 -0.087375 -0.984356 -0.153 -0.087375 -0.984356 -0.152996 -0.087375 -0.984357 0.79545 -0.606019 0 0.79545 -0.606019 0 0.79545 -0.606019 0 0.79545 -0.606019 0 0.41647 0.303558 0.856974 0.416467 0.303569 0.856972 0.416456 0.303602 0.856966 0.416478 0.303535 0.856979 -0.454526 0.890734 -0.000000 -0.454526 0.890734 -0.000000 -0.454526 0.890733 -0.000000 -0.454526 0.890734 -0.000000 0.333205 0.24286 -0.91104 0.333222 0.242803 -0.911049 0.333215 0.242826 -0.911045 0.333216 0.242822 -0.911046 0.682907 -0.730505 0.000000 0.682907 -0.730505 0.000000 0.682906 -0.730506 0.000000 0.682908 -0.730505 0.000000 0.83205 0.554701 -0.000000 0.83205 0.554701 -0.000000 0.83205 0.554701 -0.000000 0.83205 0.554701 -0.000000 0 0.02927 0.999572 0 0.029262 0.999572 0 0.029263 0.999572 0 0.029271 0.999572 0 0.02927 0.999572 0 0.029266 0.999572 0 0.029267 0.999572 0 0.029271 0.999572 -0.092274 -0.026223 -0.995388 -0.092288 -0.026235 -0.995387 -0.09228 -0.02623 -0.995388 -0.923297 -0.384088 0 -0.923297 -0.384088 0 -0.923297 -0.384088 0 -0.923297 -0.384088 0 -0.929706 -0.368302 0 -0.929707 -0.368301 0 -0.929707 -0.368301 0 -0.929706 -0.368302 0 -0.054638 -0.015529 0.998386 -0.05463 -0.015525 0.998386 -0.054629 -0.015522 0.998386 -0.054602 -0.015506 0.998388 0.238686 -0.971097 0.000000 0.238687 -0.971097 0.000000 0.238686 -0.971097 0.000000 0.992022 0.126066 0 0.992022 0.126066 0 0.992022 0.126066 0 0.992022 0.126066 0 0 0 -1 0 0.000000 -1 0 0.000000 -1 0 -0.000000 -1 0 0.000000 1 0 0.000000 1 0 0.000000 1 0 0.000000 1 0.992022 0.126066 0 0.992022 0.126066 0 0.992022 0.126066 0 0.992022 0.126066 0 0 0 -1 0 -0.000000 -1 0 -0.000000 -1 0 0 -1 0 0.000000 1 0 0.000000 1 0 0 1 0 0.000000 1 -0.642786 0.766046 0.000001 -0.64279 0.766043 -0.000002 -0.642791 0.766042 -0.000002 -0.642785 0.766047 0.000002 -0.642785 0.766047 0.000001 -0.642785 0.766047 -0.000002 -0.642785 0.766047 0.000002 -0.642785 0.766047 -0.000003 -0.642796 0.766037 0.000006 -0.642794 0.766039 0.000007 -0.642794 0.766039 0.000007 -0.642796 0.766037 0.000006 -0.642787 0.766045 -0.000001 -0.642785 0.766046 -0.000005 -0.642788 0.766044 -0.000001 -0.642785 0.766047 -0.000006 -0.642791 0.766042 -0.000003 -0.64279 0.766042 -0.000002 -0.64279 0.766042 -0.000002 -0.642791 0.766042 -0.000003 -0.642785 0.766047 0.000002 -0.642784 0.766047 0.000007 -0.642784 0.766047 0.000008 -0.642785 0.766047 0.000000 -0.642793 0.76604 -0.000004 -0.642799 0.766035 -0.000013 -0.642801 0.766034 -0.000015 -0.642785 0.766046 0.000005 -0.642786 0.766046 0.000001 -0.64279 0.766043 -0.000001 -0.64279 0.766042 -0.000002 -0.642784 0.766047 0.000002 -0.64279 0.766043 0.000001 -0.64279 0.766043 0.000001 -0.64279 0.766043 0.000001 -0.642789 0.766043 0.000001 -0.642776 0.766054 -0.000006 -0.64277 0.766059 -0.000014 -0.642771 0.766058 -0.000012 -0.642782 0.766049 0.000001 -0.007533 -0.402403 0.915432 -0.007534 -0.402401 0.915433 -0.007535 -0.402408 0.91543 0.000596 -0.922975 -0.384859 0.000596 -0.922975 -0.384859 0.000591 -0.922969 -0.384875 -0.000063 -0.38255 -0.923935 -0.000217 -0.382005 -0.924161 -0.000164 -0.382192 -0.924083 -0.000057 0.923894 -0.382648 -0.000011 0.923956 -0.382499 -0.000019 0.923945 -0.382526 -0.000066 0.923881 -0.38268 -0.00291 0.919945 0.392037 -0.002904 0.919936 0.392058 -0.002906 0.919939 0.392051 -0.002905 0.919937 0.392055 -0.007535 0.402407 0.91543 -0.007533 0.402402 0.915432 -0.007531 0.402398 0.915434 -0.007525 0.402385 0.91544 1 0 -0.000000 1 0 -0.000000 1 0 -0.000000 1 0 -0.000000 -0.281867 0.355839 -0.891027 -0.281865 0.355837 -0.891029 -0.281881 0.355861 -0.891014 -0.281874 0.355852 -0.89102 -0.297904 0.89342 -0.336234 -0.297921 0.893405 -0.336259 -0.297917 0.893409 -0.336252 -0.297914 0.893411 -0.336251 -0.297921 0.893404 0.336262 -0.297904 0.89342 0.336236 -0.297915 0.893409 0.336255 -0.297916 0.893409 0.336253 -0.281864 0.355836 0.891029 -0.281857 0.355825 0.891036 -0.281872 0.35585 0.891021 -0.281867 0.355841 0.891027 -0.281086 -0.321009 0.904402 -0.281086 -0.32101 0.904402 -0.281085 -0.32101 0.904403 -0.281087 -0.321009 0.904402 -0.310417 -0.855851 0.413715 -0.310417 -0.855852 0.413715 -0.310417 -0.855852 0.413714 -0.310416 -0.855851 0.413715 -0.310417 -0.855852 -0.413713 -0.310417 -0.855852 -0.413713 -0.310418 -0.855853 -0.413711 -0.310416 -0.855852 -0.413715 -0.281092 -0.321009 -0.904401 -0.281091 -0.321009 -0.904401 -0.281091 -0.321009 -0.904401 -0.28109 -0.321009 -0.904401 -0.28109 0.321007 -0.904402 -0.28109 0.321007 -0.904402 -0.281091 0.321006 -0.904402 -0.281089 0.321009 -0.904402 -0.310413 0.855857 -0.413707 -0.310413 0.855857 -0.413707 -0.31041 0.855857 -0.413709 -0.310417 0.855857 -0.413704 -0.310414 0.855855 0.41371 -0.310414 0.855855 0.41371 -0.310414 0.855855 0.41371 -0.310414 0.855855 0.413711 -0.281086 0.321009 0.904403 -0.281086 0.321009 0.904403 -0.281085 0.32101 0.904402 -0.281086 0.321009 0.904403 0 -0.334495 0.942398 0 -0.334495 0.942398 0 -0.334495 0.942398 0 -0.900326 0.435215 0 -0.900326 0.435216 0 -0.900326 0.435215 0 -0.900327 -0.435215 0 -0.900327 -0.435215 0 -0.900327 -0.435215 0 -0.334496 -0.942397 0 -0.334496 -0.942397 0 -0.334496 -0.942397 0 0.334492 -0.942399 0 0.334493 -0.942398 0 0.334492 -0.942399 0 0.900332 -0.435204 0 0.900332 -0.435203 0 0.900332 -0.435203 0 0.900329 0.435209 0 0.900329 0.435209 0 0.900329 0.435209 0 0.334494 0.942398 0 0.334494 0.942398 0 0.334495 0.942398 0.000000 0.000000 1 0.000000 0.000000 1 0.000000 0.000000 1 0.000000 0.000000 1 0.000000 -0.000001 1 0.000000 -0.000000 1 0.000000 -0.000000 1 0.000000 0.000000 1 0.000000 0.000000 1 0.000000 0.000000 1 0.000000 0.000000 1 0.000000 0.000001 1 0.000000 0.000000 1 0.000000 0.000001 1 0.000000 0.000000 1 0.000000 0.000000 1 0.000000 -0.000002 1 0.000000 -0.000001 1 0.000000 -0.000003 1 0.000000 -0.000001 1 0.000000 -0.000000 1 0.000000 0.000000 1 0.000000 -0.000001 1 0.000000 0.000001 1 0.000000 0.000001 1 0.000000 0.000002 1 0.000000 0.000002 1 0.000000 0.000001 1 0.000000 0.000001 1 0.000000 0.000000 1 -1 0 0 -1 0 0 -1 0 0 0 -0.747451 0.664316 0 -0.747451 0.664316 0 -0.747451 0.664316 0 -0.747451 0.664316 -1 0 0 -1 0 0 -1 0 -0.000000 1 0 0 1 0 0 0.644647 0.17273 0.744711 0.644646 0.172729 0.744712 0.644648 0.172733 0.744709 0.644645 0.172726 0.744714 0.471907 0.471914 0.744715 0.471909 0.471914 0.744714 0.471911 0.471915 0.744712 0.471905 0.471913 0.744717 0.172736 0.644644 0.744713 0.172737 0.644643 0.744713 0.172736 0.644644 0.744713 0.172735 0.644644 0.744712 -0.172734 0.644645 0.744712 -0.172735 0.644644 0.744713 -0.172736 0.644643 0.744713 -0.172733 0.644646 0.744711 -0.471908 0.471915 0.744714 -0.471906 0.471915 0.744716 -0.471911 0.471916 0.744711 -0.471904 0.471914 0.744717 -0.644645 0.172728 0.744713 -0.644646 0.17273 0.744712 -0.644647 0.172733 0.74471 -0.644644 0.172725 0.744715 -0.644646 -0.17273 0.744712 -0.644647 -0.17273 0.744711 -0.644648 -0.172729 0.744711 -0.644644 -0.172731 0.744713 -0.471912 -0.471913 0.744713 -0.471912 -0.471913 0.744713 -0.471912 -0.471913 0.744713 -0.471912 -0.471914 0.744712 -0.172728 -0.644647 0.744711 -0.172731 -0.64465 0.744708 -0.172735 -0.644654 0.744704 -0.172725 -0.644644 0.744715 0.172728 -0.644648 0.744711 0.172734 -0.644654 0.744704 0.17273 -0.64465 0.744708 0.172725 -0.644645 0.744714 0.471913 -0.471912 0.744713 0.471913 -0.471912 0.744713 0.471913 -0.471912 0.744713 0.471913 -0.471912 0.744713 0.644648 -0.172731 0.74471 0.644646 -0.172732 0.744711 0.644649 -0.17273 0.744709 0.644644 -0.172733 0.744713 0.965928 0.258811 -0.000000 0.965928 0.258811 0 0.965928 0.258811 -0.000000 0.965928 0.258811 0 0.965927 -0.258815 -0.000000 0.965927 -0.258815 0 0.965927 -0.258815 -0.000000 0.965927 -0.258815 0 0.258807 -0.965929 0.000000 0.258809 -0.965929 0.000000 0.258807 -0.965929 0.000000 0.258809 -0.965928 0.000000 0.707107 -0.707107 0 0.707107 -0.707107 0.000000 0.707107 -0.707107 0 0.7071 0.707114 -0.000000 0.7071 0.707114 -0.000000 0.7071 0.707114 -0.000000 0.7071 0.707114 -0.000000 0.258827 0.965924 -0.000000 0.258823 0.965925 -0.000000 0.258827 0.965924 -0.000000 0.258822 0.965925 -0.000000 -0.258821 0.965925 -0.000000 -0.258825 0.965924 -0.000000 -0.258821 0.965925 -0.000000 -0.258826 0.965924 -0.000000 -0.7071 0.707114 -0.000000 -0.7071 0.707114 0 -0.7071 0.707114 -0.000000 -0.7071 0.707114 0 -0.965928 0.258811 0 -0.965928 0.258811 0.000000 -0.965928 0.258811 0.000000 -0.965928 0.258811 0 -0.965927 -0.258814 0 -0.965927 -0.258815 0.000000 -0.965927 -0.258815 0.000000 -0.965927 -0.258814 0 -0.707107 -0.707107 0.000000 -0.707107 -0.707107 0.000000 -0.707107 -0.707107 0.000000 -0.707107 -0.707107 0.000000 -0.25881 -0.965928 0.000000 -0.258808 -0.965929 0.000000 -0.25881 -0.965928 0.000000 -0.258808 -0.965929 0.000000 -0.398305 -0.654183 -0.64296 -0.398305 -0.654185 -0.642958 -0.398305 -0.654184 -0.642959 -0.398304 -0.654186 -0.642957 -0.559041 -0.523522 -0.642961 -0.55904 -0.523522 -0.642961 -0.559046 -0.523519 -0.642958 -0.559035 -0.523524 -0.642964 -0.699072 -0.31289 -0.642961 -0.699072 -0.312889 -0.642961 -0.699072 -0.312889 -0.642961 -0.699072 -0.31289 -0.642961 -0.746811 -0.169924 -0.642962 -0.746814 -0.169927 -0.642958 -0.746814 -0.169928 -0.642956 -0.74681 -0.169923 -0.642963 -0.761962 -0.077627 -0.642953 -0.761954 -0.077637 -0.642961 -0.761953 -0.077638 -0.642962 -0.761947 -0.077644 -0.642968 0 0.76589 -0.642972 0 0.765889 -0.642973 0 0.765888 -0.642974 0 0.76589 -0.642971 -0.25703 0.5345 -0.805137 -0.257029 0.534506 -0.805133 -0.257034 0.534494 -0.80514 -0.257027 0.534505 -0.805134 -0.257025 0.534488 0.805146 -0.257021 0.534499 0.80514 -0.257022 0.5345 0.805139 -0.257023 0.534479 0.805153 -0.54852 0.369757 -0.749937 -0.54852 0.369757 -0.749937 -0.54852 0.369757 -0.749937 -0.548512 0.369752 0.749945 -0.548512 0.369752 0.749945 -0.548512 0.369752 0.749945 0.353636 0.33425 -0.873624 0.353325 0.334458 -0.87367 0.353594 0.334282 -0.873629 0.353443 0.334383 -0.873651 0.348909 0.889889 -0.293872 0.348924 0.889886 -0.293863 0.348942 0.889883 -0.293851 0.348934 0.889884 -0.293856 0.348908 0.889887 0.293877 0.348945 0.889881 0.293854 0.348925 0.889884 0.293867 0.348932 0.889883 0.293863 0.353636 0.33425 0.873624 0.353327 0.334457 0.87367 0.353327 0.334458 0.873669 0.353592 0.334282 0.87363 0.136755 0.550605 -0.823488 0.136767 0.550596 -0.823492 0.136736 0.550616 -0.823483 0.136749 0.550607 -0.823488 0.136749 0.550594 0.823496 0.136762 0.550585 0.8235 0.136744 0.550597 0.823495 0.13673 0.550607 0.823491 0.999966 -0.008202 -0.000000 0.999966 -0.008202 -0.000000 0.999966 -0.008202 -0.000000 0.871657 0.376571 0.313701 0.871655 0.376591 0.313682 0.871655 0.376596 0.313677 0.871655 0.376595 0.313678 0.801345 0.533103 -0.27138 0.801335 0.533144 -0.271329 0.801304 0.533273 -0.271167 0.801346 0.5331 -0.271384 0.360266 0.372262 -0.855353 0.360274 0.372256 -0.855353 0.360289 0.372242 -0.855352 0.360238 0.372278 -0.855358 0.421929 0.593846 -0.685072 0.421895 0.593885 -0.685058 0.421879 0.593906 -0.68505 0.421874 0.593909 -0.685051 0.415276 0.862225 -0.290024 0.415304 0.862221 -0.289995 0.415562 0.86219 -0.289719 0.415336 0.862217 -0.28996 0.42193 0.593844 0.685073 0.421898 0.593884 0.685057 0.421879 0.593906 0.68505 0.421877 0.593906 0.685052 0.360263 0.37226 0.855355 0.36027 0.372253 0.855356 0.360236 0.372282 0.855357 0.360253 0.372272 0.855355 0.560355 0.389996 -0.730689 0.56037 0.389976 -0.730687 0.560359 0.389991 -0.730688 0.56035 0.389999 -0.730691 0.546881 0.563723 -0.618981 0.546873 0.563732 -0.61898 0.546954 0.563639 -0.618993 0.546953 0.56364 -0.618993 0.530882 0.808017 -0.255487 0.530849 0.808025 -0.255529 0.530857 0.808023 -0.255518 0.530849 0.808026 -0.255527 0.546975 0.563627 0.618985 0.546982 0.56362 0.618986 0.546942 0.563667 0.618979 0.54695 0.563657 0.618981 0.560367 0.389978 0.730689 0.560352 0.389998 0.73069 0.560354 0.389992 0.730691 0.560349 0.390001 0.73069 0 -0.334495 0.942398 0 -0.334495 0.942397 0 -0.334496 0.942397 0 -0.334496 0.942397 0 -0.900327 0.435214 0 -0.900327 0.435213 0 -0.900328 0.435213 0 -0.900328 0.435213 0 -0.900328 -0.435211 0 -0.900329 -0.435211 0 -0.900329 -0.43521 0 -0.900329 -0.43521 0 -0.334496 -0.942397 0 -0.334496 -0.942397 0 -0.334497 -0.942397 0 -0.334495 -0.942397 0 0.334495 -0.942398 0 0.334495 -0.942398 0 0.334495 -0.942398 0 0.334495 -0.942398 0 0.900331 -0.435207 0 0.900331 -0.435207 0 0.900331 -0.435206 0 0.900331 -0.435206 0 0.90033 0.435208 0 0.90033 0.435208 0 0.90033 0.435208 0 0.90033 0.435208 0 0.334496 0.942397 0 0.334496 0.942397 0 0.334496 0.942397 0 0.334496 0.942397 -0.12995 -0.905259 -0.4045 -0.129952 -0.905259 -0.404499 -0.129966 -0.90526 -0.404492 -0.129929 -0.905256 -0.404512 -0.129927 0.905261 -0.404502 -0.129939 0.905262 -0.404494 -0.129932 0.905262 -0.404497 -0.129934 0.905261 -0.4045 -0.527781 0.790094 -0.311768 -0.527781 0.790094 -0.311768 -0.527781 0.790094 -0.311768 -0.407028 -0.846885 -0.342219 -0.407028 -0.846885 -0.342219 -0.407028 -0.846885 -0.342219 -0.129945 0.905259 0.404499 -0.129941 0.905259 0.404502 -0.129946 0.905258 0.404501 -0.12993 0.905258 0.404508 -0.12993 -0.905257 0.40451 -0.129944 -0.905259 0.4045 -0.129941 -0.905259 0.404502 -0.129945 -0.905259 0.404501 -0.527777 -0.790094 0.311773 -0.527777 -0.790094 0.311773 -0.527777 -0.790094 0.311773 -0.407035 0.846882 0.34222 -0.407035 0.846882 0.34222 -0.407035 0.846882 0.34222 0.955903 0.143684 0.256133 0.955903 0.143684 0.256134 0.955903 0.143684 0.256133 0.955903 0.143684 0.256135 0.69977 0.143685 0.699769 0.699771 0.143685 0.699768 0.69977 0.143685 0.699769 0.699771 0.143685 0.699768 0.256134 0.143684 0.955903 0.256131 0.143685 0.955903 0.256133 0.143685 0.955903 0.25613 0.143686 0.955904 -0.256133 0.143684 0.955903 -0.256132 0.143685 0.955903 -0.256134 0.143684 0.955903 -0.256132 0.143685 0.955903 -0.699771 0.143685 0.699768 -0.699771 0.143684 0.699768 -0.699771 0.143685 0.699768 -0.69977 0.143684 0.699769 -0.955904 0.143682 0.256133 -0.955904 0.143682 0.256132 -0.955904 0.143685 0.256129 -0.955903 0.143679 0.256136 -0.955903 0.143679 -0.256135 -0.955904 0.143682 -0.256132 -0.955904 0.143682 -0.256132 -0.955904 0.143685 -0.256129 -0.69977 0.143683 -0.699769 -0.69977 0.143683 -0.699769 -0.699771 0.143685 -0.699768 -0.69977 0.143682 -0.69977 -0.256134 0.143684 -0.955903 -0.256136 0.143683 -0.955903 -0.256135 0.143683 -0.955903 -0.256137 0.143682 -0.955902 0.256131 0.143684 -0.955904 0.256132 0.143683 -0.955904 0.256131 0.143684 -0.955904 0.256132 0.143683 -0.955904 0.69977 0.143683 -0.69977 0.699769 0.143683 -0.69977 0.69977 0.143683 -0.699769 0.699769 0.143683 -0.69977 0.955904 0.143684 -0.25613 0.955903 0.143684 -0.256134 0.955904 0.143684 -0.256131 0.955903 0.143684 -0.256135 -0.000002 1 -0.000000 -0.000002 1 -0.000000 -0.000001 1 -0.000000 -0.000002 1 -0.000000 -0.000000 1 -0.000000 -0.000000 1 -0.000000 -0.000000 1 -0.000000 0 1 -0.000000 0.557983 -0.816273 0.149512 0.557983 -0.816273 0.149512 0.557982 -0.816273 0.149512 0.557983 -0.816273 0.149512 0.408472 -0.816273 0.408471 0.408468 -0.816276 0.40847 0.408466 -0.816277 0.408469 0.408474 -0.816272 0.408471 0.149508 -0.816276 0.557979 0.149508 -0.816276 0.557979 0.149508 -0.816276 0.557979 0.149509 -0.816276 0.557979 -0.149509 -0.816275 0.55798 -0.149509 -0.816275 0.55798 -0.149509 -0.816275 0.55798 -0.149509 -0.816275 0.55798 -0.905228 -0.382378 -0.185336 -0.905231 -0.382374 -0.185328 -0.905226 -0.38238 -0.185339 -0.905229 -0.382378 -0.185333 -0.86174 -0.445544 0.242684 -0.861726 -0.445582 0.242664 -0.861718 -0.445599 0.24266 -0.861739 -0.445545 0.242683 -0.861725 -0.445584 -0.242662 -0.86172 -0.445598 -0.242654 -0.861725 -0.445583 -0.242666 -0.861739 -0.445546 -0.242683 -0.905228 -0.382376 0.185338 -0.905226 -0.382381 0.185341 -0.905231 -0.382373 0.185331 -0.905229 -0.382376 0.185334 -0.149512 -0.816273 -0.557982 -0.149512 -0.816275 -0.55798 -0.149512 -0.816273 -0.557983 -0.149512 -0.816276 -0.557979 0.149509 -0.816276 -0.557978 0.149509 -0.816278 -0.557976 0.149509 -0.816278 -0.557975 0.149509 -0.816276 -0.557979 0.408471 -0.816272 -0.408475 0.40847 -0.816275 -0.408471 0.408469 -0.816275 -0.40847 0.408472 -0.816271 -0.408476 0.557984 -0.816272 -0.149511 0.557982 -0.816274 -0.149511 0.557985 -0.816272 -0.149511 0.557981 -0.816274 -0.149511 0.965926 0 0.258819 0.965926 0 0.258819 0.965926 0 0.258819 0.965926 0 0.258819 0.707106 0.000000 0.707108 0.707105 0.000000 0.707108 0.707105 0.000000 0.707108 0.707106 0.000000 0.707108 0.258817 0.000000 0.965926 0.258816 0.000000 0.965927 0.258816 0.000000 0.965927 0.258817 0.000000 0.965926 -0.258817 0.000000 0.965926 -0.258817 0.000000 0.965927 -0.258817 0.000000 0.965926 -0.258817 0.000000 0.965926 -0.703704 0.084283 0.705477 -0.703704 0.084283 0.705477 -0.703704 0.084283 0.705477 -0.960003 0.070749 0.270904 -0.960015 0.070775 0.270855 -0.960002 0.070747 0.270907 -0.960001 0.070744 0.270911 -0.95997 0.070672 -0.27104 -0.959974 0.070679 -0.271025 -0.959969 0.07067 -0.271044 -0.95997 0.070671 -0.27104 -0.703952 0.084096 -0.705251 -0.703952 0.084096 -0.705251 -0.703952 0.084096 -0.705251 -0.25882 -0.000000 -0.965926 -0.258819 -0.000000 -0.965926 -0.258819 -0.000000 -0.965926 -0.25882 -0.000000 -0.965925 0.25882 -0.000000 -0.965926 0.258819 -0.000000 -0.965926 0.258819 -0.000000 -0.965926 0.25882 -0.000000 -0.965926 0.707103 -0.000000 -0.70711 0.707105 -0.000000 -0.707109 0.707104 -0.000000 -0.707109 0.707103 -0.000000 -0.707111 0.965926 0 -0.258818 0.965926 0 -0.258818 0.965926 0 -0.258818 0.965926 0 -0.258818 0.586087 0.794884 0.157041 0.586091 0.794881 0.15704 0.58609 0.794882 0.157041 0.586085 0.794885 0.157041 0.429043 0.794886 0.429044 0.429046 0.794884 0.429044 0.429046 0.794884 0.429044 0.429042 0.794887 0.429043 0.157039 0.794891 0.586078 0.157039 0.794887 0.586083 0.157039 0.794886 0.586085 0.157039 0.794892 0.586076 -0.157038 0.79489 0.586079 -0.15704 0.794888 0.586082 -0.15704 0.794887 0.586083 -0.157037 0.794891 0.586078 -0.831267 0.553669 -0.04946 -0.831255 0.553685 -0.049479 -0.831269 0.553666 -0.049459 -0.831277 0.553655 -0.049442 -0.74844 0.62887 0.210617 -0.748427 0.62889 0.210605 -0.748439 0.628873 0.210613 -0.748437 0.628876 0.210612 -0.740934 0.637213 -0.212074 -0.740929 0.637222 -0.212066 -0.740945 0.637199 -0.212079 -0.740912 0.637245 -0.212057 -0.828331 0.557107 0.059158 -0.82831 0.557135 0.059194 -0.828309 0.557136 0.059188 -0.828329 0.557109 0.059161 -0.15704 0.794888 -0.586081 -0.157038 0.794891 -0.586078 -0.157038 0.79489 -0.586079 -0.15704 0.794888 -0.586082 0.157039 0.79489 -0.586079 0.157039 0.794888 -0.586081 0.157039 0.794889 -0.586081 0.157039 0.79489 -0.586079 0.429043 0.794887 -0.429042 0.429038 0.794889 -0.429043 0.429036 0.79489 -0.429043 0.429044 0.794886 -0.429042 0.58609 0.794882 -0.157042 0.586085 0.794886 -0.157038 0.586086 0.794885 -0.157039 0.586091 0.79488 -0.157042 0.937359 -0.241406 0.25116 0.937358 -0.241403 0.251165 0.937359 -0.241404 0.251163 0.937358 -0.241401 0.251168 0.686195 -0.241403 0.686193 0.686196 -0.241405 0.686192 0.686195 -0.241404 0.686193 0.686196 -0.241406 0.686191 0.251164 -0.241404 0.937358 0.251164 -0.241404 0.937358 0.251165 -0.241404 0.937358 0.251163 -0.241404 0.937359 -0.251165 -0.241404 0.937358 -0.251164 -0.241405 0.937358 -0.251165 -0.241404 0.937358 -0.251164 -0.241405 0.937358 -0.636834 -0.275463 0.720113 -0.636835 -0.275467 0.72011 -0.636841 -0.275485 0.720099 -0.636838 -0.275473 0.720106 -0.251162 -0.241405 -0.937359 -0.251161 -0.241406 -0.937359 -0.251163 -0.241405 -0.937359 -0.25116 -0.241406 -0.937359 0.251163 -0.241404 -0.937359 0.251161 -0.241405 -0.937359 0.251162 -0.241405 -0.937359 0.251159 -0.241406 -0.937359 0.686191 -0.241406 -0.686196 0.686193 -0.241405 -0.686194 0.686192 -0.241405 -0.686195 0.686195 -0.241404 -0.686193 0.937359 -0.241405 -0.251161 0.937359 -0.241403 -0.251163 0.937359 -0.241406 -0.251158 0.937358 -0.241402 -0.251166 -0.519691 0.842929 -0.139252 -0.519688 0.842932 -0.139252 -0.519692 0.842929 -0.139252 -0.519686 0.842932 -0.139252 -0.519689 0.842931 0.139252 -0.51969 0.842931 0.139249 -0.519689 0.842931 0.139252 -0.51969 0.842931 0.139248 -0.380437 0.842933 0.380436 -0.380436 0.842935 0.380433 -0.380437 0.842934 0.380434 -0.380437 0.842933 0.380437 -0.13925 0.84293 0.51969 -0.139249 0.842933 0.519686 -0.139249 0.842932 0.519687 -0.139251 0.84293 0.51969 0.139253 0.842929 0.519691 0.13925 0.84293 0.519691 0.139254 0.842929 0.519692 0.139249 0.84293 0.51969 0.380438 0.842931 0.380439 0.38044 0.84293 0.380439 0.380438 0.842931 0.380439 0.38044 0.84293 0.380439 0.519685 0.842933 0.13925 0.519689 0.842931 0.13925 0.519688 0.842932 0.13925 0.519685 0.842934 0.13925 0.519686 0.842933 -0.139251 0.519687 0.842932 -0.139251 0.519687 0.842932 -0.139251 0.519686 0.842933 -0.139251 0.38044 0.84293 -0.38044 0.380441 0.842929 -0.38044 0.380442 0.842929 -0.38044 0.380439 0.84293 -0.38044 0.139252 0.842928 -0.519693 0.139251 0.84293 -0.519691 0.13925 0.84293 -0.519691 0.139253 0.842928 -0.519694 -0.139252 0.842929 -0.519693 -0.13925 0.84293 -0.519691 -0.139251 0.842929 -0.519691 -0.139252 0.842928 -0.519693 -0.380441 0.84293 -0.38044 -0.380439 0.84293 -0.38044 -0.38044 0.84293 -0.38044 -0.380442 0.842929 -0.38044 0 1 -0.000000 0 1 -0.000000 0.000000 1 -0.000000 0.000000 1 -0.000000 -0.000000 1 -0.000000 -0.000001 1 -0.000000 -0.000001 1 -0.000000 0 -1 0.000000 0 -1 0.000000 0 -1 0.000000 0 -1 0.000000 0.000001 1 -0.000000 0.000000 1 -0.000000 0.000001 1 -0.000000 0.000000 1 -0.000000 0.000002 1 -0.000000 0.000001 1 -0.000000 0.000000 1 -0.000000 -0.000000 1 -0.000000 0 1 -0.000000 0 1 -0.000000 0 1 -0.000000 0 1 -0.000000 0 1 -0.000000 -0.901118 -0.36012 0.241455 -0.901118 -0.36012 0.241455 -0.901118 -0.36012 0.241454 -0.901118 -0.360119 0.241456 -0.901118 -0.36012 -0.241455 -0.901118 -0.360121 -0.241454 -0.901118 -0.360121 -0.241455 -0.901118 -0.360119 -0.241457 -0.636834 -0.275467 -0.720111 -0.636834 -0.275472 -0.720109 -0.636838 -0.275476 -0.720105 -0.636839 -0.275492 -0.720098 -0.699431 -0.148198 -0.699167 -0.699431 -0.148198 -0.699167 -0.699431 -0.148198 -0.699167 -0.955638 -0.123974 -0.267183 -0.955607 -0.123795 -0.267376 -0.955612 -0.123818 -0.267349 -0.955612 -0.123826 -0.267343 -0.955334 -0.124389 0.268076 -0.955286 -0.124106 0.268377 -0.955307 -0.124229 0.268244 -0.955309 -0.124245 0.268231 -0.699741 -0.149181 0.698647 -0.699741 -0.149181 0.698647 -0.699741 -0.149181 0.698647 -0.707106 0.000000 0.707107 -0.707106 0.000000 0.707108 -0.707106 0.000000 0.707107 -0.707106 0.000000 0.707108 -0.965926 0 0.258817 -0.965926 0 0.258817 -0.965926 0 0.258817 -0.965926 0 0.258817 -0.965926 0 -0.258817 -0.965926 0 -0.258818 -0.965926 0 -0.258818 -0.965926 0 -0.258817 -0.707107 -0.000000 -0.707107 -0.707106 -0.000000 -0.707108 -0.707105 -0.000000 -0.707108 -0.707107 -0.000000 -0.707107 0.846502 -0.455834 0.275047 0.846502 -0.455835 0.275044 0.846502 -0.455835 0.275044 0.846502 -0.455837 0.275041 0.523166 -0.455835 0.720078 0.523166 -0.455835 0.720078 0.523166 -0.455836 0.720077 0.523165 -0.455835 0.720078 0 -0.455832 0.890066 0 -0.455832 0.890066 0 -0.455832 0.890066 0 -0.455833 0.890066 -0.523163 -0.455839 0.720077 -0.523167 -0.455836 0.720076 -0.523166 -0.455836 0.720077 -0.523171 -0.455832 0.720075 -0.846502 -0.455835 0.275044 -0.846502 -0.455835 0.275045 -0.846501 -0.455838 0.27504 -0.846502 -0.455831 0.275051 -0.846502 -0.455839 -0.275037 -0.846502 -0.455835 -0.275043 -0.846502 -0.455836 -0.275042 -0.846502 -0.455832 -0.275048 -0.523166 -0.455837 -0.720076 -0.523167 -0.455836 -0.720076 -0.523163 -0.455839 -0.720077 -0.523171 -0.455833 -0.720075 0 -0.455833 -0.890065 0 -0.455833 -0.890065 0 -0.455833 -0.890065 0 -0.455833 -0.890065 0.523171 -0.455832 -0.720076 0.523168 -0.455834 -0.720077 0.523168 -0.455834 -0.720077 0.523164 -0.455836 -0.720078 0.846503 -0.455834 -0.275043 0.846503 -0.455835 -0.275042 0.846503 -0.455832 -0.275046 0.846502 -0.455837 -0.275038 0 -1 0.000000 0 -1 0.000000 0 -1 0.000000 0 -1 0.000000 0.000000 -1 0.000000 0.000001 -1 0.000000 0.000002 -1 0.000000 0 -1 0.000000 -0.000001 -1 0.000000 -0.000000 -1 0.000000 -0.000000 -1 0.000000 -0.000001 -1 0.000000 0.000000 -1 0.000000 0.000000 -1 0.000000 0.000000 -1 0.000000 0.000000 -1 0.000000 -0.000000 -1 0.000000 -0.000000 -1 0.000000 -0.000000 -1 0.000000 0.000000 -1 0.000000 -0.000000 -1 0.000000 -0.000002 -1 0.000000 0.000001 -1 0.000000 -0.000000 -1 0.000000 0 -1 0.000000 -0.000000 -1 0.000000 -0.000000 -1 0.000000 0.000001 -1 0.000000 0.000000 -1 0.000000 0 -1 0.000000 0.000001 -1 0.000000 -0.076518 -0.951019 -0.299513 -0.076468 -0.951015 -0.299538 -0.076585 -0.951025 -0.299478 -0.076465 -0.951015 -0.29954 -0.062965 -0.646685 -0.760154 -0.062994 -0.646673 -0.760161 -0.062931 -0.646699 -0.760144 -0.062954 -0.64669 -0.760151 -0.051453 -0.221964 -0.973696 -0.051701 -0.221853 -0.973709 -0.051435 -0.221972 -0.973696 -0.05144 -0.221969 -0.973696 -0.051571 0.22191 -0.973702 -0.051541 0.221923 -0.973701 -0.051479 0.221951 -0.973698 -0.051442 0.221968 -0.973696 -0.062954 0.646692 -0.760148 -0.062885 0.646721 -0.76013 -0.062982 0.646681 -0.760156 -0.062955 0.646692 -0.760149 -0.026618 0.945457 -0.324659 -0.026632 0.945458 -0.324654 -0.026644 0.945461 -0.324645 -0.026624 0.945457 -0.324656 -0.016101 0.953568 0.300748 -0.016215 0.953648 0.300487 -0.016222 0.953653 0.300472 -0.016108 0.953572 0.300733 -0.013451 0.647842 0.761656 -0.013424 0.647796 0.761695 -0.013464 0.647864 0.761637 -0.013452 0.647844 0.761655 -0.011068 0.221897 0.975007 -0.011064 0.22189 0.975009 -0.011193 0.222145 0.974949 -0.011237 0.222235 0.974929 -0.012927 -0.225633 0.974127 -0.012945 -0.225607 0.974133 -0.012939 -0.225615 0.974131 -0.012953 -0.225594 0.974135 -0.028887 -0.660172 0.750559 -0.028906 -0.660165 0.750564 -0.028902 -0.660165 0.750564 -0.028891 -0.660173 0.750557 -0.076415 -0.95101 0.299566 -0.076465 -0.951015 0.29954 -0.076468 -0.951015 0.299539 -0.076518 -0.951019 0.299513 0.975942 -0.093085 -0.197162 0.975949 -0.093117 -0.197111 0.975945 -0.093098 -0.19714 0.975945 -0.093101 -0.197137 -0.281089 -0.321011 0.904401 -0.281089 -0.321011 0.904401 -0.281091 -0.321008 0.904401 -0.281087 -0.321015 0.9044 -0.310417 -0.855851 0.413716 -0.310417 -0.855851 0.413715 -0.310418 -0.855852 0.413713 -0.310416 -0.85585 0.413718 -0.310416 -0.855854 -0.413711 -0.310416 -0.855854 -0.41371 -0.310414 -0.855854 -0.413712 -0.310417 -0.855854 -0.413709 -0.281082 -0.32101 -0.904404 -0.281081 -0.32101 -0.904404 -0.281081 -0.32101 -0.904404 -0.281081 -0.32101 -0.904404 -0.28108 0.321008 -0.904405 -0.28108 0.321008 -0.904405 -0.281082 0.321006 -0.904405 -0.281078 0.32101 -0.904405 -0.310412 0.855858 -0.413704 -0.310411 0.855858 -0.413705 -0.310406 0.855857 -0.41371 -0.310418 0.855859 -0.413698 -0.310415 0.855854 0.413711 -0.310415 0.855854 0.413711 -0.310417 0.855854 0.413709 -0.310413 0.855853 0.413713 -0.281088 0.321011 0.904401 -0.281088 0.321011 0.904401 -0.28109 0.321008 0.904402 -0.281085 0.321014 0.904401 0 -0.3345 0.942396 0 -0.3345 0.942396 0 -0.3345 0.942396 0 -0.3345 0.942396 0 -0.900325 0.435218 0 -0.900325 0.435218 0 -0.900325 0.435218 0 -0.900325 0.435218 0 -0.900329 -0.435209 0 -0.90033 -0.435209 0 -0.900329 -0.435209 0 -0.900329 -0.435209 0 -0.334495 -0.942398 0 -0.334495 -0.942398 0 -0.334495 -0.942398 0 -0.334495 -0.942397 0 0.334491 -0.942399 0 0.334492 -0.942399 0 0.334491 -0.942399 0 0.334492 -0.942399 0 0.900335 -0.435198 0 0.900335 -0.435198 0 0.900335 -0.435198 0 0.900335 -0.435198 0 0.900328 0.435212 0 0.900328 0.435212 0 0.900328 0.435212 0 0.900328 0.435212 0 0.3345 0.942396 0 0.3345 0.942396 0 0.3345 0.942396 0 0.3345 0.942396 0.552603 -0.794542 -0.251658 0.552892 -0.794435 -0.251363 0.552697 -0.794508 -0.251563 0.552749 -0.794488 -0.251509 0.528226 -0.548577 -0.648105 0.528226 -0.548577 -0.648106 0.528269 -0.548532 -0.648108 0.528189 -0.548615 -0.648103 0.507685 -0.190596 -0.840196 0.507531 -0.190726 -0.840259 0.50771 -0.190575 -0.840186 0.507689 -0.190593 -0.840195 0.507954 0.190366 -0.840085 0.50769 0.190591 -0.840194 0.507531 0.190725 -0.840259 0.507755 0.190536 -0.840167 0.528224 0.548582 -0.648103 0.52813 0.54868 -0.648097 0.528274 0.54853 -0.648106 0.5282 0.548607 -0.648101 0.55289 0.794436 -0.251365 0.552925 0.794423 -0.25133 0.552756 0.794486 -0.251502 0.552847 0.794452 -0.251409 0.5526 0.794544 0.25166 0.55289 0.794436 0.251364 0.55279 0.794473 0.251468 0.552783 0.794476 0.251475 0.527897 0.548922 0.648081 0.528156 0.548652 0.648099 0.528274 0.54853 0.648106 0.528201 0.548606 0.648102 0.507691 0.190591 0.840193 0.507956 0.190366 0.840084 0.507777 0.190518 0.840158 0.507757 0.190535 0.840166 0.507955 -0.190366 0.840085 0.507531 -0.190726 0.840259 0.507756 -0.190535 0.840167 0.507758 -0.190533 0.840166 0.528271 -0.548533 0.648106 0.528229 -0.548577 0.648103 0.528194 -0.548614 0.648101 0.528193 -0.548614 0.648101 0.552896 -0.794432 0.251365 0.552606 -0.79454 0.251662 0.552825 -0.794458 0.251437 0.552757 -0.794484 0.251507 0 -0.334495 0.942398 0 -0.334495 0.942398 0 -0.334495 0.942397 0 -0.334496 0.942397 0 -0.900327 0.435214 0 -0.900328 0.435213 0 -0.900328 0.435213 0 -0.900328 0.435213 0 -0.900329 -0.435211 0 -0.900329 -0.43521 0 -0.900329 -0.43521 0 -0.900329 -0.43521 0 -0.334496 -0.942397 0 -0.334496 -0.942397 0 -0.334496 -0.942397 0 -0.334495 -0.942397 0 0.334495 -0.942398 0 0.334495 -0.942398 0 0.334495 -0.942398 0 0.334495 -0.942398 0 0.90033 -0.435207 0 0.900331 -0.435206 0 0.900331 -0.435206 0 0.900331 -0.435206 0 0.90033 0.435209 0 0.90033 0.435208 0 0.90033 0.435208 0 0.90033 0.435208 0 0.334495 0.942397 0 0.334495 0.942397 0 0.334495 0.942397 0 0.334495 0.942397 -0.129907 -0.905254 -0.404523 -0.129953 -0.905259 -0.404499 -0.12997 -0.90526 -0.40449 -0.129927 -0.905256 -0.404513 -0.129924 0.905259 -0.404508 -0.12994 0.905261 -0.404497 -0.129938 0.905261 -0.404498 -0.129946 0.90526 -0.404497 -0.527781 0.790095 -0.311765 -0.527781 0.790095 -0.311765 -0.527781 0.790095 -0.311765 -0.407027 -0.846886 -0.342217 -0.407027 -0.846886 -0.342217 -0.407027 -0.846886 -0.342217 -0.129943 0.905258 0.404503 -0.12994 0.905258 0.404505 -0.129946 0.905258 0.404502 -0.129927 0.905256 0.404513 -0.129929 -0.905255 0.404514 -0.129943 -0.905257 0.404505 -0.129939 -0.905257 0.404508 -0.129943 -0.905257 0.404507 -0.527784 -0.790089 0.311773 -0.527784 -0.790089 0.311773 -0.527784 -0.790089 0.311773 -0.40704 0.846879 0.342221 -0.40704 0.846879 0.342221 -0.40704 0.846879 0.342221 -0.758244 0.651972 -0.000000 -0.758243 0.651972 -0.000000 -0.758243 0.651972 -0.000000 -0.758243 0.651972 -0.000000 0.987421 0.158111 0 0.987421 0.15811 0 0.987422 0.15811 0 0.987421 0.158111 0 -0.987424 0.158093 0 -0.987424 0.158093 0 -0.987424 0.158093 0 -0.987424 0.158092 0 0.222222 0.974996 -0.000000 0.222212 0.974998 -0.000000 0.22222 0.974997 -0.000000 0.22221 0.974999 -0.000000 -0.222205 0.975 -0.000000 -0.222215 0.974998 -0.000000 -0.222207 0.974999 -0.000000 -0.222217 0.974997 -0.000000 0.758255 0.651958 -0.000000 0.758255 0.651958 -0.000000 0.758255 0.651958 -0.000000 0.758256 0.651957 -0.000000 0.820566 0.568907 0.054929 0.820519 0.568983 0.054833 0.820586 0.568873 0.054977 0.820519 0.568983 0.054838 0.511821 -0.858396 0.034571 0.511835 -0.858387 0.034596 0.511828 -0.858391 0.034586 0.511838 -0.858385 0.0346 0.772327 0.543508 -0.328801 0.772332 0.543497 -0.328808 0.772339 0.54348 -0.328818 0.772332 0.543497 -0.328807 -0.401944 0.913944 0.056097 -0.401953 0.913941 0.056083 -0.401946 0.913944 0.056095 -0.401951 0.913942 0.056079 0.080786 0.074798 0.993921 0.080842 0.074775 0.993918 0.080685 0.074841 0.993926 0.080949 0.07473 0.993913 -0.821656 -0.569788 0.014945 -0.821757 -0.56964 0.015022 -0.821814 -0.569556 0.015065 -0.821609 -0.569856 0.01491 -0.176441 -0.106314 -0.978553 -0.176389 -0.106312 -0.978562 -0.176434 -0.106314 -0.978554 -0.176442 -0.106314 -0.978553 -0.474396 0.878981 0.048386 -0.474396 0.878981 0.048386 -0.474396 0.878981 0.048386 0.532867 -0.844692 0.050478 0.532867 -0.844692 0.050478 0.532867 -0.844692 0.050478 0.950934 0.294884 -0.093643 0.950934 0.294883 -0.093643 0.950934 0.294883 -0.093642 0.950933 0.294884 -0.093643 0.950934 0.294885 0.093639 0.950934 0.294883 0.093638 0.950934 0.294884 0.093639 0.950933 0.294886 0.09364 0.955972 0.189246 0.224285 0.955973 0.189246 0.22428 0.955972 0.189246 0.224283 0.955971 0.189246 0.224288 0.959104 0.062421 0.276087 0.959104 0.062421 0.276086 0.959104 0.062421 0.276087 0.959104 0.062421 0.276086 0.959103 -0.062421 0.276087 0.959104 -0.062421 0.276087 0.959104 -0.062421 0.276086 0.959103 -0.062421 0.276087 0.955972 -0.189246 0.224283 0.955972 -0.189246 0.224284 0.955972 -0.189246 0.224285 0.955973 -0.189246 0.224282 0.950935 -0.29488 0.093638 0.950935 -0.294881 0.093639 0.950934 -0.294882 0.093641 0.950936 -0.294879 0.093636 0.950935 -0.294881 -0.093639 0.950935 -0.29488 -0.093637 0.950934 -0.294883 -0.093641 0.950936 -0.294878 -0.093634 0.955972 -0.189247 -0.224284 0.955972 -0.189247 -0.224283 0.955972 -0.189247 -0.224284 0.955972 -0.189247 -0.224283 0.959103 -0.062421 -0.276088 0.959103 -0.062421 -0.276089 0.959103 -0.062421 -0.276089 0.959103 -0.062421 -0.276088 0.959103 0.062421 -0.276088 0.959103 0.062421 -0.276088 0.959103 0.062421 -0.276087 0.959103 0.062421 -0.276088 0.955972 0.189248 -0.224283 0.955972 0.189248 -0.224282 0.955973 0.189248 -0.22428 0.955971 0.189248 -0.224285 0.992924 -0.117285 0.018616 0.992924 -0.11728 0.018631 0.992925 -0.117268 0.018659 0.992924 -0.117291 0.018595 0.975949 -0.093119 0.197113 0.975942 -0.093085 0.197162 0.975945 -0.093097 0.19714 0.975945 -0.093102 0.197137 0.992925 -0.117269 -0.018659 0.992924 -0.117278 -0.01863 0.992924 -0.117284 -0.018615 0.992923 -0.117293 -0.018595 0.975942 0.093085 -0.19716 0.975945 0.093097 -0.19714 0.97595 0.093111 -0.197107 0.97594 0.093077 -0.197176 0.992923 0.117292 -0.018595 0.992924 0.117285 -0.018615 0.992924 0.11728 -0.018632 0.992924 0.117285 -0.018617 0.992924 0.117285 0.018614 0.992923 0.117293 0.018595 0.992924 0.117278 0.01863 0.992924 0.117284 0.018615 0.97594 0.093078 0.197176 0.975942 0.093086 0.197161 0.975944 0.093098 0.197142 0.975949 0.093117 0.197114 -0.646144 0.763215 -0.000000 -0.646145 0.763215 -0.000000 -0.646145 0.763215 -0.000000 -0.646144 0.763215 -0.000000 1 -0.000000 0 1 -0.000000 0 1 -0.000000 0 1 -0.000000 0 0.579929 0.814667 -0.000000 0.579928 0.814668 -0.000000 0.579928 0.814668 -0.000000 0.579929 0.814667 -0.000000 0.00006 -0.00007 1 0.000044 -0.000052 1 0.000044 -0.000052 1 0.00006 -0.000071 1 -0.00003 -0.000041 1 -0.000043 -0.000059 1 -0.000029 -0.00004 1 -0.000043 -0.00006 1 -0.000052 0.000000 1 -0.000052 0.000000 1 -0.000052 0.000000 1 -0.000052 0.000000 1 0.008369 -0.99996 -0.003284 0.008374 -0.99996 -0.003282 0.008394 -0.999959 -0.003274 0.008344 -0.99996 -0.003294 0 -0.000000 -1 0 -0.000000 -1 0 -0.000000 -1 0 -0.000000 -1 0 -0.000001 -1 0 0.000000 -1 0 0.000000 -1 0 -0.000001 -1 0 -0.000000 -1 0 -0.000000 -1 0 -0.000000 -1 0 -0.000000 -1 -0.923299 -0.384083 -0.000009 -0.923315 -0.384044 -0.000001 -0.923318 -0.384036 0 -0.923295 -0.384091 -0.000011 -0.646144 0.763215 -0.000000 -0.646145 0.763215 -0.000000 -0.646145 0.763215 -0.000000 -0.646144 0.763215 -0.000000 1 -0.000000 0 1 -0.000000 0 1 -0.000000 0 1 -0.000000 0 0.579929 0.814667 -0.000000 0.579928 0.814668 -0.000000 0.579928 0.814668 -0.000000 0.579929 0.814667 -0.000000 0 0.000003 1 0 -0.000001 1 0 -0.000001 1 0 0.000003 1 0 0.000000 1 0 -0.000003 1 0 0.000000 1 0 -0.000003 1 0 0.000000 1 0 0.000000 1 0 0.000000 1 0 0.000000 1 0.002435 -0.999997 0.000956 0.002319 -0.999997 0.000911 0.002329 -0.999997 0.000915 0.0024 -0.999997 0.000943 0.000183 -0.000000 -1 0.000183 -0.000000 -1 0.000183 -0.000000 -1 0.000183 -0.000000 -1 0.000106 0.000142 -1 0.00015 0.000208 -1 0.000151 0.00021 -1 0.000104 0.00014 -1 -0.00021 0.000242 -1 -0.000157 0.00019 -1 -0.000211 0.000243 -1 -0.000156 0.00019 -1 -0.923298 -0.384084 0 -0.923299 -0.384082 0 -0.923299 -0.384081 0 -0.923298 -0.384084 0 0 -1 0.000000 0 -1 0.000000 0 -1 0.000000 0 -1 0.000000 -0.000000 -0.000000 -1 -0.000000 -0.000000 -1 -0.000000 -0.000000 -1 -0.000000 -0.000000 -1 1 0 0 1 0 0 1 0 0 1 0 0 0 -0.687314 0.72636 0 -0.687315 0.72636 0 -0.687314 0.72636 0 -0.687314 0.72636 -1 0 0 -1 0 0 -1 0 0 -1 0 0 -0.937468 -0.347986 -0.007751 -0.937468 -0.347986 -0.007751 -0.937467 -0.347987 -0.007751 -0.937468 -0.347986 -0.007752 0.938202 0.346017 0.007062 0.938202 0.346015 0.007059 0.938203 0.346015 0.007058 0.938201 0.346018 0.007063 0.871657 0.376599 -0.313667 0.871659 0.376583 -0.313681 0.871663 0.376547 -0.313714 0.871659 0.376591 -0.313674 0.801339 0.533129 0.271345 0.801304 0.533274 0.271165 0.801336 0.533144 0.271327 0.801345 0.533104 0.271378 0.415339 0.862214 0.289966 0.41556 0.862189 0.289722 0.415274 0.862225 0.290027 0.415338 0.862214 0.289967 0.530855 0.808018 0.255537 0.530865 0.808016 0.255525 0.53089 0.808009 0.255493 0.530858 0.808018 0.255532 -0.208651 0.645135 -0.735027 -0.208651 0.645135 -0.735027 -0.208651 0.645135 -0.735027 -0.208652 0.645139 0.735024 -0.208652 0.645139 0.735024 -0.208652 0.645139 0.735024 1 0 -0.000002 1 0 -0.000001 1 0 -0.000000 1 0 0 1 0 0.000000 1 0 0.000001 1 0 0.000001 1 0 -0.000000 0.376927 0.60966 -0.697309 0.37693 0.609658 -0.697309 0.376958 0.609638 -0.697312 0.37698 0.609622 -0.697314 0.377003 0.609607 0.697315 0.376968 0.609632 0.697312 0.37698 0.609623 0.697313 0.376917 0.609669 0.697307 1 0 -0.000000 1 0 -0.000000 1 0 -0.000000 -0.0085 0.999964 -0.000000 -0.008502 0.999964 -0.000000 -0.008501 0.999964 -0.000000 -0.0085 0.999964 -0.000000 0 0.000000 1 0 0.000000 1 0 0.000000 1 0 0.000000 1 0.009666 -0.999953 0.000000 0.009666 -0.999953 0.000000 0.009666 -0.999953 0.000000 0.009666 -0.999953 0.000000 0 -0.000000 -1 0 -0.000000 -1 0 -0.000000 -1 0.595281 -0.803513 0.00263 0.595275 -0.803518 0.002632 0.595269 -0.803522 0.002633 0.595245 -0.80354 0.00264 0.998635 -0.052236 -0.000349 0.998641 -0.052123 -0.000379 0.998643 -0.052084 -0.00039 0.998636 -0.052213 -0.000355 0.649293 0.760504 -0.007264 0.649299 0.760499 -0.007263 0.649301 0.760496 -0.007262 0.649263 0.760529 -0.007269 0.166911 0.985969 -0.002551 0.166903 0.98597 -0.002552 0.166928 0.985966 -0.002548 0.166891 0.985972 -0.002555 -0.586184 0.809579 0.031144 -0.586161 0.809596 0.031137 -0.586176 0.809585 0.031143 -0.58617 0.809589 0.031141 -0.990865 0.132697 0.02404 -0.99087 0.132661 0.024045 -0.990871 0.13265 0.024048 -0.990863 0.132711 0.024038 -0.764682 -0.644397 0.003821 -0.764705 -0.64437 0.003814 -0.764683 -0.644395 0.003823 -0.764702 -0.644372 0.004009 -0.026706 -0.999562 0.012724 -0.026649 -0.999564 0.012736 -0.026671 -0.999563 0.012729 -0.026682 -0.999563 0.01273 0.677014 -0.213854 0.704215 0.677004 -0.213908 0.704208 0.677016 -0.213851 0.704214 0.998822 -0.007795 0.047893 0.998822 -0.007806 0.0479 0.998821 -0.007849 0.047915 0.998822 -0.007808 0.047899 0.584557 0.104558 -0.804587 0.584536 0.104577 -0.8046 0.584532 0.10458 -0.804603 0.584551 0.104564 -0.804591 0.180755 0.171995 -0.968372 0.180807 0.171963 -0.968369 0.180799 0.171971 -0.968369 0.180827 0.171953 -0.968367 -0.670391 0.152162 -0.726239 -0.670394 0.152158 -0.726237 -0.670424 0.152121 -0.726216 -0.670412 0.152135 -0.726225 -0.998382 0.011509 -0.055682 -0.998385 0.01142 -0.055643 -0.998389 0.011337 -0.055599 -0.998383 0.011493 -0.055678 -0.79186 -0.093012 0.603579 -0.791865 -0.092943 0.603582 -0.79186 -0.092999 0.60358 -0.791868 -0.092951 0.603577 0.025887 -0.138393 0.990039 0.025884 -0.138477 0.990027 0.025878 -0.138486 0.990026 0.998601 0.052876 0.000001 0.998602 0.052867 0 0.998601 0.052868 0.000000 0.676944 -0.736025 -0.003905 0.676936 -0.736031 -0.003906 0.67694 -0.736028 -0.003907 0.090065 -0.995903 -0.008061 0.090098 -0.9959 -0.008053 0.090086 -0.995901 -0.008056 -0.571671 -0.82048 -0.002247 -0.571671 -0.82048 -0.002246 -0.571662 -0.820486 -0.002248 -0.997985 -0.063451 0.000107 -0.997977 -0.063583 0.000082 -0.997985 -0.063457 0.000106 -0.807553 0.589794 0.001227 -0.807559 0.589785 0.001224 -0.807566 0.589776 0.001222 -0.03702 0.999306 0.004177 -0.036971 0.999308 0.004168 -0.037019 0.999306 0.004177 0.616177 0.105375 0.780527 0.616102 0.105451 0.780575 0.616167 0.105384 0.780533 0.616151 0.105402 0.780544 0.998966 0.009294 0.044502 0.998966 0.009282 0.044497 0.998966 0.009274 0.044496 0.998966 0.009297 0.044503 0.755402 -0.245388 -0.607579 0.755399 -0.245366 -0.607592 0.755399 -0.245369 -0.60759 0.104858 -0.480007 -0.870975 0.10487 -0.479952 -0.871004 0.104863 -0.479971 -0.870995 0.104845 -0.480008 -0.870977 -0.610004 -0.348385 -0.711704 -0.609989 -0.348418 -0.711702 -0.610012 -0.348368 -0.711706 -0.998342 -0.010963 -0.056513 -0.998341 -0.010997 -0.056524 -0.998341 -0.011 -0.056525 -0.877428 0.06065 0.47586 -0.877265 0.061085 0.476104 -0.877281 0.06104 0.476079 -0.877264 0.061086 0.476105 -0.056365 0.12951 0.989975 -0.056402 0.129489 0.989975 -0.056311 0.129542 0.989974 -0.05633 0.129531 0.989974 -0.353385 -0.793203 -0.495932 -0.353382 -0.7932 -0.495938 -0.353395 -0.793215 -0.495904 -0.158444 -0.368897 -0.915866 -0.158447 -0.368912 -0.915859 -0.158446 -0.368909 -0.915861 0.177691 0.425205 -0.887484 0.177687 0.425192 -0.88749 0.177687 0.425181 -0.887496 0.374819 0.880688 -0.289653 0.374718 0.88072 -0.289688 0.37482 0.880682 -0.289669 0.390297 0.886737 0.247722 0.390303 0.886739 0.247704 0.390306 0.886741 0.247693 0.17626 0.399114 0.8998 0.176258 0.399108 0.899803 0.176257 0.399095 0.899809 0.176264 0.39913 0.899792 -0.177084 -0.390135 0.903569 -0.177105 -0.390228 0.903524 -0.177097 -0.390192 0.903541 -0.17709 -0.39016 0.903557 -0.373979 -0.8228 0.427949 -0.373979 -0.822811 0.427927 -0.37398 -0.82281 0.427929 -0.373979 -0.822791 0.427965 0.60795 -0.748982 0.263481 0.607875 -0.749009 0.263579 0.607888 -0.749004 0.263563 0.607906 -0.748998 0.263539 0.997904 -0.059784 -0.024759 0.997902 -0.059761 -0.024925 0.997904 -0.059782 -0.024773 0.997902 -0.059766 -0.024881 0.738164 0.570927 -0.359384 0.738149 0.570915 -0.359433 0.73817 0.570924 -0.359375 0.738136 0.570916 -0.359458 0.214181 0.792463 -0.571077 0.214178 0.792455 -0.571089 0.21418 0.792463 -0.571077 0.214179 0.792462 -0.57108 -0.562324 0.656736 -0.502484 -0.562334 0.656741 -0.502466 -0.562339 0.656752 -0.502445 -0.562332 0.656738 -0.502472 -0.974929 0.211806 -0.068208 -0.974927 0.211815 -0.068203 -0.974931 0.211791 -0.068215 -0.97493 0.211797 -0.068213 -0.772814 -0.571386 0.276182 -0.772819 -0.571385 0.276171 -0.772817 -0.571385 0.276176 -0.772836 -0.57138 0.276132 -0.114459 -0.924676 0.363143 -0.114462 -0.924679 0.363135 -0.114451 -0.924677 0.363145 -0.11441 -0.92467 0.363173 0.619937 -0.713982 0.325434 0.619937 -0.713982 0.325434 0.619937 -0.713982 0.325434 0.998968 -0.04137 0.018733 0.99897 -0.041375 0.018635 0.998966 -0.041364 0.018852 0.998971 -0.041379 0.018564 0.615483 0.707539 -0.347231 0.615471 0.707543 -0.347244 0.615497 0.707536 -0.347212 0.615457 0.707546 -0.347262 0.108415 0.867231 -0.485959 0.108433 0.867235 -0.485949 0.108457 0.867241 -0.485933 0.108419 0.867232 -0.485958 -0.627159 0.654073 -0.422919 -0.627154 0.654079 -0.422917 -0.627162 0.654073 -0.422914 -0.62712 0.654082 -0.422962 -0.999462 0.021679 -0.024634 -0.99946 0.021681 -0.02468 -0.99946 0.021681 -0.024682 -0.999459 0.021682 -0.024729 -0.789524 -0.468975 0.395873 -0.789524 -0.468975 0.395873 -0.789524 -0.468975 0.395873 0.686913 0.588955 0.425774 0.686908 0.588954 0.425782 0.68693 0.588957 0.425742 0.686923 0.588954 0.425758 0.999118 0.034137 0.02447 0.99912 0.034172 0.024314 0.999119 0.034158 0.024377 0.999118 0.034139 0.024459 0.720152 -0.535536 -0.441115 0.720152 -0.535536 -0.441115 0.720152 -0.535536 -0.441115 -0.608595 -0.501172 -0.615174 -0.608595 -0.501172 -0.615174 -0.608595 -0.501172 -0.615174 -0.99868 -0.034993 -0.037587 -0.998682 -0.034931 -0.037603 -0.998683 -0.03489 -0.037614 -0.998684 -0.034849 -0.037624 -0.87549 0.392414 0.282006 -0.875492 0.392414 0.282001 -0.875488 0.392413 0.282018 -0.875505 0.392419 0.281954 -0.073405 0.820331 0.567159 -0.073401 0.820333 0.567156 -0.0734 0.820333 0.567156 -0.073396 0.820335 0.567154 0.382937 -0.841752 -0.380544 0.382954 -0.841745 -0.380542 0.382977 -0.841736 -0.380538 0.382931 -0.841755 -0.380542 0.702724 -0.497883 -0.508224 0.702723 -0.497896 -0.508212 0.702727 -0.497899 -0.508205 0.702724 -0.497868 -0.508239 0.740443 0.504595 -0.443992 0.740435 0.504535 -0.444072 0.740442 0.504605 -0.44398 0.740439 0.504566 -0.444031 0.27308 0.956255 -0.104899 0.273071 0.956262 -0.104856 0.273077 0.956257 -0.104888 0.273082 0.956254 -0.104906 -0.190754 0.924236 0.330759 -0.190746 0.924234 0.330768 -0.190755 0.924226 0.330784 -0.190751 0.924214 0.330822 -0.786654 0.484945 0.382104 -0.786649 0.484948 0.382111 -0.786647 0.484935 0.382132 -0.786651 0.484957 0.382096 -0.853344 -0.382444 0.354317 -0.85335 -0.38246 0.354286 -0.853343 -0.382443 0.354321 -0.853336 -0.382441 0.354339 -0.41452 -0.882027 0.224056 -0.414518 -0.88203 0.224048 -0.414519 -0.882033 0.224036 -0.414528 -0.882038 0.223998 0.932082 -0.361485 -0.023482 0.932076 -0.361475 -0.023887 0.932085 -0.361451 -0.023893 0.825582 0.564206 0.009302 0.825561 0.564236 0.009312 0.825552 0.564249 0.009321 0.243758 0.969658 0.018568 0.243722 0.969667 0.018573 0.243753 0.969659 0.018577 -0.472024 0.881446 -0.015695 -0.472051 0.881432 -0.015693 -0.472017 0.88145 -0.015694 -0.902801 -0.429987 -0.007849 -0.902786 -0.430018 -0.007859 -0.902798 -0.429994 -0.007854 0.99852 0.023838 0.048891 0.998518 0.023818 0.04893 0.998517 0.023798 0.048965 0.64016 -0.263773 -0.72154 0.640175 -0.263758 -0.721531 0.6402 -0.263733 -0.721519 0.64015 -0.263783 -0.721545 0.24051 -0.266123 -0.933452 0.240511 -0.266123 -0.933452 0.240509 -0.266125 -0.933452 -0.660446 -0.186677 -0.727298 -0.660437 -0.186687 -0.727304 -0.660438 -0.186686 -0.727304 -0.660439 -0.186685 -0.727302 -0.998419 -0.014938 -0.054187 -0.998425 -0.014776 -0.054115 -0.998428 -0.014701 -0.054079 -0.771393 0.211348 0.600237 -0.771393 0.211348 0.600237 -0.771393 0.211348 0.600237 0.999545 -0.029463 0.006523 0.999542 -0.029553 0.006568 0.999544 -0.029489 0.006535 0.74289 0.258576 -0.617456 0.742871 0.258555 -0.617489 0.742875 0.258558 -0.617483 0.218147 0.478665 -0.850465 0.218149 0.478688 -0.850452 0.218143 0.478656 -0.850471 -0.973029 0.07376 -0.218571 -0.973026 0.073806 -0.218569 -0.973029 0.073761 -0.218571 -0.837838 -0.299483 0.45644 -0.837844 -0.299489 0.456426 -0.837833 -0.299487 0.456446 -0.018541 -0.830088 -0.557324 -0.018523 -0.830086 -0.557328 -0.018586 -0.830108 -0.557292 -0.01849 -0.830083 -0.557333 0.301588 -0.478129 -0.824886 0.301573 -0.478138 -0.824887 0.301594 -0.478127 -0.824885 0.301539 -0.478165 -0.824883 0.47521 0.472645 -0.742147 0.475234 0.472616 -0.74215 0.475223 0.472634 -0.742145 0.475222 0.472628 -0.74215 0.328717 0.924668 -0.19218 0.328716 0.924664 -0.192201 0.328721 0.924681 -0.192111 0.328713 0.924666 -0.1922 0.137989 0.916576 0.375296 0.137967 0.916609 0.375223 0.137968 0.916602 0.375242 0.137971 0.916617 0.375203 -0.228823 0.481481 0.84606 -0.228794 0.481444 0.846088 -0.228807 0.481456 0.846078 -0.228778 0.481422 0.846105 -0.642211 -0.353098 0.680358 -0.64218 -0.353127 0.680372 -0.642179 -0.353128 0.680372 -0.642219 -0.353088 0.680355 -0.500526 -0.809756 0.306217 -0.50053 -0.809752 0.306222 -0.500562 -0.809734 0.306216 -0.500493 -0.809779 0.30621 -0.716266 -0.697157 0.030592 -0.716267 -0.697155 0.030593 -0.716279 -0.697143 0.030598 -0.993477 -0.112252 0.020094 -0.993474 -0.112273 0.020086 -0.99347 -0.112308 0.020085 -0.606718 0.794626 -0.021504 -0.606748 0.794604 -0.021493 -0.606731 0.794616 -0.021502 0.035927 0.999099 -0.022573 0.035918 0.9991 -0.02257 0.035885 0.999101 -0.022565 0.708752 0.705454 0.002346 0.708755 0.70545 0.002341 0.708752 0.705454 0.002343 0.708758 0.705448 0.002341 0.984855 0.173362 0.002387 0.984853 0.173378 0.002393 0.984851 0.173389 0.002396 0.984856 0.173356 0.002384 0.767529 -0.640434 -0.027268 0.767543 -0.640417 -0.027275 0.767527 -0.640436 -0.027262 0 -1 0.000000 0 -1 0.000000 0 -1 0.000000 0 -1 0.000000 0 -1 0.000000 0 -1 0.000000 0 0.000000 1 0 0.000000 1 0 0.000000 1 0 0.000000 1 1 0 -0.000000 1 0 -0.000000 1 0 -0.000000 1 0 -0.000000 1 0 -0.000000 1 0 -0.000000 -0.999366 0.023314 -0.026911 -0.999368 0.023281 -0.026872 -0.999367 0.023285 -0.026879 -0.999366 0.023308 -0.026903 0 -1 0.000000 0 -1 0.000000 0 -1 0.000000 0 -1 0.000000 0 -0.000003 1 0 0.000001 1 0 0.000000 1 0 -0.000004 1 0 0.000000 1 0 0.000003 1 0 0.000000 1 0 0.000004 1 0 0.000000 1 0 -0.000002 1 0 0.000001 1 0 -0.000001 1 0 0.000000 1 0 -0.000005 1 0 -0.000004 1 0 0.000003 1 0 -0.000003 1 0 0.000005 1 0.997735 0.067269 0.00009 0.997742 0.067158 0.000063 0.997734 0.067282 0.000093 0.997732 0.067308 0.000099 0.800493 0.599342 -0.000000 0.800492 0.599343 -0.000000 0.800492 0.599343 -0.000000 0.800493 0.599342 -0.000000 0.800492 0.599344 -0.000000 0.800492 0.599344 -0.000000 0.800492 0.599344 -0.000000 0.800492 0.599344 -0.000000 -0.98904 0.14765 -0.000077 -0.989048 0.147591 -0.000059 -0.989047 0.147604 -0.000063 -0.989038 0.147664 -0.000081 0 -0.669599 0.742723 0 -0.669602 0.74272 0 -0.669601 0.742721 0 -0.669599 0.742723 0.998071 0.058524 0.020713 0.99807 0.058535 0.020732 0.99807 0.058539 0.020738 0.998069 0.058545 0.020747 0 1 -0.000000 0 1 -0.000000 0 1 -0.000000 0 1 -0.000000 0 1 -0.000000 0 1 -0.000000 -0.822315 0.569033 0 -0.822315 0.569033 0 -0.822315 0.569033 0 -0.822315 0.569033 0 -0.989038 0.147664 0 -0.989038 0.147664 0 -0.989038 0.147664 0 -0.989038 0.147664 0 0 -0.974038 0.226386 0 -0.974038 0.226386 0 -0.974038 0.226386 0 -0.974038 0.226386 0.989024 0.147583 -0.007195 0.989024 0.147583 -0.007195 0.989024 0.147583 -0.007195 -0.811829 0.583889 0.002931 -0.811827 0.583891 0.002931 -0.81182 0.5839 0.00293 -0.811815 0.583907 0.002926 0 1 -0.000000 0 1 -0.000000 -0.811827 0.58387 -0.005612 -0.811817 0.583885 -0.005606 -0.811803 0.583905 -0.0056 -0.811825 0.583873 -0.00561 -0.989014 0.14766 -0.00689 -0.989014 0.14766 -0.00689 -0.989014 0.14766 -0.00689 0 -0.000001 1 0 0.000002 1 0 0.000001 1 0 -0.000002 1 0.994595 0.10383 -0.000000 0.994595 0.10383 -0.000000 0.994595 0.10383 -0.000000 0.994595 0.10383 -0.000000 0 -0.000000 -1 0 0 -1 0 -0.000000 -1 0 0 -1 0 -0.000000 -1 0 -0.000000 -1 0 -0.000000 -1 0 0.000000 -1 0 -0.000000 -1 0 -0.000000 -1 0 -0.000000 -1 0 0.000001 1 0 -0.000001 1 0 -0.000002 1 0 0.000003 1 -0.945652 0.32 -0.057822 -0.945653 0.319996 -0.057824 -0.945653 0.319993 -0.057826 -0.945651 0.320002 -0.057821 0 0.000003 1 0 -0.000002 1 0 0.000007 1 0 -0.000003 1 0.755946 0.654634 -0.000000 0.755943 0.654638 -0.000000 0.755942 0.654638 -0.000000 0.755946 0.654634 -0.000000 0.947236 0.320537 -0.000000 0.947236 0.320537 -0.000000 0.947236 0.320537 -0.000000 0.947236 0.320537 -0.000000 -0.754138 0.653081 -0.068993 -0.75414 0.653079 -0.068994 -0.754141 0.653078 -0.068994 -0.754138 0.653082 -0.068993 0 -0.000001 1 0 -0.000007 1 0 0.000019 1 0 -0.000011 1 0.431752 0.901992 -0.000000 0.431748 0.901994 -0.000000 0.431747 0.901995 -0.000000 0.431752 0.901992 -0.000000 -0.430344 0.899082 -0.080352 -0.430356 0.899076 -0.080349 -0.43034 0.899083 -0.080352 -0.430359 0.899074 -0.080349 0 -0.707107 0.707107 0 -0.707107 0.707107 0 -0.707107 0.707107 0 -0.707107 0.707107 -0.99303 0.103671 -0.056066 -0.993031 0.103668 -0.056064 -0.99303 0.103673 -0.056067 -0.993031 0.103666 -0.056063 0 0.008252 -0.999966 0 0.008252 -0.999966 0 0.008252 -0.999966 0 0.008252 -0.999966 -1 0 0.000000 -1 0 0.000000 -1 0 0.000000 -1 0 0.000000 -1 0 0.000000 -1 0 0.000000 0 -0.000000 -1 0 -0.000000 -1 0 -0.000000 -1 0 -0.000000 -1 0 -0.000000 -1 0 -0.000000 -1 0 -0.000000 -1 0 -0.000000 -1 -0.99961 0.027925 0.000263 -0.999608 0.027983 0.000316 -0.999606 0.028072 0.0004 -0.999611 0.027891 0.00023 -0.997734 0.067277 -0.000000 -0.997747 0.067094 -0.000044 -0.997736 0.067246 -0.000008 -0.997735 0.067271 -0.000001 -0.998073 0.058484 0.020716 -0.998071 0.05851 0.020758 -0.998071 0.058509 0.020757 -0.998071 0.05851 0.02076 0.989049 0.147587 -0.000000 0.989049 0.147587 -0.000000 0.989049 0.147587 -0.000000 0.989049 0.147587 -0.000000 0.989049 0.147587 -0.000000 0.989049 0.147587 -0.000000 0 -0.356982 0.934111 0 -0.356983 0.934111 0 -0.356983 0.934111 0 -0.356982 0.934111 0 -0.000002 -1 0 -0.000000 -1 0 -0.000003 -1 0 -0.000000 -1 0.955914 0.293648 -0.000000 0.955913 0.293649 -0.000000 0.955913 0.293649 -0.000000 0.955914 0.293648 -0.000000 0.955913 0.29365 -0.000000 0.955913 0.29365 -0.000000 -0.952488 0.304571 0.00154 -0.952484 0.304584 0.001538 -0.952497 0.304544 0.001545 -0.952494 0.304553 0.001542 -0.948688 0.316213 0 -0.948687 0.316216 0 -0.948688 0.316213 0 -0.948687 0.316216 0 0.956101 0.293038 0.000283 0.955951 0.293527 0.000147 0.955914 0.293648 0.000114 0.956002 0.29336 0.000193 -0.952608 0.304189 -0.002729 -0.952603 0.304204 -0.002726 -0.952614 0.304169 -0.002733 -0.952611 0.304179 -0.002732 0 0.000000 -1 0 -0.000002 -1 0 -0.000004 -1 0 0.000003 -1 0 -0.000000 -1 0 0.000003 -1 0 0.000000 -1 0 0.000004 -1 0.979208 0.202858 -0.000000 0.979208 0.202857 -0.000000 0.979208 0.202857 -0.000000 0.979208 0.202858 -0.000000 0.979208 0.202857 -0.000000 0.979208 0.202857 -0.000000 -0.893541 0.448959 0.004505 -0.893568 0.448904 0.004516 -0.893582 0.448878 0.00452 -0.893703 0.448636 0.004561 -0.893714 0.448637 0 -0.893713 0.44864 0 -0.893714 0.448637 0 -0.893713 0.44864 0 0.979389 0.20198 0.000584 0.979314 0.202348 0.000474 0.979302 0.202406 0.000457 0.979299 0.202417 0.000453 -0.893686 0.448611 -0.008616 -0.893707 0.448569 -0.008629 -0.893713 0.448556 -0.008633 -0.89368 0.448623 -0.008612 0 -0.000000 -1 0 -0.000001 -1 0 -0.000001 -1 0 -0.000000 -1 0 -0.000000 -1 0 -0.000000 -1 0 -0.000000 -1 -0.979205 0.202873 -0.000059 -0.979189 0.20295 -0.000047 -0.979203 0.202882 -0.000057 -0.979188 0.202958 -0.000045 0.893574 0.448916 -0.000000 0.893573 0.448917 -0.000000 0.893573 0.448917 -0.000000 0.893574 0.448916 -0.000000 0.893573 0.448917 -0.000000 0.893573 0.448917 -0.000000 -0.979187 0.202958 0 -0.979187 0.202958 0 -0.979187 0.202958 0 -0.979187 0.202958 0 0.893567 0.44893 -0.000002 0.893605 0.448854 0.00002 0.893574 0.448916 -0.000000 0.893743 0.44858 0.000112 -0.979386 0.201999 0.000695 -0.979281 0.202507 0.000544 -0.979296 0.202431 0.000567 -0.979318 0.202328 0.000598 0 0.000000 -1 0 -0.000000 -1 0 -0.000001 -1 0 0.000000 -1 0.999607 0.028022 0.000354 0.999604 0.028122 0.000448 0.999608 0.027995 0.000328 0.999596 0.028427 0.000736 0.994808 0.101766 -0.000194 0.994796 0.101888 -0.000165 0.994804 0.101807 -0.000184 0.9948 0.101851 -0.000174 0.999362 0.035704 0.00054 0.999368 0.03553 0.000496 0.999361 0.03574 0.000549 0.999358 0.035833 0.000573 0 -0.834866 0.550453 0 -0.834866 0.550453 0 -0.834866 0.550453 0 -0.834866 0.550454 0 -0.566332 0.824178 0 -0.566332 0.824178 0 -0.566332 0.824178 0 -0.566332 0.824177 0.996252 0.086339 0.005285 0.996251 0.086349 0.005291 0.996252 0.086332 0.005281 0.996251 0.086353 0.005292 0.998925 0.032239 0.03332 0.998925 0.032239 0.03332 0.998925 0.032239 0.03332 -0.999355 0.035918 0.000517 -0.999368 0.035551 0.000425 -0.999363 0.035688 0.00046 -0.999361 0.035751 0.000476 -0.994818 0.10167 -0.000309 -0.994792 0.101923 -0.000249 -0.99481 0.101754 -0.000289 -0.994815 0.101704 -0.000301 -0.998925 0.03217 0.033371 -0.998925 0.03217 0.033371 -0.998925 0.03217 0.033371 -0.996249 0.086373 0.005284 -0.996247 0.086389 0.005294 -0.996252 0.086339 0.005263 -0.996247 0.086392 0.005297 0 -0.997466 0.071151 0 -0.997466 0.071151 0 -0.997466 0.071151 0 -0.997466 0.071151 0.987602 0.156981 -0.000158 0.987618 0.156878 -0.000068 0.987601 0.156983 -0.00016 0.987606 0.156956 -0.000135 -0.987589 0.157059 -0.000236 -0.987632 0.156788 0.000015 -0.987617 0.156884 -0.000076 -0.987622 0.156853 -0.000047 0.951626 0.254988 0.171432 0.951627 0.254986 0.171433 0.951627 0.254981 0.171437 0.951626 0.254993 0.171428 0.696642 0.696635 0.171435 0.696641 0.696636 0.171433 0.696638 0.69664 0.171428 0.696645 0.696631 0.17144 0.254987 0.951626 0.171433 0.254984 0.951627 0.171434 0.254993 0.951625 0.171428 0.254977 0.951628 0.171439 -0.254991 0.951626 0.171428 -0.254982 0.951627 0.171434 -0.254984 0.951627 0.171433 -0.254974 0.951629 0.171439 -0.696643 0.696634 0.171432 -0.696643 0.696635 0.171431 -0.696645 0.696632 0.171436 -0.696642 0.696637 0.171428 -0.951625 0.25499 0.171436 -0.951625 0.254991 0.171434 -0.951625 0.254985 0.171439 -0.951624 0.254995 0.171431 -0.951624 -0.254992 0.17144 -0.951624 -0.254995 0.171434 -0.951624 -0.254994 0.171436 -0.951624 -0.254998 0.171431 -0.69664 -0.69664 0.171424 -0.696641 -0.696636 0.171432 -0.696641 -0.696637 0.17143 -0.696642 -0.696634 0.171438 -0.25498 -0.951629 0.171426 -0.254982 -0.951629 0.171426 -0.254974 -0.95163 0.171429 -0.254987 -0.951628 0.171423 0.254978 -0.951629 0.171431 0.254977 -0.95163 0.171429 0.254978 -0.951629 0.171431 0.254979 -0.951628 0.171433 0.69664 -0.696636 0.171436 0.696641 -0.696635 0.171438 0.69664 -0.696638 0.171432 0.696641 -0.696634 0.171442 0.951626 -0.25499 0.171433 0.951625 -0.254992 0.171432 0.951627 -0.254983 0.171436 0.951624 -0.254999 0.171428 0.748036 0.200439 -0.632666 0.748036 0.200439 -0.632666 0.748036 0.200439 -0.632666 0.748035 0.200439 -0.632667 0.547606 0.547595 -0.632666 0.547607 0.547593 -0.632668 0.547609 0.547589 -0.63267 0.547605 0.547599 -0.632665 0.200431 0.748028 -0.632678 0.200433 0.748031 -0.632674 0.200435 0.748033 -0.632671 0.200436 0.748036 -0.632667 -0.200433 0.748033 -0.632671 -0.200432 0.748031 -0.632674 -0.20043 0.748027 -0.63268 -0.200435 0.748036 -0.632667 -0.547608 0.547593 -0.632667 -0.547607 0.547595 -0.632666 -0.547609 0.547589 -0.632669 -0.547606 0.547598 -0.632665 -0.748034 0.200435 -0.63267 -0.748036 0.200439 -0.632666 -0.748035 0.200436 -0.632668 -0.748033 0.200431 -0.632673 -0.748034 -0.200438 -0.632668 -0.748034 -0.20044 -0.632668 -0.748034 -0.200443 -0.632667 -0.748035 -0.200435 -0.632669 -0.547608 -0.547593 -0.632667 -0.547606 -0.547595 -0.632667 -0.547603 -0.547598 -0.632667 -0.547612 -0.54759 -0.632666 -0.200429 -0.748038 -0.632667 -0.200432 -0.748039 -0.632665 -0.20043 -0.748038 -0.632666 -0.200428 -0.748037 -0.632668 0.20043 -0.748039 -0.632666 0.200431 -0.748039 -0.632665 0.200433 -0.748039 -0.632664 0.200429 -0.748038 -0.632667 0.547601 -0.547593 -0.632673 0.547598 -0.547604 -0.632667 0.5476 -0.547597 -0.632671 0.547604 -0.547584 -0.632678 0.748036 -0.200441 -0.632666 0.748035 -0.20044 -0.632667 0.748038 -0.200442 -0.632662 0.748033 -0.20044 -0.63267 0.909059 0.243586 -0.33805 0.909059 0.243585 -0.33805 0.909059 0.243585 -0.33805 0.909059 0.243584 -0.338051 0.665478 0.665482 -0.338041 0.665481 0.665477 -0.338047 0.66548 0.665478 -0.338046 0.665483 0.665472 -0.338052 0.243584 0.909064 -0.338038 0.243583 0.909064 -0.338039 0.243588 0.909064 -0.338035 0.243579 0.909064 -0.338042 -0.243586 0.909065 -0.338034 -0.243581 0.909064 -0.33804 -0.243581 0.909064 -0.338039 -0.243577 0.909063 -0.338044 -0.66548 0.665477 -0.33805 -0.66548 0.665476 -0.33805 -0.665479 0.665479 -0.338046 -0.66548 0.665473 -0.338055 -0.909061 0.24358 -0.33805 -0.909061 0.243581 -0.338049 -0.90906 0.243576 -0.338054 -0.909061 0.243586 -0.338044 -0.90906 -0.243583 -0.338049 -0.90906 -0.24359 -0.338044 -0.90906 -0.243583 -0.33805 -0.909059 -0.243577 -0.338055 -0.66548 -0.665474 -0.338053 -0.665482 -0.66547 -0.338059 -0.66548 -0.665475 -0.338053 -0.665479 -0.665478 -0.338048 -0.243575 -0.909061 -0.338052 -0.243576 -0.909061 -0.338052 -0.24357 -0.909061 -0.338056 -0.24358 -0.909061 -0.338048 0.243577 -0.909061 -0.338052 0.243578 -0.909061 -0.338051 0.243583 -0.909061 -0.338047 0.243572 -0.90906 -0.338057 0.66548 -0.665479 -0.338045 0.66548 -0.665479 -0.338045 0.665478 -0.66548 -0.338046 0.665481 -0.665478 -0.338044 0.909059 -0.243586 -0.338049 0.909059 -0.243587 -0.338049 0.909059 -0.243584 -0.33805 0.909059 -0.243588 -0.338049 0.418421 0.112115 0.901307 0.418423 0.112117 0.901306 0.418425 0.112119 0.901305 0.418419 0.112114 0.901308 0.30631 0.306303 0.901306 0.306307 0.306305 0.901306 0.306304 0.306307 0.901307 0.306312 0.306302 0.901306 0.112112 0.418426 0.901305 0.112111 0.418424 0.901306 0.11211 0.418422 0.901307 0.112112 0.418428 0.901304 -0.112115 0.41843 0.901303 -0.112113 0.418428 0.901304 -0.112116 0.418432 0.901301 -0.112111 0.418425 0.901305 -0.306309 0.306312 0.901303 -0.306309 0.306311 0.901304 -0.30631 0.306313 0.901303 -0.306308 0.30631 0.901304 -0.418426 0.112117 0.901304 -0.418422 0.112119 0.901306 -0.418425 0.112118 0.901305 -0.418428 0.112116 0.901304 -0.418424 -0.112119 0.901305 -0.418426 -0.112118 0.901304 -0.418428 -0.112117 0.901303 -0.418421 -0.11212 0.901306 -0.306307 -0.306311 0.901304 -0.306307 -0.306311 0.901304 -0.306307 -0.30631 0.901305 -0.306308 -0.306312 0.901304 -0.112119 -0.418428 0.901303 -0.112119 -0.418424 0.901305 -0.11212 -0.418433 0.901301 -0.112118 -0.41842 0.901307 0.11212 -0.418426 0.901304 0.112117 -0.418428 0.901304 0.112118 -0.418427 0.901304 0.112121 -0.418426 0.901304 0.306309 -0.306308 0.901305 0.306308 -0.306305 0.901306 0.306308 -0.306306 0.901305 0.306309 -0.306311 0.901304 0.418421 -0.112116 0.901307 0.418422 -0.112117 0.901306 0.41842 -0.112115 0.901308 0.418423 -0.112118 0.901306 -0.858423 -0.230031 0.458472 -0.858426 -0.230013 0.458475 -0.858426 -0.23001 0.458476 -0.858422 -0.230037 0.458471 -0.628417 -0.628402 0.458478 -0.628412 -0.628411 0.458473 -0.628411 -0.628412 0.458473 -0.628419 -0.6284 0.45848 -0.230006 -0.858429 0.458473 -0.230028 -0.858425 0.458469 -0.230003 -0.858429 0.458474 -0.230036 -0.858424 0.458468 0.230001 -0.85843 0.458474 0.230028 -0.858425 0.458469 0.230004 -0.858429 0.458474 0.230036 -0.858424 0.458468 0.62841 -0.628413 0.458473 0.628401 -0.628421 0.458475 0.628409 -0.628414 0.458473 0.628398 -0.628423 0.458476 0.858426 -0.230016 0.458472 0.858428 -0.229997 0.458478 0.858426 -0.230018 0.458472 0.858429 -0.229991 0.45848 0.858424 0.230023 0.458474 0.858427 0.230009 0.458475 0.858424 0.230021 0.458474 0.858428 0.230005 0.458475 0.6284 0.628421 0.458477 0.62841 0.628414 0.458472 0.628397 0.628423 0.458478 0.628411 0.628413 0.458472 0.230023 0.858424 0.458473 0.230023 0.858424 0.458473 0.230023 0.858424 0.458474 0.230022 0.858424 0.458473 -0.230023 0.858424 0.458474 -0.230016 0.858425 0.458474 -0.230021 0.858424 0.458474 -0.230016 0.858425 0.458475 -0.628413 0.62841 0.458473 -0.628427 0.628393 0.458478 -0.628411 0.628413 0.458472 -0.628432 0.628387 0.45848 -0.858424 0.230017 0.458477 -0.858422 0.23004 0.458469 -0.858424 0.230014 0.458478 -0.858421 0.230048 0.458466 0 0.000000 1 0 0.000000 1 0 0.000000 1 0 0.000001 1 0 0.000000 1 0 0.000000 1 0 0.000001 1 0 0.000000 1 0 0.000000 1 0 0.000000 1 0 0.000000 1 0 0.00001 1 0 0.000004 1 0 0.000006 1 0 0.000000 1 -0.793099 0.212508 -0.570819 -0.793099 0.212508 -0.570819 -0.793099 0.212513 -0.570817 -0.793099 0.212502 -0.570822 -0.793098 -0.212512 -0.570819 -0.793098 -0.212512 -0.570819 -0.793099 -0.212517 -0.570815 -0.793097 -0.212504 -0.570823 -0.580593 -0.580592 -0.57081 -0.580589 -0.580592 -0.570814 -0.580589 -0.580592 -0.570814 -0.580584 -0.580593 -0.570819 -0.212506 -0.793101 -0.570816 -0.21251 -0.793102 -0.570814 -0.212511 -0.793102 -0.570814 -0.212516 -0.793103 -0.570811 0.212513 -0.793103 -0.570812 0.212513 -0.793103 -0.570812 0.212509 -0.793102 -0.570815 0.212517 -0.793103 -0.570809 0.580587 -0.580592 -0.570817 0.580587 -0.580592 -0.570817 0.580583 -0.580594 -0.570819 0.580592 -0.58059 -0.570814 0.793096 -0.212515 -0.570821 0.793094 -0.212512 -0.570825 0.793094 -0.212512 -0.570825 0.793093 -0.21251 -0.570827 0.965927 0.258814 -0.000000 0.965927 0.258815 -0.000000 0.965927 0.258814 -0.000000 0.965927 0.258815 -0.000000 0.707107 0.707106 -0.000000 0.707105 0.707108 -0.000000 0.707107 0.707107 -0.000000 0.707105 0.707109 -0.000000 0.258817 0.965926 -0.000000 0.258817 0.965926 -0.000000 0.258817 0.965926 -0.000000 0.258817 0.965926 -0.000000 -0.258815 0.965927 -0.000000 -0.258814 0.965927 -0.000000 -0.258815 0.965927 -0.000000 -0.258814 0.965927 -0.000000 -0.707104 0.70711 0 -0.707106 0.707108 0 -0.707105 0.707109 0 -0.707106 0.707108 0 -0.965928 0.258812 0 -0.965928 0.258813 0 -0.965927 0.258813 0 -0.965928 0.258812 0 -0.965927 -0.258815 0.000000 -0.965927 -0.258815 0.000000 -0.965927 -0.258816 0.000000 -0.965927 -0.258814 0.000000 -0.707101 -0.707113 0.000000 -0.707101 -0.707112 0.000000 -0.707101 -0.707113 0.000000 -0.707101 -0.707112 0.000000 -0.258824 -0.965924 0.000000 -0.258821 -0.965925 0.000000 -0.258823 -0.965925 0.000000 -0.25882 -0.965925 0.000000 0.258822 -0.965925 0.000000 0.258826 -0.965924 0.000000 0.258824 -0.965925 0.000000 0.258827 -0.965924 0.000000 0.707107 -0.707107 0 0.707107 -0.707106 0 0.707107 -0.707107 0 0.707107 -0.707106 0 0.965924 -0.258826 0 0.965924 -0.258826 0 0.965924 -0.258826 0 0.965924 -0.258826 0 0.949257 0.254346 -0.184987 0.949257 0.254343 -0.184988 0.949256 0.254347 -0.184986 0.949257 0.254342 -0.184989 0.694901 0.694905 -0.184986 0.694902 0.694903 -0.184986 0.694901 0.694905 -0.184986 0.694903 0.694903 -0.184986 0.254358 0.949254 -0.184984 0.254351 0.949256 -0.184986 0.254356 0.949254 -0.184984 0.254349 0.949256 -0.184986 -0.254352 0.949255 -0.184984 -0.254348 0.949256 -0.184985 -0.254354 0.949255 -0.184984 -0.254346 0.949257 -0.184986 -0.694903 0.694903 -0.184986 -0.694902 0.694904 -0.184986 -0.694903 0.694903 -0.184986 -0.694901 0.694904 -0.184987 -0.949255 0.254352 -0.184985 -0.949256 0.254347 -0.184986 -0.949257 0.254345 -0.184987 -0.949255 0.254354 -0.184984 -0.949255 -0.254351 -0.184987 -0.949254 -0.254358 -0.184984 -0.949256 -0.254348 -0.184989 -0.949253 -0.254362 -0.184982 -0.694898 -0.694906 -0.184991 -0.694902 -0.694904 -0.184989 -0.694899 -0.694906 -0.18499 -0.694903 -0.694903 -0.184988 -0.254356 -0.949253 -0.18499 -0.254365 -0.949252 -0.184987 -0.254358 -0.949253 -0.184989 -0.254367 -0.949251 -0.184986 0.254361 -0.949252 -0.184989 0.254368 -0.949251 -0.184987 0.254358 -0.949253 -0.18499 0.254371 -0.94925 -0.184986 0.694904 -0.694902 -0.184988 0.694901 -0.694904 -0.184989 0.694905 -0.694901 -0.184988 0.6949 -0.694905 -0.184989 0.949253 -0.254359 -0.184985 0.949255 -0.254351 -0.184986 0.949254 -0.254357 -0.184985 0.949256 -0.254348 -0.184987 0 -0.000000 -1 0 -0.000000 -1 0 -0.000000 -1 0 -0.000000 -1 0 -0.000000 -1 0 -0.000000 -1 0 -0.000000 -1 0 -0.000000 -1 0 -0.000000 -1 0 0 -1 0 -0.000000 -1 0 -0.000000 -1 0 -0.000000 -1 0 -0.000000 -1 0 -0.000000 -1 0 -0.000000 -1 0 -0.000000 -1 0 0 -1 0 -0.000000 -1 0 0 -1 0 -0.000000 -1 0 -0.000000 -1 0 -0.000000 -1 0 -0.000000 -1 0 -0.000000 -1 0 -0.000000 -1 0 0.000000 -1 0 0.000000 -1 0 0.000000 -1 0 0.000002 -1 0 -0.000001 -1 0 0.000002 -1 0 -0.000002 -1 0 -0.000001 -1 0 -0.000001 -1 0 -0.000003 -1 0 0.000001 -1 0 -0.000000 -1 0 -0.000000 -1 0 -0.000000 -1 0 -0.000000 -1 0 -0.000000 -1 -0.945561 -0.091349 -0.312363 -0.945561 -0.091348 -0.312363 -0.94556 -0.091346 -0.312366 -0.945561 -0.091351 -0.312361 -0.950034 0 -0.312148 -0.950033 0 -0.312148 -0.950033 0 -0.312148 -0.950034 0 -0.312148 0 0.94236 -0.334601 0 0.94236 -0.3346 0 0.94236 -0.3346 0 0.94236 -0.334601 0.950038 -0.000000 -0.312135 0.950038 -0.000000 -0.312135 0.950038 -0.000000 -0.312135 0.950038 -0.000000 -0.312135 0.945563 -0.091343 -0.312357 0.945563 -0.091344 -0.312356 0.945562 -0.09134 -0.31236 0.945564 -0.091347 -0.312352 0.90597 -0.28368 -0.314237 0.90597 -0.28368 -0.314237 0.90597 -0.283683 -0.314234 0.90597 -0.283676 -0.31424 0.739011 -0.592195 -0.321197 0.739018 -0.592184 -0.321202 0.739023 -0.592176 -0.321206 0.739005 -0.592206 -0.321192 0.302546 -0.914391 -0.268988 0.302528 -0.9144 -0.268978 0.302572 -0.91439 -0.268961 0.302495 -0.914405 -0.268999 0 -0.977328 -0.21173 0 -0.977328 -0.21173 0 -0.977328 -0.21173 -0.302798 -0.914289 -0.269053 -0.302738 -0.914304 -0.269069 -0.302746 -0.914305 -0.269055 -0.302707 -0.914315 -0.269066 -0.739016 -0.592186 -0.321202 -0.739015 -0.59219 -0.321199 -0.739018 -0.592182 -0.321205 -0.739013 -0.592193 -0.321196 -0.905969 -0.283673 -0.314244 -0.905969 -0.283673 -0.314243 -0.90597 -0.283676 -0.31424 -0.905969 -0.28367 -0.314247 0.580592 0.580587 -0.570817 0.580585 0.58059 -0.570821 0.580585 0.58059 -0.570821 0.580579 0.580593 -0.570824 -0.580588 0.580588 -0.57082 -0.580588 0.580588 -0.57082 -0.580588 0.580587 -0.570821 -0.580587 0.580589 -0.57082 0.212506 0.793098 -0.570822 0.212504 0.793097 -0.570823 0.212506 0.793098 -0.570822 0.212508 0.793098 -0.570821 0 0.000000 1 0.793097 0.212504 -0.570823 0.793097 0.212504 -0.570823 0.793096 0.212506 -0.570824 0.793099 0.212502 -0.570821 -0.212504 0.793097 -0.570824 -0.212504 0.793097 -0.570824 -0.212503 0.793097 -0.570824 -0.212506 0.793097 -0.570823 0 0.000000 1 0.952839 0.255306 -0.164061 0.952839 0.255305 -0.164061 0.952839 0.255306 -0.164061 0.952839 0.255307 -0.164061 0.697518 0.697532 -0.164067 0.697518 0.697532 -0.164066 0.697514 0.697536 -0.164069 0.697522 0.697529 -0.164064 0.255314 0.952835 -0.164072 0.255313 0.952835 -0.164072 0.255322 0.952834 -0.164068 0.255305 0.952837 -0.164076 -0.255311 0.952836 -0.164071 -0.25531 0.952836 -0.164072 -0.255302 0.952838 -0.164076 -0.255319 0.952835 -0.164066 -0.697525 0.697525 -0.164065 -0.697525 0.697525 -0.164065 -0.697524 0.697527 -0.164065 -0.697526 0.697524 -0.164064 -0.952836 0.255317 -0.164065 -0.952836 0.255316 -0.164066 -0.952836 0.255319 -0.164061 -0.952836 0.255314 -0.16407 -0.952835 -0.255317 -0.164069 -0.952835 -0.255321 -0.164066 -0.952835 -0.255321 -0.164066 -0.952834 -0.255324 -0.164063 -0.697525 -0.697526 -0.164063 -0.697524 -0.697526 -0.164063 -0.697526 -0.697526 -0.16406 -0.697523 -0.697527 -0.164065 -0.255308 -0.952839 -0.164062 -0.255308 -0.952839 -0.164062 -0.255306 -0.952839 -0.164063 -0.25531 -0.952838 -0.164061 0.2553 -0.952838 -0.164076 0.255304 -0.952838 -0.16407 0.255304 -0.952838 -0.16407 0.255309 -0.952838 -0.164063 0.697525 -0.697525 -0.164065 0.69752 -0.697529 -0.16407 0.69752 -0.697529 -0.16407 0.697515 -0.697533 -0.164075 0.952838 -0.255311 -0.164061 0.952838 -0.255311 -0.164061 0.952838 -0.255312 -0.164061 0.952838 -0.255311 -0.164062 0.965787 0.258785 -0.01694 0.965787 0.258785 -0.016939 0.965786 0.258785 -0.016939 0.965787 0.258784 -0.01694 0.707009 0.707002 -0.016945 0.707007 0.707003 -0.016944 0.707004 0.707006 -0.01694 0.707012 0.706999 -0.016949 0.258772 0.96579 -0.016944 0.258779 0.965788 -0.016938 0.258774 0.965789 -0.016942 0.258767 0.965791 -0.016948 -0.258777 0.965788 -0.016935 -0.258777 0.965789 -0.016935 -0.258775 0.965789 -0.016938 -0.258779 0.965788 -0.016932 -0.707004 0.707007 -0.016933 -0.707005 0.707006 -0.016932 -0.707006 0.707005 -0.01693 -0.707002 0.707008 -0.016935 -0.965789 0.258777 -0.016935 -0.965789 0.258777 -0.016936 -0.965788 0.258778 -0.016933 -0.965789 0.258776 -0.016938 -0.965788 -0.258779 -0.016935 -0.965788 -0.25878 -0.016934 -0.965787 -0.258782 -0.016932 -0.965788 -0.258777 -0.016938 -0.707002 -0.707009 -0.01693 -0.707003 -0.707008 -0.016928 -0.707003 -0.707008 -0.016927 -0.707004 -0.707007 -0.016925 -0.258786 -0.965786 -0.01693 -0.258784 -0.965787 -0.016932 -0.258791 -0.965785 -0.016925 -0.258779 -0.965788 -0.016938 0.258786 -0.965786 -0.016934 0.258788 -0.965786 -0.016932 0.258791 -0.965785 -0.016929 0.258783 -0.965787 -0.016938 0.707004 -0.707007 -0.016935 0.707004 -0.707007 -0.016935 0.707004 -0.707006 -0.016934 0.707003 -0.707008 -0.016935 0.965786 -0.258786 -0.016938 0.965786 -0.258787 -0.016938 0.965786 -0.258787 -0.016938 0.965786 -0.258788 -0.016939 0 1 -0.000000 0 1 -0.000000 0 1 -0.000000 0 1 -0.000000 0 0.996228 -0.086773 0 0.996228 -0.086773 0 0.996228 -0.086773 0 0.996228 -0.086773 0.998259 0 -0.058987 0.998259 0 -0.058987 0.998259 0 -0.058987 0.998259 0 -0.058987 0 -0.000000 -1 0 0 -1 0 -0.000000 -1 0 -0.000000 -1 0.993031 0.103669 -0.056062 0.99303 0.10367 -0.056063 0.99303 0.103671 -0.056063 0.993031 0.103667 -0.056061 -0.994595 0.103829 0 -0.994595 0.103829 0 -0.994595 0.103829 0 -0.994595 0.103829 0 0.945653 0.319996 -0.057822 0.945652 0.319999 -0.05782 0.945654 0.319994 -0.057823 0.945651 0.32 -0.057819 -0.947236 0.320538 0 -0.947236 0.320538 0 -0.947236 0.320538 0 -0.947236 0.320538 0 0.754134 0.653087 -0.068993 0.754139 0.65308 -0.068996 0.754132 0.653089 -0.068992 0.754141 0.653078 -0.068997 -0.755939 0.654642 0 -0.755943 0.654638 0 -0.755943 0.654638 0 -0.755939 0.654642 0 0.430349 0.899079 -0.080352 0.430359 0.899075 -0.080351 0.430351 0.899078 -0.080352 0.43036 0.899074 -0.080351 -0.431746 0.901995 -0.000000 -0.431751 0.901993 -0.000000 -0.431747 0.901995 -0.000000 -0.431751 0.901993 -0.000000 0.999366 0.023313 -0.02691 0.999368 0.023279 -0.026872 0.999366 0.023305 -0.026902 0.999368 0.023286 -0.026878 -0.998259 0 -0.058989 -0.998259 0 -0.058988 -0.998259 0 -0.058989 -0.998259 0 -0.058988 0.866026 0.5 -0.000000 0.866026 0.5 -0.000000 0.866026 0.5 -0.000000 0.866025 0.5 -0.000000 0.866026 0.499999 -0.000000 0.866026 0.499999 -0.000000 0.000000 0.000000 1 0.000000 0.000000 1 0.000000 0.000000 1 0.000000 0.000000 1 0.000000 0.000000 1 0.000000 -0.000000 1 0.000000 -0.000000 1 0.000000 0.000000 1 -0.007147 -0.004126 -0.999966 -0.007147 -0.004126 -0.999966 -0.007147 -0.004126 -0.999966 -0.007147 -0.004127 -0.999966 0.479492 -0.877133 -0.026915 0.479522 -0.877118 -0.026875 0.479521 -0.877119 -0.02688 0.479496 -0.877132 -0.026909 0.866026 0.499999 -0.000000 0.866026 0.499999 -0.000000 0.866026 0.499999 -0.000000 0.866026 0.499999 -0.000000 0 0.000000 1 0 0.000000 1 0 0.000000 1 0 0.000000 1 0 0.000001 1 0 0.000000 1 0 0.000001 1 0 -0.000000 1 0 0.000000 1 0 -0.000000 1 0 0.000000 1 0 -0.000003 1 0 0.000000 1 0 -0.000000 1 0 0.000001 1 0 -0.000000 1 0 0.000001 1 -0.556983 0.830524 0.00005 -0.557159 0.830406 0.000101 -0.557127 0.830427 0.000091 -0.557073 0.830463 0.000076 -0.919294 0.39357 0 -0.919294 0.393571 0 -0.919295 0.393571 0 -0.919294 0.393571 0 -0.919294 0.393571 0 -0.919294 0.393571 0 -0.099738 -0.995009 0.002931 -0.099743 -0.995009 0.002931 -0.099752 -0.995008 0.00293 -0.099763 -0.995007 0.002928 0.366649 -0.930359 -0.000078 0.366695 -0.930341 -0.000063 0.366636 -0.930364 -0.000082 0.366709 -0.930336 -0.000058 0.579891 0.3348 0.742722 0.57989 0.334799 0.742723 0.57989 0.334799 0.742723 0.579891 0.3348 0.742721 -0.549718 0.835093 0.020712 -0.549728 0.835087 0.020731 -0.54971 0.835099 0.020696 -0.549735 0.835081 0.020747 -0.866029 -0.499993 0.000000 -0.866029 -0.499993 0.000000 -0.866029 -0.499993 0.000000 -0.866029 -0.499993 0.000000 -0.866029 -0.499994 0.000000 -0.866029 -0.499994 0.000000 -0.866029 -0.499993 0.000000 -0.866029 -0.499993 0.000000 -0.866029 -0.499993 0.000000 -0.866029 -0.499993 0.000000 0.366636 -0.930365 0.000000 0.366636 -0.930364 0.000000 0.366636 -0.930364 0.000000 0.366637 -0.930364 0.000000 0.84354 0.48702 0.22639 0.843539 0.487021 0.22639 0.84354 0.487019 0.22639 0.843539 0.487021 0.22639 -0.622322 0.782729 -0.007192 -0.622322 0.782729 -0.007192 -0.622322 0.782729 -0.007192 -0.919295 0.393571 0 -0.919294 0.393571 0 -0.919294 0.393571 0 -0.919295 0.39357 0 -0.081631 -0.996663 0.000000 -0.08163 -0.996663 0.000000 -0.081631 -0.996663 0.000000 -0.08163 -0.996663 0.000000 -0.099743 -0.994997 -0.005605 -0.099725 -0.994999 -0.005613 -0.099728 -0.994999 -0.00561 -0.099767 -0.994995 -0.0056 0.366628 -0.930342 -0.006888 0.366628 -0.930342 -0.006888 0.366628 -0.930342 -0.006888 -0.499999 0.866026 -0.000000 -0.499999 0.866026 -0.000000 -0.5 0.866026 -0.000001 -0.499998 0.866027 -0.000000 -0.587221 0.809427 -0.000000 -0.58722 0.809427 -0.000000 -0.587221 0.809427 -0.000000 -0.58722 0.809427 -0.000000 -0.000000 -0.000000 -1 -0.000000 -0.000000 -1 -0.000000 -0.000000 -1 -0.000000 -0.000000 -1 -0.000000 -0.000000 -1 -0.000000 0 -1 -0.000000 -0.000000 -1 -0.000000 0.000000 -1 0.000000 -0.000000 1 0.000000 0.000000 1 0.000000 0 1 0.000000 -0.000000 1 -0.751208 0.660065 0 -0.751208 0.660065 0 -0.751208 0.660065 0 -0.751208 0.660065 0 -0.000000 -0.000000 -1 -0.000000 -0.000000 -1 -0.000000 -0.000000 -1 -0.000000 0.000000 -1 -0.000000 0.000000 -1 -0.000000 0.000001 -1 -0.000000 -0.000000 -1 0.000000 0.000000 1 0.000000 0.000000 1 0.000000 0.000000 1 0.000000 0.000000 1 -0.944905 0.327344 0 -0.944905 0.327345 0 -0.944905 0.327344 0 -0.944905 0.327345 0 0.195702 -0.978957 -0.057819 0.195706 -0.978956 -0.057821 0.195709 -0.978956 -0.057822 0.1957 -0.978958 -0.057818 -0.188517 -0.979643 -0.068995 -0.188519 -0.979643 -0.068994 -0.18852 -0.979643 -0.068994 -0.188516 -0.979644 -0.068995 0.000000 0.000000 1 0.000000 0.000000 1 0.000000 0.000002 1 -0.997024 -0.077095 0.000000 -0.997024 -0.077095 0.000000 -0.997024 -0.077095 0.000000 -0.997024 -0.077095 0.000000 -0.563443 -0.822239 -0.080348 -0.563438 -0.822242 -0.080348 -0.563442 -0.822239 -0.080348 -0.563437 -0.822243 -0.080349 0.612372 0.353554 0.707107 0.612372 0.353554 0.707107 0.612371 0.353555 0.707107 0.612373 0.353554 0.707106 0.406726 -0.911828 -0.056064 0.406726 -0.911828 -0.056064 0.406726 -0.911828 -0.056064 0.406727 -0.911828 -0.056065 -0.5 0.866025 -0.000000 -0.5 0.866026 -0.000000 -0.500001 0.866025 -0.000000 -0.499999 0.866026 -0.000001 0.500002 -0.866024 0.000001 0.500001 -0.866025 0.000001 0.5 -0.866025 0.000000 0.499999 -0.866026 0.000000 0 -0.000000 -1 0 -0.000000 -1 0 -0.000000 -1 0 -0.000000 -1 0 -0.000000 -1 0 -0.000000 -1 0 -0.000000 -1 0 -0.000000 -1 -0.524073 0.851673 0.000354 -0.524158 0.851621 0.000449 -0.524109 0.851651 0.000394 -0.524121 0.851644 0.000407 0.475494 -0.879719 0.0004 0.475468 -0.879733 0.000425 0.475572 -0.879677 0.000316 0.475559 -0.879684 0.000328 0.440769 -0.89762 -0.000043 0.440608 -0.8977 0 0.440572 -0.897717 0.000009 0.440673 -0.897668 -0.000017 0.448383 -0.893601 0.020714 0.448379 -0.893603 0.020721 0.448359 -0.893612 0.020758 0.448365 -0.89361 0.020749 -0.622338 0.782749 0 -0.622338 0.782749 0 -0.622338 0.782749 0 -0.622338 0.782749 0 -0.622337 0.782749 0 -0.622337 0.78275 0 0.309156 0.178492 0.934111 0.309156 0.178493 0.934111 0.309156 0.178492 0.934111 0.309156 0.178491 0.934111 0 0.000001 -1 0 0.000001 -1 0 0.000001 -1 0 0.000000 -1 0 -0.000000 -1 0 -0.000000 -1 0 0 -1 0 -0.000000 -1 0 -0.000000 -1 0 -0.000002 -1 -0.732257 0.681028 0 -0.732257 0.681028 0 -0.732257 0.681028 0 -0.732258 0.681028 0 -0.732257 0.681028 0 -0.732258 0.681027 0 -0.731822 0.681495 0.000148 -0.732036 0.681266 0.000231 -0.73195 0.681358 0.000197 -0.732052 0.681249 0.000237 0.212909 -0.977068 -0.002738 0.212882 -0.977074 -0.00273 0.212893 -0.977072 -0.002733 0.212899 -0.977071 -0.002734 0.212478 -0.977165 0.001539 0.212485 -0.977163 0.001541 0.212511 -0.977158 0.001544 0.212512 -0.977157 0.001544 0.20051 -0.979692 0.000000 0.20051 -0.979692 0.000000 0.20051 -0.979692 0.000000 0.20051 -0.979692 0.000000 -0.665286 0.746588 0 -0.665287 0.746588 0 -0.665287 0.746588 0 -0.665286 0.746588 0 -0.665287 0.746588 0 -0.665287 0.746588 0 0.058284 -0.99829 0.004558 0.058036 -0.998304 0.004521 0.058314 -0.998288 0.004562 0.058338 -0.998287 0.004565 0.058315 -0.998298 0.000000 0.058315 -0.998298 0.000000 0.058315 -0.998298 0.000000 0.058315 -0.998298 0.000000 -0.664944 0.746893 0.000457 -0.66486 0.746968 0.00049 -0.66514 0.746719 0.000381 -0.664953 0.746885 0.000454 0.058373 -0.998258 -0.008629 0.058326 -0.99826 -0.008616 0.058313 -0.998261 -0.008612 0.058387 -0.998257 -0.008633 0 0.000000 -1 0 0 -1 0 0.000000 -1 0 -0.000000 -1 0 -0.000000 -1 0 -0.000000 -1 0.313832 -0.949479 -0.000057 0.313907 -0.949454 -0.000044 0.313823 -0.949481 -0.000058 0.313916 -0.949451 -0.000043 -0.835562 0.549396 0 -0.835562 0.549397 0 -0.835562 0.549396 0 -0.835562 0.549397 0 -0.835562 0.549396 0 -0.835562 0.549396 0 0.313824 -0.949481 0.000000 0.313823 -0.949482 0.000000 0.313824 -0.949481 0.000000 0.313823 -0.949482 0.000000 -0.835392 0.549655 0.000021 -0.835562 0.549396 0.000114 -0.835523 0.549455 0.000093 -0.835529 0.549446 0.000097 0.31444 -0.949277 0.000565 0.314027 -0.949414 0.000691 0.31426 -0.949337 0.00062 0.314513 -0.949253 0.000543 0 -0.000000 -1 0 -0.000000 -1 0 -0.000000 -1 0 0.000000 -1 0 0.000000 -1 0 0.000000 -1 0 0.000000 -1 -0.585348 0.810782 -0.000248 -0.585635 0.810575 -0.000165 -0.585572 0.81062 -0.000184 -0.585681 0.810542 -0.000152 -0.530681 0.847572 0.000564 -0.53063 0.847603 0.000549 -0.530711 0.847552 0.000573 -0.530609 0.847617 0.000543 0.723014 0.41743 0.550457 0.723014 0.417432 0.550456 0.723015 0.417434 0.550453 0.723015 0.417435 0.550452 0.490458 0.283166 0.824177 0.490458 0.283166 0.824177 0.490458 0.283166 0.824177 0.490458 0.283166 0.824177 -0.572908 0.819603 0.00529 -0.572907 0.819603 0.005289 -0.572902 0.819607 0.005284 -0.572897 0.81961 0.005281 -0.52738 0.848976 0.033316 -0.52738 0.848976 0.033316 -0.52738 0.848976 0.033316 0.468631 -0.883394 0.000499 0.468855 -0.883275 0.000436 0.469179 -0.883103 0.000344 0.468653 -0.883382 0.000493 0.409213 -0.912439 -0.000271 0.409183 -0.912452 -0.000263 0.409406 -0.912352 -0.00032 0.409241 -0.912426 -0.000278 0.471596 -0.881184 0.033362 0.471596 -0.881184 0.033362 0.471596 -0.881184 0.033362 0.423331 -0.90596 0.005282 0.42331 -0.905969 0.005295 0.423323 -0.905964 0.005287 0.423305 -0.905972 0.0053 0.863832 0.498732 0.071146 0.86383 0.498735 0.071139 0.863831 0.498734 0.071141 0.863832 0.498731 0.071149 -0.629803 0.776755 -0.000226 -0.629668 0.776864 -0.000068 -0.629694 0.776844 -0.000098 -0.629729 0.776815 -0.00014 0.357981 -0.933729 -0.000044 0.358039 -0.933707 0.000012 0.357949 -0.933741 -0.000074 0.357975 -0.933731 -0.000049 -0.696632 0.696646 0.171432 -0.696633 0.696645 0.171429 -0.696633 0.696645 0.171429 -0.696634 0.696645 0.171426 -0.951627 0.25498 0.171438 -0.951627 0.254982 0.171437 -0.951628 0.254976 0.171442 -0.951627 0.254985 0.171433 -0.951627 -0.254978 0.171442 -0.951627 -0.254983 0.171436 -0.951627 -0.254982 0.171437 -0.951626 -0.254987 0.171432 -0.696637 -0.696641 0.17143 -0.696637 -0.696641 0.171431 -0.696637 -0.696641 0.171428 -0.696636 -0.696641 0.171432 -0.254991 -0.951626 0.17143 -0.25499 -0.951626 0.171431 -0.254993 -0.951625 0.171428 -0.254988 -0.951626 0.171434 0.254986 -0.951627 0.171431 0.254989 -0.951626 0.171428 0.254985 -0.951627 0.171432 0.254982 -0.951627 0.171434 0.696638 -0.696639 0.171433 0.696638 -0.696639 0.171433 0.696638 -0.696639 0.171433 0.696638 -0.696639 0.171433 0.951626 -0.254989 0.171431 0.951626 -0.25499 0.17143 0.951626 -0.254987 0.171434 0.951626 -0.254993 0.171427 0.951626 0.254988 0.17143 0.951626 0.254987 0.171431 0.951627 0.254985 0.171433 0.951626 0.25499 0.171428 0.696636 0.696643 0.171429 0.696636 0.696642 0.171429 0.696634 0.696644 0.171431 0.696638 0.696641 0.171427 0.254992 0.951625 0.17143 0.254991 0.951625 0.171431 0.254996 0.951625 0.171428 0.254987 0.951626 0.171433 -0.254989 0.951626 0.171431 -0.254991 0.951626 0.17143 -0.254994 0.951625 0.171428 -0.254985 0.951627 0.171433 -0.547595 0.547604 -0.632669 -0.547596 0.547604 -0.632668 -0.547599 0.547602 -0.632667 -0.547593 0.547605 -0.632669 -0.748034 0.200428 -0.632673 -0.748037 0.200429 -0.632668 -0.748035 0.200428 -0.632671 -0.748031 0.200427 -0.632676 -0.748033 -0.200429 -0.632673 -0.748034 -0.20043 -0.632672 -0.748034 -0.20043 -0.632671 -0.748032 -0.200429 -0.632674 -0.547598 -0.547602 -0.632668 -0.547598 -0.547604 -0.632666 -0.547598 -0.547607 -0.632664 -0.547598 -0.547598 -0.632671 -0.200441 -0.748038 -0.632663 -0.200438 -0.748039 -0.632663 -0.200439 -0.748038 -0.632663 -0.200443 -0.748038 -0.632663 0.200438 -0.748035 -0.632667 0.200439 -0.748036 -0.632667 0.200439 -0.748036 -0.632666 0.200438 -0.748034 -0.632668 0.547601 -0.5476 -0.632668 0.547601 -0.5476 -0.632667 0.547601 -0.547601 -0.632666 0.5476 -0.547598 -0.632669 0.748037 -0.200441 -0.632665 0.748037 -0.20044 -0.632665 0.748037 -0.200441 -0.632664 0.748037 -0.20044 -0.632665 0.748038 0.200439 -0.632664 0.748037 0.200439 -0.632665 0.748036 0.200438 -0.632666 0.748038 0.200439 -0.632663 0.547601 0.547601 -0.632666 0.547602 0.547598 -0.632668 0.547601 0.5476 -0.632667 0.5476 0.547603 -0.632665 0.200435 0.748031 -0.632674 0.200437 0.748033 -0.63267 0.200438 0.748034 -0.632669 0.20044 0.748036 -0.632666 -0.200436 0.748036 -0.632667 -0.200435 0.748035 -0.632669 -0.200434 0.748033 -0.632672 -0.200438 0.748038 -0.632664 -0.665475 0.665481 -0.338051 -0.665472 0.665482 -0.338055 -0.665475 0.665481 -0.338051 -0.665477 0.665481 -0.338047 -0.909064 0.243575 -0.338045 -0.909064 0.243575 -0.338045 -0.909064 0.243575 -0.338044 -0.909063 0.243575 -0.338046 -0.909064 -0.243576 -0.338044 -0.909064 -0.243577 -0.338043 -0.909064 -0.243576 -0.338044 -0.909064 -0.243576 -0.338044 -0.665475 -0.665483 -0.338048 -0.665474 -0.665483 -0.338048 -0.665476 -0.665483 -0.338046 -0.665473 -0.665483 -0.338051 -0.243584 -0.90906 -0.338049 -0.243584 -0.90906 -0.338049 -0.243585 -0.90906 -0.338048 -0.243582 -0.90906 -0.33805 0.243583 -0.909062 -0.338045 0.243583 -0.909062 -0.338045 0.24358 -0.909062 -0.338047 0.243586 -0.909062 -0.338042 0.665477 -0.66548 -0.338048 0.665477 -0.66548 -0.338048 0.665475 -0.665482 -0.338049 0.665479 -0.665479 -0.338046 0.90906 -0.243584 -0.338047 0.90906 -0.243584 -0.338048 0.90906 -0.243587 -0.338046 0.90906 -0.243581 -0.338049 0.909061 0.24358 -0.338048 0.909061 0.243582 -0.338048 0.909061 0.243582 -0.338048 0.90906 0.243585 -0.338047 0.665477 0.66548 -0.338049 0.665477 0.66548 -0.338049 0.665478 0.665479 -0.338047 0.665476 0.665481 -0.33805 0.243585 0.909061 -0.338046 0.243585 0.909061 -0.338047 0.243587 0.909061 -0.338044 0.243583 0.90906 -0.338048 -0.243586 0.909061 -0.338045 -0.243579 0.909061 -0.33805 -0.24358 0.909061 -0.338049 -0.243574 0.909061 -0.338054 -0.306306 0.306306 0.901306 -0.306306 0.306305 0.901307 -0.306306 0.306309 0.901306 -0.306306 0.306303 0.901308 -0.418427 0.112117 0.901304 -0.41842 0.112124 0.901307 -0.418424 0.11212 0.901305 -0.418429 0.112114 0.901303 -0.418423 -0.112119 0.901306 -0.418427 -0.112116 0.901304 -0.41843 -0.112113 0.901303 -0.418417 -0.112123 0.901308 -0.306308 -0.306306 0.901306 -0.306307 -0.306305 0.901306 -0.306309 -0.306307 0.901305 -0.306306 -0.306304 0.901307 -0.112116 -0.418424 0.901306 -0.112116 -0.41842 0.901307 -0.112115 -0.418428 0.901303 -0.112117 -0.418417 0.901309 0.112116 -0.41842 0.901307 0.112116 -0.418424 0.901306 0.112116 -0.418422 0.901306 0.112117 -0.418419 0.901308 0.306308 -0.306304 0.901306 0.306308 -0.306303 0.901307 0.306308 -0.306301 0.901308 0.306308 -0.306306 0.901306 0.418427 -0.112118 0.901303 0.418428 -0.112119 0.901303 0.418428 -0.112119 0.901303 0.418427 -0.112118 0.901304 0.418426 0.112116 0.901304 0.418425 0.112115 0.901305 0.418428 0.112117 0.901303 0.418424 0.112114 0.901306 0.306306 0.306305 0.901307 0.306307 0.306305 0.901306 0.306306 0.306305 0.901307 0.306306 0.306304 0.901307 0.112116 0.418425 0.901305 0.112116 0.418422 0.901306 0.112115 0.41842 0.901307 0.112117 0.418428 0.901303 -0.112116 0.418426 0.901305 -0.112116 0.418426 0.901304 -0.112115 0.418425 0.901305 -0.112117 0.418427 0.901304 0.628412 -0.628412 0.458473 0.628412 -0.628412 0.458472 0.628412 -0.628412 0.458472 0.628412 -0.628412 0.458472 0.858425 -0.230019 0.458474 0.858427 -0.230004 0.458477 0.858425 -0.230021 0.458473 0.858428 -0.229999 0.458478 0.858425 0.230023 0.458472 0.858428 0.230003 0.458476 0.858425 0.230021 0.458472 0.858429 0.229998 0.458477 0.628389 0.628429 0.458481 0.628415 0.628409 0.458472 0.628381 0.628435 0.458483 0.628419 0.628406 0.458471 0.230044 0.858421 0.458468 0.230014 0.858425 0.458476 0.230054 0.85842 0.458466 0.23001 0.858425 0.458477 -0.230002 0.858429 0.458475 -0.230014 0.858427 0.458471 -0.230005 0.858429 0.458474 -0.230015 0.858427 0.458471 -0.628413 0.628412 0.458471 -0.628423 0.628399 0.458474 -0.628412 0.628413 0.45847 -0.628427 0.628395 0.458475 -0.858424 0.230018 0.458475 -0.858422 0.230036 0.45847 -0.858425 0.230016 0.458476 -0.858421 0.230041 0.458469 -0.858421 -0.230037 0.458472 -0.858424 -0.230017 0.458476 -0.858425 -0.230014 0.458476 -0.85842 -0.230043 0.45847 -0.62843 -0.62839 0.458478 -0.628414 -0.628411 0.458472 -0.628411 -0.628413 0.458471 -0.628435 -0.628383 0.45848 -0.230014 -0.858427 0.458472 -0.229996 -0.85843 0.458476 -0.230016 -0.858427 0.458472 -0.22999 -0.858431 0.458476 0.230015 -0.858427 0.458471 0.230009 -0.858427 0.458475 0.230014 -0.858427 0.458472 0.230007 -0.858427 0.458477 0 -0.000001 1 0 -0.000007 1 0 -0.000004 1 0 0.000000 1 0 -0.000001 1 0 -0.000007 1 0 0.000001 1 0 -0.000000 1 0 0.000000 1 0 0.000002 1 0 0.000001 1 0 0.000001 1 0 -0.000000 1 0 0.000000 1 -0.580588 -0.580592 -0.570816 -0.580588 -0.580592 -0.570815 -0.580586 -0.580599 -0.570811 -0.580591 -0.580583 -0.570821 -0.21252 -0.793102 -0.57081 -0.212515 -0.7931 -0.570815 -0.212515 -0.7931 -0.570815 -0.212509 -0.793097 -0.570821 0.212506 -0.793096 -0.570824 0.212506 -0.793096 -0.570824 0.212509 -0.793097 -0.570822 0.212503 -0.793095 -0.570826 0.580588 -0.580589 -0.570819 0.580589 -0.580586 -0.570821 0.580589 -0.580586 -0.570821 0.580591 -0.580583 -0.570822 0.793104 -0.212518 -0.570809 0.793102 -0.212512 -0.570813 0.793102 -0.212512 -0.570813 0.793101 -0.212508 -0.570817 0.793103 0.212511 -0.570813 0.793103 0.212511 -0.570813 0.793104 0.212513 -0.57081 0.793102 0.212509 -0.570814 0.580595 0.580587 -0.570814 0.580595 0.580587 -0.570814 0.580596 0.580586 -0.570814 0.580594 0.580588 -0.570814 0.212512 0.793098 -0.570819 0.212506 0.793097 -0.570823 0.212512 0.793098 -0.570819 0.212517 0.793099 -0.570816 -0.212509 0.793099 -0.570819 -0.212509 0.793099 -0.570819 -0.212504 0.793097 -0.570823 -0.212513 0.7931 -0.570816 -0.707106 0.707108 0 -0.707106 0.707108 0 -0.707106 0.707108 0 -0.707106 0.707108 0 -0.965925 0.258821 0 -0.965925 0.258821 0 -0.965925 0.258822 0 -0.965925 0.258821 0 -0.965925 -0.258823 0.000000 -0.965925 -0.258823 0.000000 -0.965925 -0.258823 0.000000 -0.965925 -0.258823 0.000000 -0.707111 -0.707103 0.000000 -0.70711 -0.707103 0.000000 -0.70711 -0.707103 0.000000 -0.707111 -0.707103 0.000000 -0.258816 -0.965927 0.000000 -0.258817 -0.965926 0.000000 -0.258817 -0.965927 0.000000 -0.258818 -0.965926 0.000000 0.258812 -0.965928 0.000000 0.258811 -0.965928 0.000000 0.258812 -0.965928 0.000000 0.258811 -0.965928 0.000000 0.70711 -0.707104 0 0.707111 -0.707103 0 0.70711 -0.707103 0 0.707111 -0.707103 0 0.965925 -0.258824 0 0.965925 -0.258824 0 0.965925 -0.258824 0 0.965925 -0.258824 0 0.965925 0.258821 -0.000000 0.965925 0.258821 -0.000000 0.965925 0.258821 -0.000000 0.965925 0.258821 -0.000000 0.707111 0.707103 -0.000000 0.707111 0.707102 -0.000000 0.707111 0.707103 -0.000000 0.707112 0.707102 -0.000000 0.258818 0.965926 -0.000000 0.258815 0.965927 -0.000000 0.258817 0.965926 -0.000000 0.258814 0.965927 -0.000000 -0.258813 0.965928 -0.000000 -0.258814 0.965927 -0.000000 -0.258813 0.965927 -0.000000 -0.258815 0.965927 -0.000000 -0.694902 0.694904 -0.184985 -0.694903 0.694903 -0.184985 -0.694902 0.694905 -0.184985 -0.694903 0.694903 -0.184985 -0.949254 0.254354 -0.184987 -0.949255 0.254354 -0.184986 -0.949255 0.254354 -0.184985 -0.949254 0.254354 -0.184988 -0.949254 -0.254356 -0.184987 -0.949254 -0.254357 -0.184987 -0.949254 -0.254356 -0.184987 -0.949254 -0.254357 -0.184987 -0.694906 -0.6949 -0.184988 -0.694904 -0.694902 -0.184986 -0.694907 -0.694899 -0.184988 -0.694903 -0.694903 -0.184986 -0.25435 -0.949255 -0.184986 -0.254343 -0.949257 -0.184989 -0.254348 -0.949256 -0.184987 -0.25434 -0.949258 -0.18499 0.254345 -0.949257 -0.184987 0.254348 -0.949256 -0.184985 0.254344 -0.949257 -0.184987 0.254349 -0.949256 -0.184985 0.694906 -0.694898 -0.184991 0.694903 -0.694902 -0.18499 0.694905 -0.694899 -0.18499 0.694901 -0.694903 -0.18499 0.949253 -0.254356 -0.184992 0.949251 -0.254366 -0.184988 0.949252 -0.254359 -0.184991 0.94925 -0.25437 -0.184986 0.949253 0.254356 -0.18499 0.949252 0.254363 -0.184988 0.949254 0.254353 -0.184991 0.949251 0.254366 -0.184987 0.694905 0.694899 -0.184991 0.694904 0.694901 -0.18499 0.694906 0.694899 -0.184991 0.694903 0.694902 -0.184989 0.254361 0.949253 -0.184983 0.254351 0.949255 -0.184987 0.254358 0.949254 -0.184984 0.254349 0.949256 -0.184988 -0.25435 0.949256 -0.184985 -0.254348 0.949256 -0.184986 -0.254352 0.949256 -0.184984 -0.254347 0.949257 -0.184986 -0.000000 -0.000000 -1 -0.000000 -0.000000 -1 -0.000000 -0.000000 -1 -0.000000 -0.000000 -1 -0.000000 -0.000000 -1 -0.000000 0.000000 -1 -0.000000 0.000000 -1 -0.000000 -0.000000 -1 -0.000000 0.000000 -1 -0.000000 -0.000000 -1 -0.000000 -0.000000 -1 -0.000000 0.000000 -1 -0.000000 0.000000 -1 -0.000000 0.000000 -1 -0.000000 0.000000 -1 -0.000000 0.000000 -1 -0.000000 0.000001 -1 -0.000000 0.000000 -1 -0.000000 0.000002 -1 -0.000000 -0.000000 -1 -0.000000 0.000000 -1 -0.000000 -0.000000 -1 -0.000000 -0.000000 -1 -0.000000 0.000000 -1 -0.000000 -0.000000 -1 -0.000000 -0.000000 -1 -0.000000 -0.000001 -1 -0.000000 0.000000 -1 -0.000000 -0.000001 -1 -0.000000 -0.000001 -1 -0.000000 0.000001 -1 -0.000000 -0.000004 -1 -0.000000 -0.000000 -1 -0.000000 -0.000000 -1 -0.000000 -0.000000 -1 -0.000000 -0.000000 -1 -0.000000 -0.000000 -1 -0.000000 -0.000000 -1 -0.000000 -0.000001 -1 -0.000000 -0.000000 -1 -0.000000 0.000000 -1 -0.000000 -0.000001 -1 -0.000000 0.000001 -1 -0.000000 -0.000000 -1 -0.000000 -0.000000 -1 0.551886 -0.773209 -0.312362 0.551886 -0.773208 -0.312362 0.551887 -0.773208 -0.312362 0.551885 -0.773209 -0.312362 0.475017 -0.822756 -0.312142 0.475018 -0.822756 -0.31214 0.475018 -0.822755 -0.31214 0.475016 -0.822756 -0.312142 -0.816109 -0.471174 -0.334605 -0.81611 -0.471174 -0.334604 -0.81611 -0.471175 -0.334603 -0.816109 -0.471174 -0.334606 -0.475019 0.822756 -0.312136 -0.475018 0.822756 -0.312139 -0.475017 0.822756 -0.31214 -0.475019 0.822756 -0.312136 -0.393675 0.864553 -0.312358 -0.393676 0.864553 -0.312357 -0.393678 0.864553 -0.312354 -0.393672 0.864553 -0.312362 -0.20731 0.92643 -0.314245 -0.20731 0.92643 -0.314245 -0.207309 0.92643 -0.314245 -0.207311 0.92643 -0.314244 0.143347 0.9361 -0.3212 0.143343 0.9361 -0.321202 0.143345 0.9361 -0.3212 0.143341 0.9361 -0.321203 0.640654 0.719176 -0.268978 0.640577 0.719236 -0.268998 0.64064 0.719192 -0.268968 0.640595 0.719227 -0.268982 0.846418 0.488613 -0.211739 0.846418 0.488613 -0.211739 0.846418 0.488613 -0.211739 0.943176 0.195018 -0.269047 0.943187 0.194926 -0.269076 0.943181 0.194995 -0.269047 0.94318 0.194926 -0.2691 0.882362 -0.343902 -0.321198 0.882361 -0.343909 -0.321194 0.88236 -0.343914 -0.321191 0.882363 -0.343895 -0.321203 0.698658 -0.642752 -0.314239 0.698658 -0.642752 -0.314239 0.698661 -0.642747 -0.314245 0.698656 -0.642758 -0.314233 -0.580589 0.580588 -0.570819 -0.580589 0.580588 -0.570819 -0.580587 0.580587 -0.570822 -0.58059 0.580589 -0.570816 -0.793099 0.212514 -0.570817 -0.793099 0.212514 -0.570817 -0.793099 0.21251 -0.570818 -0.793099 0.212517 -0.570816 0 -0.000012 1 0 -0.000007 1 0 -0.000004 1 0 0.000000 1 0 0.000006 1 0 0.000002 1 0 0.000003 1 0 0.000000 1 -0.793099 -0.212514 -0.570817 -0.793099 -0.212514 -0.570817 -0.7931 -0.212518 -0.570815 -0.793098 -0.21251 -0.570819 0 0.000000 1 0 0.000000 1 0 0.000000 1 0 0.000000 1 0 0.000001 1 0 0.000002 1 0 0.000003 1 -0.697521 0.697529 -0.164063 -0.697521 0.697529 -0.164063 -0.697525 0.697527 -0.164058 -0.697518 0.697532 -0.164068 -0.952836 0.255312 -0.164072 -0.952836 0.255312 -0.164072 -0.952836 0.255309 -0.164076 -0.952835 0.255316 -0.164068 -0.952836 -0.255315 -0.164068 -0.952836 -0.255313 -0.16407 -0.952836 -0.255313 -0.16407 -0.952836 -0.255311 -0.164073 -0.697519 -0.697531 -0.164066 -0.697519 -0.697531 -0.164065 -0.697516 -0.697533 -0.164068 -0.697522 -0.697529 -0.164063 -0.255318 -0.952835 -0.164069 -0.255317 -0.952835 -0.164069 -0.255323 -0.952834 -0.164064 -0.255313 -0.952835 -0.164074 0.255307 -0.952839 -0.16406 0.25531 -0.952839 -0.164058 0.255309 -0.952839 -0.164058 0.255312 -0.952839 -0.164056 0.697525 -0.697525 -0.164066 0.697525 -0.697525 -0.164064 0.697525 -0.697525 -0.164064 0.697526 -0.697525 -0.164062 0.952836 -0.25531 -0.164074 0.952836 -0.25531 -0.164074 0.952836 -0.255308 -0.164075 0.952836 -0.255311 -0.164072 0.952836 0.25531 -0.164076 0.952836 0.255309 -0.164075 0.952836 0.25531 -0.164076 0.952836 0.25531 -0.164077 0.697525 0.697525 -0.164069 0.69752 0.69753 -0.164064 0.697525 0.697524 -0.16407 0.69753 0.697518 -0.164075 0.255319 0.952836 -0.164061 0.255319 0.952836 -0.164061 0.255319 0.952836 -0.16406 0.255318 0.952836 -0.164063 -0.255316 0.952837 -0.16406 -0.255316 0.952837 -0.164061 -0.255314 0.952837 -0.164062 -0.255318 0.952837 -0.164058 -0.707004 0.707007 -0.01693 -0.707005 0.707006 -0.01693 -0.707006 0.707005 -0.01693 -0.707003 0.707008 -0.01693 -0.965789 0.258777 -0.016934 -0.965789 0.258776 -0.016935 -0.965788 0.258779 -0.016932 -0.965789 0.258775 -0.016938 -0.965789 -0.258777 -0.016935 -0.965788 -0.258778 -0.016935 -0.965788 -0.258779 -0.016932 -0.965789 -0.258776 -0.016938 -0.707002 -0.707008 -0.016936 -0.707003 -0.707008 -0.016935 -0.707003 -0.707008 -0.016934 -0.707004 -0.707007 -0.016933 -0.258785 -0.965786 -0.016939 -0.258784 -0.965787 -0.016939 -0.258784 -0.965787 -0.016939 -0.258784 -0.965787 -0.01694 0.258782 -0.965787 -0.016945 0.258783 -0.965787 -0.016944 0.258784 -0.965787 -0.016941 0.258781 -0.965787 -0.016948 0.707003 -0.707008 -0.016931 0.707005 -0.707005 -0.016937 0.707006 -0.707004 -0.016939 0.707009 -0.707002 -0.016944 0.965788 -0.258781 -0.016932 0.965787 -0.258783 -0.016929 0.965787 -0.258784 -0.016929 0.965787 -0.258785 -0.016927 0.965788 0.258778 -0.016936 0.965788 0.258778 -0.016934 0.965788 0.25878 -0.016932 0.965789 0.258776 -0.016938 0.707005 0.707006 -0.016939 0.707003 0.707007 -0.016944 0.707004 0.707006 -0.016941 0.707006 0.707005 -0.016936 0.258781 0.965788 -0.01694 0.258783 0.965787 -0.016938 0.258781 0.965787 -0.01694 0.258779 0.965788 -0.016941 -0.258778 0.965788 -0.016934 -0.258778 0.965788 -0.016935 -0.258776 0.965789 -0.016938 -0.258779 0.965788 -0.016932 -0.866023 -0.500003 0.000000 -0.866025 -0.500001 0.000000 -0.866023 -0.500003 0.000000 -0.866025 -0.500001 0.000000 -0.862762 -0.49811 -0.086769 -0.862758 -0.498115 -0.086769 -0.862762 -0.498109 -0.086769 -0.862758 -0.498116 -0.086769 -0.499128 0.864518 -0.058991 -0.499128 0.864518 -0.058993 -0.499128 0.864518 -0.058992 -0.499127 0.864518 -0.058991 0.499999 -0.866026 0.000001 0.500001 -0.866025 0.000000 0.499999 -0.866026 0.000001 0.500002 -0.866024 0.000000 -0.586296 0.808155 -0.056066 -0.586296 0.808154 -0.056066 -0.586295 0.808155 -0.056067 -0.586297 0.808154 -0.056065 0.407367 -0.913265 0.000000 0.407368 -0.913264 0.000000 0.407368 -0.913264 0.000000 0.407367 -0.913265 0.000000 -0.749955 0.658957 -0.057826 -0.749952 0.65896 -0.057823 -0.749954 0.658958 -0.057825 -0.749951 0.658961 -0.057823 0.196028 -0.980598 0.000000 0.196027 -0.980598 0.000000 0.196027 -0.980598 0.000000 0.196029 -0.980598 0.000000 -0.942653 0.326564 -0.068999 -0.942653 0.326564 -0.068999 -0.942653 0.326564 -0.068999 -0.942653 0.326564 -0.068999 -0.188964 -0.981984 0.000000 -0.188966 -0.981984 0.000000 -0.188966 -0.981984 0.000000 -0.188964 -0.981984 0.000000 -0.993801 -0.076826 -0.080354 -0.9938 -0.076842 -0.08035 -0.993801 -0.076822 -0.080355 -0.9938 -0.076846 -0.080349 -0.565271 -0.824905 0.000000 -0.565271 -0.824905 0.000000 -0.565271 -0.824905 0.000000 -0.565271 -0.824905 0.000000 -0.519846 0.853837 -0.026874 -0.519875 0.853819 -0.026913 -0.519851 0.853834 -0.026878 -0.51987 0.853822 -0.026906 0.499128 -0.864518 -0.058994 0.49913 -0.864517 -0.058991 0.499129 -0.864517 -0.058993 0.499131 -0.864516 -0.05899 -0.866027 0.499998 -0.000000 -0.866027 0.499998 -0.000000 -0.866027 0.499998 -0.000000 -0.866027 0.499998 -0.000000 -0.866027 0.499998 -0.000000 -0.866027 0.499998 -0.000000 -0.866027 0.499998 -0.000000 -0.866027 0.499998 -0.000000 -0.000000 0.000000 1 -0.000000 0.000000 1 -0.000000 0.000000 1 -0.000000 0.000000 1 -0.000000 0.000000 1 -0.000000 0.000000 1 -0.000000 0.000000 1 0.007147 -0.004126 -0.999966 0.007147 -0.004126 -0.999966 0.007147 -0.004126 -0.999966 0.007147 -0.004126 -0.999966 0.519846 0.853837 -0.026873 0.519875 0.853819 -0.026912 0.51987 0.853822 -0.026904 0.519849 0.853835 -0.02688 -0.866026 0.499999 -0.000000 -0.866026 0.499999 -0.000000 -0.866026 0.499999 -0.000000 -0.866026 0.5 -0.000000 0.000000 0 1 0.000000 -0.000000 1 0.000000 -0.000000 1 0.000000 0 1 -0.000000 0 -1 -0.000000 0 -1 -0.000000 0 -1 -0.000000 0 -1 -0.000000 0 -1 -0.000000 0 -1 -0.000000 0 -1 -0.000000 0 -1 -0.000000 0 -1 -0.000000 0 -1 -0.309156 0.178491 0.934111 -0.309156 0.178491 0.934111 -0.309156 0.178491 0.934111 -0.309155 0.178491 0.934111 -0.440597 -0.897705 0.000095 -0.44036 -0.897821 0.000158 -0.440666 -0.897671 0.000076 -0.440494 -0.897756 0.000122 0.118802 -0.992918 0.000000 0.118802 -0.992918 0.000000 0.118802 -0.992918 0.000000 0.118802 -0.992918 0.000000 0.118801 -0.992918 0.000000 0.118802 -0.992918 0.000000 0.118802 -0.992918 0.000000 0.118802 -0.992918 0.000000 0.622347 0.782741 -0.000078 0.622388 0.782709 -0.000062 0.622401 0.782699 -0.000058 0.622335 0.782751 -0.000083 -0.579889 0.334799 0.742724 -0.579889 0.334799 0.742724 -0.579889 0.334799 0.742724 -0.579889 0.334798 0.742724 -0.448344 -0.89362 0.020735 -0.44836 -0.893613 0.020706 -0.448347 -0.893619 0.02073 -0.448357 -0.893614 0.020712 0.866029 -0.499994 0.000000 0.866029 -0.499994 0.000000 0.866029 -0.499994 0.000000 0.866029 -0.499994 0.000000 0.866029 -0.499994 0.000000 0.866029 -0.499994 0.000000 0.866029 -0.499994 0.000000 0.866029 -0.499994 0.000000 0.6224 0.782699 0 0.622401 0.782699 0 0.622401 0.782699 0 0.622401 0.782699 0 -0.843541 0.487016 0.226395 -0.843541 0.48702 0.226386 -0.843541 0.487017 0.226392 -0.843541 0.487021 0.226383 -0.366702 -0.930311 -0.007191 -0.366702 -0.930311 -0.007191 -0.366702 -0.930311 -0.007191 0.911575 0.411122 0.002931 0.911576 0.411122 0.002932 0.911583 0.411105 0.002928 0.911582 0.411109 0.00293 0.903954 0.42763 0 0.903954 0.427631 0 0.903954 0.427631 0 0.903954 0.42763 0 0.911566 0.411116 -0.005607 0.91156 0.411129 -0.005613 0.911562 0.411125 -0.00561 0.911575 0.411095 -0.005602 0.622385 0.782681 -0.006887 0.622385 0.782681 -0.006887 0.622385 0.782681 -0.006887 -0.499999 -0.866026 0.000000 -0.5 -0.866025 0.000000 -0.499999 -0.866026 0.000000 -0.499999 -0.866026 0 -0.407374 -0.913261 0 -0.407375 -0.913261 0 -0.407374 -0.913261 0 -0.407375 -0.913261 0 0.000000 0.000000 -1 0.000000 0.000000 -1 0.000000 0.000000 -1 0.000000 -0.000000 -1 0.000000 -0.000000 -1 0.000000 -0.000000 -1 0.000000 -0.000000 -1 0.000000 -0.000000 -1 -0.000000 0.000000 1 -0.000000 0.000000 1 -0.196029 -0.980598 0.000000 -0.19603 -0.980598 0.000000 -0.196029 -0.980598 0.000000 -0.19603 -0.980598 0.000000 0.000000 -0.000000 -1 0.000000 -0.000000 -1 0.000000 -0.000000 -1 0.000000 -0.000001 -1 0.749951 0.658961 -0.057821 0.749952 0.658961 -0.057822 0.749951 0.658962 -0.057821 0.749952 0.65896 -0.057822 -0.000000 0.000000 1 -0.000000 -0.000000 1 -0.000000 -0.000000 1 -0.000000 0.000001 1 0.188961 -0.981985 0.000000 0.188963 -0.981984 0.000000 0.188962 -0.981984 0.000000 0.188963 -0.981984 0.000000 0.000000 0.000000 -1 0.000000 0.000000 -1 0.000000 0.000000 -1 0.000000 -0.000000 -1 0.942651 0.326571 -0.068994 0.94265 0.326574 -0.068994 0.942651 0.326572 -0.068994 0.94265 0.326575 -0.068994 -0.000000 -0.000002 1 -0.000000 -0.000003 1 -0.000000 -0.000003 1 -0.000000 0.000000 1 0.565275 -0.824903 0.000000 0.565278 -0.8249 0.000000 0.565275 -0.824902 0.000000 0.565278 -0.8249 0.000000 0.000000 0.000000 -1 0.000000 0.000000 -1 0.000000 0.000000 -1 0.9938 -0.076844 -0.080349 0.9938 -0.076845 -0.080349 0.9938 -0.076844 -0.080349 0.9938 -0.076846 -0.080349 -0.612372 0.353551 0.707108 -0.612372 0.353551 0.707108 -0.612372 0.353551 0.707108 -0.612372 0.353552 0.707108 0.586295 0.808155 -0.056064 0.586296 0.808155 -0.056064 0.586296 0.808155 -0.056064 0.586296 0.808154 -0.056064 -0.499999 -0.866026 0.000000 -0.499998 -0.866027 0.000001 -0.499998 -0.866026 0.000000 -0.5 -0.866026 0 0.5 0.866026 0.000000 0.499999 0.866026 0.000000 0.5 0.866025 0 0.499999 0.866026 0.000000 -0.000000 -0.000000 -1 -0.000000 -0.000000 -1 -0.000000 -0.000000 -1 -0.000000 0 -1 -0.000000 0.000000 -1 -0.000000 0.000000 -1 -0.000000 0.000000 -1 -0.000000 0 -1 -0.475391 -0.879774 0.000507 -0.475445 -0.879745 0.000449 -0.475533 -0.879698 0.000355 -0.475557 -0.879685 0.000329 0.524051 0.851687 0.000328 0.524114 0.851648 0.000399 0.524039 0.851695 0.000315 0.524048 0.851689 0.000326 0.557084 0.830456 -0.000011 0.557131 0.830425 0.000002 0.557104 0.830443 -0.000005 0.557078 0.83046 -0.000013 0.549709 0.835098 0.020758 0.54969 0.835112 0.020718 0.54971 0.835098 0.020758 0.54969 0.835112 0.020718 -0.366711 -0.930335 0 -0.366711 -0.930335 0 -0.366711 -0.930335 0 -0.366711 -0.930335 0 -0.366711 -0.930335 0 -0.366711 -0.930335 0 -0.366711 -0.930335 0 -0.366711 -0.930335 0 0.000000 0 1 0.000000 0 1 0.000000 0 1 0.000000 0 1 -0.000000 -0.000000 -1 -0.000000 -0.000002 -1 -0.000000 0 -1 -0.000000 -0.000002 -1 -0.223659 -0.974667 0.000000 -0.223659 -0.974668 0.000000 -0.223659 -0.974667 0.000000 -0.223659 -0.974668 0.000000 0.739973 0.672635 0.001547 0.739988 0.672618 0.001544 0.739985 0.672622 0.001546 0.739998 0.672607 0.001541 -0.223659 -0.974668 0.000000 -0.223659 -0.974668 0.000000 -0.223659 -0.974667 0.000000 -0.223659 -0.974668 0.000000 0.748194 0.66348 0 0.748194 0.66348 0 0.748194 0.66348 0 0.748194 0.66348 0 -0.224282 -0.974524 0.000148 -0.223782 -0.974639 0.000284 -0.224405 -0.974496 0.000114 -0.223659 -0.974667 0.000318 0.739754 0.672872 -0.002726 0.73974 0.672887 -0.00273 0.739732 0.672896 -0.002734 0.73973 0.672898 -0.002734 0.000000 0 1 0.000000 0 1 0.000000 0.000001 1 0.000000 -0.000001 1 0.000000 -0.000003 1 0.000000 0.000003 1 -0.313918 -0.94945 0.000000 -0.313918 -0.94945 0.000000 -0.313918 -0.94945 0.000000 -0.313918 -0.94945 0.000000 0.835353 0.549695 0.004569 0.835379 0.549655 0.004562 0.835396 0.549629 0.004557 0.835553 0.549392 0.004515 -0.313917 -0.94945 0.000000 -0.313918 -0.94945 0.000000 -0.313918 -0.94945 0.000000 -0.313918 -0.94945 0.000000 0.835388 0.549661 0 0.835388 0.549661 0 0.835388 0.549661 0 0.835388 0.549661 0 -0.314775 -0.949166 0.000382 -0.314413 -0.949286 0.000493 -0.314964 -0.949104 0.000323 -0.314442 -0.949276 0.000483 0.835326 0.549688 -0.008629 0.83535 0.549651 -0.008614 0.835357 0.549641 -0.00861 0.835319 0.549698 -0.008633 0.000000 0 1 0.000000 0 1 -0.000000 0 -1 -0.000000 0 -1 0.665302 0.746574 -0.000057 0.665354 0.746528 -0.000047 0.665308 0.746569 -0.000056 0.66536 0.746523 -0.000045 -0.058005 -0.998316 0.000000 -0.058005 -0.998316 0.000000 -0.058005 -0.998316 0.000000 -0.058005 -0.998316 0.000000 -0.058005 -0.998316 0.000000 -0.058005 -0.998316 0.000000 0.66536 0.746523 0 0.665359 0.746523 0 0.665359 0.746523 0 0.66536 0.746523 0 -0.05831 -0.998299 0.000021 -0.058075 -0.998312 0.000091 -0.058059 -0.998313 0.000098 -0.058006 -0.998316 0.000112 0.664625 0.747177 0.000694 0.664879 0.746951 0.000597 0.664786 0.747034 0.000634 0.664875 0.746954 0.000598 -0.000000 -0.000000 -1 -0.000000 -0.000000 -1 -0.000000 -0.000000 -1 -0.000000 0.000000 -1 -0.000000 -0.000000 -1 -0.000000 0.000000 -1 -0.000000 -0.000000 -1 -0.409332 -0.912385 -0.000208 -0.409186 -0.912451 -0.000171 -0.409282 -0.912408 -0.000195 -0.409487 -0.912316 -0.000248 -0.468676 -0.88337 0.000565 -0.468667 -0.883375 0.000568 -0.468727 -0.883343 0.000551 -0.468643 -0.883387 0.000574 -0.723016 0.417432 0.550453 -0.723015 0.417432 0.550454 -0.723015 0.417431 0.550455 -0.723016 0.417432 0.550452 -0.49046 0.283166 0.824176 -0.490457 0.283166 0.824178 -0.490458 0.283166 0.824177 -0.49046 0.283166 0.824176 -0.423344 -0.905954 0.005289 -0.423351 -0.90595 0.005285 -0.423348 -0.905952 0.005286 -0.423345 -0.905953 0.005286 -0.47154 -0.881215 0.033325 -0.47154 -0.881215 0.033325 -0.47154 -0.881215 0.033325 0.530589 0.847629 0.000459 0.530585 0.847632 0.000457 0.530542 0.847659 0.000445 0.530563 0.847645 0.000451 0.585467 0.810696 -0.000307 0.585662 0.810555 -0.00025 0.585561 0.810629 -0.00028 0.585572 0.81062 -0.000276 0.527322 0.84901 0.03337 0.527322 0.84901 0.03337 0.527322 0.84901 0.03337 0.572918 0.819596 0.005281 0.572934 0.819584 0.005295 0.572924 0.819591 0.005287 0.572939 0.819581 0.005298 -0.86383 0.498734 0.071151 -0.86383 0.498734 0.071152 -0.86383 0.498734 0.071152 -0.86383 0.498734 0.07115 -0.357785 -0.933804 -0.000224 -0.357947 -0.933742 -0.000066 -0.357884 -0.933766 -0.000126 -0.357873 -0.93377 -0.000138 0.629699 0.776839 -0.000105 0.629595 0.776923 0.000015 0.629698 0.77684 -0.000104 0.629648 0.776881 -0.000046 -0.254991 -0.951626 0.17143 -0.25499 -0.951626 0.171431 -0.254993 -0.951626 0.171428 -0.254988 -0.951626 0.171434 0.25499 -0.951626 0.17143 0.254993 -0.951625 0.171428 0.25499 -0.951626 0.171431 0.254987 -0.951626 0.171433 0.696639 -0.696639 0.171432 0.696638 -0.69664 0.171434 0.696638 -0.696639 0.171433 0.696637 -0.69664 0.171435 0.951627 -0.254982 0.171436 0.951627 -0.254983 0.171436 0.951627 -0.25498 0.171438 0.951627 -0.254985 0.171434 0.951627 0.254984 0.171436 0.951627 0.254983 0.171436 0.951627 0.254981 0.171439 0.951626 0.254986 0.171433 0.696638 0.696639 0.171436 0.696638 0.696639 0.171436 0.696639 0.696638 0.171436 0.696636 0.69664 0.171437 0.254984 0.951626 0.171439 0.254984 0.951626 0.171439 0.254985 0.951626 0.171439 0.254983 0.951626 0.171439 -0.255001 0.951623 0.171429 -0.254993 0.951624 0.171435 -0.254995 0.951624 0.171433 -0.254986 0.951625 0.171439 -0.696637 0.696641 0.171432 -0.696639 0.696639 0.17143 -0.696638 0.69664 0.171431 -0.69664 0.696638 0.171429 -0.951626 0.254988 0.171431 -0.951626 0.254987 0.171432 -0.951626 0.254991 0.171429 -0.951627 0.254983 0.171434 -0.951625 -0.254995 0.171428 -0.951626 -0.25499 0.171432 -0.951626 -0.254991 0.171431 -0.951626 -0.254986 0.171435 -0.696638 -0.696639 0.171432 -0.696638 -0.696639 0.171432 -0.696638 -0.696639 0.171432 -0.696639 -0.696639 0.171432 -0.20044 -0.748036 -0.632666 -0.200439 -0.748036 -0.632666 -0.20044 -0.748036 -0.632666 -0.200441 -0.748036 -0.632665 0.200439 -0.748038 -0.632664 0.200439 -0.748037 -0.632665 0.200438 -0.748037 -0.632665 0.20044 -0.748038 -0.632663 0.547599 -0.547599 -0.632669 0.547598 -0.5476 -0.63267 0.547596 -0.547602 -0.63267 0.547601 -0.547598 -0.632669 0.748034 -0.200434 -0.63267 0.748034 -0.200433 -0.63267 0.748034 -0.200435 -0.632669 0.748034 -0.200432 -0.632671 0.748036 0.200438 -0.632666 0.748035 0.200438 -0.632668 0.748033 0.200436 -0.63267 0.748038 0.20044 -0.632664 0.5476 0.547594 -0.632673 0.5476 0.547596 -0.632671 0.5476 0.5476 -0.632668 0.547599 0.547592 -0.632676 0.200432 0.748036 -0.632669 0.20043 0.748033 -0.632672 0.200428 0.748032 -0.632674 0.200426 0.74803 -0.632677 -0.200431 0.74803 -0.632675 -0.200433 0.748031 -0.632674 -0.200436 0.748032 -0.632672 -0.200429 0.74803 -0.632677 -0.5476 0.547596 -0.632671 -0.5476 0.547594 -0.632673 -0.5476 0.5476 -0.632668 -0.5476 0.547591 -0.632675 -0.748037 0.200437 -0.632665 -0.748036 0.200436 -0.632667 -0.748037 0.200437 -0.632666 -0.748038 0.200438 -0.632664 -0.748034 -0.200436 -0.632669 -0.748033 -0.200433 -0.632672 -0.748031 -0.20043 -0.632675 -0.748037 -0.20044 -0.632664 -0.547599 -0.547601 -0.632668 -0.547599 -0.547602 -0.632666 -0.547599 -0.547601 -0.632667 -0.547599 -0.5476 -0.632669 -0.243582 -0.909061 -0.338046 -0.243582 -0.909061 -0.338046 -0.243585 -0.909061 -0.338044 -0.243579 -0.909061 -0.338048 0.243583 -0.909061 -0.338047 0.243582 -0.909061 -0.338047 0.24358 -0.909061 -0.338049 0.243586 -0.909061 -0.338045 0.665476 -0.66548 -0.338049 0.665476 -0.66548 -0.338049 0.665477 -0.66548 -0.338049 0.665476 -0.66548 -0.338049 0.909063 -0.243578 -0.338046 0.909063 -0.243578 -0.338046 0.909063 -0.24358 -0.338044 0.909062 -0.243577 -0.338047 0.909059 0.243577 -0.338055 0.90906 0.243581 -0.33805 0.90906 0.24358 -0.338051 0.909061 0.243585 -0.338045 0.66548 0.665479 -0.338045 0.665479 0.665479 -0.338046 0.665487 0.665475 -0.338037 0.665472 0.665483 -0.338053 0.243575 0.909064 -0.338044 0.243575 0.909064 -0.338043 0.243574 0.909063 -0.338047 0.243576 0.909065 -0.338041 -0.243577 0.909063 -0.338046 -0.243577 0.909063 -0.338044 -0.243577 0.909063 -0.338045 -0.243577 0.909064 -0.338043 -0.665484 0.665474 -0.338047 -0.665484 0.665473 -0.338048 -0.665484 0.665475 -0.338045 -0.665484 0.665472 -0.33805 -0.90906 0.243584 -0.33805 -0.90906 0.243584 -0.33805 -0.90906 0.243583 -0.338049 -0.909059 0.243584 -0.33805 -0.909061 -0.243578 -0.33805 -0.909061 -0.243577 -0.33805 -0.909061 -0.243578 -0.33805 -0.909061 -0.243579 -0.338051 -0.665475 -0.66548 -0.338051 -0.665476 -0.66548 -0.338051 -0.665473 -0.665482 -0.338052 -0.665478 -0.665478 -0.33805 -0.112118 -0.418431 0.901302 -0.112119 -0.418426 0.901304 -0.112117 -0.418437 0.901299 -0.112119 -0.418421 0.901306 0.112116 -0.418424 0.901305 0.112118 -0.418425 0.901304 0.112117 -0.418425 0.901305 0.112116 -0.418423 0.901306 0.306306 -0.306308 0.901306 0.306306 -0.306305 0.901307 0.306306 -0.306303 0.901307 0.306305 -0.306311 0.901305 0.418423 -0.112117 0.901306 0.418422 -0.112117 0.901306 0.418422 -0.112117 0.901306 0.418424 -0.112116 0.901305 0.418423 0.112116 0.901306 0.418423 0.112117 0.901306 0.418424 0.112116 0.901305 0.418423 0.112117 0.901306 0.306311 0.306308 0.901304 0.306309 0.30631 0.901304 0.30631 0.306309 0.901304 0.306313 0.306307 0.901304 0.112115 0.418429 0.901303 0.112116 0.41843 0.901303 0.112117 0.41843 0.901302 0.112113 0.418428 0.901304 -0.112117 0.418426 0.901304 -0.112117 0.418425 0.901305 -0.112116 0.418424 0.901305 -0.112118 0.418427 0.901304 -0.306306 0.306305 0.901307 -0.306308 0.306304 0.901307 -0.306304 0.306306 0.901307 -0.30631 0.306303 0.901306 -0.418426 0.112118 0.901304 -0.418425 0.112125 0.901304 -0.418425 0.112121 0.901304 -0.418427 0.112116 0.901304 -0.418424 -0.112122 0.901305 -0.418426 -0.112119 0.901304 -0.418427 -0.112116 0.901304 -0.418422 -0.112125 0.901305 -0.306309 -0.306309 0.901304 -0.306308 -0.306308 0.901305 -0.306309 -0.30631 0.901304 -0.306308 -0.306307 0.901306 0.230025 0.858424 0.458473 0.230015 0.858425 0.458475 0.230029 0.858423 0.458472 0.230013 0.858425 0.458475 -0.23003 0.858423 0.458472 -0.230017 0.858425 0.458475 -0.230027 0.858423 0.458473 -0.230016 0.858425 0.458475 -0.628413 0.628413 0.458471 -0.628391 0.628429 0.458479 -0.62841 0.628414 0.458472 -0.628385 0.628433 0.458481 -0.858427 0.230016 0.458471 -0.858428 0.230002 0.458475 -0.858427 0.230017 0.458471 -0.858429 0.229998 0.458477 -0.858428 -0.230002 0.458476 -0.858427 -0.230015 0.458471 -0.858427 -0.230017 0.458471 -0.858429 -0.229998 0.458477 -0.62841 -0.628413 0.458473 -0.628416 -0.628406 0.458475 -0.628417 -0.628405 0.458475 -0.628408 -0.628416 0.458473 -0.230007 -0.858428 0.458474 -0.229998 -0.858428 0.458478 -0.230008 -0.858428 0.458474 -0.229995 -0.858429 0.458479 0.230023 -0.858425 0.458471 0.230002 -0.858427 0.458478 0.230021 -0.858425 0.458472 0.229996 -0.858427 0.45848 0.628412 -0.628411 0.458473 0.628427 -0.628392 0.45848 0.62841 -0.628413 0.458472 0.628432 -0.628385 0.458482 0.858422 -0.230021 0.458477 0.85842 -0.230036 0.458475 0.858423 -0.230019 0.458478 0.858419 -0.23004 0.458474 0.858424 0.23002 0.458474 0.858425 0.230013 0.458476 0.858424 0.23002 0.458474 0.858425 0.230012 0.458477 0.628398 0.628421 0.458479 0.628411 0.628412 0.458473 0.628394 0.628424 0.458481 0.628413 0.628411 0.458473 0.000000 0 1 0.000000 0.000007 1 0.000000 0.000001 1 0.000000 -0.000001 1 0.000000 -0.000004 1 0.000000 -0.000002 1 0.000000 -0.000006 1 0.000000 0 1 0.000000 0 1 0.000000 0.000009 1 0.000000 -0.000003 1 0.000000 0.000002 1 0.000000 -0.000002 1 0.000000 -0.000009 1 0.000000 0.000003 1 0.000000 -0.000012 1 0.000000 0.000012 1 0.580581 0.580591 -0.570823 0.580585 0.580591 -0.57082 0.580585 0.580591 -0.570819 0.580589 0.580591 -0.570816 0.212507 0.793097 -0.570822 0.212508 0.793097 -0.570822 0.212507 0.793097 -0.570822 0.212506 0.793097 -0.570822 -0.21251 0.793097 -0.570821 -0.21251 0.793097 -0.570821 -0.21251 0.793097 -0.570822 -0.21251 0.793098 -0.57082 -0.580587 0.580589 -0.57082 -0.580587 0.580589 -0.57082 -0.580589 0.580586 -0.57082 -0.580585 0.580591 -0.57082 -0.793098 0.212505 -0.570821 -0.793098 0.212506 -0.570821 -0.793099 0.212504 -0.570821 -0.793097 0.212507 -0.570822 -0.793097 -0.212509 -0.570821 -0.793097 -0.212509 -0.570821 -0.793098 -0.212509 -0.57082 -0.793096 -0.21251 -0.570823 -0.580583 -0.580596 -0.570817 -0.580588 -0.580594 -0.570814 -0.580588 -0.580594 -0.570814 -0.580593 -0.580591 -0.570811 -0.258816 -0.965927 0.000000 -0.258816 -0.965927 0.000000 -0.258816 -0.965927 0.000000 -0.258815 -0.965927 0.000000 0.258818 -0.965926 0.000000 0.258817 -0.965926 0.000000 0.258816 -0.965927 0.000000 0.258818 -0.965926 0.000000 0.707102 -0.707111 0.000000 0.707103 -0.707111 0.000000 0.707102 -0.707111 0.000000 0.707103 -0.707111 0.000000 0.965927 -0.258813 0.000000 0.965927 -0.258813 0.000000 0.965927 -0.258813 0.000000 0.965927 -0.258813 0.000000 0.965928 0.258812 0 0.965928 0.258812 0 0.965928 0.258812 0 0.965928 0.258812 0 0.707102 0.707112 0 0.7071 0.707114 0 0.707101 0.707113 0 0.707099 0.707115 0 0.258817 0.965926 -0.000000 0.258814 0.965927 -0.000000 0.258816 0.965927 -0.000000 0.258813 0.965927 -0.000000 -0.258816 0.965927 -0.000000 -0.258817 0.965926 -0.000000 -0.258816 0.965927 -0.000000 -0.258818 0.965926 -0.000000 -0.707108 0.707106 -0.000000 -0.707108 0.707106 -0.000000 -0.707108 0.707106 -0.000000 -0.707108 0.707106 -0.000000 -0.965927 0.258813 -0.000000 -0.965927 0.258814 -0.000000 -0.965927 0.258814 -0.000000 -0.965928 0.258813 -0.000000 -0.965926 -0.258817 0 -0.965926 -0.258818 0 -0.965926 -0.258818 0 -0.965926 -0.258817 0 -0.707108 -0.707106 0 -0.707107 -0.707107 0 -0.707106 -0.707107 0 -0.707108 -0.707105 0 -0.25435 -0.949256 -0.184986 -0.254343 -0.949257 -0.184988 -0.254348 -0.949256 -0.184987 -0.254341 -0.949257 -0.184989 0.254349 -0.949256 -0.184985 0.254342 -0.949258 -0.184987 0.254351 -0.949256 -0.184984 0.254339 -0.949258 -0.184988 0.694898 -0.694909 -0.184982 0.694913 -0.694892 -0.184989 0.694902 -0.694904 -0.184984 0.694918 -0.694887 -0.184992 0.949256 -0.254347 -0.184988 0.949258 -0.254339 -0.184991 0.949257 -0.254345 -0.184988 0.949258 -0.254336 -0.184992 0.949257 0.254342 -0.184988 0.949259 0.254333 -0.184991 0.949257 0.254346 -0.184987 0.94926 0.254328 -0.184993 0.694904 0.694903 -0.184981 0.694897 0.694909 -0.184985 0.694902 0.694905 -0.184982 0.694896 0.69491 -0.184986 0.254351 0.949256 -0.184984 0.25435 0.949256 -0.184984 0.254351 0.949256 -0.184984 0.25435 0.949256 -0.184985 -0.254355 0.949255 -0.184984 -0.254353 0.949255 -0.184986 -0.254356 0.949254 -0.184984 -0.254352 0.949255 -0.184986 -0.694903 0.694902 -0.184986 -0.694903 0.694903 -0.184986 -0.694903 0.694903 -0.184986 -0.694904 0.694902 -0.184986 -0.949258 0.254341 -0.184988 -0.949257 0.254345 -0.184986 -0.949257 0.254346 -0.184986 -0.949258 0.254339 -0.184988 -0.949256 -0.254349 -0.184986 -0.949257 -0.254345 -0.184988 -0.949256 -0.25435 -0.184985 -0.949257 -0.254343 -0.184989 -0.694903 -0.694903 -0.184986 -0.694903 -0.694903 -0.184985 -0.694903 -0.694903 -0.184986 -0.694903 -0.694904 -0.184984 0.000000 0.000000 -1 0.000000 -0.000000 -1 0.000000 -0.000001 -1 0.000000 0.000000 -1 0.000000 -0.000000 -1 0.000000 -0.000000 -1 0.000000 -0.000000 -1 0.000000 -0.000000 -1 0.000000 -0.000000 -1 0.000000 -0.000000 -1 0.000000 -0.000000 -1 0.000000 -0.000000 -1 0.000000 0 -1 0.000000 0 -1 0.000000 -0.000000 -1 0.000000 -0.000000 -1 0.000000 -0.000000 -1 0.000000 -0.000000 -1 0.000000 -0.000000 -1 0.000000 -0.000000 -1 0.000000 -0.000000 -1 0.000000 -0.000001 -1 0.000000 -0.000000 -1 0.000000 -0.000000 -1 0.000000 -0.000000 -1 0.000000 -0.000000 -1 0.000000 -0.000000 -1 0.000000 -0.000000 -1 0.000000 -0.000000 -1 0.000000 -0.000000 -1 0.000000 -0.000000 -1 0.000000 -0.000000 -1 0.000000 -0.000000 -1 0.000000 -0.000000 -1 0.000000 0.000001 -1 0.000000 -0.000000 -1 0.000000 0.000000 -1 0.000000 0.000001 -1 0.393665 0.864555 -0.312367 0.39367 0.864555 -0.312361 0.393672 0.864555 -0.312358 0.393677 0.864555 -0.312352 0.475017 0.822753 -0.312147 0.475019 0.822755 -0.31214 0.475019 0.822755 -0.312141 0.475016 0.822753 -0.312148 0.816109 -0.47118 -0.334598 0.816109 -0.471179 -0.3346 0.816109 -0.471181 -0.334597 0.816109 -0.471178 -0.334602 -0.475016 -0.822755 -0.312143 -0.475015 -0.822754 -0.312148 -0.475015 -0.822754 -0.312147 -0.475016 -0.822756 -0.312142 -0.551889 -0.773208 -0.312358 -0.551888 -0.773209 -0.312358 -0.551889 -0.773209 -0.312358 -0.55189 -0.773208 -0.312357 -0.698649 -0.64276 -0.314245 -0.698649 -0.642759 -0.314245 -0.698651 -0.642755 -0.31425 -0.698648 -0.642763 -0.31424 -0.882362 -0.343898 -0.321202 -0.882363 -0.343895 -0.321204 -0.882362 -0.343902 -0.321201 -0.882363 -0.343892 -0.321205 -0.943156 0.195194 -0.26899 -0.943159 0.195169 -0.268998 -0.94316 0.195213 -0.268964 -0.94317 0.195137 -0.268984 -0.846367 0.488707 -0.211729 -0.846367 0.488707 -0.211729 -0.846367 0.488707 -0.211729 -0.640471 0.719314 -0.269045 -0.640427 0.719346 -0.269061 -0.640456 0.719328 -0.269043 -0.640422 0.719342 -0.269086 -0.143342 0.9361 -0.321202 -0.143349 0.9361 -0.321199 -0.143336 0.9361 -0.321205 -0.143356 0.936099 -0.321196 0.207313 0.926433 -0.314236 0.207312 0.926432 -0.314237 0.207312 0.926432 -0.314237 0.207311 0.926432 -0.314237 -0.212515 -0.7931 -0.570815 -0.212515 -0.7931 -0.570815 -0.212508 -0.793098 -0.57082 -0.212521 -0.793102 -0.57081 0.793097 -0.212504 -0.570824 0.793099 -0.21251 -0.570818 0.793099 -0.212511 -0.570818 0.793101 -0.212516 -0.570814 0.000000 -0.000001 1 0.000000 -0.000002 1 0.000000 -0.000004 1 0.793099 0.212511 -0.570819 0.793099 0.212511 -0.570819 0.7931 0.212514 -0.570816 0.793097 0.212506 -0.570822 0.212515 -0.793099 -0.570816 0.212515 -0.793099 -0.570816 0.21252 -0.793101 -0.570812 0.212509 -0.793098 -0.57082 0.580588 -0.580594 -0.570813 0.580588 -0.580594 -0.570813 0.580589 -0.580594 -0.570812 0.580588 -0.580594 -0.570814 0.000000 0.000003 1 0.000000 0.000004 1 0.000000 0.000005 1 0.000000 0.000006 1 -0.255317 -0.952835 -0.164068 -0.255316 -0.952835 -0.164068 -0.255323 -0.952835 -0.164061 -0.255311 -0.952836 -0.164075 0.25531 -0.952836 -0.164074 0.255316 -0.952835 -0.164067 0.255316 -0.952836 -0.164068 0.255323 -0.952835 -0.164061 0.69752 -0.697528 -0.164075 0.697521 -0.697527 -0.164074 0.697521 -0.697527 -0.164074 0.697523 -0.697526 -0.164073 0.952837 -0.255311 -0.164069 0.952837 -0.255311 -0.16407 0.952836 -0.255318 -0.164061 0.952837 -0.255304 -0.164077 0.952837 0.25531 -0.164067 0.952837 0.255305 -0.164073 0.952837 0.255311 -0.164067 0.952837 0.255316 -0.164061 0.697525 0.697525 -0.164069 0.697525 0.697525 -0.164069 0.697525 0.697524 -0.164069 0.697524 0.697525 -0.164069 0.255307 0.952838 -0.164068 0.255307 0.952838 -0.164068 0.255307 0.952838 -0.164069 0.255308 0.952838 -0.164067 -0.255318 0.952836 -0.164061 -0.255318 0.952836 -0.164062 -0.255312 0.952837 -0.164068 -0.255324 0.952836 -0.164056 -0.697523 0.697529 -0.164059 -0.697523 0.697529 -0.164059 -0.697523 0.697529 -0.164059 -0.697523 0.697529 -0.164058 -0.952839 0.255309 -0.164061 -0.952839 0.255308 -0.164061 -0.952839 0.25531 -0.16406 -0.952839 0.255307 -0.164061 -0.952837 -0.255313 -0.164062 -0.952838 -0.255312 -0.164062 -0.952838 -0.255313 -0.164062 -0.952838 -0.255312 -0.164062 -0.69752 -0.69753 -0.164068 -0.69752 -0.69753 -0.164068 -0.697516 -0.697533 -0.164072 -0.697523 -0.697527 -0.164064 -0.258789 -0.965786 -0.016926 -0.258785 -0.965787 -0.016931 -0.258784 -0.965787 -0.016933 -0.25878 -0.965788 -0.016938 0.25878 -0.965788 -0.016937 0.25878 -0.965788 -0.016937 0.258781 -0.965788 -0.016937 0.258779 -0.965788 -0.016937 0.707004 -0.707006 -0.016934 0.707004 -0.707007 -0.016934 0.707003 -0.707008 -0.016935 0.707005 -0.707006 -0.016933 0.965789 -0.258776 -0.016938 0.965789 -0.258777 -0.016937 0.965788 -0.258778 -0.016936 0.965788 -0.258779 -0.016935 0.965788 0.258779 -0.016934 0.965788 0.258778 -0.016935 0.965789 0.258777 -0.016938 0.965788 0.258781 -0.016931 0.707004 0.707007 -0.016933 0.707001 0.707009 -0.016938 0.707003 0.707008 -0.016935 0.707005 0.707005 -0.01693 0.258779 0.965788 -0.016936 0.258778 0.965788 -0.016938 0.258778 0.965788 -0.016937 0.258779 0.965788 -0.016935 -0.25878 0.965788 -0.016935 -0.25878 0.965788 -0.016936 -0.258778 0.965788 -0.016938 -0.258781 0.965788 -0.016934 -0.707009 0.707002 -0.016935 -0.707009 0.707002 -0.016935 -0.707009 0.707002 -0.016934 -0.707008 0.707002 -0.016935 -0.965787 0.258784 -0.016938 -0.965787 0.258784 -0.016938 -0.965787 0.258783 -0.016938 -0.965787 0.258784 -0.016938 -0.965788 -0.258781 -0.016934 -0.965787 -0.258782 -0.016933 -0.965787 -0.258785 -0.016929 -0.965788 -0.258778 -0.016938 -0.706999 -0.707012 -0.016934 -0.707001 -0.70701 -0.016932 -0.707001 -0.70701 -0.016931 -0.707003 -0.707008 -0.016929 0.866021 -0.500008 0.000000 0.866021 -0.500008 0.000000 0.866021 -0.500008 0.000000 0.866021 -0.500008 0.000000 0.862755 -0.498122 -0.086769 0.86276 -0.498112 -0.086771 0.862761 -0.498111 -0.086771 0.862754 -0.498123 -0.086769 -0.499128 -0.864518 -0.05899 -0.499128 -0.864518 -0.05899 -0.499128 -0.864518 -0.05899 -0.499128 -0.864518 -0.058989 0.500001 0.866025 0.000000 0.500001 0.866025 0.000000 0.500001 0.866025 0.000000 0.500001 0.866025 0 -0.406734 -0.911825 -0.056064 -0.406733 -0.911825 -0.056064 -0.406734 -0.911825 -0.056064 -0.406733 -0.911825 -0.056064 0.587219 0.809428 0 0.587219 0.809428 0 0.587219 0.809428 0 0.587219 0.809428 0 -0.195701 -0.978957 -0.057824 -0.195699 -0.978958 -0.057823 -0.195703 -0.978957 -0.057824 -0.195697 -0.978958 -0.057822 0.751208 0.660066 0 0.751208 0.660065 0 0.751208 0.660065 0 0.751208 0.660066 0 0.18851 -0.979645 -0.068995 0.188503 -0.979646 -0.068997 0.188512 -0.979644 -0.068994 0.188501 -0.979646 -0.068998 0.944903 0.327351 0 0.944903 0.327351 0 0.944903 0.327351 0 0.944903 0.327351 0 0.56345 -0.822234 -0.080347 0.563448 -0.822235 -0.080348 0.563451 -0.822233 -0.080347 0.563447 -0.822236 -0.080349 0.997024 -0.077093 0.000000 0.997024 -0.077093 0.000000 0.997024 -0.077093 0.000000 0.997024 -0.077093 0.000000 -0.479521 -0.877119 -0.026872 -0.479491 -0.877134 -0.026911 -0.479516 -0.877121 -0.026877 -0.479496 -0.877131 -0.026904 0.499129 0.864517 -0.05899 0.499129 0.864517 -0.05899 0.499129 0.864517 -0.058989 0.499129 0.864517 -0.05899 0 -1 0.000000 0 -1 0.000000 0 -1 0.000000 0 -1 0.000000 0 1 -0.000000 0 1 -0.000000 0 1 -0.000000 0 1 -0.000000 0.000000 0.000000 1 0.000000 0.000000 1 0.000000 0.000000 1 0.000000 0 1 0.000000 0 1 0.000000 0.000000 1 0.000000 0.000000 1 0.000000 0 1 -0.000000 -0.023997 -0.999712 -0.000000 -0.023997 -0.999712 -0.000000 -0.023997 -0.999712 -0.000000 -0.023997 -0.999712 -0.887806 -0.460218 0.000000 -0.887806 -0.460218 0.000000 -0.887806 -0.460218 0.000000 -0.887806 -0.460218 0.000000 0.887806 -0.460218 0 0.887806 -0.460218 0 0.887806 -0.460218 0 0.887806 -0.460218 0 0.759629 0.650356 -0.000000 0.759629 0.650356 -0.000000 0.759629 0.650356 -0.000000 0.759629 0.650356 -0.000000 -0.000000 0.046764 -0.998906 -0.000000 0.046764 -0.998906 -0.000000 0.046764 -0.998906 -0.000000 0.046764 -0.998906 -0.759629 0.650356 0 -0.759629 0.650356 0 -0.759629 0.650356 0 -0.759629 0.650356 0 0.504265 0.863549 -0.000000 0.504263 0.86355 -0.000000 0.504264 0.863549 -0.000000 0.504263 0.86355 -0.000000 -0.504263 0.86355 -0.000000 -0.504264 0.863549 -0.000000 -0.504263 0.86355 -0.000000 -0.504264 0.863549 -0.000000 0 -0.99743 -0.071642 0 -0.99743 -0.071642 0 -0.99743 -0.071642 0 -0.99743 -0.071642 0.000000 -0.000002 1 0.000000 0.000003 1 0.000000 0.000003 1 0.000000 -0.000002 1 -0.000000 0 -1 -0.000000 0.000012 -1 -0.000000 0.000011 -1 -0.000000 -0.000000 -1 -0.000000 -0.000000 -1 -0.000000 0.000000 -1 -0.000000 0.000000 -1 -0.000000 -0.000000 -1 -0.000000 0.000006 -1 -0.000000 0 -1 -0.000000 -0.000000 -1 -0.000000 0.000006 -1 -0.000000 -0.000002 -1 -0.000000 0.000002 -1 -0.000000 0.000000 -1 -0.000000 -0.000004 -1 -0.000000 0.000008 -1 -0.000000 -0.000009 -1 -0.000000 -0.000008 -1 -0.000000 0.000009 -1 -0.000000 0.000000 -1 -0.000000 -0.000002 -1 -0.000000 -0.000004 -1 -0.000000 0.000002 -1 -0.000000 0.000008 -1 -0.000000 -0.000000 -1 -0.000000 0 -1 -0.000000 0.000009 -1 -0.000000 -0.000000 -1 -0.000000 0.000000 -1 -0.000000 0.000000 -1 -0.000000 -0.000000 -1 0 0.911676 -0.41091 0 0.911676 -0.410911 0 0.911676 -0.410911 0 0.911676 -0.41091 0.821607 0.408412 -0.397696 0.82161 0.408422 -0.397679 0.821613 0.408429 -0.397665 0.821604 0.408415 -0.397699 0.691376 -0.619048 -0.37253 0.691378 -0.619071 -0.372489 0.691379 -0.619084 -0.372466 0.691377 -0.619063 -0.372504 0.484032 -0.786661 -0.383246 0.484037 -0.786659 -0.383244 0.484023 -0.786663 -0.383252 0.484034 -0.78666 -0.383246 -0.000000 -0.916471 -0.400101 -0.000000 -0.916471 -0.400102 -0.000000 -0.916471 -0.400102 -0.000000 -0.916471 -0.400101 -0.484023 -0.786665 -0.383249 -0.483997 -0.786674 -0.383264 -0.483992 -0.786676 -0.383266 -0.484034 -0.78666 -0.383245 -0.691378 -0.619071 -0.372488 -0.69138 -0.619094 -0.372447 -0.691379 -0.619086 -0.372462 -0.691379 -0.619084 -0.372466 -0.82162 0.40844 -0.39764 -0.821606 0.408412 -0.397697 -0.821603 0.408418 -0.397697 -0.821612 0.408429 -0.397669 0 0.999943 -0.010705 0 0.999943 -0.010705 0 0.999943 -0.010705 0 0.999943 -0.010705 0.894195 0.447672 -0.002391 0.894194 0.447674 -0.002392 0.894186 0.44769 -0.002401 0.894184 0.447694 -0.002403 0.727417 -0.686187 -0.003469 0.727434 -0.686169 -0.003461 0.72741 -0.686194 -0.003471 0.727414 -0.686191 -0.003471 0.48203 -0.876097 -0.010085 0.482057 -0.876082 -0.01009 0.48202 -0.876102 -0.010085 0.482058 -0.876081 -0.01009 0 -0.999907 -0.013644 0 -0.999907 -0.013644 0 -0.999907 -0.013644 0 -0.999907 -0.013644 -0.482057 -0.876082 -0.010089 -0.482063 -0.876079 -0.010089 -0.482058 -0.876081 -0.010089 -0.482031 -0.876096 -0.010087 -0.72741 -0.686194 -0.003472 -0.727434 -0.686169 -0.003462 -0.727417 -0.686187 -0.003468 -0.727413 -0.686191 -0.003469 -0.894193 0.447675 -0.002392 -0.894194 0.447674 -0.002391 -0.894185 0.447691 -0.002401 -0.894183 0.447695 -0.002403 -0.000000 -0.000000 -1 -0.000000 -0.000000 -1 -0.000000 -0.000000 -1 0.000000 0.000000 1 0.000000 0.000000 1 0.000000 0.000000 1 -0.000000 -0.000000 -1 -0.000000 -0.000000 -1 -0.000000 -0.000000 -1 -0.000000 -0.000000 -1 -0.000000 -0.841033 -0.540984 -0.000000 -0.841033 -0.540984 -0.000000 -0.841033 -0.540984 -0.000000 -0.841034 -0.540983 -1 0.000000 0.000000 -1 0.000000 0.000000 -1 0.000000 0.000000 -1 0.000000 0.000000 0 0.77061 -0.637307 0 0.77061 -0.637307 0 0.77061 -0.637307 0 0.77061 -0.637307 1 -0.000000 -0.000000 1 -0.000000 -0.000000 1 -0.000000 -0.000000 1 -0.000000 -0.000000 -0.000000 -1 0.000000 -0.000000 -1 0.000000 -0.000000 -1 0.000000 -0.000000 -1 0.000000 -1 0.000000 0.000000 -1 0.000000 0.000000 0.000000 1 -0.000000 0.000000 1 -0.000000 0.000000 1 -0.000000 0.000000 1 -0.000000 1 -0.000000 -0.000000 1 -0.000000 -0.000000 1 -0.000000 -0.000000 0.000000 0.04903 0.998797 0.000000 0.049031 0.998797 0.000000 0.049031 0.998797 0.000000 0.049031 0.998797 -0.000000 -0.000000 -1 -0.000000 -0.000000 -1 -0.000000 -0.000000 -1 -0.000000 -0.000000 -1 -0.000000 0.000000 -1 -0.000000 -0.000001 -1 -0.000000 -0.000003 -1 -0.000000 -0.000000 -1 -0.000000 -1 0.000000 -0.000000 -1 0.000000 -0.000000 -1 0.000000 -0.000000 -1 0.000000 -0.896331 -0.443386 0.000000 -0.896329 -0.443389 0.000000 -0.89633 -0.443389 0.000000 -0.896331 -0.443386 0.000000 0.896329 -0.443389 0 0.896329 -0.443389 0 0.896329 -0.443389 0 0.896329 -0.443389 0 -0.735203 0.677847 -0.000000 -0.735203 0.677848 -0.000000 -0.735203 0.677848 -0.000000 -0.735203 0.677847 -0.000000 0.735203 0.677847 -0.000000 0.735203 0.677847 -0.000000 0.735203 0.677847 -0.000000 0.735203 0.677847 -0.000000 -0.504249 0.863558 -0.000000 -0.50425 0.863558 -0.000000 -0.50425 0.863558 -0.000000 -0.504249 0.863558 -0.000000 0.000000 1 -0.000000 0.000000 1 -0.000000 0.000000 1 -0.000000 0.000000 1 -0.000000 0.504249 0.863558 -0.000000 0.50425 0.863558 -0.000000 0.504251 0.863557 -0.000000 0.504248 0.863559 -0.000000 0.000000 0.000000 1 0.000000 -0.000000 1 0.000000 -0.000006 1 0.000000 0.000000 1 0.000000 0.000000 1 0.000000 0.000000 1 0.000000 0.000000 1 0.000000 0.000000 1 0 1 -0.000000 0 1 -0.000000 0 -0.000000 -1 0 0.856854 -0.515559 0 -1 0.000000 0 -1 0.000000 0 -1 0.000000 0 -1 0.000000 0.000000 0.85865 0.512562 0.000000 0.85865 0.512562 0 0.85865 0.512562 0 0.85865 0.512563 1 0 0 -0.016072 -0.999871 0.000000 -0.016072 -0.999871 0.000000 -0.016071 -0.999871 0.000000 -0.016072 -0.999871 0.000000 0 -0.000000 -1 0 0.000000 1 -0.562131 0.827048 -0.000000 -0.562131 0.827048 -0.000000 -0.562131 0.827048 -0.000000 -0.000000 -0.000001 -1 -0.000000 -0.000000 -1 -0.000000 -0.000000 -1 -0.000000 -0.000000 -1 -0.000000 -0.000000 -1 -0.000000 -0.000000 -1 -0.923313 -0.384049 0.000006 0.005205 -0.999983 0.002772 0.005204 -0.999983 0.002773 0.005242 -0.999983 0.002659 0.005202 -0.999983 0.002779 0.000005 -1 0.000000 0.004254 0.002402 0.999988 -0.310202 -0.120855 -0.942957 -0.862845 -0.381983 0.33104 -0.310231 -0.120859 0.942947 -0.016072 -0.999871 0.000000 0.999999 0.001145 0 0.999999 0.001145 0 0.999999 0.001145 0 0.999999 0.001145 0 0.793364 0.608747 -0.000000 -0.426412 -0.091183 -0.899921 -0.426413 -0.091185 -0.89992 -0.426458 -0.091246 -0.899893 -0.426402 -0.091169 -0.899928 -0.918508 -0.198306 -0.342078 -0.91851 -0.198312 -0.34207 -0.918509 -0.198305 -0.342078 -0.918506 -0.198286 -0.342096 -0.916239 -0.207249 0.342862 -0.916235 -0.207228 0.342885 -0.916238 -0.207245 0.342866 -0.916234 -0.207226 0.342888 -0.417947 -0.115242 0.901132 -0.417955 -0.115252 0.901128 -0.41794 -0.115231 0.901137 -0.417934 -0.115224 0.901141 0.005171 0.999987 -0.000000 0.005171 0.999987 -0.000000 0.005171 0.999987 -0.000000 0.005171 0.999987 -0.000000 0.000000 0.000000 1 0.000000 0.000000 1 0.000000 0.000000 1 0.000000 0.000000 1 0.072211 -0.997389 0.000000 0.072211 -0.997389 0.000000 0.072211 -0.997389 0.000000 0.072211 -0.997389 0.000000 -0.000000 -0.000000 -1 -0.000000 -0.000000 -1 -0.000000 -0.000000 -1 -0.000000 -0.000000 -1 -0.065859 0.997829 -0.000000 -0.173508 -0.984832 0.000000 0.956509 0.291702 -0.000000 0.956509 0.291702 -0.000000 0.956509 0.291702 -0.000000 0.956509 0.291702 -0.000000 0.000000 0.000000 1 0.956509 0.291702 -0.000000 0.956509 0.291702 -0.000000 0.956509 0.291702 -0.000000 0.956509 0.291702 -0.000000 0.406964 -0.822708 -0.396904 -0.869447 -0.300052 -0.392469 -0.869451 -0.300056 -0.392456 -0.869452 -0.300058 -0.392451 -0.869446 -0.300053 -0.392469 0.128073 0.911996 -0.389693 -0.83304 -0.262627 -0.4869 0.935341 0.287143 -0.206608 0.935351 0.287137 -0.206571 0.935347 0.287138 -0.206586 0.935352 0.287135 -0.206567 0 1 -0.000000 0.000000 0.000000 1 -0.729904 0.68355 0 -0.729906 0.683547 0 -0.729906 0.683548 0 -0.729903 0.68355 0 0.000000 0.000000 1 0 -0.000000 -1 -0.975077 0.221865 0 -0.975077 0.221865 0 -0.975077 0.221865 0 -0.975077 0.221866 0 0 0.000005 -1 -0.000000 -0.000003 -1 -0.000000 -0.000002 -1 0 0.000006 -1 -0.99485 0.101363 0 -0.99485 0.101363 0 -0.99485 0.101363 0 -0.99485 0.101363 0 0 -0.000000 1 0.000000 -0.000002 1 0.000000 -0.000002 1 0 0.000000 1 0 -0.000000 1 0.000000 -0.000002 1 0.000000 -0.000002 1 0.000000 0.000000 1 -0.912749 0.40852 0 -0.912749 0.408522 0 -0.912749 0.408522 0 -0.91275 0.40852 0 -0.520064 0.854127 -0.000000 0.999996 0.002983 0 0 0.000000 1 -0.000000 -1 0.000000 -0.000000 -1 0.000000 -0.000000 -1 0.000000 -0.000000 -1 0.000000 0 -0.000000 -1 -0.092281 -0.02623 -0.995387 0.238687 -0.971097 0.000000 0.925373 -0.377911 0.02945 0.9254 -0.377852 0.029379 0.925374 -0.377909 0.029445 0.925384 -0.377888 0.029421 0.379592 -0.925105 0.00948 0.379291 -0.925231 0.009265 0.379835 -0.925004 0.009649 0.379559 -0.925119 0.009456 -0.37756 -0.925932 -0.00997 -0.377505 -0.925954 -0.009928 -0.377448 -0.925978 -0.009885 -0.377393 -0.926001 -0.009844 -0.915778 -0.400603 -0.029461 -0.915779 -0.4006 -0.029465 -0.915735 -0.40071 -0.029324 -0.91577 -0.400622 -0.029437 -0.918703 0.393037 -0.038811 -0.918707 0.393026 -0.038825 -0.918757 0.392894 -0.038989 -0.918654 0.393169 -0.038647 -0.376127 0.926427 -0.016146 -0.375985 0.926488 -0.015955 -0.376134 0.926424 -0.016156 -0.375995 0.926484 -0.015982 0.378907 0.925303 0.015651 0.378908 0.925302 0.015658 0.378882 0.925313 0.015621 0.37892 0.925297 0.015673 0.921366 0.386707 0.039279 0.921374 0.386688 0.039262 0.921365 0.386708 0.03928 0.921373 0.386691 0.039265 -0.076518 -0.951018 -0.299515 -0.076386 -0.951008 -0.299583 -0.076586 -0.951024 -0.299479 -0.076469 -0.951014 -0.29954 -0.06293 -0.646704 -0.760141 -0.062959 -0.646692 -0.760149 -0.062982 -0.646682 -0.760155 -0.062919 -0.646708 -0.760138 -0.051233 -0.222069 -0.973684 -0.051483 -0.221956 -0.973697 -0.051562 -0.22192 -0.973701 -0.051487 -0.221954 -0.973697 -0.051571 0.221916 -0.973701 -0.051452 0.22197 -0.973695 -0.051476 0.221959 -0.973696 -0.051443 0.221974 -0.973695 -0.063045 0.646655 -0.760172 -0.062887 0.64672 -0.76013 -0.062983 0.646681 -0.760156 -0.063005 0.646672 -0.760162 -0.076506 0.951017 -0.299521 -0.076513 0.951018 -0.299518 -0.076389 0.951008 -0.299582 -0.076524 0.951019 -0.299512 -0.076521 0.951019 0.299512 -0.076387 0.951008 0.299581 -0.076503 0.951017 0.299521 -0.07647 0.951015 0.299539 -0.06296 0.646691 0.760149 -0.062889 0.64672 0.76013 -0.063005 0.646673 0.760161 -0.062985 0.646681 0.760156 -0.051701 0.221853 0.973708 -0.050922 0.222205 0.973669 -0.051532 0.221929 0.9737 -0.051423 0.221978 0.973695 -0.051362 -0.222005 0.973692 -0.051579 -0.221907 0.973703 -0.051501 -0.221942 0.973699 -0.051379 -0.221997 0.973693 -0.062976 -0.646684 0.760154 -0.063002 -0.646674 0.76016 -0.062959 -0.646692 0.760149 -0.062988 -0.646679 0.760157 -0.076587 -0.951024 0.299478 -0.076468 -0.951015 0.299539 -0.076556 -0.951022 0.299494 -0.076519 -0.951019 0.299513 0.975944 -0.09308 -0.197152 0.975952 -0.093105 -0.197103 0.975947 -0.093093 -0.197134 0.975941 -0.093076 -0.197168 -0.007525 -0.402377 0.915443 0.000611 -0.922996 -0.384808 -0.000027 -0.382678 -0.923882 0 -0.334495 0.942398 0 -0.900327 0.435215 0 -0.900327 -0.435214 0 -0.334496 -0.942397 0 0.334493 -0.942398 0 0.900332 -0.435204 0 0.900329 0.435209 0 0.334494 0.942398 0 -0.711987 0.702193 0 -0.711987 0.702193 0 -0.711987 0.702193 0 -0.711987 0.702193 1 0 0 1 0 0.000000 1 0 0 1 0 0 1 0 0 1 0 0 1 0 0 -1 0 0 -1 0 0 1 0 0 1 0 0 1 0 0 1 0 0 0.707107 -0.707107 0.000000 -0.000000 -0.765902 -0.642957 -0.000000 -0.765902 -0.642957 -0.000000 -0.765902 -0.642957 -0.000000 -0.765902 -0.642957 0.761957 -0.07764 -0.642957 0.761957 -0.07764 -0.642956 0.761959 -0.077635 -0.642955 0.761955 -0.077646 -0.642959 0.746808 -0.169926 -0.642964 0.746809 -0.169927 -0.642962 0.746808 -0.169926 -0.642964 0.74681 -0.169928 -0.642962 0.69907 -0.312885 -0.642965 0.69907 -0.312886 -0.642964 0.699069 -0.312883 -0.642967 0.699071 -0.312889 -0.642962 0.559036 -0.523524 -0.642963 0.559037 -0.523524 -0.642962 0.559045 -0.523523 -0.642956 0.559029 -0.523525 -0.642969 0.398314 -0.654181 -0.642957 0.398313 -0.654181 -0.642957 0.398316 -0.65418 -0.642957 0.398312 -0.654181 -0.642958 0.552603 -0.794543 -0.251658 0.552891 -0.794435 -0.251363 0.552762 -0.794483 -0.251496 0.552749 -0.794488 -0.251509 0.528224 -0.548579 -0.648106 0.528224 -0.548579 -0.648105 0.528267 -0.548534 -0.648108 0.528154 -0.548652 -0.648101 0.507528 -0.190726 -0.840261 0.507955 -0.190363 -0.840085 0.507728 -0.190559 -0.840178 0.507717 -0.190568 -0.840183 0.507713 0.190572 -0.840185 0.507683 0.190597 -0.840197 0.50788 0.190433 -0.840115 0.507833 0.19047 -0.840135 0.528187 0.548616 -0.648104 0.528225 0.548576 -0.648107 0.528136 0.548668 -0.648101 0.528195 0.548608 -0.648105 0.552893 0.794435 -0.251361 0.552606 0.794542 -0.251655 0.552767 0.794482 -0.251491 0.552847 0.794452 -0.25141 0.552605 0.794542 0.251655 0.552893 0.794435 0.25136 0.552799 0.79447 0.251457 0.552878 0.794441 0.251376 0.528231 0.548575 0.648103 0.528192 0.548616 0.648101 0.528275 0.548528 0.648107 0.528234 0.548571 0.648104 0.507552 0.190709 0.840251 0.507956 0.190366 0.840084 0.507777 0.190518 0.840158 0.507721 0.190565 0.840181 0.507958 -0.190364 0.840083 0.507538 -0.190721 0.840256 0.507686 -0.190594 0.840196 0.507698 -0.190584 0.840191 0.528276 -0.548531 0.648103 0.527901 -0.548922 0.648078 0.528234 -0.548575 0.648101 0.528195 -0.548616 0.648098 0.552897 -0.794431 0.251365 0.552931 -0.794419 0.251329 0.552697 -0.794506 0.251569 0.55279 -0.794471 0.251474 0.834245 -0.464205 0.297573 0.834235 -0.46419 0.297623 0.834241 -0.464202 0.297587 0.350871 -0.927044 0.132211 0.350869 -0.927047 0.132193 0.350868 -0.927049 0.132178 -0.330395 -0.934249 -0.134231 -0.330282 -0.934336 -0.133901 -0.330416 -0.934232 -0.134295 0.108646 -0.927489 0.357717 0.108523 -0.927514 0.357689 0.108456 -0.927527 0.357674 -0.111934 -0.929974 -0.350169 -0.111931 -0.929976 -0.350166 -0.111889 -0.929988 -0.350147 -0.111864 -0.929996 -0.350135 0.230419 0.464919 0.854844 0.230364 0.464941 0.854846 0.230363 0.464941 0.854847 0.99999 0.004474 -0.000000 0.99999 0.004474 -0.000000 0.99999 0.004474 -0.000000 0.99999 0.004474 -0.000000 0 -1 0.000000 0 -1 0.000000 0 -1 0.000000 0 -1 0.000000 -0.990261 -0.139222 0 -0.990261 -0.139222 0 -0.990261 -0.139222 0 -0.990261 -0.139222 0 0.990261 -0.139222 0 0.990261 -0.139222 0 0.990261 -0.139222 0 0.990261 -0.139222 0 0 -0.147212 0.989105 0 -0.147212 0.989105 0 -0.147212 0.989105 0 -0.147212 0.989105 0.950937 0.294875 0.093636 0.950938 0.294874 0.093633 0.950937 0.294874 0.093635 0.950937 0.294875 0.093637 0.955976 0.189239 0.224275 0.955977 0.189239 0.224271 0.955976 0.189239 0.224273 0.955975 0.189239 0.224277 0.959106 0.062418 0.276079 0.959107 0.062418 0.276077 0.959105 0.062417 0.276082 0.959107 0.062419 0.276074 0.959106 -0.062418 0.27608 0.959106 -0.062418 0.276079 0.959107 -0.062419 0.276077 0.959105 -0.062417 0.276081 0.955976 -0.189239 0.224274 0.955976 -0.189239 0.224274 0.955976 -0.189238 0.224274 0.955976 -0.189239 0.224274 0.950937 -0.294874 0.093635 0.950937 -0.294874 0.093635 0.950938 -0.294874 0.093634 0.950937 -0.294874 0.093636 0.950937 -0.294875 -0.093635 0.950937 -0.294874 -0.093635 0.950937 -0.294875 -0.093635 0.950937 -0.294874 -0.093635 0.955975 -0.18924 -0.224276 0.955975 -0.18924 -0.224277 0.955975 -0.18924 -0.224275 0.955975 -0.18924 -0.224277 0.959105 -0.06242 -0.276081 0.959106 -0.06242 -0.27608 0.959106 -0.06242 -0.27608 0.959105 -0.06242 -0.276082 0.959106 0.06242 -0.276079 0.959106 0.06242 -0.27608 0.959105 0.062419 -0.276081 0.959106 0.06242 -0.276078 0.955975 0.189242 -0.224276 0.955975 0.189241 -0.224275 0.955975 0.189241 -0.224274 0.955975 0.189242 -0.224277 0.950937 0.294874 -0.093639 0.950937 0.294874 -0.093639 0.950937 0.294874 -0.093639 0.950937 0.294874 -0.093639 0.992924 -0.117282 0.018613 0.992925 -0.117275 0.01863 0.992924 -0.117281 0.018611 0.992925 -0.11727 0.018639 0.975951 -0.093107 0.197104 0.975944 -0.093083 0.197154 0.975947 -0.093091 0.197133 0.975943 -0.093068 0.197163 0.992924 -0.117281 -0.018611 0.992925 -0.117274 -0.018629 0.992924 -0.117281 -0.018612 0.992924 -0.117288 -0.018595 0.975944 0.093083 -0.197153 0.975947 0.093092 -0.197133 0.975951 0.093108 -0.197104 0.975943 0.093068 -0.197162 0.992925 0.11727 -0.018639 0.992924 0.117281 -0.018613 0.992925 0.117274 -0.01863 0.992924 0.117281 -0.018614 0.992924 0.117281 0.018611 0.992924 0.117288 0.018595 0.992925 0.117273 0.018629 0.992924 0.11728 0.018612 0.975942 0.093077 0.197167 0.975944 0.093084 0.197154 0.975946 0.093094 0.197136 0.975951 0.093105 0.197104 0.999663 0.025962 0 0.999663 0.025962 0 0.999663 0.025962 0 0.999663 0.025962 0 0 -0.000000 -1 0.002422 0.406566 0.913618 0.002358 0.406361 0.91371 0.002357 0.406356 0.913712 0.002438 0.406617 0.913595 0.006493 0.999973 0.003327 0.006516 0.999974 0.003213 0.00651 0.999974 0.003246 0.006563 0.999974 0.002964 0.003843 0.837944 -0.545743 0.003843 0.837946 -0.54574 0.003844 0.837948 -0.545737 0.003843 0.837944 -0.545742 0.003853 0.320904 -0.947104 0.003862 0.320918 -0.947099 0.003852 0.320901 -0.947105 0.003858 0.320925 -0.947097 0.003822 -0.358828 -0.933396 0.003823 -0.358809 -0.933403 0.00382 -0.358846 -0.933389 0.00382 -0.358834 -0.933393 -0.001709 -0.912309 -0.409498 -0.00172 -0.912334 -0.409443 -0.001716 -0.912329 -0.409454 -0.001715 -0.912326 -0.409461 -0.005356 -0.923831 0.382762 -0.00524 -0.923546 0.383453 -0.005228 -0.923515 0.383527 -0.005318 -0.923738 0.382987 -0.002104 -0.382309 0.924032 -0.002055 -0.382018 0.924153 -0.002097 -0.382269 0.924049 -0.002093 -0.382246 0.924058 0.428041 0.096927 0.898547 0.428047 0.096952 0.898541 0.428052 0.096971 0.898537 0.428034 0.0969 0.898553 0.955481 0.291512 0.045574 0.95548 0.291514 0.045575 0.955482 0.291507 0.045582 0.955486 0.291491 0.045601 0.737173 0.269512 -0.619628 0.737182 0.269531 -0.61961 0.737165 0.269494 -0.619646 0.737165 0.269493 -0.619646 0.263089 0.147913 -0.953366 0.263096 0.147937 -0.95336 0.263097 0.147944 -0.953359 0.263096 0.147938 -0.95336 -0.404231 0.025653 -0.914297 -0.404252 0.025671 -0.914288 -0.404254 0.025679 -0.914286 -0.40424 0.025661 -0.914293 -0.665243 -0.649314 -0.368569 -0.665314 -0.650354 -0.366602 -0.665207 -0.649333 -0.368601 -0.665241 -0.649315 -0.368571 -0.722438 -0.581857 0.373531 -0.72241 -0.581898 0.373522 -0.722397 -0.581929 0.373497 -0.72242 -0.581881 0.373528 -0.214089 -0.216199 0.952588 -0.214073 -0.216206 0.95259 -0.214082 -0.216202 0.952589 -0.214083 -0.216202 0.952589 0.677011 -0.213869 0.704213 0.025906 -0.138401 0.990037 0.628111 0.778124 0.000519 0.628025 0.778193 0.00054 0.628124 0.778113 0.000516 0.628066 0.77816 0.00053 0.998601 0.052877 0.000002 0.676922 -0.736044 -0.003913 0.090075 -0.995902 -0.008059 -0.57167 -0.820481 -0.002247 -0.997991 -0.063355 0.000125 -0.807572 0.589767 0.00122 -0.036999 0.999307 0.004172 0.755399 -0.245368 -0.607591 -0.609997 -0.348402 -0.711702 -0.998341 -0.011002 -0.056525 0.504779 -0.863248 -0.001146 0.504754 -0.863262 -0.001127 0.504714 -0.863286 -0.001096 0.504788 -0.863243 -0.001152 0.98006 -0.197797 0.018939 0.980063 -0.197784 0.01892 0.980063 -0.197782 0.018928 0.980066 -0.19777 0.018897 0.750478 0.655557 -0.083836 0.750478 0.655557 -0.083836 0.750478 0.655557 -0.083836 -0.960362 0.277086 0.030471 -0.960362 0.277086 0.030471 -0.960362 0.277086 0.030471 -0.906846 -0.421437 -0.004596 -0.906853 -0.421422 -0.004617 -0.906851 -0.421426 -0.00461 -0.906851 -0.421425 -0.004614 -0.287513 -0.957653 -0.015383 -0.287539 -0.957645 -0.0154 -0.287508 -0.957655 -0.015378 -0.287546 -0.957643 -0.015404 -0.353389 -0.793208 -0.495921 -0.15845 -0.368925 -0.915854 0.177685 0.425192 -0.887491 0.374819 0.880688 -0.289655 0.390289 0.886738 0.247729 0.067508 0.430835 0.899902 0.06752 0.430837 0.8999 0.06753 0.430839 0.899898 0.067508 0.430831 0.899904 0.294284 0.955625 0.013355 0.294193 0.955651 0.01348 0.29422 0.955643 0.013443 0.294208 0.955647 0.013459 0.245422 0.792973 -0.55764 0.245417 0.792971 -0.557645 0.245424 0.792974 -0.557637 0.24544 0.79298 -0.557622 0.047646 0.307492 -0.950357 0.047652 0.307495 -0.950356 0.047694 0.307508 -0.950349 0.047674 0.307499 -0.950353 0.097017 -0.480745 -0.871477 0.097057 -0.480747 -0.871471 0.097034 -0.480746 -0.871474 0.09709 -0.480762 -0.871459 0.511169 -0.811489 -0.283182 0.511169 -0.811489 -0.283182 0.511177 -0.811483 -0.283183 0.511153 -0.811499 -0.283181 0.406585 -0.884085 0.230398 0.406613 -0.88407 0.230403 0.40658 -0.88409 0.230387 0.406614 -0.88407 0.230403 -0.000243 -0.409185 0.912451 -0.000226 -0.409182 0.912453 -0.000207 -0.409178 0.912455 -0.000218 -0.409181 0.912453 0.568414 0.682155 0.459967 0.568414 0.682155 0.459967 0.568414 0.682155 0.459967 0.99871 0.040744 0.030299 0.998706 0.040881 0.030256 0.998711 0.040722 0.030306 0.998713 0.040642 0.030332 0.69665 -0.573011 -0.431668 0.69661 -0.573014 -0.431728 0.696623 -0.573013 -0.43171 0.696609 -0.573016 -0.431727 0.160579 -0.810726 -0.562972 0.160578 -0.810726 -0.562973 0.160573 -0.810726 -0.562973 0.160582 -0.810728 -0.562968 -0.629053 -0.639237 -0.442345 -0.629056 -0.639236 -0.442342 -0.629056 -0.639236 -0.442343 -0.629034 -0.639237 -0.44237 -0.998451 -0.041894 -0.036615 -0.998455 -0.041791 -0.036623 -0.998444 -0.042069 -0.036598 -0.998444 -0.042059 -0.0366 -0.771141 0.414145 0.483555 -0.771141 0.414145 0.483555 -0.771141 0.414145 0.483555 0.535359 -0.665702 0.519838 0.535372 -0.665707 0.519819 0.535358 -0.665705 0.519835 0.535361 -0.665701 0.519836 0.993067 -0.117328 0.007195 0.993067 -0.117328 0.007191 0.993068 -0.117324 0.007189 0.993066 -0.117334 0.007196 0.790001 0.488226 -0.370856 0.789995 0.488223 -0.370872 0.78999 0.488212 -0.370897 0.790007 0.488238 -0.370826 0.138036 0.902821 -0.40726 0.138055 0.902803 -0.407294 0.138061 0.902792 -0.407316 0.138041 0.902824 -0.407252 -0.54032 0.783128 -0.30784 -0.54032 0.783128 -0.307839 -0.540328 0.783134 -0.307809 -0.540321 0.783128 -0.307837 -0.993679 0.077454 -0.081257 -0.993679 0.077457 -0.081256 -0.993677 0.077455 -0.081285 -0.993679 0.077455 -0.081254 -0.935149 -0.294524 0.196855 -0.935154 -0.294526 0.196829 -0.935157 -0.294535 0.1968 -0.93515 -0.294529 0.196842 -0.308825 -0.722339 0.618752 -0.308741 -0.722307 0.618831 -0.308834 -0.722342 0.618744 -0.308855 -0.722349 0.618724 0.558776 -0.829135 -0.017441 0.558837 -0.829094 -0.017452 0.558814 -0.82911 -0.017449 0.558826 -0.829101 -0.017459 0.932065 -0.361503 -0.023883 0.825571 0.564222 0.009318 0.243736 0.969664 0.018573 -0.47204 0.881437 -0.015692 -0.925485 0.378051 -0.023539 -0.92547 0.378087 -0.023548 -0.925476 0.378073 -0.023553 -0.925493 0.378033 -0.023541 -0.902791 -0.430007 -0.007857 -0.399035 -0.91689 -0.009207 -0.399097 -0.916863 -0.009192 -0.399061 -0.916878 -0.009196 -0.399074 -0.916873 -0.009201 0.541425 -0.14149 0.828758 0.541405 -0.1415 0.828769 0.54141 -0.141497 0.828767 0.541385 -0.14152 0.828779 0.998938 -0.006359 0.045634 0.998937 -0.006411 0.045657 0.998938 -0.006336 0.045627 0.998939 -0.006328 0.04562 0.756686 0.153755 -0.635441 0.756686 0.153755 -0.635441 0.756686 0.153755 -0.635441 -0.591757 0.357617 -0.72245 -0.591757 0.357617 -0.72245 -0.591757 0.357617 -0.72245 -0.997891 0.025762 -0.059577 -0.997896 0.025852 -0.059456 -0.997897 0.025859 -0.059447 -0.997893 0.025806 -0.059521 -0.898182 -0.095053 0.429225 -0.898183 -0.095054 0.429223 -0.8982 -0.095081 0.429181 -0.898176 -0.095044 0.429239 -0.154693 -0.219433 0.963286 -0.154676 -0.219453 0.963284 -0.154706 -0.219427 0.963285 -0.15475 -0.219395 0.963285 0.603288 0.392411 0.694304 0.603288 0.392411 0.694304 0.603288 0.392411 0.694304 0.998519 0.023825 0.048915 0.240519 -0.266117 -0.933452 -0.99843 -0.014649 -0.054055 0.563654 -0.311447 0.765046 0.563823 -0.311247 0.765002 0.56339 -0.311752 0.765116 0.563599 -0.31151 0.76506 0.999542 -0.029531 0.006555 0.742871 0.258558 -0.617487 0.218161 0.478722 -0.85043 -0.489961 0.444469 -0.749924 -0.489957 0.444485 -0.749917 -0.489962 0.444476 -0.749919 -0.489957 0.444494 -0.749912 -0.973028 0.073778 -0.218573 -0.837848 -0.299498 0.456412 -0.190185 -0.453197 0.870886 -0.190195 -0.45319 0.870887 -0.190201 -0.453189 0.870886 -0.190202 -0.453188 0.870887 -0.003448 -0.804789 0.593552 -0.00345 -0.804761 0.593589 -0.003456 -0.804755 0.593597 -0.003039 -0.804755 0.593599 -0.002295 -0.373161 0.927764 -0.002294 -0.37317 0.92776 -0.002295 -0.373154 0.927767 -0.002293 -0.373166 0.927762 -0.003644 0.426568 0.904448 -0.003639 0.426594 0.904436 -0.003641 0.426558 0.904453 -0.027604 0.952953 0.30186 -0.027594 0.952967 0.301814 -0.027594 0.952971 0.301802 -0.043113 0.956425 -0.288778 -0.043116 0.956429 -0.288763 -0.043111 0.956416 -0.288808 -0.012088 0.431855 -0.901862 -0.012095 0.431883 -0.901848 -0.012092 0.43187 -0.901855 0.021986 -0.431832 -0.901686 0.021985 -0.43183 -0.901687 0.021985 -0.431837 -0.901684 0.011162 -0.909573 -0.415394 0.01116 -0.909581 -0.415376 0.011164 -0.909574 -0.415392 -0.065858 0.997829 -0.000000 -0.065859 0.997829 -0.000000 -0.065858 0.997829 -0.000000 -0.065859 0.997829 -0.000000 -0.000000 0 -1 -0.065859 0.997829 -0.000000 -0.065859 0.997829 -0.000000 -0.065859 0.997829 -0.000000 -0.065859 0.997829 -0.000000 -0.000000 0.000000 -1 -0.000000 0.000000 -1 -0.000000 0.000000 -1 0.908995 -0.411062 0.068972 0.90899 -0.411072 0.068968 0.908995 -0.411061 0.068973 0.381843 -0.923824 0.02729 0.381842 -0.923825 0.027289 0.381871 -0.923812 0.027301 0.381829 -0.92383 0.027285 -0.371655 -0.927976 -0.027055 -0.371737 -0.927943 -0.027085 -0.371743 -0.92794 -0.027087 -0.371701 -0.927958 -0.027072 -0.914748 -0.398737 -0.065151 -0.914719 -0.398807 -0.06513 -0.914772 -0.398679 -0.065169 -0.914765 -0.398696 -0.065164 -0.914831 0.398553 -0.065115 -0.914865 0.39847 -0.065141 -0.914901 0.398383 -0.065167 0.908991 0.41107 0.068972 0.908992 0.411068 0.068971 0.908987 0.411079 0.068968 -0.003587 -0.920795 0.390031 -0.003603 -0.920815 0.389984 -0.0036 -0.920813 0.389988 -0.003588 -0.920796 0.390029 -0.000217 0.382011 -0.924158 -0.000111 0.382383 -0.924004 -0.000063 0.382556 -0.923932 -0.000249 0.381898 -0.924204 0.834242 -0.464202 0.297584 0.350871 -0.927046 0.132196 -0.330405 -0.934241 -0.134264 -0.832665 -0.451799 -0.320229 -0.832664 -0.451806 -0.320222 -0.832664 -0.451806 -0.320223 -0.832662 -0.451819 -0.320209 -0.832822 0.451496 -0.320247 -0.83282 0.451513 -0.320229 -0.832823 0.451493 -0.320249 -0.832821 0.451501 -0.320243 -0.330083 0.934372 -0.134142 -0.33007 0.934382 -0.134104 -0.32996 0.934467 -0.133782 -0.33008 0.934374 -0.134133 0.351062 0.926961 0.132285 0.351063 0.926959 0.132296 0.351066 0.926953 0.132326 0.351064 0.926958 0.132298 0.834246 0.464205 0.297571 0.834244 0.464204 0.297577 0.834243 0.464203 0.297581 0.834243 0.4642 0.297587 0.230365 -0.464951 0.854841 0.23042 -0.464929 0.854838 0.230365 -0.464951 0.85484 0.230378 -0.464946 0.85484 0.108449 -0.927529 0.357672 -0.261021 -0.441495 -0.858458 -0.261028 -0.441489 -0.858459 -0.261013 -0.441505 -0.858455 -0.261036 -0.441483 -0.85846 -0.261028 0.441398 -0.858506 -0.261016 0.441411 -0.858503 -0.261028 0.441399 -0.858505 -0.260997 0.441431 -0.858498 -0.109783 0.93066 -0.349026 -0.109644 0.930701 -0.348961 -0.109616 0.930709 -0.348948 -0.1096 0.930714 -0.34894 0.10672 0.926361 0.361201 0.106922 0.926318 0.361251 0.106809 0.926343 0.361222 0.106831 0.926338 0.361226 0.230377 0.464935 0.854846 -0.003641 0.426564 0.90445 -0.027604 0.952949 0.301873 -0.043115 0.95643 -0.288759 -0.012086 0.431848 -0.901866 0.021989 -0.431808 -0.901697 0.011159 -0.90958 -0.41538 -0.633966 -0.727186 0.263226 -0.633967 -0.727202 0.263179 -0.633965 -0.727183 0.263236 -0.633967 -0.727185 0.263225 -0.865816 -0.259061 0.428077 -0.865824 -0.259092 0.428043 -0.865817 -0.259062 0.428074 -0.865815 -0.259056 0.428082 -0.593142 0.711178 0.377371 -0.593152 0.711174 0.377363 -0.592959 0.711279 0.377468 -0.593171 0.711165 0.37735 0.030251 0.996941 0.072064 0.030259 0.996944 0.072025 0.030247 0.99694 0.07208 0.030239 0.996938 0.072114 0.465706 0.835587 -0.291399 0.46571 0.835568 -0.291444 0.465709 0.835575 -0.291426 0.465711 0.835565 -0.291452 0.830465 0.335612 -0.444626 0.830459 0.335607 -0.444642 0.830459 0.335606 -0.444642 0.83046 0.335607 -0.444639 0.641487 -0.618884 -0.453295 0.641481 -0.61887 -0.453324 0.641477 -0.618864 -0.453338 0.641484 -0.61888 -0.453306 0.132779 -0.968139 -0.212311 0.132781 -0.968139 -0.212311 0.132774 -0.968139 -0.212314 0.132769 -0.968139 -0.212318 -0.716268 -0.697155 0.030593 -0.993478 -0.112239 0.020101 -0.606713 0.79463 -0.02151 0.035897 0.999101 -0.022568 0.767558 -0.640398 -0.027286 0.138197 -0.990403 0.001817 0.138145 -0.99041 0.001836 0.138167 -0.990407 0.001823 0.13814 -0.990411 0.001837 -0.470581 -0.769485 0.431794 -0.470623 -0.769517 0.431692 -0.47065 -0.769538 0.431624 -0.470593 -0.769493 0.431767 -0.516279 -0.303835 0.800713 -0.516254 -0.303874 0.800714 -0.516279 -0.303828 0.800715 -0.516271 -0.303845 0.800714 -0.258972 0.554944 0.790551 -0.259114 0.554878 0.790551 -0.259104 0.554884 0.79055 -0.259073 0.554896 0.790552 0.091829 0.970778 0.221714 0.091811 0.97078 0.221716 0.091832 0.970778 0.221714 0.091831 0.970778 0.221714 0.419154 0.880885 -0.219892 0.419154 0.880885 -0.219892 0.419154 0.880885 -0.219892 0.074966 -0.940499 -0.331425 0.074966 -0.940499 -0.331425 0.074965 -0.940499 -0.331425 0.909005 -0.411036 0.068982 -0.914794 0.398643 -0.065087 -0.371447 0.92806 -0.027046 -0.37152 0.92803 -0.027073 -0.371483 0.928046 -0.02706 -0.371515 0.928032 -0.027072 0.381981 0.923766 0.027332 0.381929 0.923788 0.027312 0.381931 0.923787 0.027313 0.381916 0.923794 0.027308 0.909002 0.411044 0.068979</float_array>
          <technique_common>
            <accessor source="#GeometrySource1-array" count="7380" stride="3">
              <param name="X" type="float"/>
              <param name="Y" type="float"/>
              <param name="Z" type="float"/>
            </accessor>
          </technique_common>
        </source>
        <source id="GeometrySource2" name="drenkendship_DrenkendShipUV">
          <float_array id="GeometrySource2-array" count="14760">0.726604 -0.255695 0.726497 -0.321004 0.782498 -0.321096 0.782605 -0.255802 0.807996 -0.0542 0.743999 -0.119493 0.807996 -0.119493 0.743999 -0.0542 0.752605 -0.192493 0.743999 -0.140505 0.743999 -0.184802 0.996597 -0.140398 0.931197 -0.256001 0.996597 -0.256001 0.517098 -0.155703 0.614099 -0.192493 0.614893 -0.143297 0.549706 -0.256001 0.915694 -0.054093 0.845594 -0.119493 0.915694 -0.119493 0.743999 -0.119493 0.678706 -0.119493 0.678706 -0.140505 0.743999 -0.140505 0.743999 -0.184802 0.678706 -0.184894 0.678706 -0.140505 0.614694 -0.1196 0.678706 -0.119493 0.491493 -0.256001 0.517098 -0.155703 0.491493 -0.140398 0.549706 -0.256001 0.931197 -0.256001 0.931304 -0.140398 0.905592 -0.155596 0.151095 -0.290303 0.2663 -0.241306 0.151095 -0.241199 0.2663 -0.290303 0.2663 -0.187503 0.151095 -0.187503 0.2663 -0.213306 0.151095 -0.213306 0.090104 -0.299702 0.128099 -0.322499 0.104295 -0.2757 0.100008 -0.323507 0.151095 -0.241199 0.2663 -0.213306 0.151095 -0.213306 0.2663 -0.241306 0.336095 -0.547097 0.383597 -0.547097 0.383597 -0.508797 0.336202 -0.508797 0.309697 -0.537301 0.336095 -0.547097 0.336202 -0.508797 0.314 -0.509194 0.128099 -0.322499 0.151095 -0.366506 0.151095 -0.290303 0.128099 -0.322499 0.151095 -0.290303 0.104295 -0.2757 0.409995 -0.537301 0.383597 -0.508797 0.383597 -0.547097 0.151095 -0.159304 0.2663 -0.159304 0.2663 -0.108904 0.151095 -0.108904 0.360006 -0.212802 0.351995 -0.164202 0.352102 -0.212802 0.411597 -0.212802 0.404807 -0.164202 0.405402 -0.212802 0.409598 -0.164508 0.360098 -0.244495 0.405402 -0.212802 0.360006 -0.212802 0.405493 -0.244495 0.352102 -0.212802 0.411505 -0.244495 0.352102 -0.244495 0.411597 -0.212802 0.391699 -0.946303 0.438193 -0.936202 0.3935 -0.931807 0.436103 -0.952804 0.389303 -0.960601 0.433204 -0.969406 0.391699 -0.946303 0.436103 -0.952804 0.386099 -0.974701 0.433204 -0.969406 0.389303 -0.960601 0.429603 -0.986297 0.397208 -0.993698 0.386099 -0.974701 0.381994 -0.988296 0.429603 -0.986297 0.380697 -0.817594 0.400504 -0.826703 0.395895 -0.811994 0.385107 -0.831296 0.385107 -0.831296 0.388907 -0.845197 0.400504 -0.826703 0.4047 -0.841398 0.391699 -0.859205 0.4047 -0.841398 0.388907 -0.845197 0.436103 -0.852003 0.3935 -0.873594 0.437995 -0.869093 0.391699 -0.859205 0.436103 -0.852003 0.394507 -0.888197 0.437995 -0.869093 0.3935 -0.873594 0.439307 -0.885893 0.394797 -0.9028 0.439307 -0.885893 0.394507 -0.888197 0.439704 -0.902693 0.394507 -0.917296 0.439399 -0.919402 0.394797 -0.9028 0.439704 -0.902693 0.265293 -0.872206 0.256504 -0.859907 0.253101 -0.872099 0.265507 -0.851102 0.381399 -0.800595 0.352407 -0.790707 0.370398 -0.802701 0.359792 -0.7991 0.444694 -0.919707 0.438193 -0.936202 0.443503 -0.936706 0.439399 -0.919402 0.443503 -0.936706 0.436103 -0.952804 0.441398 -0.953597 0.438193 -0.936202 0.441398 -0.953597 0.433204 -0.969406 0.438407 -0.970306 0.436103 -0.952804 0.429603 -0.986297 0.438407 -0.970306 0.433204 -0.969406 0.435401 -0.986099 0.401495 -0.996399 0.432303 -0.991196 0.429603 -0.986297 0.397208 -0.993698 0.400504 -0.826703 0.401099 -0.811597 0.395895 -0.811994 0.405005 -0.825299 0.409201 -0.839002 0.400504 -0.826703 0.4047 -0.841398 0.405005 -0.825299 0.409201 -0.839002 0.436103 -0.852003 0.439307 -0.847395 0.4047 -0.841398 0.436103 -0.852003 0.443305 -0.868803 0.441901 -0.852796 0.437995 -0.869093 0.443305 -0.868803 0.439307 -0.885893 0.444602 -0.885695 0.437995 -0.869093 0.439704 -0.902693 0.444602 -0.885695 0.439307 -0.885893 0.445106 -0.902693 0.439399 -0.919402 0.445106 -0.902693 0.439704 -0.902693 0.444694 -0.919707 0.532204 -0.859907 0.536507 -0.875303 0.536507 -0.859907 0.532204 -0.875303 0.536507 -0.859907 0.536706 -0.844495 0.532296 -0.844495 0.532204 -0.859907 0.536706 -0.844495 0.536797 -0.829206 0.532494 -0.829099 0.532296 -0.844495 0.536797 -0.829206 0.536995 -0.813794 0.532601 -0.813703 0.532494 -0.829099 0.536202 -0.997696 0.563302 -0.981704 0.536294 -0.982406 0.563302 -0.9673 0.536507 -0.9673 0.563302 -0.981704 0.536294 -0.982406 0.536507 -0.9673 0.563302 -0.9673 0.563302 -0.952804 0.536294 -0.952102 0.563302 -0.952804 0.536202 -0.936797 0.536294 -0.952102 0.536202 -0.936797 0.536202 -0.921401 0.531807 -0.921401 0.531594 -0.936797 0.536202 -0.921401 0.5364 -0.906096 0.532006 -0.906004 0.531807 -0.921401 0.5364 -0.906096 0.536507 -0.8907 0.532204 -0.8907 0.532006 -0.906004 0.532204 -0.875303 0.536507 -0.8907 0.536507 -0.875303 0.532204 -0.8907 0.278492 -0.805905 0.272602 -0.789899 0.267994 -0.791608 0.281498 -0.801999 0.266606 -0.773907 0.267994 -0.791608 0.272602 -0.789899 0.271397 -0.774899 0.274693 -0.758099 0.271397 -0.774899 0.278294 -0.761395 0.266606 -0.773907 0.274693 -0.758099 0.291005 -0.753094 0.289403 -0.748501 0.278294 -0.761395 0.289403 -0.748501 0.309804 -0.743297 0.310399 -0.738201 0.291005 -0.753094 0.309804 -0.743297 0.322393 -0.748699 0.325307 -0.7449 0.310399 -0.738201 0.331106 -0.759304 0.325307 -0.7449 0.322393 -0.748699 0.335698 -0.757397 0.331304 -0.780407 0.335698 -0.757397 0.331106 -0.759304 0.326406 -0.780102 0.325704 -0.797208 0.331304 -0.780407 0.326406 -0.780102 0.321599 -0.794507 0.325704 -0.797208 0.310307 -0.804501 0.312505 -0.808896 0.321599 -0.794507 0.295094 -0.812299 0.310307 -0.804501 0.295506 -0.807401 0.312505 -0.808896 0.278492 -0.805905 0.295094 -0.812299 0.295506 -0.807401 0.281498 -0.801999 0.346899 -0.882094 0.321294 -0.887098 0.349096 -0.899306 0.323201 -0.900999 0.342397 -0.865202 0.321294 -0.887098 0.346899 -0.882094 0.317693 -0.873503 0.335698 -0.849104 0.317693 -0.873503 0.342397 -0.865202 0.312306 -0.860594 0.327001 -0.833997 0.305394 -0.848402 0.335698 -0.849104 0.312306 -0.860594 0.305394 -0.848402 0.304097 -0.830304 0.296803 -0.837201 0.327001 -0.833997 0.342306 -0.950896 0.312306 -0.955505 0.335607 -0.966995 0.317693 -0.942504 0.346807 -0.934096 0.321294 -0.929 0.342306 -0.950896 0.317693 -0.942504 0.349096 -0.916793 0.321294 -0.929 0.346807 -0.934096 0.323201 -0.915099 0.349096 -0.899306 0.323201 -0.915099 0.349096 -0.916793 0.323201 -0.900999 0.250095 -0.869398 0.252506 -0.855695 0.246296 -0.868605 0.255497 -0.858106 0.250095 -0.869398 0.246494 -0.882902 0.250202 -0.882002 0.246296 -0.868605 0.250202 -0.882002 0.252995 -0.895705 0.255894 -0.893294 0.246494 -0.882902 0.255894 -0.893294 0.264302 -0.904402 0.265904 -0.900999 0.252995 -0.895705 0.299001 -0.897505 0.285695 -0.901793 0.287098 -0.905394 0.296193 -0.894804 0.296193 -0.894804 0.306294 -0.885206 0.302693 -0.884001 0.299001 -0.897505 0.303807 -0.871504 0.302693 -0.884001 0.306294 -0.885206 0.307607 -0.871 0.303807 -0.871504 0.302296 -0.857603 0.299199 -0.8598 0.307607 -0.871 0.289906 -0.851408 0.302296 -0.857603 0.291707 -0.848096 0.299199 -0.8598 0.291707 -0.848096 0.277699 -0.848005 0.289906 -0.851408 0.277897 -0.844205 0.277699 -0.848005 0.263798 -0.846906 0.2654 -0.850401 0.277897 -0.844205 0.255497 -0.858106 0.2654 -0.850401 0.263798 -0.846906 0.252506 -0.855695 0.277501 -0.872404 0.289601 -0.872496 0.289906 -0.851408 0.277699 -0.848005 0.277501 -0.872404 0.289403 -0.893599 0.277195 -0.896696 0.256199 -0.884306 0.265293 -0.872206 0.265003 -0.893294 0.265003 -0.893294 0.277501 -0.872404 0.277195 -0.896696 0.277501 -0.872404 0.265507 -0.851102 0.277699 -0.848005 0.298405 -0.884794 0.301793 -0.872602 0.298695 -0.860395 0.289906 -0.851408 0.3449 -0.207294 0.351995 -0.164202 0.338903 -0.162493 0.321798 -0.221607 0.293294 -0.176394 0.2757 -0.174899 0.352102 -0.212802 0.327199 -0.213397 0.321798 -0.221607 0.3449 -0.207294 0.154604 -0.294194 0.151095 -0.366506 0.154604 -0.366506 0.262806 -0.105196 0.151095 -0.108904 0.2663 -0.108904 0.604898 -0.032806 0.594797 -0.107393 0.605097 -0.109407 0.915496 -0.037201 0.924804 -0.046402 0.922606 -0.036301 0.915602 -0.047501 0.922606 -0.036301 0.933593 -0.043595 0.929397 -0.034103 0.924804 -0.046402 0.941604 -0.039002 0.929397 -0.034103 0.933593 -0.043595 0.935607 -0.030594 0.940993 -0.025894 0.941604 -0.039002 0.948501 -0.032898 0.935607 -0.030594 0.945403 -0.020202 0.948501 -0.032898 0.954101 -0.025604 0.940993 -0.025894 0.948608 -0.013702 0.954101 -0.025604 0.958206 -0.017395 0.945403 -0.020202 0.958206 -0.017395 0.9505 -0.006805 0.948608 -0.013702 0.960601 -0.008606 0.880705 -0.006897 0.872999 -0.017593 0.882597 -0.013901 0.870604 -0.008697 0.882597 -0.013901 0.876997 -0.025803 0.885801 -0.020401 0.872999 -0.017593 0.882597 -0.033096 0.885801 -0.020401 0.876997 -0.025803 0.890105 -0.026092 0.889494 -0.0392 0.890105 -0.026092 0.882597 -0.033096 0.895506 -0.030792 0.897597 -0.043793 0.901701 -0.034302 0.889494 -0.0392 0.895506 -0.030792 0.906401 -0.046601 0.908507 -0.036499 0.897597 -0.043793 0.901701 -0.034302 0.915496 -0.037201 0.906401 -0.046601 0.915602 -0.047501 0.908507 -0.036499 0.908705 -0.035004 0.900893 -0.0233 0.903502 -0.030106 0.915496 -0.037201 0.673594 -0.755306 0.652796 -0.690806 0.652506 -0.759106 0.652506 -0.759106 0.652796 -0.690806 0.642496 -0.759197 0.642405 -0.690806 0.642496 -0.759197 0.632105 -0.690806 0.632502 -0.759106 0.632502 -0.759106 0.632105 -0.690806 0.611399 -0.755398 0.313207 -0.2757 0.2663 -0.290303 0.289296 -0.322606 0.342794 -0.418906 0.388693 -0.396796 0.342794 -0.396796 0.2663 -0.290303 0.2663 -0.366705 0.289296 -0.322606 0.2795 -0.372107 0.415198 -0.368307 0.388693 -0.358495 0.388693 -0.396796 0.410895 -0.396399 0.604898 -0.032806 0.713298 -0.109407 0.713497 -0.032806 0.605097 -0.109407 0.316304 -0.368307 0.342794 -0.396796 0.342794 -0.358495 0.320607 -0.396399 0.327504 -0.299702 0.317601 -0.323598 0.151095 -0.187503 0.2663 -0.187503 0.2663 -0.159304 0.151095 -0.159304 0.2663 -0.094697 0.262806 -0.105196 0.2663 -0.108904 0.262806 -0.094697 0.2663 -0.366705 0.2663 -0.290303 0.262806 -0.294194 0.262806 -0.366705 0.262806 -0.294194 0.151095 -0.290303 0.154604 -0.294194 0.2663 -0.290303 0.713497 -0.032806 0.723705 -0.107393 0.738003 -0.036499 0.713298 -0.109407 0.604898 -0.032806 0.713497 -0.032806 0.713298 -0.007995 0.605097 -0.007995 0.965393 -0.0542 0.955901 -0.063401 0.966094 -0.061402 0.955001 -0.0542 0.966094 -0.061402 0.958495 -0.072205 0.968093 -0.068406 0.955901 -0.063401 0.962707 -0.080399 0.968093 -0.068406 0.958495 -0.072205 0.971405 -0.074799 0.975906 -0.080399 0.962707 -0.080399 0.968399 -0.087602 0.971405 -0.074799 0.981399 -0.085099 0.968399 -0.087602 0.975402 -0.093598 0.975906 -0.080399 0.987594 -0.0887 0.975402 -0.093598 0.983398 -0.0981 0.981399 -0.085099 0.983398 -0.0981 0.9944 -0.091004 0.987594 -0.0887 0.992096 -0.101106 0.994507 -0.017395 0.983398 -0.010299 0.987594 -0.019699 0.992096 -0.007293 0.987594 -0.019699 0.975402 -0.014892 0.981399 -0.0233 0.983398 -0.010299 0.968399 -0.020904 0.981399 -0.0233 0.975402 -0.014892 0.975906 -0.028 0.962707 -0.028107 0.975906 -0.028 0.968399 -0.020904 0.971405 -0.033707 0.958495 -0.036301 0.968093 -0.0401 0.962707 -0.028107 0.971405 -0.033707 0.955901 -0.045105 0.966094 -0.047104 0.958495 -0.036301 0.968093 -0.0401 0.965393 -0.0542 0.955901 -0.045105 0.955001 -0.0542 0.966094 -0.047104 0.983001 -0.072495 0.965393 -0.0542 0.975906 -0.071595 0.967895 -0.047501 0.690196 -0.745296 0.6701 -0.680507 0.681193 -0.745296 0.691203 -0.676997 0.691203 -0.676997 0.690196 -0.745296 0.701198 -0.676997 0.700496 -0.745296 0.701198 -0.676997 0.710796 -0.745495 0.711192 -0.677195 0.700496 -0.745296 0.719799 -0.745693 0.732204 -0.681193 0.710796 -0.745495 0.711192 -0.677195 0.382193 -0.556893 0.336095 -0.547097 0.337606 -0.556893 0.383597 -0.547097 0.330205 -0.555001 0.309697 -0.537301 0.305196 -0.545495 0.336095 -0.547097 0.389593 -0.555001 0.414496 -0.545495 0.409995 -0.537301 0.383597 -0.547097 0.344198 -0.348699 0.388693 -0.358495 0.387304 -0.348699 0.394705 -0.350607 0.415198 -0.368307 0.419593 -0.360006 0.388693 -0.358495 0.336797 -0.350607 0.311894 -0.360006 0.316304 -0.368307 0.342794 -0.358495 0.345998 -0.631296 0.345998 -0.6448 0.364401 -0.631601 0.366995 -0.6448 0.345998 -0.6448 0.345998 -0.671504 0.366995 -0.6448 0.367697 -0.671504 0.324895 -0.6448 0.324193 -0.671504 0.327504 -0.631601 0.345998 -0.631296 0.358602 -0.622095 0.345998 -0.617197 0.364401 -0.631601 0.333303 -0.622095 0.394202 -0.638407 0.397208 -0.624002 0.391196 -0.624994 0.388296 -0.638102 0.397101 -0.611307 0.3906 -0.596796 0.385199 -0.601801 0.391104 -0.613901 0.385504 -0.6654 0.394202 -0.638407 0.388296 -0.638102 0.380102 -0.663493 0.385199 -0.601801 0.376699 -0.589197 0.373602 -0.594903 0.3906 -0.596796 0.364004 -0.588098 0.373602 -0.594903 0.376699 -0.589197 0.3626 -0.594003 0.321904 -0.596597 0.349203 -0.595804 0.349493 -0.590005 0.323293 -0.602106 0.397208 -0.624002 0.397101 -0.611307 0.391104 -0.613901 0.391196 -0.624994 0.349493 -0.590005 0.3626 -0.594003 0.364004 -0.588098 0.349203 -0.595804 0.3729 -0.637995 0.367102 -0.624002 0.370108 -0.638407 0.369604 -0.622995 0.362402 -0.610697 0.346197 -0.603204 0.346197 -0.606607 0.360601 -0.613108 0.3738 -0.666697 0.370108 -0.638407 0.370901 -0.666697 0.3729 -0.637995 0.330098 -0.610697 0.346197 -0.606607 0.331807 -0.613108 0.331807 -0.613108 0.322896 -0.622995 0.325505 -0.624094 0.330098 -0.610697 0.318105 -0.666697 0.322499 -0.638407 0.319707 -0.638102 0.321096 -0.666804 0.369604 -0.622995 0.360601 -0.613108 0.367102 -0.624002 0.362402 -0.610697 0.319707 -0.638102 0.325505 -0.624094 0.322896 -0.622995 0.322499 -0.638407 0.290105 -0.551598 0.293706 -0.567407 0.299901 -0.563394 0.284504 -0.556298 0.316106 -0.590997 0.308202 -0.574899 0.301595 -0.578607 0.309102 -0.593393 0.271199 -0.530007 0.284504 -0.556298 0.290105 -0.551598 0.265705 -0.534905 0.316106 -0.590997 0.312093 -0.609705 0.3196 -0.608606 0.309102 -0.593393 0.3196 -0.608606 0.312093 -0.609705 0.320104 -0.622705 0.312703 -0.623407 0.318105 -0.666697 0.319707 -0.638102 0.312306 -0.637797 0.310796 -0.666194 0.299901 -0.563394 0.301595 -0.578607 0.308202 -0.574899 0.293706 -0.567407 0.319707 -0.638102 0.320104 -0.622705 0.312703 -0.623407 0.312306 -0.637797 0.284504 -0.556298 0.273899 -0.575906 0.293706 -0.567407 0.266194 -0.566598 0.301595 -0.578607 0.281697 -0.586801 0.309102 -0.593393 0.288594 -0.600397 0.265705 -0.534905 0.266194 -0.566598 0.284504 -0.556298 0.250294 -0.548608 0.309102 -0.593393 0.291295 -0.615305 0.312093 -0.609705 0.288594 -0.600397 0.312093 -0.609705 0.291295 -0.615305 0.312703 -0.623407 0.291997 -0.626703 0.2916 -0.640894 0.310796 -0.666194 0.312306 -0.637797 0.290303 -0.665003 0.293706 -0.567407 0.281697 -0.586801 0.301595 -0.578607 0.273899 -0.575906 0.312703 -0.623407 0.291997 -0.626703 0.312306 -0.637797 0.2916 -0.640894 0.266194 -0.566598 0.263905 -0.579095 0.273899 -0.575906 0.257801 -0.572198 0.270802 -0.591501 0.288594 -0.600397 0.281697 -0.586801 0.276707 -0.602396 0.250294 -0.548608 0.257404 -0.571603 0.266194 -0.566598 0.242893 -0.5552 0.288594 -0.600397 0.279896 -0.618204 0.291295 -0.615305 0.277897 -0.605905 0.291295 -0.615305 0.280705 -0.620401 0.291997 -0.626703 0.2813 -0.631098 0.290303 -0.665003 0.2916 -0.640894 0.281605 -0.642496 0.280293 -0.664302 0.273899 -0.575906 0.2701 -0.5888 0.281697 -0.586801 0.264103 -0.579705 0.291997 -0.626703 0.281895 -0.632303 0.2916 -0.640894 0.281498 -0.641993 0.362707 -0.734005 0.327703 -0.724895 0.329198 -0.734401 0.364294 -0.724895 0.364904 -0.702998 0.327703 -0.724895 0.364294 -0.724895 0.327108 -0.702998 0.356893 -0.743297 0.334997 -0.743297 0.345907 -0.749096 0.334997 -0.743297 0.356893 -0.743297 0.362707 -0.734005 0.329198 -0.734401 0.318105 -0.666697 0.320195 -0.673793 0.321096 -0.666804 0.324193 -0.671504 0.370901 -0.666697 0.371695 -0.673793 0.3738 -0.666697 0.367697 -0.671504 0.362997 -0.693706 0.367697 -0.671504 0.345998 -0.684504 0.345998 -0.671504 0.324193 -0.671504 0.345998 -0.684504 0.329 -0.693706 0.320195 -0.673793 0.322393 -0.694194 0.371695 -0.673793 0.362997 -0.693706 0.369497 -0.694194 0.367697 -0.671504 0.364904 -0.702998 0.330007 -0.697902 0.327108 -0.702998 0.362005 -0.697902 0.362997 -0.693706 0.322393 -0.694194 0.330007 -0.697902 0.327108 -0.702998 0.362005 -0.697902 0.369497 -0.694194 0.362997 -0.693706 0.364904 -0.702998 0.3028 -0.985504 0.284794 -0.986694 0.289998 -0.995193 0.295903 -0.978103 0.3028 -0.985504 0.313405 -0.973495 0.305303 -0.967697 0.295903 -0.978103 0.312306 -0.955505 0.313405 -0.973495 0.335607 -0.966995 0.305303 -0.967697 0.531594 -0.936797 0.516594 -0.952804 0.531899 -0.952102 0.532097 -0.967193 0.516594 -0.952804 0.516701 -0.967193 0.531899 -0.952102 0.532097 -0.967193 0.516793 -0.981704 0.531899 -0.982406 0.516701 -0.967193 0.531899 -0.982406 0.516793 -0.981704 0.531502 -0.997696 0.531899 -0.982406 0.536202 -0.997696 0.536294 -0.982406 0.531502 -0.997696 0.536294 -0.982406 0.536507 -0.9673 0.532097 -0.967193 0.531899 -0.982406 0.536294 -0.952102 0.532097 -0.967193 0.536507 -0.9673 0.531899 -0.952102 0.536202 -0.936797 0.531899 -0.952102 0.536294 -0.952102 0.531594 -0.936797 0.430304 -0.788998 0.427604 -0.771298 0.418601 -0.781903 0.436393 -0.781506 0.413306 -0.794797 0.430304 -0.788998 0.418601 -0.781903 0.426596 -0.798001 0.4121 -0.808606 0.426596 -0.798001 0.413306 -0.794797 0.425696 -0.807706 0.415 -0.822095 0.427802 -0.817304 0.4121 -0.808606 0.425696 -0.807706 0.421698 -0.834195 0.427802 -0.817304 0.415 -0.822095 0.432502 -0.825895 0.479606 -0.764706 0.473594 -0.777005 0.491005 -0.772503 0.481697 -0.782498 0.466407 -0.760601 0.473594 -0.777005 0.479606 -0.764706 0.464302 -0.773999 0.452705 -0.760403 0.454398 -0.773907 0.466407 -0.760601 0.464302 -0.773999 0.439399 -0.764096 0.444907 -0.776593 0.452705 -0.760403 0.454398 -0.773907 0.427604 -0.771298 0.444907 -0.776593 0.439399 -0.764096 0.436393 -0.781506 0.4336 -0.799802 0.436393 -0.781506 0.431998 -0.790097 0.444907 -0.776593 0.391302 -0.771496 0.373297 -0.759503 0.362295 -0.7617 0.383902 -0.763104 0.3935 -0.782498 0.362295 -0.7617 0.353796 -0.768994 0.391302 -0.771496 0.3935 -0.782498 0.353796 -0.768994 0.350195 -0.779706 0.389899 -0.793194 0.350195 -0.779706 0.381399 -0.800595 0.389899 -0.793194 0.352407 -0.790707 0.463401 -0.7944 0.450507 -0.807904 0.459098 -0.803296 0.461707 -0.784802 0.450507 -0.807904 0.461707 -0.784802 0.454597 -0.777996 0.440696 -0.806607 0.454597 -0.777996 0.4336 -0.799802 0.440696 -0.806607 0.444907 -0.776593 0.681193 -0.745296 0.681804 -0.7579 0.690196 -0.745296 0.690593 -0.757397 0.690196 -0.745296 0.690593 -0.757397 0.700496 -0.745296 0.700298 -0.757107 0.700496 -0.745296 0.709895 -0.757595 0.710796 -0.745495 0.700298 -0.757107 0.710796 -0.745495 0.7187 -0.758297 0.719799 -0.745693 0.709895 -0.757595 0.409598 -0.164508 0.406302 -0.149996 0.404807 -0.164202 0.439399 -0.919402 0.3935 -0.931807 0.438193 -0.936202 0.394507 -0.917296 0.411505 -0.244495 0.4056 -0.310094 0.411399 -0.310094 0.405493 -0.244495 0.360693 -0.310094 0.360098 -0.244495 0.352102 -0.310094 0.409598 -0.164508 0.485405 -0.168307 0.413901 -0.1514 0.327306 -0.129107 0.289906 -0.107698 0.291203 -0.117906 0.329595 -0.150805 0.284199 -0.154604 0.281407 -0.165103 0.336797 -0.127993 0.324697 -0.142702 0.333394 -0.146395 0.327306 -0.129107 0.290394 -0.201907 0.282994 -0.237095 0.290303 -0.232502 0.504997 -0.570397 0.474205 -0.570397 0.474205 -0.581399 0.504997 -0.581399 0.469398 -0.550301 0.504997 -0.570397 0.516899 -0.550301 0.474205 -0.570397 0.474205 -0.570397 0.461006 -0.556695 0.465599 -0.577295 0.469398 -0.550301 0.511604 -0.579202 0.523507 -0.558495 0.504997 -0.570397 0.516899 -0.550301 0.469398 -0.601999 0.516899 -0.601999 0.504997 -0.581399 0.474205 -0.581399 0.443 -0.282704 0.437797 -0.310002 0.443 -0.311604 0.437797 -0.284398 0.464607 -0.275807 0.443 -0.282704 0.464607 -0.318502 0.443 -0.311604 0.437797 -0.284398 0.422507 -0.269993 0.418601 -0.277501 0.442206 -0.281193 0.418601 -0.316793 0.437797 -0.284398 0.418601 -0.277501 0.437797 -0.310002 0.422507 -0.3243 0.437797 -0.310002 0.418601 -0.316793 0.442206 -0.3131 0.449104 -0.229496 0.449104 -0.258396 0.454307 -0.256794 0.454307 -0.231205 0.427497 -0.265293 0.449104 -0.229496 0.427497 -0.222599 0.449104 -0.258396 0.454307 -0.256794 0.469596 -0.271199 0.473503 -0.2636 0.449897 -0.259907 0.473503 -0.2636 0.473503 -0.224308 0.454307 -0.231205 0.454307 -0.256794 0.469596 -0.2168 0.454307 -0.231205 0.473503 -0.224308 0.449897 -0.228 0.495903 -0.009796 0.509896 -0.045197 0.508904 -0.017807 0.504906 -0.052506 0.5729 -0.059006 0.520897 -0.059006 0.520897 -0.065598 0.5729 -0.065598 0.557107 -0.083497 0.527108 -0.083497 0.495705 -0.003097 0.453498 -0.003097 0.453407 -0.009704 0.495903 -0.009796 0.453101 -0.052201 0.453407 -0.009704 0.447196 -0.011993 0.446998 -0.054703 0.509896 -0.045197 0.509407 -0.054703 0.515694 -0.047303 0.515602 -0.056992 0.511299 -0.003402 0.508904 -0.017807 0.517494 -0.005493 0.515602 -0.019897 0.468803 -0.068803 0.498695 -0.072694 0.498802 -0.068696 0.468803 -0.072694 0.448997 -0.059494 0.453101 -0.052201 0.446998 -0.054703 0.455207 -0.057206 0.520897 -0.059006 0.572702 -0.053299 0.521004 -0.054505 0.5729 -0.059006 0.515999 -0.067505 0.520897 -0.065598 0.514 -0.061097 0.5187 -0.059296 0.504906 -0.052506 0.453101 -0.052201 0.468803 -0.068803 0.498802 -0.068696 0.446006 -0.065507 0.468803 -0.068803 0.447501 -0.060303 0.468803 -0.072694 0.515694 -0.047303 0.515602 -0.019897 0.509896 -0.045197 0.508904 -0.017807 0.523201 -0.083299 0.520897 -0.065598 0.515999 -0.067505 0.527108 -0.083497 0.528298 -0.011505 0.572702 -0.053299 0.570993 -0.010101 0.521004 -0.054505 0.519905 -0.106401 0.544198 -0.133394 0.536095 -0.101701 0.523003 -0.134997 0.523003 -0.134997 0.500893 -0.105699 0.494499 -0.133806 0.519905 -0.106401 0.485893 -0.099107 0.474205 -0.130098 0.500893 -0.105699 0.494499 -0.133806 0.564401 -0.084306 0.544198 -0.133394 0.590204 -0.105196 0.536095 -0.101701 0.566293 -0.660899 0.6047 -0.6663 0.6047 -0.660899 0.605798 -0.651698 0.620096 -0.658793 0.624399 -0.655894 0.566293 -0.657099 0.6047 -0.657099 0.6047 -0.651804 0.566293 -0.651804 0.561105 -0.650706 0.546807 -0.653803 0.5505 -0.656306 0.558801 -0.654505 0.6047 -0.631907 0.627695 -0.651499 0.633906 -0.638498 0.566293 -0.646296 0.6047 -0.646296 0.6047 -0.631907 0.566293 -0.631907 0.562097 -0.646006 0.562097 -0.631998 0.543999 -0.649897 0.6047 -0.631907 0.633906 -0.638498 0.635996 -0.632197 0.605493 -0.625299 0.566293 -0.631907 0.6047 -0.631907 0.6047 -0.625299 0.566293 -0.625299 0.566293 -0.651804 0.6047 -0.651804 0.6047 -0.646296 0.566293 -0.646296 0.6047 -0.657099 0.566293 -0.657099 0.566293 -0.660899 0.6047 -0.660899 0.562097 -0.646006 0.543999 -0.649897 0.546807 -0.653803 0.561105 -0.650706 0.556802 -0.656397 0.5505 -0.656306 0.553094 -0.657206 0.6047 -0.6663 0.566201 -0.6701 0.6047 -0.6701 0.063096 -0.3561 0.067902 -0.360006 0.068192 -0.356298 0.062806 -0.359396 0.062592 -0.348302 0.066605 -0.342596 0.0616 -0.343801 0.067704 -0.347494 0.053193 -0.349905 0.056107 -0.352499 0.056702 -0.350805 0.052704 -0.352193 0.057999 -0.3579 0.059494 -0.363195 0.061799 -0.359197 0.056 -0.3608 0.059006 -0.3523 0.061707 -0.348501 0.057999 -0.349905 0.063004 -0.351598 0.057999 -0.349905 0.059296 -0.344594 0.055893 -0.347005 0.061707 -0.348501 0.062806 -0.359396 0.067093 -0.364904 0.067902 -0.360006 0.061905 -0.363897 0.063202 -0.353796 0.068192 -0.353704 0.063004 -0.351598 0.068101 -0.351202 0.056107 -0.3552 0.052704 -0.353902 0.052796 -0.355596 0.056107 -0.353902 0.063202 -0.353796 0.059403 -0.353902 0.059006 -0.355505 0.063096 -0.3561 0.063096 -0.3561 0.068192 -0.353704 0.063202 -0.353796 0.068192 -0.356298 0.056107 -0.3552 0.053193 -0.3579 0.056794 -0.357 0.052796 -0.355596 0.059006 -0.355505 0.061799 -0.359197 0.063096 -0.3561 0.057999 -0.3579 0.056107 -0.352499 0.052704 -0.353902 0.056107 -0.353902 0.052704 -0.352193 0.059403 -0.353902 0.063202 -0.353796 0.059006 -0.3523 0.063004 -0.351598 0.063004 -0.351598 0.067704 -0.347494 0.062592 -0.348302 0.068101 -0.351202 0.056794 -0.357 0.059006 -0.355505 0.056107 -0.3552 0.059403 -0.353902 0.056107 -0.353902 0.059006 -0.355505 0.056107 -0.3552 0.059006 -0.3523 0.056107 -0.353902 0.059403 -0.353902 0.056107 -0.352499 0.056107 -0.352499 0.059006 -0.3523 0.056702 -0.350805 0.885496 -0.974304 0.835904 -0.964401 0.835904 -0.974304 0.885496 -0.964401 0.806104 -0.964294 0.718303 -0.964401 0.718303 -0.974304 0.835904 -0.974304 0.806104 -0.964294 0.806104 -0.974395 0.835904 -0.964401 0.885496 -0.964401 0.836805 -0.963104 0.835904 -0.964401 0.885893 -0.963394 0.806104 -0.964294 0.834806 -0.963195 0.806806 -0.956603 0.835904 -0.964401 0.800198 -0.959106 0.718303 -0.959106 0.718303 -0.964401 0.800198 -0.979599 0.718303 -0.974304 0.718303 -0.979599 0.806104 -0.974395 0.834806 -0.975601 0.835904 -0.974304 0.806806 -0.982101 0.885496 -0.974304 0.836805 -0.975708 0.885893 -0.975296 0.835904 -0.974304 0.416693 -0.573602 0.404196 -0.601099 0.418097 -0.601007 0.405997 -0.573404 0.450507 -0.652201 0.451102 -0.612604 0.437201 -0.620798 0.436805 -0.643595 0.451102 -0.612604 0.450507 -0.652201 0.464607 -0.620706 0.464195 -0.644495 0.4327 -0.620798 0.432303 -0.643503 0.436805 -0.643595 0.437201 -0.620798 0.436805 -0.643595 0.448005 -0.655894 0.450507 -0.652201 0.434302 -0.647303 0.434806 -0.616999 0.451102 -0.612604 0.448798 -0.608804 0.437201 -0.620798 0.452796 -0.656107 0.466499 -0.648402 0.464195 -0.644495 0.450507 -0.652201 0.468696 -0.644602 0.469093 -0.620798 0.464607 -0.620706 0.464195 -0.644495 0.467002 -0.616999 0.453498 -0.608804 0.451102 -0.612604 0.464607 -0.620706 0.418402 -0.651698 0.419104 -0.6121 0.405295 -0.619806 0.405005 -0.643595 0.4327 -0.620798 0.418402 -0.651698 0.432303 -0.643503 0.419104 -0.6121 0.377295 -0.7178 0.370901 -0.736996 0.377295 -0.737408 0.370901 -0.717403 0.397498 -0.717403 0.411307 -0.736996 0.411307 -0.717403 0.397498 -0.736996 0.377295 -0.743801 0.391104 -0.743801 0.377295 -0.737408 0.391104 -0.737408 0.391104 -0.7178 0.377295 -0.7178 0.391104 -0.737408 0.377295 -0.737408 0.391104 -0.711406 0.377295 -0.711406 0.391104 -0.7178 0.377295 -0.7178 0.391104 -0.7178 0.391104 -0.737408 0.397498 -0.736996 0.397498 -0.717403 0.405997 -0.573404 0.399298 -0.603098 0.404196 -0.601099 0.402594 -0.571496 0.403296 -0.606302 0.419104 -0.606195 0.418097 -0.601007 0.404196 -0.601099 0.418097 -0.601007 0.420096 -0.571801 0.416693 -0.573602 0.422995 -0.603006 0.405997 -0.573404 0.417304 -0.569696 0.4056 -0.569497 0.416693 -0.573602 0.422995 -0.603006 0.431693 -0.569696 0.420096 -0.571801 0.438697 -0.600793 0.431998 -0.657298 0.452995 -0.7066 0.437705 -0.656001 0.464393 -0.703899 0.418402 -0.655207 0.419303 -0.701396 0.431998 -0.657298 0.452995 -0.7066 0.419303 -0.701396 0.412695 -0.656397 0.407797 -0.703807 0.418402 -0.655207 0.398795 -0.657298 0.407797 -0.703807 0.412695 -0.656397 0.373404 -0.705898 0.250706 -0.762295 0.233799 -0.778897 0.257496 -0.771206 0.237095 -0.783307 0.257603 -0.805402 0.237095 -0.783307 0.237095 -0.796307 0.257496 -0.771206 0.257603 -0.805402 0.234394 -0.801007 0.251804 -0.814893 0.237095 -0.796307 0.222705 -0.807004 0.251804 -0.814893 0.234394 -0.801007 0.221195 -0.830594 0.237095 -0.783307 0.231601 -0.796307 0.237095 -0.796307 0.231601 -0.783307 0.472999 -0.316793 0.472999 -0.277501 0.464607 -0.275807 0.464607 -0.318502 0.419104 -0.224308 0.419104 -0.2636 0.427497 -0.265293 0.427497 -0.222599 0.257404 -0.3308 0.176303 -0.314595 0.1785 -0.330693 0.885496 -0.964401 0.885496 -0.974304 0.886595 -0.974304 0.886595 -0.964401 0.178393 -0.334005 0.257404 -0.334096 0.257404 -0.3308 0.1785 -0.330693 0.257404 -0.334096 0.178393 -0.334005 0.176196 -0.349996 0.258 -0.366293 0.1785 -0.330693 0.162295 -0.335302 0.178393 -0.334005 0.337606 -0.568307 0.382193 -0.568307 0.382193 -0.556893 0.337606 -0.556893 0.303807 -0.556802 0.328695 -0.566293 0.330205 -0.555001 0.305196 -0.545495 0.4159 -0.556802 0.389593 -0.555001 0.390997 -0.566293 0.414496 -0.545495 0.387304 -0.337301 0.344198 -0.337301 0.344198 -0.348699 0.387304 -0.348699 0.420996 -0.348806 0.396201 -0.3393 0.394705 -0.350607 0.419593 -0.360006 0.310506 -0.348806 0.336797 -0.350607 0.335393 -0.3393 0.311894 -0.360006 0.928603 -0.032394 0.911299 -0.005996 0.905303 -0.009994 0.932296 -0.026199 0.973098 -0.042404 0.995102 -0.065201 0.979904 -0.040207 0.989899 -0.070206 0.997604 -0.058396 0.987106 -0.041092 0.979904 -0.040207 0.995102 -0.065201 0.967895 -0.047501 0.989899 -0.070206 0.973098 -0.042404 0.983001 -0.072495 0.922606 -0.036301 0.905303 -0.009994 0.901595 -0.016098 0.928603 -0.032394 0.932296 -0.026199 0.918502 -0.005096 0.911299 -0.005996 0.932998 -0.019104 0.932998 -0.019104 0.925307 -0.007293 0.918502 -0.005096 0.930495 -0.012298 0.901595 -0.016098 0.915496 -0.037201 0.922606 -0.036301 0.900893 -0.0233 0.975906 -0.071595 0.965393 -0.0542 0.966094 -0.061402 0.969802 -0.067597 0.987106 -0.041092 0.997604 -0.058396 0.996902 -0.051194 0.993103 -0.045105 0.069993 -0.810895 0.079697 -0.830304 0.086503 -0.826398 0.039505 -0.842298 0.052704 -0.865293 0.059601 -0.861799 0.044602 -0.837003 0.059601 -0.861799 0.065796 -0.857694 0.049698 -0.8318 0.069794 -0.851301 0.073106 -0.844297 0.054795 -0.826505 0.054795 -0.826505 0.073106 -0.844297 0.076005 -0.837293 0.059906 -0.821302 0.059906 -0.821302 0.076005 -0.837293 0.079697 -0.830304 0.065003 -0.816098 0.022293 -0.814694 0.023193 -0.824994 0.026993 -0.816693 0.0177 -0.824704 0.037293 -0.833204 0.027893 -0.830198 0.033493 -0.839597 0.024704 -0.835599 0.031006 -0.825696 0.041992 -0.827298 0.034897 -0.820905 0.037293 -0.833204 0.041992 -0.827298 0.039398 -0.816495 0.034897 -0.820905 0.047394 -0.822003 0.043595 -0.813001 0.053406 -0.817594 0.0486 -0.809201 0.047394 -0.822003 0.977096 -0.726604 0.969604 -0.734997 0.977707 -0.7355 0.968994 -0.727398 0.969604 -0.734997 0.977295 -0.743603 0.977707 -0.7355 0.969497 -0.741695 0.959197 -0.680293 0.957198 -0.691707 0.963897 -0.687007 0.953597 -0.686 0.9608 -0.698497 0.968002 -0.694896 0.957198 -0.691707 0.963897 -0.687007 0.963897 -0.705699 0.968002 -0.694896 0.9608 -0.698497 0.971603 -0.702907 0.963897 -0.705699 0.974105 -0.710307 0.971603 -0.702907 0.966201 -0.712505 0.974105 -0.710307 0.967895 -0.7196 0.975799 -0.717906 0.966201 -0.712505 0.967895 -0.7196 0.977096 -0.726604 0.975799 -0.717906 0.968994 -0.727398 0.969604 -0.734997 0.954101 -0.729198 0.954604 -0.736095 0.969497 -0.741695 0.954604 -0.736095 0.954803 -0.742397 0.957198 -0.691707 0.940795 -0.693202 0.943893 -0.698695 0.957198 -0.691707 0.943893 -0.698695 0.9608 -0.698497 0.9608 -0.698497 0.947204 -0.704799 0.963897 -0.705699 0.966201 -0.712505 0.949905 -0.710994 0.951797 -0.716701 0.967895 -0.7196 0.951797 -0.716701 0.953201 -0.722499 0.968994 -0.727398 0.953201 -0.722499 0.954101 -0.729198 0.826398 -0.225193 0.813993 -0.225101 0.813993 -0.232303 0.828397 -0.232303 0.799603 -0.232303 0.801602 -0.239399 0.813993 -0.232303 0.813993 -0.239506 0.826398 -0.239307 0.813993 -0.232303 0.828397 -0.232303 0.799603 -0.232303 0.813993 -0.232303 0.801602 -0.225299 0.813993 -0.225101 0.813993 -0.218097 0.806897 -0.220096 0.813993 -0.225101 0.801602 -0.225299 0.821195 -0.244495 0.813993 -0.239506 0.813993 -0.246494 0.826398 -0.239307 0.813993 -0.225101 0.821103 -0.220096 0.826398 -0.225193 0.801602 -0.239399 0.806897 -0.244495 0.813993 -0.239506 0.813993 -0.246494 0.577096 -0.1196 0.614893 -0.143297 0.517098 -0.155703 0.715007 -0.321004 0.726604 -0.255695 0.715099 -0.255695 0.726497 -0.321004 0.678706 -0.140505 0.6701 -0.192493 0.678706 -0.184894 0.808606 -0.192493 0.807797 -0.143206 0.833799 -0.232303 0.826398 -0.225193 0.828397 -0.232303 0.831098 -0.222507 0.826398 -0.225193 0.823804 -0.215305 0.821103 -0.220096 0.831098 -0.222507 0.823804 -0.215305 0.813993 -0.212695 0.813993 -0.218097 0.821103 -0.220096 0.804105 -0.215396 0.813993 -0.218097 0.813993 -0.212695 0.806897 -0.220096 0.804105 -0.215396 0.801602 -0.225299 0.806897 -0.220096 0.796902 -0.222507 0.801602 -0.225299 0.794202 -0.232303 0.799603 -0.232303 0.796902 -0.222507 0.796902 -0.2421 0.799603 -0.232303 0.794202 -0.232303 0.801602 -0.239399 0.804196 -0.249302 0.801602 -0.239399 0.796902 -0.2421 0.806897 -0.244495 0.806897 -0.244495 0.813993 -0.251896 0.813993 -0.246494 0.804196 -0.249302 0.821195 -0.244495 0.813993 -0.246494 0.813993 -0.251896 0.823896 -0.249195 0.823896 -0.249195 0.831098 -0.2421 0.826398 -0.239307 0.821195 -0.244495 0.828397 -0.232303 0.831098 -0.2421 0.833799 -0.232303 0.826398 -0.239307 0.704005 -0.250202 0.704005 -0.208606 0.694408 -0.250202 0.694408 -0.208606 0.713695 -0.250202 0.713695 -0.208606 0.704005 -0.250202 0.704005 -0.208606 0.732998 -0.250202 0.732998 -0.208606 0.723293 -0.250202 0.723293 -0.208606 0.723293 -0.250202 0.723293 -0.208606 0.713695 -0.250202 0.684794 -0.208606 0.684794 -0.250202 0.694408 -0.208606 0.694408 -0.250202 0.675105 -0.208606 0.675105 -0.250202 0.684794 -0.208606 0.684794 -0.250202 0.781201 -0.208606 0.781201 -0.250202 0.790799 -0.208606 0.790799 -0.250202 0.771496 -0.208606 0.771496 -0.250202 0.781201 -0.208606 0.781201 -0.250202 0.771496 -0.208606 0.761898 -0.250202 0.771496 -0.250202 0.761898 -0.208606 0.761898 -0.208606 0.7523 -0.250202 0.761898 -0.250202 0.7523 -0.208606 0.7523 -0.208606 0.742596 -0.250202 0.7523 -0.250202 0.742596 -0.208606 0.742596 -0.250202 0.742596 -0.208606 0.732998 -0.250202 0.732998 -0.208606 0.558495 -0.657298 0.5617 -0.659998 0.559899 -0.654902 0.563699 -0.656703 0.563699 -0.656703 0.561395 -0.650706 0.559899 -0.654902 0.565499 -0.651698 0.561395 -0.650706 0.566293 -0.646296 0.562097 -0.646006 0.565499 -0.651698 0.562097 -0.646006 0.566293 -0.631907 0.562097 -0.631998 0.566293 -0.646296 0.562097 -0.631998 0.566293 -0.631907 0.561898 -0.628504 0.565805 -0.625299 0.533104 -0.630594 0.5617 -0.628504 0.563699 -0.623804 0.536904 -0.633997 0.027695 -0.845808 0.020096 -0.849104 0.027695 -0.848905 0.019592 -0.844907 0.027695 -0.845808 0.020996 -0.840894 0.019592 -0.844907 0.028397 -0.842695 0.027695 -0.845808 0.030197 -0.847501 0.030197 -0.8448 0.028397 -0.842695 0.027695 -0.845808 0.030197 -0.8448 0.025192 -0.828702 0.024704 -0.835599 0.027893 -0.830198 0.022201 -0.833494 0.028595 -0.823606 0.034897 -0.820905 0.032593 -0.818998 0.031006 -0.825696 0.037094 -0.814404 0.032593 -0.818998 0.034897 -0.820905 0.039398 -0.816495 0.041794 -0.810407 0.0486 -0.809201 0.046204 -0.807004 0.043595 -0.813001 0.017105 -0.844602 0.020096 -0.849104 0.019592 -0.844907 0.016998 -0.849805 0.017105 -0.844602 0.020996 -0.840894 0.018097 -0.839704 0.019592 -0.844907 0.017105 -0.844602 0.018097 -0.839704 0.013305 -0.841505 0.066498 -0.794797 0.061905 -0.794095 0.063492 -0.796201 0.065598 -0.792004 0.065293 -0.798505 0.063492 -0.796201 0.063706 -0.8 0.061402 -0.798795 0.061402 -0.803204 0.057404 -0.807095 0.061905 -0.806699 0.057602 -0.8038 0.064499 -0.802594 0.061905 -0.806699 0.065598 -0.805798 0.061402 -0.803204 0.064499 -0.802594 0.065598 -0.805798 0.069398 -0.803601 0.067307 -0.801007 0.069504 -0.798703 0.074097 -0.796994 0.070801 -0.795697 0.072297 -0.800397 0.070801 -0.795697 0.075501 -0.792706 0.072205 -0.792203 0.074097 -0.796994 0.061203 -0.799405 0.057602 -0.8038 0.061402 -0.803204 0.058396 -0.798901 0.063706 -0.8 0.061402 -0.803204 0.064499 -0.802594 0.061203 -0.799405 0.063706 -0.8 0.064499 -0.802594 0.067307 -0.801007 0.065293 -0.798505 0.070801 -0.795697 0.0672 -0.797208 0.069504 -0.798703 0.0672 -0.794705 0.072205 -0.792203 0.0672 -0.794705 0.070801 -0.795697 0.067307 -0.791806 0.983795 -0.725994 0.977096 -0.726604 0.984405 -0.735393 0.977707 -0.7355 0.984405 -0.735393 0.977707 -0.7355 0.984207 -0.743801 0.977295 -0.743603 0.964904 -0.676493 0.959197 -0.680293 0.969604 -0.683497 0.963897 -0.687007 0.974105 -0.691905 0.963897 -0.687007 0.968002 -0.694896 0.969604 -0.683497 0.977905 -0.700404 0.968002 -0.694896 0.971603 -0.702907 0.974105 -0.691905 0.977905 -0.700404 0.971603 -0.702907 0.980606 -0.7084 0.974105 -0.710307 0.980606 -0.7084 0.974105 -0.710307 0.982498 -0.716701 0.975799 -0.717906 0.982498 -0.716701 0.975799 -0.717906 0.983795 -0.725994 0.977096 -0.726604 0.936004 -0.872801 0.938598 -0.881193 0.940597 -0.877699 0.930694 -0.876097 0.931105 -0.868803 0.936004 -0.872801 0.939605 -0.864698 0.941207 -0.868406 0.941207 -0.868406 0.936004 -0.872801 0.944305 -0.873594 0.936004 -0.872801 0.940597 -0.877699 0.944305 -0.873594 0.985107 -0.900893 0.987701 -0.9093 0.9897 -0.905806 0.979797 -0.904295 0.980194 -0.896895 0.985107 -0.900893 0.988602 -0.892805 0.990204 -0.896498 0.990204 -0.896498 0.985107 -0.900893 0.993393 -0.901595 0.985107 -0.900893 0.9897 -0.905806 0.993393 -0.901595 0.452094 -0.932097 0.497993 -0.919707 0.453193 -0.917693 0.496803 -0.936507 0.450401 -0.946593 0.496803 -0.936507 0.452094 -0.932097 0.494804 -0.953094 0.448005 -0.960906 0.491905 -0.969696 0.450401 -0.946593 0.494804 -0.953094 0.4448 -0.975006 0.491905 -0.969696 0.448005 -0.960906 0.488304 -0.986694 0.440604 -0.988693 0.455894 -0.994003 0.4448 -0.975006 0.488304 -0.986694 0.439307 -0.817899 0.459205 -0.826993 0.454597 -0.812299 0.443793 -0.831601 0.443793 -0.831601 0.447593 -0.845502 0.459205 -0.826993 0.463294 -0.841703 0.450401 -0.859602 0.463294 -0.841703 0.447593 -0.845502 0.494804 -0.852293 0.452094 -0.873899 0.496696 -0.869398 0.450401 -0.859602 0.494804 -0.852293 0.453101 -0.888502 0.496696 -0.869398 0.452094 -0.873899 0.497902 -0.886198 0.453498 -0.903105 0.497902 -0.886198 0.453101 -0.888502 0.498405 -0.902998 0.453193 -0.917693 0.497993 -0.919707 0.453498 -0.903105 0.498405 -0.902998 0.265797 -0.935103 0.256794 -0.923003 0.253605 -0.935103 0.265797 -0.914 0.256901 -0.947295 0.265797 -0.935103 0.253605 -0.935103 0.265797 -0.956207 0.503395 -0.919997 0.496803 -0.936507 0.502098 -0.936996 0.497993 -0.919707 0.502098 -0.936996 0.494804 -0.953094 0.500099 -0.953902 0.496803 -0.936507 0.500099 -0.953902 0.491905 -0.969696 0.497093 -0.970596 0.494804 -0.953094 0.488304 -0.986694 0.497093 -0.970596 0.491905 -0.969696 0.494102 -0.986404 0.460197 -0.996704 0.490898 -0.991501 0.488304 -0.986694 0.455894 -0.994003 0.459205 -0.826993 0.4598 -0.811902 0.454597 -0.812299 0.463706 -0.825605 0.459205 -0.826993 0.463294 -0.841703 0.467903 -0.839307 0.463706 -0.825605 0.467903 -0.839307 0.494804 -0.852293 0.497902 -0.8477 0.463294 -0.841703 0.494804 -0.852293 0.502007 -0.869093 0.500496 -0.853101 0.496696 -0.869398 0.502007 -0.869093 0.497902 -0.886198 0.503304 -0.886 0.496696 -0.869398 0.498405 -0.902998 0.503304 -0.886 0.497902 -0.886198 0.5037 -0.902998 0.503395 -0.919997 0.498405 -0.902998 0.497993 -0.919707 0.5037 -0.902998 0.507805 -0.906996 0.507805 -0.922393 0.512093 -0.922393 0.512093 -0.906996 0.507805 -0.922393 0.507805 -0.937804 0.5122 -0.937804 0.512093 -0.922393 0.507805 -0.937804 0.507897 -0.953201 0.5122 -0.953201 0.5122 -0.937804 0.507897 -0.953201 0.508003 -0.968597 0.512306 -0.968505 0.5122 -0.953201 0.507607 -0.784604 0.480598 -0.800702 0.5075 -0.799893 0.480507 -0.815106 0.507301 -0.815106 0.480598 -0.800702 0.5075 -0.799893 0.507301 -0.815106 0.480507 -0.815106 0.480598 -0.829496 0.507607 -0.830198 0.480598 -0.829496 0.507607 -0.845502 0.507607 -0.830198 0.507607 -0.845502 0.507698 -0.860899 0.512093 -0.860899 0.512093 -0.845502 0.507698 -0.860899 0.507805 -0.876295 0.512093 -0.876295 0.512093 -0.860899 0.507805 -0.876295 0.507805 -0.891707 0.512093 -0.891707 0.512093 -0.876295 0.512093 -0.906996 0.507805 -0.891707 0.507805 -0.906996 0.512093 -0.891707 0.402701 -0.771206 0.392996 -0.756298 0.389807 -0.760006 0.398001 -0.772595 0.402899 -0.788907 0.402701 -0.771206 0.398001 -0.772595 0.398199 -0.787701 0.390494 -0.800702 0.402899 -0.788907 0.398199 -0.787701 0.394003 -0.804196 0.394003 -0.804196 0.377295 -0.808194 0.378698 -0.813001 0.390494 -0.800702 0.378698 -0.813001 0.358007 -0.816907 0.357 -0.821897 0.377295 -0.808194 0.358007 -0.816907 0.345693 -0.810697 0.342596 -0.814298 0.357 -0.821897 0.337697 -0.799603 0.342596 -0.814298 0.345693 -0.810697 0.332906 -0.801205 0.338796 -0.7785 0.332906 -0.801205 0.337697 -0.799603 0.343603 -0.779202 0.345403 -0.762203 0.338796 -0.7785 0.343603 -0.779202 0.349294 -0.765103 0.359304 -0.751202 0.345403 -0.762203 0.349294 -0.765103 0.361196 -0.755703 0.376104 -0.753796 0.359304 -0.751202 0.361196 -0.755703 0.376806 -0.749004 0.392996 -0.756298 0.376806 -0.749004 0.376104 -0.753796 0.389807 -0.760006 0.387106 -0.882506 0.361593 -0.887495 0.389395 -0.899794 0.363394 -0.901396 0.382605 -0.865599 0.358007 -0.874006 0.387106 -0.882506 0.361593 -0.887495 0.375998 -0.8495 0.358007 -0.874006 0.382605 -0.865599 0.352605 -0.861006 0.3673 -0.834394 0.345602 -0.848798 0.375998 -0.8495 0.352605 -0.861006 0.345602 -0.848798 0.344396 -0.830793 0.337102 -0.837598 0.3673 -0.834394 0.382605 -0.951293 0.352605 -0.955901 0.375906 -0.967407 0.3579 -0.943008 0.387106 -0.934493 0.361593 -0.929397 0.382605 -0.951293 0.3579 -0.943008 0.389395 -0.917205 0.363394 -0.915496 0.387106 -0.934493 0.361593 -0.929397 0.389395 -0.899794 0.363394 -0.915496 0.389395 -0.917205 0.363394 -0.901396 0.250294 -0.932296 0.252705 -0.918593 0.246601 -0.931502 0.255695 -0.921004 0.246601 -0.931502 0.250599 -0.9449 0.250294 -0.932296 0.246906 -0.9458 0.256306 -0.9561 0.250599 -0.9449 0.246906 -0.9458 0.253407 -0.958602 0.266407 -0.963699 0.256306 -0.9561 0.253407 -0.958602 0.264805 -0.967193 0.296498 -0.957397 0.287404 -0.968002 0.299306 -0.960098 0.286 -0.964401 0.299306 -0.960098 0.302998 -0.946593 0.296498 -0.957397 0.3066 -0.947799 0.304006 -0.934096 0.302998 -0.946593 0.3066 -0.947799 0.307805 -0.933593 0.304006 -0.934096 0.302602 -0.920195 0.299397 -0.922393 0.307805 -0.933593 0.291905 -0.910704 0.299397 -0.922393 0.302602 -0.920195 0.290105 -0.914 0.290105 -0.914 0.278096 -0.906996 0.277897 -0.910796 0.291905 -0.910704 0.265599 -0.913207 0.277897 -0.910796 0.278096 -0.906996 0.263996 -0.909804 0.255695 -0.921004 0.265599 -0.913207 0.263996 -0.909804 0.252705 -0.918593 0.277897 -0.935103 0.290105 -0.935103 0.290105 -0.914 0.277897 -0.910796 0.277897 -0.935103 0.290105 -0.956207 0.277897 -0.959503 0.297795 -0.8009 0.279805 -0.788907 0.287205 -0.797299 0.308797 -0.798703 0.277897 -0.959503 0.277897 -0.935103 0.265797 -0.956207 0.265797 -0.935103 0.265797 -0.935103 0.277897 -0.935103 0.265797 -0.914 0.277897 -0.910796 0.290105 -0.956207 0.299001 -0.947295 0.302296 -0.935103 0.299001 -0.922896 0.290105 -0.914 0.343008 -0.985901 0.325002 -0.987106 0.330297 -0.995605 0.336202 -0.978607 0.343008 -0.985901 0.353597 -0.973999 0.345495 -0.968093 0.336202 -0.978607 0.352605 -0.955901 0.353597 -0.973999 0.375906 -0.967407 0.345495 -0.968093 0.512093 -0.845502 0.527199 -0.829602 0.511894 -0.830198 0.511696 -0.815106 0.527199 -0.829602 0.527108 -0.815106 0.511894 -0.830198 0.511696 -0.815106 0.527108 -0.800595 0.511894 -0.799893 0.527108 -0.815106 0.511894 -0.799893 0.527108 -0.800595 0.512306 -0.784604 0.511894 -0.799893 0.507607 -0.784604 0.5075 -0.799893 0.512306 -0.784604 0.5075 -0.799893 0.507301 -0.815106 0.511696 -0.815106 0.511894 -0.799893 0.507607 -0.830198 0.511696 -0.815106 0.507301 -0.815106 0.511894 -0.830198 0.507607 -0.845502 0.511894 -0.830198 0.507607 -0.830198 0.512093 -0.845502 0.434302 -0.718303 0.441199 -0.730098 0.447303 -0.713298 0.450202 -0.726497 0.423499 -0.727108 0.441199 -0.730098 0.434302 -0.718303 0.4336 -0.736202 0.4159 -0.738598 0.4336 -0.736202 0.423499 -0.727108 0.428199 -0.744396 0.411902 -0.751904 0.425406 -0.753796 0.4159 -0.738598 0.428199 -0.744396 0.411994 -0.765698 0.425406 -0.753796 0.411902 -0.751904 0.425498 -0.763607 0.496101 -0.732403 0.484993 -0.740307 0.502403 -0.744701 0.489494 -0.749004 0.486503 -0.722499 0.484993 -0.740307 0.496101 -0.732403 0.478202 -0.733196 0.474495 -0.715694 0.469596 -0.728405 0.486503 -0.722499 0.478202 -0.733196 0.461097 -0.712596 0.459907 -0.726299 0.474495 -0.715694 0.469596 -0.728405 0.447303 -0.713298 0.459907 -0.726299 0.461097 -0.712596 0.450202 -0.726497 0.439002 -0.741207 0.450202 -0.726497 0.4421 -0.731899 0.459907 -0.726299 0.3187 -0.769696 0.300694 -0.757702 0.289693 -0.759793 0.311299 -0.761303 0.281193 -0.767193 0.320897 -0.780697 0.3187 -0.769696 0.289693 -0.759793 0.317296 -0.791394 0.281193 -0.767193 0.277607 -0.777905 0.320897 -0.780697 0.317296 -0.791394 0.279805 -0.788907 0.277607 -0.777905 0.467704 -0.750805 0.449897 -0.756405 0.459693 -0.756497 0.470802 -0.741497 0.449897 -0.756405 0.470802 -0.741497 0.467796 -0.732097 0.441901 -0.750607 0.467796 -0.732097 0.439002 -0.741207 0.441901 -0.750607 0.459907 -0.726299 0.967498 -0.996796 0.980102 -0.991699 0.964996 -0.991104 0.977798 -0.986007 0.987503 -0.973297 0.982895 -0.989502 0.992401 -0.977096 0.977798 -0.986007 0.991394 -0.955901 0.993698 -0.974395 0.997497 -0.957305 0.987503 -0.973297 0.994003 -0.937301 0.991394 -0.955901 0.997497 -0.954498 0.987793 -0.938293 0.9832 -0.921904 0.987793 -0.938293 0.992798 -0.934493 0.977996 -0.925505 0.9608 -0.910994 0.971496 -0.897795 0.965606 -0.893004 0.932998 -0.888304 0.9608 -0.910994 0.932998 -0.888304 0.922606 -0.901503 0.949905 -0.924102 0.949905 -0.924102 0.922606 -0.901503 0.911498 -0.916899 0.937896 -0.938506 0.937896 -0.938506 0.911498 -0.916899 0.899001 -0.933898 0.924193 -0.955001 0.900801 -0.962905 0.924193 -0.955001 0.899001 -0.933898 0.910399 -0.971405 0.892302 -0.980606 0.910399 -0.971405 0.900801 -0.962905 0.897704 -0.985901 0.964996 -0.991104 0.9514 -0.988098 0.950103 -0.994095 0.963394 -0.997101 0.958099 -0.841505 0.9579 -0.822095 0.952193 -0.829908 0.949905 -0.841505 0.936797 -0.727596 0.929793 -0.7364 0.937896 -0.7364 0.928801 -0.728801 0.929793 -0.7364 0.938003 -0.744503 0.937896 -0.7364 0.930098 -0.743099 0.916396 -0.682307 0.915007 -0.693797 0.921401 -0.688807 0.911101 -0.688396 0.919005 -0.700404 0.925994 -0.696406 0.915007 -0.693797 0.921401 -0.688807 0.922499 -0.707393 0.925994 -0.696406 0.919005 -0.700404 0.930007 -0.704204 0.922499 -0.707393 0.932906 -0.711406 0.930007 -0.704204 0.9252 -0.714107 0.932906 -0.711406 0.927199 -0.721096 0.935103 -0.718898 0.9252 -0.714107 0.927199 -0.721096 0.936797 -0.727596 0.935103 -0.718898 0.928801 -0.728801 0.914 -0.731395 0.929793 -0.7364 0.928801 -0.728801 0.9149 -0.738293 0.9149 -0.738293 0.930098 -0.743099 0.929793 -0.7364 0.915496 -0.744595 0.898695 -0.696193 0.915007 -0.693797 0.911101 -0.688396 0.902098 -0.701595 0.915007 -0.693797 0.902098 -0.701595 0.919005 -0.700404 0.905699 -0.7075 0.919005 -0.700404 0.905699 -0.7075 0.922499 -0.707393 0.908797 -0.713497 0.908797 -0.713497 0.9252 -0.714107 0.922499 -0.707393 0.910994 -0.719097 0.910994 -0.719097 0.927199 -0.721096 0.9252 -0.714107 0.912703 -0.724804 0.912703 -0.724804 0.928801 -0.728801 0.927199 -0.721096 0.914 -0.731395 0.964996 -0.991104 0.973495 -0.978698 0.964294 -0.982696 0.977798 -0.986007 0.980499 -0.9691 0.973495 -0.978698 0.987503 -0.973297 0.977798 -0.986007 0.983307 -0.955795 0.980499 -0.9691 0.991394 -0.955901 0.987503 -0.973297 0.991394 -0.955901 0.987793 -0.938293 0.980697 -0.942504 0.983307 -0.955795 0.977996 -0.925505 0.973693 -0.932906 0.987793 -0.938293 0.980697 -0.942504 0.973693 -0.932906 0.964508 -0.920394 0.964096 -0.929305 0.977996 -0.925505 0.964508 -0.920394 0.954101 -0.932601 0.964096 -0.929305 0.949905 -0.924102 0.954101 -0.932601 0.949905 -0.924102 0.937896 -0.938506 0.9458 -0.943206 0.937896 -0.938506 0.9346 -0.958099 0.9458 -0.943206 0.943206 -0.957702 0.9346 -0.958099 0.946899 -0.971298 0.943206 -0.957702 0.940093 -0.976303 0.940093 -0.976303 0.954803 -0.980407 0.946899 -0.971298 0.9514 -0.988098 0.954803 -0.980407 0.964996 -0.991104 0.964294 -0.982696 0.9514 -0.988098 0.943496 -0.726604 0.936797 -0.727596 0.944595 -0.735897 0.937896 -0.7364 0.944595 -0.735897 0.937896 -0.7364 0.9449 -0.744396 0.938003 -0.744503 0.921904 -0.678203 0.916396 -0.682307 0.926894 -0.684993 0.921401 -0.688807 0.931899 -0.693004 0.921401 -0.688807 0.925994 -0.696406 0.926894 -0.684993 0.936095 -0.701396 0.925994 -0.696406 0.930007 -0.704204 0.931899 -0.693004 0.936095 -0.701396 0.930007 -0.704204 0.9393 -0.709194 0.932906 -0.711406 0.9393 -0.709194 0.932906 -0.711406 0.941695 -0.717296 0.935103 -0.718898 0.941695 -0.717296 0.935103 -0.718898 0.943496 -0.726604 0.936797 -0.727596 0.976806 -0.880705 0.979507 -0.889097 0.981506 -0.885603 0.971496 -0.884199 0.971801 -0.876799 0.976806 -0.880705 0.980194 -0.872602 0.981903 -0.876295 0.981903 -0.876295 0.976806 -0.880705 0.985107 -0.8813 0.976806 -0.880705 0.981506 -0.885603 0.985107 -0.8813 0.926299 -0.851698 0.928603 -0.860197 0.9308 -0.856794 0.920897 -0.854902 0.921508 -0.847593 0.926299 -0.851698 0.930098 -0.843793 0.931594 -0.847501 0.931594 -0.847501 0.926299 -0.851698 0.934493 -0.852705 0.926299 -0.851698 0.9308 -0.856794 0.934493 -0.852705 0.068192 -0.360006 0.076905 -0.360006 0.068192 -0.356298 0.076905 -0.356298 0.076905 -0.347494 0.068101 -0.342504 0.068101 -0.347494 0.076905 -0.342504 0.068192 -0.364996 0.076905 -0.364996 0.068192 -0.360006 0.076905 -0.360006 0.068192 -0.353704 0.076905 -0.353704 0.068101 -0.351202 0.076905 -0.351202 0.068192 -0.356298 0.076905 -0.356298 0.068192 -0.353704 0.076905 -0.353704 0.076905 -0.351202 0.068101 -0.347494 0.068101 -0.351202 0.076905 -0.347494 0.450095 -0.596201 0.455802 -0.591196 0.450202 -0.591196 0.455604 -0.596399 0.455604 -0.596399 0.463401 -0.598001 0.455802 -0.591196 0.460594 -0.580407 0.448798 -0.579293 0.455802 -0.591196 0.456306 -0.579293 0.450202 -0.591196 0.4421 -0.597406 0.450202 -0.591196 0.445594 -0.580102 0.450095 -0.596201 0.454597 -0.604303 0.450095 -0.596201 0.448493 -0.604105 0.455604 -0.596399 0.448402 -0.574701 0.4551 -0.558404 0.448997 -0.558602 0.456107 -0.574807 0.456107 -0.574807 0.448798 -0.579293 0.456306 -0.579293 0.448402 -0.574701 0.445594 -0.580102 0.441199 -0.581201 0.4421 -0.597406 0.463401 -0.598001 0.465003 -0.581704 0.460594 -0.580407 0.9579 -0.860899 0.964508 -0.871107 0.964508 -0.863294 0.953307 -0.867002 0.971099 -0.860899 0.964508 -0.863294 0.964508 -0.871107 0.975708 -0.867002 0.975708 -0.867002 0.983703 -0.856199 0.976806 -0.853193 0.971099 -0.860899 0.979095 -0.841505 0.983703 -0.856199 0.986603 -0.841505 0.976806 -0.853193 0.979095 -0.841505 0.983703 -0.826902 0.976806 -0.829908 0.986603 -0.841505 0.976806 -0.829908 0.975708 -0.816007 0.971099 -0.822095 0.983703 -0.826902 0.964508 -0.811994 0.971099 -0.822095 0.975708 -0.816007 0.964508 -0.819699 0.9579 -0.822095 0.964508 -0.811994 0.953307 -0.816007 0.964508 -0.819699 0.953307 -0.816007 0.952193 -0.829908 0.9579 -0.822095 0.945296 -0.826902 0.949905 -0.841505 0.952193 -0.829908 0.945296 -0.826902 0.942504 -0.841505 0.945296 -0.856199 0.949905 -0.841505 0.942504 -0.841505 0.952193 -0.853193 0.953307 -0.867002 0.952193 -0.853193 0.945296 -0.856199 0.9579 -0.860899 0.964508 -0.819699 0.964508 -0.841505 0.971099 -0.822095 0.970901 -0.841505 0.971099 -0.822095 0.970901 -0.841505 0.976806 -0.829908 0.979095 -0.841505 0.9579 -0.822095 0.964508 -0.841505 0.964508 -0.819699 0.958099 -0.841505 0.958099 -0.841505 0.952193 -0.853193 0.9579 -0.860899 0.949905 -0.841505 0.958099 -0.841505 0.9579 -0.860899 0.964508 -0.841505 0.964508 -0.863294 0.971099 -0.860899 0.970901 -0.841505 0.964508 -0.841505 0.964508 -0.863294 0.979095 -0.841505 0.970901 -0.841505 0.976806 -0.853193 0.971099 -0.860899 0.4486 -0.325093 0.444099 -0.374807 0.4486 -0.374807 0.444099 -0.325093 0.4486 -0.431495 0.4486 -0.4047 0.444099 -0.404593 0.444099 -0.431495 0.4486 -0.374807 0.444099 -0.404593 0.4486 -0.4047 0.444099 -0.374807 0.444099 -0.325093 0.442802 -0.373907 0.444099 -0.374807 0.443107 -0.324804 0.444099 -0.404593 0.442893 -0.375906 0.442298 -0.4038 0.444099 -0.374807 0.444099 -0.431495 0.444099 -0.404593 0.442405 -0.4056 0.442405 -0.431495 0.4486 -0.431495 0.444099 -0.431495 0.444099 -0.433204 0.4486 -0.433204 0.450294 -0.4056 0.4486 -0.431495 0.450294 -0.431495 0.4486 -0.4047 0.4486 -0.4047 0.449805 -0.375906 0.4486 -0.374807 0.450401 -0.4038 0.4486 -0.325093 0.449897 -0.373907 0.449607 -0.324804 0.4486 -0.374807 0.4486 -0.325093 0.444099 -0.324102 0.444099 -0.325093 0.4486 -0.324102 0.4383 -0.325093 0.433799 -0.374807 0.4383 -0.374807 0.433799 -0.325093 0.4383 -0.431495 0.4383 -0.4047 0.433799 -0.4047 0.433799 -0.431495 0.4383 -0.374807 0.433799 -0.4047 0.4383 -0.4047 0.433799 -0.374807 0.433799 -0.325093 0.432502 -0.373907 0.433799 -0.374807 0.432807 -0.324804 0.433799 -0.4047 0.432593 -0.375906 0.431998 -0.4038 0.433799 -0.374807 0.433799 -0.431495 0.433799 -0.4047 0.432105 -0.405707 0.432105 -0.431495 0.4383 -0.431495 0.433799 -0.431495 0.433799 -0.433295 0.4383 -0.433295 0.439994 -0.405707 0.4383 -0.431495 0.439994 -0.431495 0.4383 -0.4047 0.4383 -0.4047 0.439506 -0.375906 0.4383 -0.374807 0.440101 -0.4038 0.4383 -0.325093 0.439597 -0.373907 0.4392 -0.324804 0.4383 -0.374807 0.4383 -0.325093 0.433799 -0.324102 0.433799 -0.325093 0.4383 -0.324102 0.350103 -0.468803 0.350103 -0.433997 0.319997 -0.433997 0.319997 -0.468803 0.292302 -0.433997 0.292302 -0.468803 0.319997 -0.468803 0.319997 -0.433997 0.292302 -0.468803 0.292302 -0.525093 0.319997 -0.498802 0.319997 -0.468803 0.388296 -0.468803 0.388296 -0.433997 0.350103 -0.433997 0.350103 -0.468803 0.292302 -0.433997 0.319997 -0.403998 0.292302 -0.377707 0.319997 -0.433997 0.453101 -0.052201 0.495903 -0.009796 0.453407 -0.009704 0.504906 -0.052506 0.528298 -0.011505 0.515694 -0.047303 0.521004 -0.054505 0.515602 -0.019897 0.061402 -0.798795 0.063492 -0.796201 0.061905 -0.794095 0.058899 -0.797208 0.065293 -0.798505 0.0672 -0.797208 0.063492 -0.796201 0.066498 -0.794797 0.067307 -0.801007 0.069398 -0.803601 0.069504 -0.798703 0.072297 -0.800397 0.065293 -0.798505 0.067307 -0.801007 0.0672 -0.797208 0.069504 -0.798703 0.027893 -0.830198 0.037293 -0.833204 0.031006 -0.825696 0.043595 -0.813001 0.039398 -0.816495 0.047394 -0.822003 0.032593 -0.818998 0.026993 -0.816693 0.028595 -0.823606 0.023193 -0.824994 0.033203 -0.813199 0.026993 -0.816693 0.032593 -0.818998 0.030701 -0.808103 0.028595 -0.823606 0.027893 -0.830198 0.031006 -0.825696 0.025192 -0.828702 0.037094 -0.814404 0.043595 -0.813001 0.041794 -0.810407 0.039398 -0.816495 0.022293 -0.814694 0.026993 -0.816693 0.026794 -0.804196 0.516899 -0.535195 0.469398 -0.535195 0.469398 -0.550301 0.516899 -0.550301 0.516899 -0.535195 0.527306 -0.548302 0.527306 -0.534997 0.516899 -0.550301 0.469398 -0.615305 0.516899 -0.615198 0.516899 -0.601999 0.469398 -0.601999 0.459007 -0.548302 0.469398 -0.535195 0.459007 -0.534997 0.218097 -0.7617 0.213504 -0.725399 0.205295 -0.726207 0.226398 -0.760494 0.208103 -0.762905 0.205295 -0.726207 0.194903 -0.725902 0.218097 -0.7617 0.194903 -0.725902 0.201099 -0.763394 0.208103 -0.762905 0.187198 -0.726604 0.117006 -0.6065 0.123507 -0.5682 0.115404 -0.567605 0.125597 -0.6065 0.181003 -0.596902 0.1523 -0.621607 0.159197 -0.626795 0.1879 -0.602304 0.1879 -0.602304 0.159197 -0.626795 0.166598 -0.631006 0.195193 -0.606302 0.195193 -0.606302 0.166598 -0.631006 0.174807 -0.636301 0.202106 -0.611704 0.089692 -0.796201 0.114794 -0.825193 0.097398 -0.792004 0.107103 -0.829404 0.205402 -0.721294 0.213504 -0.725399 0.208606 -0.717601 0.208606 -0.717601 0.202899 -0.710201 0.205402 -0.721294 0.194705 -0.717098 0.198703 -0.704097 0.187793 -0.714 0.194705 -0.717098 0.202899 -0.710201 0.125307 -0.619394 0.116503 -0.618708 0.125307 -0.633097 0.116304 -0.633494 0.155993 -0.635203 0.146899 -0.634104 0.150393 -0.648096 0.158602 -0.644404 0.158602 -0.644404 0.164904 -0.635996 0.155993 -0.635203 0.166201 -0.641001 0.166201 -0.641001 0.174807 -0.636301 0.164904 -0.635996 0.175601 -0.637705 0.107103 -0.829404 0.115496 -0.826398 0.114794 -0.825193 0.255894 -0.732692 0.220905 -0.708202 0.218204 -0.717494 0.258396 -0.724193 0.223301 -0.700298 0.220905 -0.708202 0.125505 -0.701396 0.124895 -0.659495 0.115999 -0.6598 0.213001 -0.657404 0.1738 -0.655802 0.172198 -0.663905 0.215106 -0.649393 0.175006 -0.648096 0.1738 -0.655802 0.218402 -0.641001 0.175601 -0.637705 0.175006 -0.648096 0.136706 -0.869993 0.107805 -0.830701 0.128496 -0.873503 0.263706 -0.754696 0.277394 -0.746807 0.262592 -0.745098 0.271901 -0.739406 0.261006 -0.732998 0.262592 -0.745098 0.271901 -0.739406 0.265904 -0.731395 0.261006 -0.732998 0.260807 -0.7234 0.258396 -0.724193 0.125505 -0.701396 0.116594 -0.701793 0.116594 -0.703395 0.125505 -0.703197 0.218708 -0.651606 0.213001 -0.657404 0.221195 -0.654398 0.224399 -0.644205 0.218708 -0.651606 0.228199 -0.651392 0.224399 -0.644205 0.228199 -0.651392 0.238407 -0.646906 0.231296 -0.633906 0.140307 -0.879499 0.132097 -0.882994 0.1458 -0.894194 0.137499 -0.8972 0.268696 -0.636301 0.262104 -0.588205 0.2551 -0.587396 0.252903 -0.639597 0.2551 -0.587396 0.247105 -0.585504 0.244694 -0.638605 0.247105 -0.585504 0.238895 -0.583597 0.131594 -0.770504 0.182696 -0.776104 0.183398 -0.769894 0.1664 -0.697902 0.129107 -0.732006 0.1346 -0.735607 0.1664 -0.697902 0.1346 -0.735607 0.143008 -0.738094 0.172503 -0.703197 0.172503 -0.703197 0.143008 -0.738094 0.150195 -0.740703 0.179507 -0.707195 0.130205 -0.989899 0.084397 -0.989502 0.085801 -0.997696 0.133394 -0.997894 0.218906 -0.770794 0.226398 -0.760494 0.218097 -0.7617 0.227893 -0.772595 0.208301 -0.768002 0.218097 -0.7617 0.208103 -0.762905 0.218906 -0.770794 0.208103 -0.762905 0.200793 -0.766506 0.208301 -0.768002 0.201099 -0.763394 0.115404 -0.567605 0.123507 -0.5664 0.115206 -0.564797 0.123507 -0.5682 0.1879 -0.602304 0.181201 -0.596307 0.181003 -0.596902 0.188907 -0.597498 0.198199 -0.601007 0.1879 -0.602304 0.195193 -0.606302 0.188907 -0.597498 0.202106 -0.611704 0.198199 -0.601007 0.195193 -0.606302 0.207095 -0.603906 0.091905 -0.781903 0.084702 -0.787396 0.097398 -0.792004 0.089692 -0.796201 0.213504 -0.725399 0.205402 -0.721294 0.205295 -0.726207 0.205402 -0.721294 0.194903 -0.725902 0.205295 -0.726207 0.194705 -0.717098 0.194705 -0.717098 0.187198 -0.726604 0.194903 -0.725902 0.187793 -0.714 0.116503 -0.618708 0.125597 -0.6065 0.117006 -0.6065 0.125307 -0.619394 0.1523 -0.621607 0.146899 -0.634104 0.155993 -0.635203 0.159197 -0.626795 0.159197 -0.626795 0.164904 -0.635996 0.166598 -0.631006 0.155993 -0.635203 0.166598 -0.631006 0.164904 -0.635996 0.174807 -0.636301 0.262592 -0.745098 0.253407 -0.752895 0.263706 -0.754696 0.254795 -0.743603 0.261006 -0.732998 0.254795 -0.743603 0.262592 -0.745098 0.255894 -0.732692 0.255894 -0.732692 0.261006 -0.732998 0.258396 -0.724193 0.213001 -0.657404 0.218708 -0.651606 0.215106 -0.649393 0.224399 -0.644205 0.215106 -0.649393 0.218708 -0.651606 0.218402 -0.641001 0.224399 -0.644205 0.222004 -0.630503 0.218402 -0.641001 0.231296 -0.633906 0.136706 -0.869993 0.128496 -0.873503 0.140307 -0.879499 0.132097 -0.882994 0.261006 -0.647898 0.262104 -0.657603 0.269993 -0.656992 0.2692 -0.645594 0.254093 -0.659297 0.261006 -0.647898 0.253101 -0.650202 0.262104 -0.657603 0.254093 -0.659297 0.2448 -0.651392 0.246296 -0.662196 0.253101 -0.650202 0.115694 -0.763607 0.125994 -0.766003 0.122301 -0.760296 0.119905 -0.770993 0.168902 -0.687297 0.165698 -0.690394 0.171099 -0.695903 0.176104 -0.693599 0.171099 -0.695903 0.177203 -0.700801 0.176104 -0.693599 0.181399 -0.697505 0.185702 -0.704295 0.181399 -0.697505 0.177203 -0.700801 0.182193 -0.706706 0.147601 -0.989197 0.1346 -0.989105 0.140993 -0.996399 0.138293 -0.9841 0.262104 -0.657603 0.270298 -0.715801 0.277897 -0.713298 0.246296 -0.662196 0.261601 -0.719707 0.270298 -0.715801 0.122301 -0.760296 0.116594 -0.706203 0.115694 -0.763607 0.176104 -0.693599 0.212207 -0.658106 0.168902 -0.687297 0.185702 -0.704295 0.225299 -0.675807 0.181399 -0.697505 0.208606 -0.717601 0.212497 -0.707393 0.202899 -0.710201 0.198703 -0.704097 0.212497 -0.707393 0.211704 -0.698894 0.202899 -0.710201 0.125307 -0.633097 0.116304 -0.647807 0.125399 -0.646998 0.158602 -0.644404 0.150393 -0.648096 0.164599 -0.652705 0.159503 -0.6598 0.158602 -0.644404 0.169497 -0.6448 0.166201 -0.641001 0.166201 -0.641001 0.169497 -0.6448 0.175601 -0.637705 0.218906 -0.770794 0.208301 -0.768002 0.211307 -0.781598 0.208301 -0.768002 0.198306 -0.770993 0.204105 -0.775402 0.115206 -0.564797 0.123705 -0.564904 0.115801 -0.560998 0.188907 -0.597498 0.198703 -0.592203 0.189105 -0.594003 0.207095 -0.603906 0.198703 -0.592203 0.198199 -0.601007 0.261601 -0.637705 0.2692 -0.645594 0.268696 -0.636301 0.261006 -0.647898 0.261006 -0.647898 0.252903 -0.639597 0.253101 -0.650202 0.261601 -0.637705 0.2448 -0.651392 0.252903 -0.639597 0.244694 -0.638605 0.253101 -0.650202 0.119905 -0.770993 0.131594 -0.770504 0.125994 -0.766003 0.128695 -0.776699 0.171099 -0.695903 0.165698 -0.690394 0.1664 -0.697902 0.161196 -0.693095 0.1664 -0.697902 0.172503 -0.703197 0.171099 -0.695903 0.177203 -0.700801 0.177203 -0.700801 0.179507 -0.707195 0.182193 -0.706706 0.172503 -0.703197 0.133394 -0.997894 0.1346 -0.989105 0.130205 -0.989899 0.140993 -0.996399 0.016098 -0.899504 0.023804 -0.929595 0.032394 -0.927108 0.022598 -0.895796 0.032394 -0.927108 0.039597 -0.923705 0.022598 -0.895796 0.039597 -0.923705 0.046494 -0.918502 0.030304 -0.891005 0.046494 -0.918502 0.052002 -0.912093 0.031097 -0.984695 0.059403 -0.984405 0.057404 -0.976104 0.031204 -0.977996 0.031204 -0.977996 0.057404 -0.976104 0.056199 -0.969497 0.031204 -0.973907 0.031204 -0.973907 0.056199 -0.969497 0.028305 -0.965301 0.233707 -0.475105 0.209796 -0.475105 0.209796 -0.506905 0.233707 -0.506905 0.209796 -0.523003 0.233707 -0.523003 0.233799 -0.413596 0.209903 -0.413504 0.209796 -0.450401 0.233707 -0.450507 0.205493 -0.431998 0.156497 -0.396597 0.156497 -0.431998 0.205493 -0.395102 0.188098 -0.377707 0.156298 -0.377707 0.156497 -0.522393 0.1402 -0.541299 0.156298 -0.541299 0.140307 -0.518593 0.0009 -0.655894 0.034805 -0.655894 0.0009 -0.629099 0.034805 -0.629099 0.005203 -0.749996 0.030594 -0.749996 0.031906 -0.741894 0.003906 -0.741894 0.030594 -0.749996 0.005203 -0.749996 0.029495 -0.755505 0.006301 -0.755596 0.025299 -0.765698 0.010498 -0.765698 0.013901 -0.770306 0.027893 -0.760494 0.021896 -0.770306 0.007797 -0.760494 0.029495 -0.755505 0.006301 -0.755596 0.027893 -0.760494 0.007797 -0.760494 0.002792 -0.230106 0.039993 -0.230304 0.039993 -0.221195 0.0027 -0.221195 0.039993 -0.272602 0.002792 -0.266896 0.002792 -0.272602 0.039993 -0.266896 0.066895 -0.272602 0.066895 -0.266896 0.086396 -0.266896 0.086305 -0.272602 0.039993 -0.303105 0.002792 -0.303105 0.002792 -0.314198 0.039993 -0.314198 0.002792 -0.706493 0.032898 -0.706493 0.0336 -0.694102 0.002197 -0.694102 0.053803 -0.230396 0.045502 -0.221195 0.039993 -0.230304 0.039993 -0.221195 0.002792 -0.280598 0.039993 -0.280705 0.002792 -0.272602 0.039993 -0.272602 0.066895 -0.280705 0.066895 -0.272602 0.039993 -0.286702 0.066895 -0.286702 0.039993 -0.280705 0.066895 -0.280705 0.039993 -0.314198 0.066895 -0.314198 0.039993 -0.303105 0.066895 -0.303105 0.031998 -0.732097 0.003494 -0.722103 0.003799 -0.732097 0.032303 -0.722103 0.066895 -0.239002 0.066895 -0.250202 0.0766 -0.241306 0.039993 -0.280705 0.002792 -0.286305 0.039993 -0.286702 0.002792 -0.280598 0.086305 -0.272602 0.086305 -0.280598 0.066895 -0.280705 0.086396 -0.286305 0.086305 -0.280598 0.066895 -0.286702 0.066895 -0.303105 0.066895 -0.314198 0.0766 -0.311894 0.232807 -0.404501 0.210895 -0.404395 0.209903 -0.413504 0.233799 -0.413596 0.205493 -0.441093 0.156497 -0.431998 0.156497 -0.441199 0.205493 -0.431998 0.162707 -0.874693 0.174395 -0.882795 0.173602 -0.874693 0.161898 -0.882795 0.171695 -0.868803 0.161898 -0.897307 0.164508 -0.868803 0.169696 -0.8663 0.174395 -0.897307 0.166506 -0.8663 0.168093 -0.8654 0.232807 -0.404501 0.213504 -0.396796 0.210895 -0.404395 0.230304 -0.396902 0.156497 -0.477806 0.140307 -0.470298 0.140307 -0.477897 0.156497 -0.469902 0.213504 -0.396796 0.226795 -0.392798 0.216999 -0.392706 0.230304 -0.396902 0.156497 -0.449104 0.205493 -0.454398 0.205493 -0.448997 0.156603 -0.454398 0.156497 -0.441199 0.205493 -0.448997 0.205493 -0.441093 0.156497 -0.449104 0.156497 -0.469902 0.140307 -0.464897 0.140307 -0.470298 0.156603 -0.464607 0.216999 -0.392706 0.222904 -0.390906 0.220905 -0.390906 0.226795 -0.392798 0.156603 -0.454398 0.205493 -0.458595 0.205493 -0.454398 0.156603 -0.458595 0.140307 -0.464897 0.156603 -0.460395 0.140307 -0.460594 0.156603 -0.464607 0.209796 -0.450401 0.233707 -0.475105 0.233707 -0.450507 0.209796 -0.475105 0.140307 -0.486503 0.156497 -0.477806 0.140307 -0.477897 0.156497 -0.487007 0.156695 -0.975601 0.179507 -0.998398 0.178698 -0.975799 0.155596 -0.998306 0.156497 -0.487007 0.156497 -0.522393 0.205493 -0.487007 0.205493 -0.523903 0.188098 -0.541299 0.156298 -0.541299 0.033997 -0.6038 0.001602 -0.6038 0.0009 -0.629099 0.034805 -0.629099 0.033997 -0.6038 0.001907 -0.594705 0.001602 -0.6038 0.033707 -0.594598 0.0392 -0.341207 0.002792 -0.341207 0.029602 -0.366506 0.002792 -0.366506 0.002792 -0.323094 0.039993 -0.332006 0.039993 -0.322896 0.002792 -0.332006 0.053803 -0.322896 0.039993 -0.322896 0.045502 -0.332006 0.039993 -0.332006 0.039993 -0.250202 0.002792 -0.239002 0.002792 -0.250202 0.039993 -0.239002 0.066895 -0.250202 0.066895 -0.239002 0.001693 -0.682994 0.034103 -0.682994 0.034805 -0.655894 0.0009 -0.655894 0.006103 -0.560296 0.027695 -0.555306 0.007598 -0.555398 0.029297 -0.560204 0.039993 -0.261097 0.002792 -0.255894 0.002792 -0.261097 0.039993 -0.255894 0.066895 -0.261097 0.066895 -0.255894 0.002792 -0.297398 0.039993 -0.2925 0.002792 -0.292195 0.039993 -0.297398 0.039993 -0.297398 0.066895 -0.297398 0.039993 -0.2925 0.066895 -0.2925 0.086396 -0.261097 0.066895 -0.255894 0.066895 -0.261097 0.086396 -0.255894 0.066895 -0.2925 0.086396 -0.297398 0.086396 -0.292195 0.066895 -0.297398 0.025101 -0.550103 0.013595 -0.545602 0.010193 -0.550103 0.021698 -0.545495 0.007598 -0.555398 0.027695 -0.555306 0.010193 -0.550103 0.025101 -0.550103 0.002792 -0.255894 0.039993 -0.255894 0.039993 -0.250202 0.002792 -0.250202 0.066895 -0.255894 0.066895 -0.250202 0.039993 -0.286702 0.002792 -0.286305 0.002792 -0.292195 0.039993 -0.2925 0.039993 -0.2925 0.066895 -0.2925 0.039993 -0.286702 0.066895 -0.286702 0.086396 -0.255894 0.066895 -0.250202 0.066895 -0.255894 0.086396 -0.250202 0.066895 -0.286702 0.086396 -0.292195 0.086396 -0.286305 0.066895 -0.2925 0.033096 -0.585702 0.002502 -0.585794 0.001907 -0.594705 0.033707 -0.594598 0.005004 -0.565896 0.006103 -0.560296 0.030502 -0.565805 0.002792 -0.303105 0.039993 -0.303105 0.002792 -0.297398 0.039993 -0.297398 0.039993 -0.266896 0.002792 -0.261097 0.002792 -0.266896 0.039993 -0.261097 0.066895 -0.266896 0.066895 -0.261097 0.039993 -0.303105 0.066895 -0.303105 0.039993 -0.297398 0.066895 -0.297398 0.086396 -0.266896 0.066895 -0.261097 0.066895 -0.266896 0.086396 -0.261097 0.086396 -0.297398 0.066895 -0.297398 0.066895 -0.303105 0.086396 -0.303105 0.003402 -0.576898 0.033096 -0.585702 0.032105 -0.576806 0.002502 -0.585794 0.0027 -0.211994 0.029602 -0.186694 0.0027 -0.186694 0.0392 -0.211994 0.002792 -0.239002 0.039993 -0.230304 0.002792 -0.230106 0.039993 -0.239002 0.0027 -0.221195 0.039993 -0.221195 0.0392 -0.211994 0.0027 -0.211994 0.032303 -0.722103 0.002792 -0.706493 0.003494 -0.722103 0.032898 -0.706493 0.002197 -0.694102 0.0336 -0.694102 0.034103 -0.682994 0.001693 -0.682994 0.053803 -0.230396 0.039993 -0.239002 0.066895 -0.239002 0.039993 -0.230304 0.045502 -0.221195 0.0392 -0.211994 0.039993 -0.221195 0.002792 -0.341207 0.0392 -0.341207 0.002792 -0.332006 0.039993 -0.332006 0.002792 -0.314198 0.039993 -0.322896 0.039993 -0.314198 0.002792 -0.323094 0.039993 -0.332006 0.0392 -0.341207 0.045502 -0.332006 0.066895 -0.314198 0.039993 -0.314198 0.053803 -0.322896 0.039993 -0.322896 0.031906 -0.741894 0.003799 -0.732097 0.003906 -0.741894 0.031998 -0.732097 0.086396 -0.250202 0.0766 -0.241306 0.066895 -0.250202 0.086396 -0.241993 0.086396 -0.303105 0.0766 -0.311894 0.086396 -0.311193 0.066895 -0.303105 0.273304 -0.030304 0.267994 -0.039307 0.274296 -0.0383 0.266606 -0.031296 0.280201 -0.0298 0.274296 -0.0383 0.280598 -0.037796 0.273304 -0.030304 0.2869 -0.037796 0.280201 -0.0298 0.280598 -0.037796 0.287007 -0.029694 0.293202 -0.037995 0.293797 -0.029999 0.2869 -0.037796 0.287007 -0.029694 0.293797 -0.029999 0.299504 -0.038696 0.300603 -0.030701 0.293202 -0.037995 0.300603 -0.030701 0.305699 -0.039704 0.307301 -0.031799 0.299504 -0.038696 0.307301 -0.031799 0.305699 -0.039704 0.313893 -0.033493 0.311894 -0.041199 0.318105 -0.043198 0.320195 -0.0354 0.311894 -0.041199 0.313893 -0.033493 0.320195 -0.0354 0.3243 -0.045395 0.326207 -0.037201 0.318105 -0.043198 0.253605 -0.034607 0.247501 -0.036301 0.249195 -0.044495 0.255604 -0.042404 0.261799 -0.040604 0.253605 -0.034607 0.255604 -0.042404 0.259998 -0.032806 0.267994 -0.039307 0.259998 -0.032806 0.261799 -0.040604 0.266606 -0.031296 0.272099 -0.026901 0.263996 -0.0233 0.264805 -0.027893 0.271504 -0.022293 0.279301 -0.026398 0.271504 -0.022293 0.272099 -0.026901 0.279103 -0.021698 0.286793 -0.026398 0.286793 -0.021698 0.279301 -0.026398 0.279103 -0.021698 0.294194 -0.026398 0.286793 -0.021698 0.286793 -0.026398 0.294408 -0.021698 0.302007 -0.022293 0.294194 -0.026398 0.301503 -0.026901 0.294408 -0.021698 0.309499 -0.0233 0.302007 -0.022293 0.301503 -0.026901 0.308705 -0.027893 0.309499 -0.0233 0.315801 -0.029297 0.317006 -0.024795 0.308705 -0.027893 0.317006 -0.024795 0.322499 -0.031097 0.3243 -0.026794 0.315801 -0.029297 0.331197 -0.0298 0.3243 -0.026794 0.322499 -0.031097 0.328298 -0.033798 0.242298 -0.0298 0.250996 -0.031097 0.249195 -0.026703 0.245304 -0.033798 0.256596 -0.024795 0.249195 -0.026703 0.250996 -0.031097 0.257694 -0.029297 0.263996 -0.0233 0.257694 -0.029297 0.264805 -0.027893 0.256596 -0.024795 0.270695 -0.014801 0.262699 -0.016006 0.271504 -0.022293 0.263996 -0.0233 0.278706 -0.014206 0.270695 -0.014801 0.279103 -0.021698 0.271504 -0.022293 0.286793 -0.014206 0.279103 -0.021698 0.286793 -0.021698 0.278706 -0.014206 0.286793 -0.021698 0.294408 -0.021698 0.286793 -0.014206 0.294804 -0.014206 0.294408 -0.021698 0.3028 -0.014801 0.294804 -0.014206 0.302007 -0.022293 0.302007 -0.022293 0.310796 -0.016006 0.3028 -0.014801 0.309499 -0.0233 0.310796 -0.016006 0.309499 -0.0233 0.317006 -0.024795 0.318807 -0.017593 0.318807 -0.017593 0.317006 -0.024795 0.3243 -0.026794 0.326894 -0.019806 0.335195 -0.022598 0.3243 -0.026794 0.331197 -0.0298 0.326894 -0.019806 0.2383 -0.022598 0.249195 -0.026703 0.246601 -0.019806 0.242298 -0.0298 0.246601 -0.019806 0.256596 -0.024795 0.254704 -0.017593 0.249195 -0.026703 0.262699 -0.016006 0.256596 -0.024795 0.263996 -0.0233 0.254704 -0.017593 0.260807 -0.004592 0.269902 -0.007904 0.269398 -0.003295 0.261494 -0.009094 0.269398 -0.003295 0.278401 -0.007202 0.278096 -0.002594 0.269902 -0.007904 0.286793 -0.007095 0.278096 -0.002594 0.278401 -0.007202 0.286793 -0.002502 0.295399 -0.002594 0.286793 -0.007095 0.295201 -0.007202 0.286793 -0.002502 0.295201 -0.007202 0.304097 -0.003295 0.295399 -0.002594 0.303593 -0.007904 0.312795 -0.004592 0.304097 -0.003295 0.303593 -0.007904 0.312001 -0.009094 0.320302 -0.010895 0.312795 -0.004592 0.312001 -0.009094 0.321202 -0.006393 0.328496 -0.013107 0.321202 -0.006393 0.320302 -0.010895 0.329305 -0.008606 0.328496 -0.013107 0.336599 -0.009903 0.329305 -0.008606 0.337102 -0.014999 0.244297 -0.008606 0.237003 -0.009903 0.236393 -0.014999 0.244999 -0.013107 0.244999 -0.013107 0.2533 -0.010895 0.252293 -0.006393 0.244297 -0.008606 0.260807 -0.004592 0.2533 -0.010895 0.261494 -0.009094 0.252293 -0.006393 0.838895 -0.026993 0.838895 -0.008606 0.832303 -0.010299 0.841306 -0.026398 0.836805 -0.028107 0.832303 -0.010299 0.826398 -0.013504 0.838895 -0.026993 0.821302 -0.018097 0.836805 -0.028107 0.826398 -0.013504 0.835004 -0.0298 0.869795 -0.043198 0.852399 -0.038803 0.867399 -0.049607 0.851499 -0.041092 0.870695 -0.036392 0.852705 -0.036392 0.869795 -0.043198 0.852399 -0.038803 0.869902 -0.029694 0.852705 -0.036392 0.870695 -0.036392 0.852399 -0.033997 0.867399 -0.0233 0.851499 -0.031693 0.869902 -0.029694 0.852399 -0.033997 0.851499 -0.031693 0.8636 -0.0177 0.850095 -0.029694 0.867399 -0.0233 0.850095 -0.029694 0.858396 -0.013199 0.848295 -0.028107 0.8636 -0.0177 0.848295 -0.028107 0.858396 -0.013199 0.846098 -0.026901 0.852399 -0.010101 0.845808 -0.008499 0.846098 -0.026901 0.852399 -0.010101 0.843702 -0.026398 0.838895 -0.008606 0.843702 -0.026398 0.845808 -0.008499 0.841306 -0.026398 0.839094 -0.037598 0.843198 -0.037598 0.843198 -0.035294 0.838499 -0.035294 0.847303 -0.037598 0.840894 -0.039398 0.8392 -0.032898 0.847898 -0.035294 0.843198 -0.039993 0.843198 -0.032898 0.847303 -0.032898 0.8392 -0.032898 0.843198 -0.032898 0.840894 -0.031204 0.843198 -0.030594 0.297902 -0.049897 0.304494 -0.0457 0.298604 -0.044693 0.303395 -0.050904 0.304494 -0.0457 0.308797 -0.052094 0.310307 -0.046997 0.303395 -0.050904 0.310307 -0.046997 0.308797 -0.052094 0.315999 -0.048798 0.313893 -0.053605 0.315999 -0.048798 0.313893 -0.053605 0.321599 -0.051392 0.318303 -0.055802 0.251804 -0.050507 0.259495 -0.052994 0.257496 -0.048096 0.2551 -0.0551 0.257496 -0.048096 0.264607 -0.051499 0.263294 -0.046402 0.259495 -0.052994 0.269993 -0.0504 0.269093 -0.045197 0.264607 -0.051499 0.263294 -0.046402 0.271794 -0.054902 0.273198 -0.065903 0.276707 -0.054398 0.277607 -0.0654 0.281895 -0.065095 0.281605 -0.054093 0.277607 -0.0654 0.276707 -0.054398 0.286305 -0.065095 0.286503 -0.054093 0.281895 -0.065095 0.281605 -0.054093 0.2907 -0.065201 0.291402 -0.0542 0.286305 -0.065095 0.286503 -0.054093 0.295094 -0.065598 0.2963 -0.054703 0.2907 -0.065201 0.291402 -0.0542 0.295094 -0.065598 0.301198 -0.055405 0.2963 -0.054703 0.299504 -0.066193 0.299504 -0.066193 0.306004 -0.056305 0.301198 -0.055405 0.303899 -0.067093 0.306004 -0.056305 0.303899 -0.067093 0.310704 -0.057404 0.308202 -0.068101 0.310704 -0.057404 0.308202 -0.068101 0.315297 -0.058594 0.312596 -0.069398 0.257603 -0.057694 0.259998 -0.068696 0.262196 -0.056702 0.264393 -0.067505 0.262196 -0.056702 0.264393 -0.067505 0.267002 -0.055695 0.268803 -0.066605 0.267002 -0.055695 0.268803 -0.066605 0.271794 -0.054902 0.273198 -0.065903 0.273198 -0.065903 0.278492 -0.076493 0.277607 -0.0654 0.274693 -0.076905 0.282399 -0.076203 0.281895 -0.065095 0.278492 -0.076493 0.277607 -0.0654 0.286198 -0.076203 0.286305 -0.065095 0.282399 -0.076203 0.281895 -0.065095 0.289998 -0.076295 0.286305 -0.065095 0.286198 -0.076203 0.2907 -0.065201 0.293797 -0.076707 0.2907 -0.065201 0.289998 -0.076295 0.295094 -0.065598 0.293797 -0.076707 0.299504 -0.066193 0.295094 -0.065598 0.297597 -0.077195 0.299504 -0.066193 0.301305 -0.077897 0.303899 -0.067093 0.297597 -0.077195 0.303899 -0.067093 0.301305 -0.077897 0.308202 -0.068101 0.304906 -0.078797 0.308202 -0.068101 0.304906 -0.078797 0.312596 -0.069398 0.3084 -0.079896 0.259998 -0.068696 0.267399 -0.078202 0.264393 -0.067505 0.263905 -0.079194 0.264393 -0.067505 0.271 -0.077393 0.268803 -0.066605 0.267399 -0.078202 0.268803 -0.066605 0.271 -0.077393 0.273198 -0.065903 0.274693 -0.076905 0.160906 -0.935699 0.156893 -0.943496 0.160098 -0.943694 0.1579 -0.935103 0.160006 -0.959701 0.160098 -0.943694 0.156893 -0.943496 0.156695 -0.975601 0.156695 -0.975601 0.178698 -0.975799 0.175692 -0.959792 0.160006 -0.959701 0.175692 -0.959792 0.178897 -0.943694 0.175799 -0.943801 0.178698 -0.975799 0.178897 -0.943694 0.175097 -0.935805 0.175799 -0.943801 0.178103 -0.935195 0.175097 -0.935805 0.175799 -0.928206 0.173098 -0.929503 0.178103 -0.935195 0.172503 -0.924407 0.170794 -0.926497 0.168994 -0.922698 0.170794 -0.926497 0.168307 -0.925994 0.167193 -0.922698 0.168307 -0.925994 0.168994 -0.922698 0.167803 -0.925994 0.165393 -0.926406 0.167193 -0.922698 0.163607 -0.924407 0.167803 -0.925994 0.163607 -0.924407 0.162905 -0.929397 0.165393 -0.926406 0.160296 -0.9281 0.160906 -0.935699 0.162203 -0.874693 0.155505 -0.882704 0.161898 -0.882795 0.155703 -0.874205 0.161898 -0.897307 0.161898 -0.882795 0.155505 -0.882704 0.155505 -0.899504 0.176394 -0.903807 0.161898 -0.897307 0.159899 -0.903807 0.174395 -0.897307 0.180804 -0.882704 0.174395 -0.897307 0.180804 -0.899504 0.174395 -0.882795 0.174105 -0.874693 0.180804 -0.882704 0.180499 -0.874205 0.174395 -0.882795 0.173495 -0.868498 0.180499 -0.874205 0.179904 -0.867399 0.174105 -0.874693 0.172793 -0.8654 0.179904 -0.867399 0.179004 -0.863401 0.173495 -0.868498 0.172793 -0.8654 0.177905 -0.861097 0.172198 -0.863706 0.179004 -0.863401 0.158602 -0.860594 0.158404 -0.861097 0.164096 -0.863706 0.164096 -0.863706 0.158404 -0.861097 0.1635 -0.8654 0.157305 -0.863401 0.1635 -0.8654 0.156405 -0.867399 0.162799 -0.868498 0.157305 -0.863401 0.162799 -0.868498 0.155703 -0.874205 0.162203 -0.874693 0.156405 -0.867399 0.281102 -0.049195 0.280903 -0.0439 0.275593 -0.049607 0.274998 -0.044403 0.297902 -0.049897 0.292699 -0.044098 0.292302 -0.049393 0.298604 -0.044693 0.281102 -0.049195 0.286702 -0.049195 0.286793 -0.0439 0.280903 -0.0439 0.845594 -0.039398 0.269093 -0.045197 0.275593 -0.049607 0.274998 -0.044403 0.269993 -0.0504 0.292302 -0.049393 0.286793 -0.0439 0.286702 -0.049195 0.292699 -0.044098 0.845594 -0.031204 0.274998 -0.044403 0.274296 -0.0383 0.267994 -0.039307 0.269093 -0.045197 0.280598 -0.037796 0.274998 -0.044403 0.280903 -0.0439 0.274296 -0.0383 0.280903 -0.0439 0.2869 -0.037796 0.280598 -0.037796 0.286793 -0.0439 0.292699 -0.044098 0.2869 -0.037796 0.286793 -0.0439 0.293202 -0.037995 0.298604 -0.044693 0.293202 -0.037995 0.292699 -0.044098 0.299504 -0.038696 0.298604 -0.044693 0.305699 -0.039704 0.299504 -0.038696 0.304494 -0.0457 0.304494 -0.0457 0.310307 -0.046997 0.305699 -0.039704 0.311894 -0.041199 0.318105 -0.043198 0.310307 -0.046997 0.315999 -0.048798 0.311894 -0.041199 0.3243 -0.045395 0.315999 -0.048798 0.321599 -0.051392 0.318105 -0.043198 0.255604 -0.042404 0.249195 -0.044495 0.257496 -0.048096 0.251804 -0.050507 0.261799 -0.040604 0.255604 -0.042404 0.263294 -0.046402 0.257496 -0.048096 0.267994 -0.039307 0.263294 -0.046402 0.269093 -0.045197 0.261799 -0.040604 0.270695 -0.014801 0.261494 -0.009094 0.262699 -0.016006 0.269902 -0.007904 0.278706 -0.014206 0.269902 -0.007904 0.270695 -0.014801 0.278401 -0.007202 0.278706 -0.014206 0.286793 -0.014206 0.286793 -0.007095 0.278401 -0.007202 0.294804 -0.014206 0.286793 -0.007095 0.286793 -0.014206 0.295201 -0.007202 0.3028 -0.014801 0.295201 -0.007202 0.294804 -0.014206 0.303593 -0.007904 0.3028 -0.014801 0.312001 -0.009094 0.303593 -0.007904 0.310796 -0.016006 0.312001 -0.009094 0.318807 -0.017593 0.320302 -0.010895 0.310796 -0.016006 0.320302 -0.010895 0.318807 -0.017593 0.328496 -0.013107 0.326894 -0.019806 0.326894 -0.019806 0.337102 -0.014999 0.328496 -0.013107 0.335195 -0.022598 0.236393 -0.014999 0.246601 -0.019806 0.244999 -0.013107 0.2383 -0.022598 0.244999 -0.013107 0.254704 -0.017593 0.2533 -0.010895 0.246601 -0.019806 0.262699 -0.016006 0.261494 -0.009094 0.254704 -0.017593 0.2533 -0.010895 0.156603 -0.460395 0.205493 -0.458595 0.156603 -0.458595 0.205493 -0.460395 0.140307 -0.460594 0.156603 -0.460395 0.140307 -0.458396 0.156603 -0.458595 0.156497 -0.431998 0.140307 -0.400305 0.140307 -0.432395 0.156497 -0.396597 0.030502 -0.565805 0.005004 -0.565896 0.003402 -0.576898 0.032105 -0.576806 0.156497 -0.441199 0.140307 -0.432395 0.140307 -0.441001 0.156497 -0.431998 0.156497 -0.477806 0.205493 -0.487007 0.205493 -0.477806 0.156497 -0.487007 0.140307 -0.448707 0.156497 -0.441199 0.140307 -0.441001 0.156497 -0.449104 0.156497 -0.469902 0.205493 -0.477806 0.205493 -0.469902 0.156497 -0.477806 0.140307 -0.454093 0.156497 -0.449104 0.140307 -0.448707 0.156603 -0.454398 0.156603 -0.464607 0.205493 -0.469902 0.205493 -0.464607 0.156497 -0.469902 0.140307 -0.458396 0.156603 -0.458595 0.140307 -0.454093 0.156603 -0.454398 0.156603 -0.464607 0.205493 -0.464607 0.156603 -0.460395 0.205493 -0.460395 0.156497 -0.396597 0.1402 -0.377707 0.140307 -0.400305 0.156298 -0.377707 0.140307 -0.486503 0.140307 -0.518593 0.156497 -0.487007 0.156497 -0.522393 0.2878 -0.475105 0.263798 -0.506905 0.287694 -0.506905 0.263905 -0.475105 0.263798 -0.523003 0.287694 -0.523003 0.264103 -0.413596 0.287907 -0.450507 0.287999 -0.413596 0.263996 -0.450507 0.287999 -0.413596 0.265095 -0.404395 0.264103 -0.413596 0.287098 -0.404501 0.213397 -0.975402 0.236194 -0.998093 0.235294 -0.975402 0.212406 -0.998001 0.018402 -0.522103 0.001602 -0.540703 0.017807 -0.540993 0.002304 -0.518105 0.038605 -0.629297 0.038696 -0.656107 0.072495 -0.656001 0.072404 -0.629099 0.043198 -0.750103 0.068604 -0.749996 0.069901 -0.742 0.041794 -0.742 0.043198 -0.750103 0.067505 -0.755596 0.044296 -0.755703 0.063401 -0.765805 0.048493 -0.765805 0.051895 -0.770397 0.065995 -0.760601 0.059998 -0.770397 0.045899 -0.760601 0.067505 -0.755596 0.044296 -0.755703 0.065995 -0.760601 0.045899 -0.760601 0.039002 -0.035996 0.001693 -0.035996 0.001693 -0.044998 0.039002 -0.045197 0.001693 -0.087495 0.039002 -0.087495 0.001693 -0.081696 0.039002 -0.081696 0.065796 -0.087495 0.065796 -0.081696 0.039002 -0.095506 0.001693 -0.101198 0.039002 -0.101503 0.001693 -0.095506 0.039002 -0.117906 0.0018 -0.129107 0.039002 -0.129 0.001693 -0.117906 0.040695 -0.7066 0.070801 -0.706493 0.071397 -0.694194 0.039993 -0.694301 0.052796 -0.045197 0.044495 -0.035996 0.039002 -0.045197 0.039002 -0.035996 0.001693 -0.095506 0.039002 -0.095506 0.001693 -0.087495 0.039002 -0.087495 0.065796 -0.095506 0.065796 -0.087495 0.085297 -0.087403 0.065796 -0.087495 0.065796 -0.095506 0.085297 -0.095506 0.065903 -0.1178 0.039002 -0.117906 0.065903 -0.129 0.039002 -0.129 0.041702 -0.732296 0.070206 -0.722194 0.041397 -0.722301 0.069901 -0.732204 0.065796 -0.053894 0.065796 -0.065003 0.075593 -0.056199 0.085297 -0.081696 0.065796 -0.081696 0.065796 -0.087495 0.085297 -0.087403 0.065796 -0.095506 0.039002 -0.095506 0.065796 -0.101503 0.039002 -0.101503 0.085297 -0.101106 0.065796 -0.095506 0.065796 -0.101503 0.085297 -0.095506 0.065903 -0.1178 0.065903 -0.129 0.075593 -0.126696 0.019104 -0.396704 0.068406 -0.431693 0.068101 -0.394797 0.019394 -0.431998 0.019592 -0.441093 0.068497 -0.441001 0.019394 -0.431998 0.068406 -0.431693 0.233906 -0.873594 0.223606 -0.873701 0.222904 -0.8813 0.234699 -0.8813 0.222904 -0.8813 0.234806 -0.908598 0.234699 -0.8813 0.222904 -0.908598 0.265095 -0.404395 0.287098 -0.404501 0.284504 -0.396902 0.267704 -0.396796 0.019699 -0.448997 0.068604 -0.448997 0.019592 -0.441093 0.068497 -0.441001 0.233906 -0.873594 0.232197 -0.867994 0.225299 -0.867994 0.232197 -0.867994 0.227207 -0.865705 0.230198 -0.865705 0.228702 -0.864805 0.271305 -0.392706 0.284504 -0.396902 0.280995 -0.392798 0.267704 -0.396796 0.068604 -0.448997 0.019699 -0.448997 0.068696 -0.454398 0.019699 -0.454398 0.019394 -0.477699 0.003295 -0.469795 0.003097 -0.477302 0.019501 -0.469795 0.019501 -0.469795 0.003402 -0.4645 0.003295 -0.469795 0.019699 -0.464607 0.280995 -0.392798 0.275196 -0.390906 0.277104 -0.390906 0.068696 -0.454398 0.019699 -0.454398 0.068696 -0.458595 0.019699 -0.458595 0.019699 -0.460395 0.003494 -0.460304 0.019699 -0.464607 0.003402 -0.4645 0.263996 -0.450507 0.2878 -0.475105 0.287907 -0.450507 0.263905 -0.475105 0.019394 -0.477699 0.002899 -0.485893 0.019104 -0.486793 0.003097 -0.477302 0.019104 -0.396704 0.050507 -0.377493 0.018707 -0.377798 0.068101 -0.394797 0.067307 -0.524697 0.068101 -0.4878 0.018402 -0.522103 0.019104 -0.486793 0.040894 -0.577005 0.067994 -0.565896 0.042496 -0.566003 0.069703 -0.576898 0.0392 -0.603906 0.072404 -0.629099 0.071595 -0.6038 0.038605 -0.629297 0.001693 -0.026901 0.028595 -0.001602 0.001693 -0.001602 0.038193 -0.026901 0.028702 -0.181399 0.0383 -0.155993 0.0018 -0.1561 0.001907 -0.181399 0.039093 -0.146899 0.0018 -0.138003 0.0018 -0.146899 0.039093 -0.137697 0.044602 -0.146807 0.052796 -0.137697 0.039093 -0.137697 0.039093 -0.146899 0.001693 -0.065003 0.039002 -0.065003 0.001693 -0.053894 0.039002 -0.053894 0.065796 -0.065003 0.065796 -0.053894 0.039505 -0.683207 0.071793 -0.683101 0.072495 -0.656001 0.038696 -0.656107 0.043701 -0.560403 0.065293 -0.555398 0.045197 -0.555398 0.066804 -0.560296 0.045197 -0.555398 0.062699 -0.550195 0.047806 -0.550195 0.065293 -0.555398 0.051194 -0.545602 0.059205 -0.545602 0.039002 -0.075898 0.065796 -0.075898 0.039002 -0.070695 0.001693 -0.070695 0.065796 -0.070695 0.001693 -0.075898 0.085297 -0.070695 0.065796 -0.070695 0.065796 -0.075898 0.085297 -0.075898 0.085297 -0.112093 0.065903 -0.107301 0.065903 -0.112093 0.085297 -0.106996 0.039002 -0.107393 0.001693 -0.1122 0.039002 -0.1122 0.001693 -0.107103 0.065903 -0.112093 0.039002 -0.107393 0.039002 -0.1122 0.065903 -0.107301 0.039002 -0.065003 0.001693 -0.065003 0.001693 -0.070695 0.039002 -0.070695 0.065796 -0.070695 0.065796 -0.065003 0.039002 -0.101503 0.001693 -0.107103 0.039002 -0.107393 0.001693 -0.101198 0.065796 -0.101503 0.039002 -0.101503 0.065903 -0.107301 0.039002 -0.107393 0.065796 -0.070695 0.085297 -0.070695 0.065796 -0.065003 0.085297 -0.065003 0.085297 -0.106996 0.065796 -0.101503 0.065903 -0.107301 0.085297 -0.101106 0.039505 -0.594797 0.070603 -0.585794 0.0401 -0.585901 0.071198 -0.594705 0.043701 -0.560403 0.066804 -0.560296 0.039002 -0.1122 0.001693 -0.117906 0.039002 -0.117906 0.001693 -0.1122 0.001693 -0.081696 0.039002 -0.081696 0.001693 -0.075898 0.039002 -0.075898 0.065796 -0.081696 0.065796 -0.075898 0.065903 -0.112093 0.039002 -0.1122 0.065903 -0.1178 0.039002 -0.117906 0.085297 -0.075898 0.065796 -0.075898 0.065796 -0.081696 0.085297 -0.081696 0.085297 -0.1178 0.065903 -0.112093 0.065903 -0.1178 0.085297 -0.112093 0.040894 -0.577005 0.070603 -0.585794 0.0401 -0.585901 0.039505 -0.594797 0.071595 -0.6038 0.071198 -0.594705 0.0392 -0.603906 0.001693 -0.053894 0.039002 -0.045197 0.001693 -0.044998 0.039002 -0.053894 0.001693 -0.035996 0.038193 -0.026901 0.001693 -0.026901 0.039002 -0.035996 0.040695 -0.7066 0.041397 -0.722301 0.070801 -0.706493 0.070206 -0.722194 0.039993 -0.694301 0.071397 -0.694194 0.071793 -0.683101 0.039505 -0.683207 0.039002 -0.045197 0.039002 -0.053894 0.052796 -0.045197 0.065796 -0.053894 0.044495 -0.035996 0.038193 -0.026901 0.039002 -0.035996 0.039093 -0.146899 0.0018 -0.146899 0.0383 -0.155993 0.0018 -0.1561 0.039093 -0.137697 0.0018 -0.129107 0.0018 -0.138003 0.039002 -0.129 0.039093 -0.146899 0.0383 -0.155993 0.044602 -0.146807 0.065903 -0.129 0.039002 -0.129 0.052796 -0.137697 0.039093 -0.137697 0.069901 -0.732204 0.041702 -0.732296 0.041794 -0.742 0.069901 -0.742 0.085297 -0.065003 0.075593 -0.056199 0.065796 -0.065003 0.085297 -0.0569 0.085297 -0.1178 0.075593 -0.126696 0.085404 -0.125994 0.065903 -0.1178 0.108003 -0.039597 0.106905 -0.031601 0.101793 -0.040695 0.100099 -0.032806 0.106905 -0.031601 0.114305 -0.038895 0.113603 -0.030792 0.108003 -0.039597 0.113603 -0.030792 0.114305 -0.038895 0.1205 -0.030502 0.120607 -0.038605 0.1205 -0.030502 0.126894 -0.038605 0.127306 -0.030594 0.120607 -0.038605 0.127306 -0.030594 0.133196 -0.039093 0.134096 -0.031097 0.126894 -0.038605 0.140902 -0.032196 0.134096 -0.031097 0.133196 -0.039093 0.139498 -0.0401 0.140902 -0.032196 0.139498 -0.0401 0.147601 -0.0336 0.145693 -0.041504 0.151904 -0.043305 0.147601 -0.0336 0.145693 -0.041504 0.153903 -0.035492 0.160006 -0.037201 0.151904 -0.043305 0.158297 -0.045395 0.153903 -0.035492 0.089494 -0.044205 0.0813 -0.0383 0.083207 -0.046402 0.087296 -0.036392 0.095597 -0.042206 0.087296 -0.036392 0.089494 -0.044205 0.093598 -0.0345 0.100099 -0.032806 0.095597 -0.042206 0.101793 -0.040695 0.093598 -0.0345 0.105592 -0.026794 0.097505 -0.0233 0.098405 -0.027801 0.104997 -0.022201 0.112596 -0.0215 0.104997 -0.022201 0.105592 -0.026794 0.112902 -0.026199 0.112596 -0.0215 0.120195 -0.026001 0.120195 -0.021301 0.112902 -0.026199 0.120195 -0.021301 0.127504 -0.026199 0.127794 -0.0215 0.120195 -0.026001 0.135302 -0.022201 0.127794 -0.0215 0.127504 -0.026199 0.134798 -0.026794 0.135302 -0.022201 0.142 -0.027893 0.142794 -0.0233 0.134798 -0.026794 0.142794 -0.0233 0.149096 -0.029297 0.150301 -0.024795 0.142 -0.027893 0.157595 -0.026901 0.149096 -0.029297 0.155795 -0.031204 0.150301 -0.024795 0.161501 -0.033905 0.157595 -0.026901 0.155795 -0.031204 0.164508 -0.029999 0.078797 -0.033798 0.084596 -0.031097 0.082795 -0.026794 0.075806 -0.029892 0.091294 -0.029205 0.090104 -0.024795 0.084596 -0.031097 0.082795 -0.026794 0.098405 -0.027801 0.090104 -0.024795 0.091294 -0.029205 0.097505 -0.0233 0.096192 -0.015899 0.097505 -0.0233 0.104997 -0.022201 0.104097 -0.014694 0.104997 -0.022201 0.1122 -0.013992 0.104097 -0.014694 0.112596 -0.0215 0.1122 -0.013992 0.112596 -0.0215 0.120195 -0.021301 0.120195 -0.013794 0.120195 -0.021301 0.128206 -0.013992 0.120195 -0.013794 0.127794 -0.0215 0.136294 -0.014694 0.127794 -0.0215 0.135302 -0.022201 0.128206 -0.013992 0.136294 -0.014694 0.142794 -0.0233 0.144198 -0.016006 0.135302 -0.022201 0.144198 -0.016006 0.150301 -0.024795 0.152193 -0.0177 0.142794 -0.0233 0.160296 -0.020004 0.150301 -0.024795 0.157595 -0.026901 0.152193 -0.0177 0.168505 -0.022903 0.160296 -0.020004 0.164508 -0.029999 0.157595 -0.026901 0.080094 -0.019897 0.075806 -0.029892 0.082795 -0.026794 0.071793 -0.022705 0.088197 -0.017593 0.082795 -0.026794 0.090104 -0.024795 0.080094 -0.019897 0.090104 -0.024795 0.097505 -0.0233 0.088197 -0.017593 0.096192 -0.015899 0.094895 -0.009094 0.1028 -0.003204 0.094102 -0.004592 0.103304 -0.007797 0.111498 -0.002395 0.1028 -0.003204 0.103304 -0.007797 0.111696 -0.007003 0.120195 -0.006698 0.111498 -0.002395 0.111696 -0.007003 0.120195 -0.002197 0.129 -0.002395 0.120195 -0.006698 0.128695 -0.007003 0.120195 -0.002197 0.128695 -0.007003 0.137697 -0.003204 0.129 -0.002395 0.137102 -0.007797 0.146304 -0.004592 0.137697 -0.003204 0.137102 -0.007797 0.145495 -0.009094 0.153704 -0.010895 0.146304 -0.004592 0.145495 -0.009094 0.154803 -0.0065 0.161898 -0.013305 0.154803 -0.0065 0.153704 -0.010895 0.162799 -0.008804 0.161898 -0.013305 0.170001 -0.010101 0.162799 -0.008804 0.170504 -0.015304 0.077698 -0.008697 0.070405 -0.009994 0.069901 -0.015106 0.078492 -0.013199 0.086701 -0.010895 0.077698 -0.008697 0.078492 -0.013199 0.085694 -0.006393 0.094102 -0.004592 0.086701 -0.010895 0.094895 -0.009094 0.085694 -0.006393 0.737606 -0.010895 0.743999 -0.027603 0.744198 -0.009201 0.746395 -0.026993 0.731502 -0.014099 0.743999 -0.027603 0.737606 -0.010895 0.741894 -0.028793 0.726497 -0.0186 0.740093 -0.030396 0.731502 -0.014099 0.741894 -0.028793 0.756497 -0.041794 0.774807 -0.044007 0.757397 -0.039505 0.772305 -0.050293 0.757397 -0.039505 0.775692 -0.037201 0.757702 -0.037094 0.774807 -0.044007 0.757702 -0.037094 0.775692 -0.037201 0.757504 -0.034699 0.775006 -0.030502 0.772595 -0.024094 0.757504 -0.034699 0.775006 -0.030502 0.756603 -0.032394 0.768704 -0.018494 0.756603 -0.032394 0.772595 -0.024094 0.755199 -0.030396 0.753399 -0.028793 0.768704 -0.018494 0.763607 -0.013992 0.755199 -0.030396 0.751202 -0.027603 0.763607 -0.013992 0.757595 -0.010803 0.753399 -0.028793 0.751003 -0.009201 0.751202 -0.027603 0.757595 -0.010803 0.748806 -0.026993 0.744198 -0.009201 0.746395 -0.026993 0.751003 -0.009201 0.748806 -0.026993 0.7449 -0.037995 0.749004 -0.037995 0.749004 -0.035599 0.744305 -0.035599 0.745007 -0.033295 0.749004 -0.033295 0.749004 -0.037995 0.753094 -0.037995 0.749004 -0.035599 0.745007 -0.033295 0.749004 -0.033295 0.7467 -0.031601 0.753704 -0.035706 0.749004 -0.030899 0.120699 -0.044693 0.126406 -0.050003 0.126604 -0.044693 0.120806 -0.050003 0.126604 -0.044693 0.126406 -0.050003 0.132494 -0.045197 0.131899 -0.0504 0.132494 -0.045197 0.137407 -0.051194 0.138399 -0.046006 0.131899 -0.0504 0.138399 -0.046006 0.137407 -0.051194 0.144198 -0.047303 0.142794 -0.052399 0.147906 -0.053803 0.149996 -0.048905 0.142794 -0.052399 0.144198 -0.047303 0.152407 -0.055893 0.149996 -0.048905 0.147906 -0.053803 0.155596 -0.051392 0.093705 -0.054596 0.085999 -0.052399 0.089295 -0.056794 0.091493 -0.049805 0.093705 -0.054596 0.098802 -0.052994 0.097306 -0.048004 0.091493 -0.049805 0.104204 -0.051804 0.097306 -0.048004 0.098802 -0.052994 0.103105 -0.046601 0.112902 -0.065995 0.111803 -0.054993 0.108507 -0.066498 0.106905 -0.055603 0.112902 -0.065995 0.116701 -0.054596 0.111803 -0.054993 0.117296 -0.065705 0.117296 -0.065705 0.121599 -0.054505 0.116701 -0.054596 0.121599 -0.065507 0.121599 -0.065507 0.126604 -0.054596 0.121599 -0.054505 0.125994 -0.065598 0.126604 -0.054596 0.125994 -0.065598 0.131502 -0.054993 0.130404 -0.065995 0.131502 -0.054993 0.130404 -0.065995 0.136294 -0.055603 0.134798 -0.066498 0.136294 -0.055603 0.134798 -0.066498 0.141207 -0.056397 0.139193 -0.067307 0.141207 -0.056397 0.139193 -0.067307 0.145907 -0.057496 0.143603 -0.068192 0.145907 -0.057496 0.143603 -0.068192 0.1505 -0.058594 0.147997 -0.069504 0.092805 -0.058701 0.095292 -0.069596 0.097398 -0.057496 0.099702 -0.068299 0.104097 -0.067307 0.102098 -0.056504 0.099702 -0.068299 0.097398 -0.057496 0.108507 -0.066498 0.106905 -0.055603 0.104097 -0.067307 0.102098 -0.056504 0.114 -0.077103 0.108507 -0.066498 0.110201 -0.0775 0.112902 -0.065995 0.114 -0.077103 0.117296 -0.065705 0.112902 -0.065995 0.1178 -0.076798 0.117296 -0.065705 0.121706 -0.076707 0.121599 -0.065507 0.1178 -0.076798 0.121599 -0.065507 0.125505 -0.076798 0.125994 -0.065598 0.121706 -0.076707 0.125994 -0.065598 0.125505 -0.076798 0.130404 -0.065995 0.129305 -0.076997 0.130404 -0.065995 0.133104 -0.0775 0.134798 -0.066498 0.129305 -0.076997 0.134798 -0.066498 0.133104 -0.0775 0.139193 -0.067307 0.136797 -0.078095 0.139193 -0.067307 0.136797 -0.078095 0.143603 -0.068192 0.140505 -0.078904 0.143603 -0.068192 0.143893 -0.080003 0.147997 -0.069504 0.140505 -0.078904 0.095292 -0.069596 0.102907 -0.078995 0.099702 -0.068299 0.099397 -0.080094 0.106493 -0.078202 0.104097 -0.067307 0.102907 -0.078995 0.099702 -0.068299 0.110201 -0.0775 0.104097 -0.067307 0.106493 -0.078202 0.108507 -0.066498 0.217395 -0.935393 0.213504 -0.943297 0.216602 -0.943404 0.214405 -0.934905 0.216495 -0.972793 0.216602 -0.943404 0.213504 -0.943297 0.213397 -0.975402 0.235294 -0.975402 0.216495 -0.972793 0.213397 -0.975402 0.232197 -0.9729 0.235401 -0.943297 0.232197 -0.9729 0.235294 -0.975402 0.232303 -0.943496 0.235401 -0.943297 0.231495 -0.935393 0.232303 -0.943496 0.234607 -0.934905 0.231495 -0.935393 0.232197 -0.927901 0.229603 -0.929198 0.234607 -0.934905 0.229603 -0.929198 0.229007 -0.924102 0.227207 -0.926207 0.232197 -0.927901 0.225406 -0.922393 0.227207 -0.926207 0.229007 -0.924102 0.224796 -0.925704 0.223606 -0.922393 0.224796 -0.925704 0.225406 -0.922393 0.224201 -0.925704 0.223606 -0.922393 0.221805 -0.926207 0.220005 -0.924102 0.220005 -0.924102 0.219394 -0.929198 0.221805 -0.926207 0.216693 -0.927901 0.219394 -0.929198 0.216693 -0.927901 0.223102 -0.873594 0.216693 -0.8813 0.222904 -0.8813 0.216907 -0.873198 0.222904 -0.8813 0.2168 -0.910704 0.222904 -0.908598 0.216693 -0.8813 0.222904 -0.908598 0.236698 -0.914702 0.234806 -0.908598 0.220996 -0.914794 0.240803 -0.881193 0.234806 -0.908598 0.240894 -0.910597 0.234699 -0.8813 0.240604 -0.873198 0.234699 -0.8813 0.240803 -0.881193 0.234501 -0.873594 0.239994 -0.866697 0.234501 -0.873594 0.240604 -0.873198 0.233906 -0.867704 0.239094 -0.862898 0.233295 -0.864805 0.239994 -0.866697 0.233906 -0.867704 0.238102 -0.8607 0.2327 -0.863203 0.239094 -0.862898 0.233295 -0.864805 0.219593 -0.860304 0.219303 -0.860807 0.224796 -0.863203 0.218296 -0.863005 0.224796 -0.863203 0.219303 -0.860807 0.224201 -0.864805 0.223606 -0.867796 0.218296 -0.863005 0.217502 -0.866697 0.224201 -0.864805 0.223102 -0.873594 0.217502 -0.866697 0.216907 -0.873198 0.223606 -0.867796 0.109697 -0.050904 0.103105 -0.046601 0.104204 -0.051804 0.108904 -0.045594 0.114794 -0.044998 0.109697 -0.050904 0.115206 -0.050202 0.108904 -0.045594 0.749004 -0.040405 0.749004 -0.037995 0.7467 -0.039704 0.7449 -0.037995 0.749004 -0.040405 0.7514 -0.039704 0.749004 -0.037995 0.753094 -0.037995 0.114794 -0.044998 0.120806 -0.050003 0.120699 -0.044693 0.115206 -0.050202 0.753704 -0.035706 0.753094 -0.033295 0.749004 -0.035599 0.749004 -0.033295 0.7514 -0.031601 0.749004 -0.033295 0.749004 -0.030899 0.108904 -0.045594 0.101793 -0.040695 0.103105 -0.046601 0.108003 -0.039597 0.108904 -0.045594 0.114305 -0.038895 0.108003 -0.039597 0.114794 -0.044998 0.114794 -0.044998 0.120699 -0.044693 0.114305 -0.038895 0.120607 -0.038605 0.126894 -0.038605 0.120699 -0.044693 0.126604 -0.044693 0.120607 -0.038605 0.133196 -0.039093 0.126604 -0.044693 0.132494 -0.045197 0.126894 -0.038605 0.139498 -0.0401 0.133196 -0.039093 0.138399 -0.046006 0.132494 -0.045197 0.145693 -0.041504 0.139498 -0.0401 0.144198 -0.047303 0.138399 -0.046006 0.151904 -0.043305 0.144198 -0.047303 0.149996 -0.048905 0.145693 -0.041504 0.155596 -0.051392 0.158297 -0.045395 0.151904 -0.043305 0.149996 -0.048905 0.091493 -0.049805 0.089494 -0.044205 0.083207 -0.046402 0.085999 -0.052399 0.091493 -0.049805 0.095597 -0.042206 0.089494 -0.044205 0.097306 -0.048004 0.103105 -0.046601 0.095597 -0.042206 0.097306 -0.048004 0.101793 -0.040695 0.104097 -0.014694 0.094895 -0.009094 0.096192 -0.015899 0.103304 -0.007797 0.104097 -0.014694 0.111696 -0.007003 0.103304 -0.007797 0.1122 -0.013992 0.111696 -0.007003 0.120195 -0.013794 0.120195 -0.006698 0.1122 -0.013992 0.120195 -0.006698 0.120195 -0.013794 0.128695 -0.007003 0.128206 -0.013992 0.128695 -0.007003 0.128206 -0.013992 0.137102 -0.007797 0.136294 -0.014694 0.137102 -0.007797 0.144198 -0.016006 0.145495 -0.009094 0.136294 -0.014694 0.152193 -0.0177 0.153704 -0.010895 0.144198 -0.016006 0.145495 -0.009094 0.160296 -0.020004 0.161898 -0.013305 0.152193 -0.0177 0.153704 -0.010895 0.168505 -0.022903 0.161898 -0.013305 0.160296 -0.020004 0.170504 -0.015304 0.071793 -0.022705 0.080094 -0.019897 0.078492 -0.013199 0.069901 -0.015106 0.080094 -0.019897 0.088197 -0.017593 0.086701 -0.010895 0.078492 -0.013199 0.096192 -0.015899 0.086701 -0.010895 0.088197 -0.017593 0.094895 -0.009094 0.068696 -0.458595 0.019699 -0.460395 0.068696 -0.460594 0.019699 -0.458595 0.003494 -0.460304 0.019699 -0.458595 0.003494 -0.458198 0.019699 -0.460395 0.002899 -0.400595 0.003204 -0.4327 0.019394 -0.431998 0.019104 -0.396704 0.067307 -0.524697 0.018402 -0.522103 0.0495 -0.541695 0.017807 -0.540993 0.003295 -0.441398 0.019394 -0.431998 0.003204 -0.4327 0.019592 -0.441093 0.019394 -0.477699 0.068101 -0.4878 0.068299 -0.478492 0.019104 -0.486793 0.003494 -0.448905 0.019699 -0.448997 0.003295 -0.441398 0.019592 -0.441093 0.019501 -0.469795 0.068299 -0.478492 0.068497 -0.470497 0.019394 -0.477699 0.003494 -0.454093 0.019699 -0.448997 0.003494 -0.448905 0.019699 -0.454398 0.019699 -0.464607 0.068497 -0.470497 0.068604 -0.465003 0.019501 -0.469795 0.003494 -0.458198 0.019699 -0.454398 0.003494 -0.454093 0.019699 -0.458595 0.068696 -0.460594 0.019699 -0.460395 0.068604 -0.465003 0.019699 -0.464607 0.002594 -0.377905 0.019104 -0.396704 0.018707 -0.377798 0.002899 -0.400595 0.018402 -0.522103 0.019104 -0.486793 0.002304 -0.518105 0.002899 -0.485893 0.236805 -0.475105 0.236698 -0.506905 0.2607 -0.475105 0.260594 -0.506905 0.236698 -0.506905 0.236606 -0.523003 0.260594 -0.506905 0.260502 -0.523095 0.260899 -0.413596 0.237003 -0.413596 0.236896 -0.450507 0.2607 -0.450507 0.259907 -0.404501 0.237995 -0.404395 0.260899 -0.413596 0.206302 -0.975494 0.183398 -0.998199 0.207294 -0.998199 0.184298 -0.975601 0.071 -0.540902 0.087495 -0.522194 0.071305 -0.518303 0.087098 -0.5411 0.1093 -0.630198 0.075501 -0.630304 0.109407 -0.656992 0.075501 -0.657206 0.080094 -0.751202 0.105501 -0.751095 0.106798 -0.743008 0.078706 -0.743099 0.1075 -0.586801 0.076997 -0.586892 0.076401 -0.595895 0.108095 -0.595804 0.108507 -0.604898 0.076096 -0.605005 0.084702 -0.551293 0.099504 -0.551202 0.096101 -0.5467 0.088105 -0.5467 0.076401 -0.684199 0.108705 -0.684092 0.109407 -0.656992 0.075501 -0.657206 0.098497 -0.238102 0.135698 -0.229206 0.098497 -0.229007 0.135698 -0.238193 0.098497 -0.192401 0.135805 -0.192401 0.098497 -0.186694 0.071702 -0.186694 0.071702 -0.192401 0.135805 -0.186694 0.052201 -0.192401 0.052201 -0.186694 0.135805 -0.156298 0.098497 -0.145098 0.098497 -0.156298 0.135805 -0.145098 0.108293 -0.695201 0.077607 -0.707698 0.107698 -0.707607 0.076905 -0.695293 0.098497 -0.229007 0.084702 -0.228901 0.092896 -0.238102 0.098497 -0.238102 0.098497 -0.178698 0.135805 -0.186694 0.135805 -0.178698 0.098497 -0.186694 0.071702 -0.178698 0.071702 -0.186694 0.052201 -0.186694 0.052201 -0.178698 0.098497 -0.145098 0.071702 -0.145205 0.098497 -0.156298 0.071702 -0.156298 0.106996 -0.723201 0.078294 -0.723293 0.106798 -0.733303 0.078599 -0.733303 0.071595 -0.220294 0.071702 -0.209094 0.061905 -0.218006 0.135805 -0.1729 0.098497 -0.178698 0.135805 -0.178698 0.098497 -0.172702 0.098497 -0.178698 0.071702 -0.172702 0.071702 -0.178698 0.098497 -0.172702 0.052201 -0.1729 0.071702 -0.178698 0.071702 -0.172702 0.052201 -0.178698 0.071702 -0.156298 0.071702 -0.145205 0.061997 -0.147402 0.136507 -0.431098 0.135698 -0.394202 0.086793 -0.396704 0.087495 -0.431998 0.136507 -0.431098 0.087495 -0.431998 0.136706 -0.440299 0.087693 -0.441093 0.193301 -0.874006 0.204395 -0.881605 0.203601 -0.873899 0.192493 -0.881605 0.192493 -0.881605 0.204395 -0.908904 0.204395 -0.881605 0.192599 -0.908904 0.240497 -0.396796 0.257404 -0.396902 0.136706 -0.440299 0.087693 -0.441093 0.136797 -0.448402 0.087907 -0.448997 0.203601 -0.873899 0.194995 -0.868299 0.193301 -0.874006 0.201801 -0.868299 0.087998 -0.469902 0.071702 -0.477501 0.087907 -0.477806 0.071793 -0.469902 0.240497 -0.396796 0.257404 -0.396902 0.253803 -0.392798 0.244099 -0.392706 0.136797 -0.448402 0.087907 -0.448997 0.136995 -0.453895 0.087998 -0.454307 0.201801 -0.868299 0.196902 -0.865995 0.194995 -0.868299 0.199893 -0.865904 0.088105 -0.4645 0.0719 -0.464805 0.087998 -0.469902 0.071793 -0.469902 0.244099 -0.392706 0.253803 -0.392798 0.249897 -0.390906 0.248005 -0.390906 0.136995 -0.453895 0.087998 -0.454307 0.136995 -0.458305 0.088105 -0.458396 0.196902 -0.865995 0.199893 -0.865904 0.198398 -0.865095 0.088105 -0.460197 0.0719 -0.460594 0.088105 -0.4645 0.0719 -0.464805 0.236896 -0.450507 0.2607 -0.475105 0.2607 -0.450507 0.236805 -0.475105 0.071595 -0.486107 0.0878 -0.486793 0.071702 -0.477501 0.087907 -0.477806 0.086793 -0.396704 0.135698 -0.394202 0.117906 -0.377096 0.086106 -0.377798 0.087495 -0.522194 0.136797 -0.487205 0.0878 -0.486793 0.1364 -0.524102 0.079392 -0.566995 0.1066 -0.577996 0.104906 -0.566995 0.077805 -0.578103 0.1037 -0.561395 0.079392 -0.566995 0.104906 -0.566995 0.080598 -0.561502 0.099198 -0.247303 0.108797 -0.272602 0.135698 -0.247303 0.135698 -0.272694 0.135805 -0.092805 0.108904 -0.092805 0.135805 -0.118105 0.099305 -0.118105 0.135805 -0.136202 0.098497 -0.127306 0.098497 -0.1364 0.135805 -0.127306 0.093003 -0.127306 0.098497 -0.1364 0.098497 -0.127306 0.084794 -0.136507 0.098497 -0.220294 0.135805 -0.220294 0.098497 -0.209094 0.135805 -0.209201 0.071595 -0.220294 0.098497 -0.220294 0.071702 -0.209094 0.098497 -0.209094 0.104402 -0.756695 0.081193 -0.756695 0.102907 -0.761593 0.082795 -0.7617 0.080598 -0.561502 0.102205 -0.556405 0.082093 -0.556497 0.1037 -0.561395 0.098497 -0.203494 0.135805 -0.203494 0.098497 -0.198306 0.135805 -0.198306 0.135805 -0.161898 0.098497 -0.166796 0.135805 -0.167102 0.098497 -0.162005 0.071702 -0.203403 0.098497 -0.203494 0.071702 -0.198306 0.098497 -0.198306 0.071702 -0.162005 0.098497 -0.166796 0.098497 -0.162005 0.071702 -0.166796 0.052201 -0.203403 0.071702 -0.198306 0.052201 -0.198199 0.071702 -0.203403 0.052201 -0.162005 0.071702 -0.166796 0.071702 -0.162005 0.052201 -0.167102 0.085404 -0.766903 0.100206 -0.766903 0.085404 -0.766903 0.096803 -0.771405 0.100206 -0.766903 0.088807 -0.771496 0.098497 -0.209094 0.135805 -0.203494 0.098497 -0.203494 0.135805 -0.209201 0.135805 -0.167102 0.098497 -0.166796 0.098497 -0.172702 0.135805 -0.1729 0.071702 -0.209094 0.098497 -0.209094 0.071702 -0.203403 0.098497 -0.203494 0.071702 -0.166796 0.098497 -0.172702 0.098497 -0.166796 0.071702 -0.172702 0.052201 -0.209094 0.071702 -0.203403 0.052201 -0.203403 0.071702 -0.209094 0.052201 -0.167102 0.071702 -0.172702 0.071702 -0.166796 0.052201 -0.1729 0.105501 -0.751095 0.080094 -0.751202 0.075501 -0.630304 0.1093 -0.630198 0.135805 -0.156298 0.098497 -0.156298 0.135805 -0.161898 0.098497 -0.162005 0.098497 -0.198306 0.135805 -0.198306 0.098497 -0.192401 0.071702 -0.192401 0.135805 -0.192401 0.071702 -0.198306 0.071702 -0.156298 0.098497 -0.162005 0.098497 -0.156298 0.071702 -0.162005 0.052201 -0.198199 0.071702 -0.192401 0.052201 -0.192401 0.071702 -0.198306 0.052201 -0.162005 0.071702 -0.162005 0.071702 -0.156298 0.052201 -0.156298 0.1066 -0.577996 0.076997 -0.586892 0.077805 -0.578103 0.082093 -0.556497 0.102205 -0.556405 0.084702 -0.551293 0.099504 -0.551202 0.098497 -0.229007 0.135805 -0.220294 0.098497 -0.220294 0.135698 -0.229206 0.135698 -0.238193 0.098497 -0.238102 0.099198 -0.247303 0.135698 -0.247303 0.106996 -0.723201 0.077607 -0.707698 0.078294 -0.723293 0.107698 -0.707607 0.076905 -0.695293 0.108293 -0.695201 0.108705 -0.684092 0.076401 -0.684199 0.098497 -0.220294 0.071595 -0.220294 0.084702 -0.228901 0.098497 -0.229007 0.092896 -0.238102 0.099198 -0.247303 0.098497 -0.238102 0.099305 -0.118105 0.135805 -0.127306 0.135805 -0.118105 0.098497 -0.127306 0.135805 -0.145098 0.098497 -0.1364 0.098497 -0.145098 0.135805 -0.136202 0.098497 -0.127306 0.099305 -0.118105 0.093003 -0.127306 0.071702 -0.145205 0.098497 -0.145098 0.084794 -0.136507 0.098497 -0.1364 0.106798 -0.743008 0.078599 -0.733303 0.078706 -0.743099 0.106798 -0.733303 0.052201 -0.209094 0.061905 -0.218006 0.071702 -0.209094 0.052201 -0.217197 0.052201 -0.156298 0.061997 -0.147402 0.052201 -0.148104 0.071702 -0.156298 0.224796 -0.052399 0.216999 -0.045594 0.218006 -0.053605 0.223194 -0.044495 0.2112 -0.0542 0.218006 -0.053605 0.216999 -0.045594 0.210697 -0.046204 0.2112 -0.0542 0.210697 -0.046204 0.204395 -0.054505 0.204395 -0.046402 0.198093 -0.046204 0.204395 -0.054505 0.204395 -0.046402 0.197604 -0.054306 0.190799 -0.053605 0.198093 -0.046204 0.191806 -0.045594 0.197604 -0.054306 0.185504 -0.044602 0.190799 -0.053605 0.191806 -0.045594 0.183993 -0.052506 0.179294 -0.043198 0.183993 -0.052506 0.185504 -0.044602 0.177401 -0.050995 0.173098 -0.041306 0.171099 -0.049103 0.179294 -0.043198 0.177401 -0.050995 0.166796 -0.0392 0.164996 -0.047394 0.173098 -0.041306 0.171099 -0.049103 0.243702 -0.047196 0.235599 -0.041199 0.237705 -0.048996 0.241901 -0.039002 0.237705 -0.048996 0.235599 -0.041199 0.231403 -0.050904 0.229404 -0.043106 0.231403 -0.050904 0.223194 -0.044495 0.224796 -0.052399 0.229404 -0.043106 0.219699 -0.063492 0.227207 -0.062501 0.226398 -0.057892 0.219196 -0.058899 0.219699 -0.063492 0.211902 -0.059403 0.2121 -0.064103 0.219196 -0.058899 0.2121 -0.064103 0.204593 -0.059403 0.204501 -0.064103 0.211902 -0.059403 0.196902 -0.063706 0.204593 -0.059403 0.197299 -0.059098 0.204501 -0.064103 0.190005 -0.058304 0.196902 -0.063706 0.197299 -0.059098 0.189395 -0.063004 0.182803 -0.057206 0.189395 -0.063004 0.190005 -0.058304 0.181903 -0.061799 0.175692 -0.055695 0.174395 -0.060196 0.182803 -0.057206 0.181903 -0.061799 0.168994 -0.053803 0.174395 -0.060196 0.175692 -0.055695 0.167102 -0.057999 0.160296 -0.054795 0.168994 -0.053803 0.163302 -0.050904 0.167102 -0.057999 0.241993 -0.059205 0.248997 -0.056107 0.246006 -0.052201 0.240208 -0.054902 0.241993 -0.059205 0.233494 -0.056595 0.234607 -0.061097 0.240208 -0.054902 0.227207 -0.062501 0.234607 -0.061097 0.233494 -0.056595 0.226398 -0.057892 0.220493 -0.071 0.227207 -0.062501 0.219699 -0.063492 0.228397 -0.069901 0.220493 -0.071 0.2121 -0.064103 0.212406 -0.071595 0.219699 -0.063492 0.212406 -0.071595 0.204501 -0.064103 0.204395 -0.071595 0.2121 -0.064103 0.196307 -0.071198 0.204501 -0.064103 0.196902 -0.063706 0.204395 -0.071595 0.188296 -0.070405 0.196307 -0.071198 0.189395 -0.063004 0.196902 -0.063706 0.180407 -0.069092 0.189395 -0.063004 0.181903 -0.061799 0.188296 -0.070405 0.172396 -0.067307 0.181903 -0.061799 0.174395 -0.060196 0.180407 -0.069092 0.174395 -0.060196 0.167102 -0.057999 0.172396 -0.067307 0.164401 -0.064896 0.167102 -0.057999 0.156207 -0.061905 0.164401 -0.064896 0.160296 -0.054795 0.248997 -0.056107 0.244495 -0.066102 0.252903 -0.063401 0.241993 -0.059205 0.244495 -0.066102 0.241993 -0.059205 0.234607 -0.061097 0.236393 -0.068299 0.234607 -0.061097 0.228397 -0.069901 0.236393 -0.068299 0.227207 -0.062501 0.229603 -0.076798 0.221698 -0.082505 0.230304 -0.0813 0.221195 -0.077897 0.212894 -0.083207 0.221698 -0.082505 0.221195 -0.077897 0.212696 -0.078599 0.204196 -0.078599 0.212894 -0.083207 0.212696 -0.078599 0.204196 -0.083207 0.195804 -0.078294 0.204196 -0.083207 0.204196 -0.078599 0.195407 -0.082795 0.195804 -0.078294 0.186801 -0.081895 0.195407 -0.082795 0.187396 -0.077393 0.178195 -0.080399 0.186801 -0.081895 0.187396 -0.077393 0.179095 -0.075898 0.170794 -0.074006 0.178195 -0.080399 0.179095 -0.075898 0.169802 -0.0784 0.1626 -0.071503 0.169802 -0.0784 0.170794 -0.074006 0.161807 -0.076096 0.1626 -0.071503 0.154498 -0.074692 0.161807 -0.076096 0.154101 -0.069504 0.246799 -0.077302 0.2542 -0.076096 0.254704 -0.071 0.246098 -0.0728 0.237903 -0.074998 0.246799 -0.077302 0.246098 -0.0728 0.238804 -0.079499 0.230304 -0.0813 0.237903 -0.074998 0.229603 -0.076798 0.238804 -0.079499 0.792203 -0.026398 0.783398 -0.010193 0.789807 -0.026993 0.790005 -0.008606 0.789807 -0.026993 0.783398 -0.010193 0.787701 -0.028107 0.777401 -0.013397 0.772305 -0.017898 0.785794 -0.0298 0.777401 -0.013397 0.787701 -0.028107 0.820996 -0.043198 0.802594 -0.041504 0.818601 -0.049607 0.803403 -0.0392 0.803693 -0.036697 0.820996 -0.043198 0.821698 -0.036499 0.803403 -0.0392 0.803403 -0.034195 0.821698 -0.036499 0.820798 -0.0298 0.803693 -0.036697 0.818296 -0.023498 0.803403 -0.034195 0.820798 -0.0298 0.802502 -0.031906 0.814496 -0.017898 0.801007 -0.029892 0.818296 -0.023498 0.802502 -0.031906 0.8094 -0.013397 0.801007 -0.029892 0.814496 -0.017898 0.799207 -0.028198 0.803403 -0.010193 0.799207 -0.028198 0.8094 -0.013397 0.796994 -0.026993 0.796796 -0.008606 0.794598 -0.026398 0.803403 -0.010193 0.796994 -0.026993 0.794598 -0.026398 0.790005 -0.008606 0.792203 -0.026398 0.796796 -0.008606 0.790204 -0.036697 0.794202 -0.036697 0.794202 -0.034302 0.789502 -0.034302 0.798306 -0.036697 0.790204 -0.031998 0.798901 -0.034302 0.794202 -0.031998 0.798306 -0.031998 0.790204 -0.031998 0.794202 -0.031998 0.791897 -0.030304 0.796597 -0.038407 0.798306 -0.036697 0.794202 -0.036697 0.794293 -0.029602 0.794202 -0.039002 0.187701 -0.033493 0.186694 -0.038696 0.193194 -0.034302 0.192493 -0.039597 0.187701 -0.033493 0.1823 -0.032303 0.180896 -0.037399 0.186694 -0.038696 0.177203 -0.030792 0.180896 -0.037399 0.1823 -0.032303 0.175097 -0.035706 0.172793 -0.028702 0.175097 -0.035706 0.177203 -0.030792 0.169497 -0.033203 0.235904 -0.028503 0.2336 -0.035599 0.2392 -0.033005 0.231495 -0.030701 0.2336 -0.035599 0.226398 -0.032196 0.227802 -0.037293 0.231495 -0.030701 0.227802 -0.037293 0.226398 -0.032196 0.222004 -0.038605 0.220996 -0.033402 0.216693 -0.017303 0.213306 -0.0289 0.218204 -0.028305 0.212299 -0.017898 0.212299 -0.017898 0.208392 -0.029205 0.213306 -0.0289 0.207904 -0.018204 0.208392 -0.029205 0.207904 -0.018204 0.203494 -0.029297 0.203494 -0.018295 0.203494 -0.029297 0.203494 -0.018295 0.198596 -0.029205 0.1991 -0.018204 0.198596 -0.029205 0.1991 -0.018204 0.193698 -0.028793 0.194705 -0.017807 0.190402 -0.017303 0.1888 -0.028198 0.194705 -0.017807 0.193698 -0.028793 0.186007 -0.016495 0.183993 -0.027298 0.190402 -0.017303 0.1888 -0.028198 0.181598 -0.015503 0.179294 -0.026306 0.186007 -0.016495 0.183993 -0.027298 0.181598 -0.015503 0.174701 -0.025192 0.179294 -0.026306 0.177203 -0.014297 0.229892 -0.014404 0.227695 -0.026398 0.232303 -0.025299 0.225406 -0.015594 0.225406 -0.015594 0.222995 -0.027405 0.227695 -0.026398 0.221103 -0.016601 0.221103 -0.016601 0.218204 -0.028305 0.222995 -0.027405 0.216693 -0.017303 0.216693 -0.017303 0.215 -0.006393 0.212299 -0.017898 0.2112 -0.006805 0.212299 -0.017898 0.207401 -0.007095 0.207904 -0.018204 0.2112 -0.006805 0.207904 -0.018204 0.207401 -0.007095 0.203494 -0.018295 0.203494 -0.007202 0.203494 -0.018295 0.203494 -0.007202 0.1991 -0.018204 0.199695 -0.007095 0.1991 -0.018204 0.195895 -0.006805 0.194705 -0.017807 0.199695 -0.007095 0.192096 -0.006302 0.190402 -0.017303 0.195895 -0.006805 0.194705 -0.017807 0.188403 -0.005706 0.186007 -0.016495 0.192096 -0.006302 0.190402 -0.017303 0.184802 -0.004898 0.186007 -0.016495 0.188403 -0.005706 0.181598 -0.015503 0.184802 -0.004898 0.177203 -0.014297 0.181598 -0.015503 0.181292 -0.003799 0.225803 -0.003906 0.225406 -0.015594 0.229892 -0.014404 0.2224 -0.004898 0.225406 -0.015594 0.218708 -0.005706 0.221103 -0.016601 0.2224 -0.004898 0.221103 -0.016601 0.215 -0.006393 0.216693 -0.017303 0.218708 -0.005706 0.188098 -0.935607 0.184207 -0.943496 0.187304 -0.943603 0.185 -0.935103 0.187503 -0.973098 0.187304 -0.943603 0.184207 -0.943496 0.184298 -0.975601 0.206302 -0.975494 0.187503 -0.973098 0.203098 -0.973007 0.206195 -0.943404 0.203098 -0.973007 0.206302 -0.975494 0.203006 -0.943603 0.206195 -0.943404 0.202197 -0.935607 0.203006 -0.943603 0.205295 -0.934997 0.202899 -0.9281 0.202197 -0.935607 0.200198 -0.929397 0.200198 -0.929397 0.199603 -0.9243 0.197803 -0.926406 0.202899 -0.9281 0.196002 -0.922606 0.195407 -0.925902 0.194202 -0.922606 0.194797 -0.925902 0.192401 -0.926406 0.1906 -0.9243 0.190005 -0.929397 0.187396 -0.9281 0.188098 -0.935607 0.190005 -0.929397 0.187396 -0.9281 0.185 -0.935103 0.186404 -0.881605 0.192493 -0.881605 0.186603 -0.873503 0.192706 -0.873899 0.186404 -0.881605 0.186496 -0.910994 0.192599 -0.908904 0.192493 -0.881605 0.204395 -0.908904 0.190707 -0.915099 0.206394 -0.915007 0.192599 -0.908904 0.204395 -0.881605 0.204395 -0.908904 0.210605 -0.910903 0.210498 -0.881498 0.204105 -0.873899 0.204395 -0.881605 0.210498 -0.881498 0.2103 -0.873503 0.204105 -0.873899 0.209598 -0.867002 0.203601 -0.867994 0.2103 -0.873503 0.203601 -0.867994 0.208804 -0.863203 0.202899 -0.865095 0.209598 -0.867002 0.207797 -0.861006 0.202396 -0.863493 0.208804 -0.863203 0.202899 -0.865095 0.189303 -0.860502 0.188998 -0.861006 0.194507 -0.863493 0.188006 -0.863203 0.194507 -0.863493 0.188998 -0.861006 0.193896 -0.865095 0.187198 -0.867002 0.193896 -0.865095 0.188006 -0.863203 0.193301 -0.868101 0.186603 -0.873503 0.192706 -0.873899 0.187198 -0.867002 0.193301 -0.868101 0.216205 -0.039505 0.220996 -0.033402 0.215503 -0.034302 0.222004 -0.038605 0.198795 -0.034805 0.198398 -0.0401 0.204395 -0.035004 0.204395 -0.040299 0.791897 -0.038407 0.794202 -0.036697 0.794202 -0.039002 0.198398 -0.0401 0.193194 -0.034302 0.192493 -0.039597 0.198795 -0.034805 0.216205 -0.039505 0.209995 -0.034805 0.2103 -0.0401 0.215503 -0.034302 0.2103 -0.0401 0.204395 -0.035004 0.204395 -0.040299 0.209995 -0.034805 0.798306 -0.031998 0.796597 -0.030304 0.794202 -0.031998 0.794293 -0.029602 0.216999 -0.045594 0.222004 -0.038605 0.216205 -0.039505 0.223194 -0.044495 0.210697 -0.046204 0.216999 -0.045594 0.2103 -0.0401 0.216205 -0.039505 0.204395 -0.046402 0.210697 -0.046204 0.204395 -0.040299 0.2103 -0.0401 0.198093 -0.046204 0.204395 -0.040299 0.198398 -0.0401 0.204395 -0.046402 0.192493 -0.039597 0.191806 -0.045594 0.198093 -0.046204 0.198398 -0.0401 0.185504 -0.044602 0.192493 -0.039597 0.186694 -0.038696 0.191806 -0.045594 0.186694 -0.038696 0.179294 -0.043198 0.185504 -0.044602 0.180896 -0.037399 0.175097 -0.035706 0.179294 -0.043198 0.180896 -0.037399 0.173098 -0.041306 0.169497 -0.033203 0.173098 -0.041306 0.175097 -0.035706 0.166796 -0.0392 0.2392 -0.033005 0.235599 -0.041199 0.241901 -0.039002 0.2336 -0.035599 0.2336 -0.035599 0.227802 -0.037293 0.235599 -0.041199 0.229404 -0.043106 0.223194 -0.044495 0.227802 -0.037293 0.222004 -0.038605 0.229404 -0.043106 0.229603 -0.076798 0.228397 -0.069901 0.221195 -0.077897 0.220493 -0.071 0.221195 -0.077897 0.212406 -0.071595 0.212696 -0.078599 0.220493 -0.071 0.212696 -0.078599 0.204395 -0.071595 0.204196 -0.078599 0.212406 -0.071595 0.196307 -0.071198 0.195804 -0.078294 0.204395 -0.071595 0.204196 -0.078599 0.188296 -0.070405 0.195804 -0.078294 0.196307 -0.071198 0.187396 -0.077393 0.188296 -0.070405 0.180407 -0.069092 0.179095 -0.075898 0.187396 -0.077393 0.180407 -0.069092 0.172396 -0.067307 0.170794 -0.074006 0.179095 -0.075898 0.164401 -0.064896 0.170794 -0.074006 0.172396 -0.067307 0.1626 -0.071503 0.164401 -0.064896 0.154101 -0.069504 0.1626 -0.071503 0.156207 -0.061905 0.252903 -0.063401 0.246098 -0.0728 0.254704 -0.071 0.244495 -0.066102 0.246098 -0.0728 0.236393 -0.068299 0.237903 -0.074998 0.244495 -0.066102 0.237903 -0.074998 0.236393 -0.068299 0.229603 -0.076798 0.228397 -0.069901 0.088105 -0.460197 0.136995 -0.460197 0.136995 -0.458305 0.088105 -0.458396 0.088105 -0.460197 0.0719 -0.458595 0.0719 -0.460594 0.088105 -0.458396 0.087495 -0.431998 0.086793 -0.396704 0.070603 -0.400793 0.071305 -0.432898 0.087495 -0.522194 0.118898 -0.541299 0.1364 -0.524102 0.087098 -0.5411 0.087495 -0.431998 0.071305 -0.432898 0.087693 -0.441093 0.071503 -0.441505 0.0878 -0.486793 0.136797 -0.487205 0.087907 -0.477806 0.136904 -0.477897 0.087693 -0.441093 0.071702 -0.449104 0.087907 -0.448997 0.071503 -0.441505 0.136995 -0.469902 0.087998 -0.469902 0.136904 -0.477897 0.087907 -0.477806 0.087907 -0.448997 0.071793 -0.454307 0.087998 -0.454307 0.071702 -0.449104 0.136995 -0.4645 0.088105 -0.4645 0.136995 -0.469902 0.087998 -0.469902 0.087998 -0.454307 0.0719 -0.458595 0.088105 -0.458396 0.071793 -0.454307 0.136995 -0.460197 0.088105 -0.460197 0.136995 -0.4645 0.088105 -0.4645 0.069993 -0.378103 0.086793 -0.396704 0.086106 -0.377798 0.070603 -0.400793 0.071305 -0.518303 0.0878 -0.486793 0.071595 -0.486107 0.087495 -0.522194 0.997101 -0.324895 0.871794 -0.324895 0.997101 -0.499596 0.871794 -0.499596 0.607507 -0.499596 0.719402 -0.499596 0.719402 -0.324895 0.607507 -0.324895 0.923095 -0.874601 0.718395 -0.874907 0.758007 -0.951003 0.883696 -0.950805 0.923095 -0.874601 0.753994 -0.833097 0.718395 -0.874907 0.887404 -0.832898 0.727794 -0.735607 0.906996 -0.735607 0.874998 -0.672404 0.759701 -0.672404 0.786297 -0.324895 0.786206 -0.499596 0.871794 -0.499596 0.871794 -0.324895 0.540703 -0.499596 0.540703 -0.324895 0.4551 -0.324895 0.4551 -0.499596 0.595407 -0.499596 0.595407 -0.324895 0.540703 -0.324895 0.540703 -0.499596 0.727794 -0.735607 0.876905 -0.766705 0.906996 -0.735607 0.757794 -0.766705 0.731594 -0.324895 0.731594 -0.499596 0.786206 -0.499596 0.786297 -0.324895 0.607507 -0.499596 0.607507 -0.324895 0.595407 -0.499596 0.595407 -0.324895 0.731594 -0.499596 0.731594 -0.324895 0.719402 -0.499596 0.719402 -0.324895 0.876905 -0.766705 0.757794 -0.766705 0.763806 -0.818204 0.870893 -0.818204 0.753994 -0.833097 0.887404 -0.832898 0.876799 -0.826795 0.764599 -0.826993 0.997101 -0.499596 0.871794 -0.499596 0.873701 -0.503594 0.995193 -0.5037 0.786206 -0.499596 0.869001 -0.503105 0.871794 -0.499596 0.788296 -0.5037 0.731594 -0.499596 0.7832 -0.502998 0.786206 -0.499596 0.732403 -0.504097 0.720806 -0.503807 0.730907 -0.504097 0.731594 -0.499596 0.719402 -0.499596 0.719402 -0.499596 0.607507 -0.499596 0.608499 -0.503899 0.718502 -0.503899 0.595407 -0.499596 0.606195 -0.503807 0.607507 -0.499596 0.596002 -0.504097 0.595407 -0.499596 0.540703 -0.499596 0.543694 -0.502998 0.594507 -0.504097 0.540703 -0.499596 0.4551 -0.499596 0.457893 -0.503105 0.538598 -0.5037 0.873701 -0.503594 0.991806 -0.521904 0.995193 -0.5037 0.877104 -0.521798 0.788296 -0.5037 0.864103 -0.520897 0.869001 -0.503105 0.792004 -0.520394 0.734005 -0.521904 0.7832 -0.502998 0.732403 -0.504097 0.778103 -0.519295 0.729595 -0.521996 0.720806 -0.503807 0.722698 -0.521904 0.730907 -0.504097 0.610101 -0.521996 0.716899 -0.521996 0.718502 -0.503899 0.608499 -0.503899 0.604303 -0.521904 0.606195 -0.503807 0.597406 -0.521996 0.596002 -0.504097 0.592905 -0.521904 0.543694 -0.502998 0.548806 -0.519295 0.594507 -0.504097 0.462898 -0.521004 0.534905 -0.520394 0.538598 -0.5037 0.457893 -0.503105 0.760006 -0.525704 0.759701 -0.672404 0.8748 -0.525704 0.874998 -0.672404 0.688502 -0.671305 0.760006 -0.525704 0.687999 -0.524605 0.759701 -0.672404 0.644007 -0.526207 0.688502 -0.671305 0.687999 -0.524605 0.644999 -0.672801 0.644999 -0.672801 0.644007 -0.526207 0.637705 -0.6215 0.6374 -0.526299 0.530404 -0.6215 0.637705 -0.6215 0.6374 -0.526299 0.530404 -0.526299 0.990707 -0.526207 0.996902 -0.6215 0.997497 -0.526299 0.9897 -0.672801 0.9467 -0.524605 0.946197 -0.671305 0.990707 -0.526207 0.9897 -0.672801 0.8748 -0.525704 0.946197 -0.671305 0.9467 -0.524605 0.874998 -0.672404 0.324697 -0.142702 0.291203 -0.117906 0.284199 -0.154604 0.409598 -0.164508 0.411597 -0.212802 0.442893 -0.218708 0.524102 -0.681804 0.499199 -0.681804 0.499199 -0.698604 0.524102 -0.698604 0.499199 -0.714504 0.524102 -0.714504 0.524102 -0.698604 0.499199 -0.698604 0.537499 -0.707195 0.535805 -0.672206 0.524102 -0.681804 0.524102 -0.698604 0.499199 -0.681804 0.524102 -0.681804 0.524102 -0.666697 0.499199 -0.666697 0.485893 -0.707195 0.499199 -0.681804 0.487602 -0.672206 0.499199 -0.698604 0.499199 -0.727199 0.524102 -0.727199 0.524102 -0.714504 0.499199 -0.714504 0.548501 -0.672206 0.550195 -0.707195 0.499199 -0.666697 0.524102 -0.666697 0.524102 -0.654002 0.499199 -0.654002 0.474907 -0.672206 0.485893 -0.707195 0.473106 -0.707195 0.524102 -0.654002 0.524102 -0.618906 0.499199 -0.654002 0.499199 -0.618906 0.730694 -0.920302 0.551507 -0.920302 0.583505 -0.985107 0.581506 -0.887694 0.698604 -0.985107 0.700603 -0.887694 0.694606 -0.884199 0.587503 -0.884199 0.583505 -0.773602 0.698604 -0.773602 0.698604 -0.763897 0.583505 -0.763897 0.698604 -0.773602 0.730694 -0.838407 0.739498 -0.834302 0.707393 -0.769497 0.551507 -0.838407 0.574701 -0.769497 0.542702 -0.834302 0.583505 -0.773602 0.730694 -0.838407 0.700603 -0.871 0.708003 -0.877302 0.738003 -0.844694 0.581506 -0.871 0.544106 -0.844694 0.574105 -0.877302 0.551507 -0.838407 0.700603 -0.871 0.699702 -0.882795 0.705699 -0.879301 0.694606 -0.874495 0.587503 -0.884199 0.694606 -0.884199 0.694606 -0.874495 0.587503 -0.874495 0.587503 -0.874495 0.576501 -0.879301 0.582498 -0.882795 0.581506 -0.871 0.700603 -0.871 0.581506 -0.871 0.587503 -0.874495 0.730694 -0.838407 0.694606 -0.874495 0.551507 -0.838407 0.583505 -0.773602 0.698604 -0.773602 0.845594 -0.119493 0.845594 -0.0542 0.931304 -0.140398 0.845594 -0.0542 0.872908 -0.321294 0.931197 -0.321294 0.872999 -0.255894 0.931197 -0.256001 0.945495 -0.119493 0.945495 -0.054093 0.915694 -0.054093 0.915694 -0.119493 0.872999 -0.255894 0.383597 -0.486702 0.336202 -0.508797 0.383597 -0.508797 0.336095 -0.486702 0.138003 -0.371893 0.405707 -0.509194 0.360204 -0.164202 0.405402 -0.212802 0.404807 -0.164202 0.352102 -0.212802 0.344396 -0.151797 0.2757 -0.174899 0.293294 -0.176394 0.338903 -0.162493 0.327199 -0.213397 0.151095 -0.290303 0.154604 -0.105196 0.154604 -0.094697 0.151095 -0.094697 0.151095 -0.108904 0.154604 -0.105196 0.580407 -0.036499 0.661799 -0.6907 0.642405 -0.690806 0.622995 -0.6907 0.388693 -0.418906 0.388693 -0.358495 0.342794 -0.358495 0.342794 -0.396796 0.388693 -0.396796 0.342794 -0.358495 0.661799 -0.6907 0.661295 -0.678203 0.652796 -0.690806 0.652293 -0.677699 0.652796 -0.690806 0.652293 -0.677699 0.642405 -0.690806 0.642496 -0.676707 0.642405 -0.690806 0.632807 -0.677806 0.632105 -0.690806 0.642496 -0.676707 0.632105 -0.690806 0.623804 -0.678203 0.622995 -0.6907 0.632807 -0.677806 0.361303 -0.1084 0.360998 -0.149798 0.406195 -0.1084 0.406302 -0.149996 0.406195 -0.1084 0.426902 -0.039398 0.406195 -0.040802 0.4477 -0.108797 0.360693 -0.3308 0.4056 -0.3308 0.4056 -0.310094 0.360693 -0.310094 0.361303 -0.1084 0.340597 -0.039398 0.319799 -0.108797 0.361303 -0.040802 0.413901 -0.1514 0.352102 -0.244495 0.332403 -0.036896 0.311604 -0.106294 0.319799 -0.108797 0.340597 -0.039398 0.442893 -0.218708 0.4533 -0.107103 0.426902 -0.039398 0.4477 -0.108797 0.432502 -0.037705 0.332906 -0.121401 0.291203 -0.117906 0.274205 -0.158694 0.284199 -0.154604 0.282994 -0.111803 0.324697 -0.142702 0.282994 -0.198795 0.274403 -0.202502 0.282994 -0.237095 0.282994 -0.198795 0.274403 -0.237598 0.566201 -0.6663 0.608499 -0.656199 0.6047 -0.6701 0.566201 -0.6701 0.566201 -0.675395 0.6047 -0.675395 0.6047 -0.646296 0.538003 -0.637293 0.566201 -0.695293 0.6047 -0.680903 0.566201 -0.680903 0.6047 -0.695293 0.538003 -0.637293 0.562097 -0.631998 0.5617 -0.628504 0.536904 -0.633997 0.6047 -0.695293 0.566201 -0.695293 0.566201 -0.7019 0.6047 -0.7019 0.627695 -0.651499 0.6047 -0.646296 0.605798 -0.651698 0.624399 -0.655894 0.620096 -0.658793 0.608499 -0.656199 0.6112 -0.6589 0.616403 -0.660105 0.6047 -0.675395 0.566201 -0.675395 0.566201 -0.680903 0.6047 -0.680903 0.566201 -0.6663 0.806104 -0.974395 0.806104 -0.964294 0.718303 -0.974304 0.718303 -0.964401 0.712901 -0.964401 0.712901 -0.974304 0.806104 -0.974395 0.258106 -0.298604 0.162295 -0.328405 0.108293 -0.910704 0.108598 -0.914702 0.115602 -0.910201 0.115999 -0.914504 0.115999 -0.914504 0.123293 -0.913207 0.115602 -0.910201 0.122896 -0.908598 0.064393 -0.917693 0.071702 -0.915496 0.064103 -0.9131 0.071305 -0.910796 0.078599 -0.908797 0.071305 -0.910796 0.078904 -0.913497 0.071702 -0.915496 0.085999 -0.909697 0.078904 -0.913497 0.086396 -0.914397 0.078599 -0.908797 0.093507 -0.910903 0.085999 -0.909697 0.086396 -0.914397 0.093797 -0.915404 0.100893 -0.911406 0.093507 -0.910903 0.093797 -0.915404 0.101198 -0.915602 0.100893 -0.911406 0.101198 -0.915602 0.108598 -0.914702 0.108293 -0.910704 0.916701 -0.834104 0.930007 -0.829801 0.914305 -0.828199 0.928298 -0.823697 0.939101 -0.810803 0.933593 -0.827298 0.943801 -0.815 0.928298 -0.823697 0.943206 -0.792599 0.945403 -0.811597 0.949294 -0.7944 0.939101 -0.810803 0.945495 -0.773602 0.943206 -0.792599 0.949294 -0.790906 0.939193 -0.774395 0.933898 -0.7579 0.939193 -0.774395 0.943999 -0.770306 0.928603 -0.761395 0.914595 -0.756802 0.928603 -0.761395 0.930297 -0.755306 0.917098 -0.750896 0.912093 -0.750896 0.898802 -0.755199 0.914595 -0.756802 0.900496 -0.761303 0.895201 -0.757702 0.889799 -0.774197 0.900496 -0.761303 0.884993 -0.770001 0.883497 -0.773404 0.885695 -0.792401 0.889799 -0.774197 0.879606 -0.7906 0.885695 -0.792401 0.883299 -0.811399 0.889601 -0.810605 0.879606 -0.794095 0.889601 -0.810605 0.894896 -0.8271 0.900206 -0.823606 0.884794 -0.814694 0.914305 -0.828199 0.900206 -0.823606 0.898497 -0.829694 0.911803 -0.834104 0.967697 -0.777996 0.967498 -0.758602 0.961807 -0.766293 0.959503 -0.777996 0.065003 -0.816098 0.034393 -0.847501 0.039505 -0.842298 0.968994 -0.727398 0.969604 -0.734997 0.953597 -0.686 0.947204 -0.704799 0.949905 -0.710994 0.963897 -0.705699 0.966201 -0.712505 0.967895 -0.7196 0.782605 -0.255802 0.782498 -0.321096 0.872908 -0.321294 0.872999 -0.255894 0.807797 -0.143206 0.905592 -0.155596 0.845594 -0.119493 0.807996 -0.119493 0.905592 -0.155596 0.808606 -0.192493 0.872999 -0.255894 0.614099 -0.192493 0.6701 -0.192493 0.807996 -0.119493 0.743999 -0.119493 0.743999 -0.140505 0.807797 -0.143206 0.713695 -0.208606 0.550393 -0.662394 0.555596 -0.6636 0.555795 -0.659403 0.552102 -0.658503 0.534203 -0.639002 0.536797 -0.634104 0.531807 -0.632807 0.538003 -0.637293 0.543999 -0.649897 0.534203 -0.639002 0.540398 -0.652003 0.538003 -0.637293 0.546593 -0.653895 0.540398 -0.652003 0.543404 -0.656596 0.543999 -0.649897 0.546593 -0.653895 0.547204 -0.660304 0.549798 -0.656992 0.543404 -0.656596 0.549798 -0.656992 0.550393 -0.662394 0.552102 -0.658503 0.547204 -0.660304 0.914305 -0.828199 0.9243 -0.815702 0.914305 -0.819104 0.928298 -0.823697 0.931899 -0.806104 0.9243 -0.815702 0.939101 -0.810803 0.928298 -0.823697 0.931899 -0.806104 0.943206 -0.792599 0.934798 -0.792599 0.939101 -0.810803 0.943206 -0.792599 0.939193 -0.774395 0.932006 -0.779004 0.934798 -0.792599 0.928603 -0.761395 0.924498 -0.769406 0.939193 -0.774395 0.932006 -0.779004 0.924498 -0.769406 0.914595 -0.756802 0.914504 -0.765896 0.928603 -0.761395 0.914595 -0.756802 0.904601 -0.769299 0.914504 -0.765896 0.900496 -0.761303 0.904601 -0.769299 0.900496 -0.761303 0.889799 -0.774197 0.896895 -0.778897 0.889799 -0.774197 0.885695 -0.792401 0.896895 -0.778897 0.893996 -0.792401 0.885695 -0.792401 0.896803 -0.805905 0.893996 -0.792401 0.889601 -0.810605 0.889601 -0.810605 0.904402 -0.815595 0.896803 -0.805905 0.900206 -0.823606 0.904402 -0.815595 0.914305 -0.828199 0.914305 -0.819104 0.900206 -0.823606 0.113603 -0.870802 0.105592 -0.8701 0.106294 -0.872908 0.120897 -0.868605 0.112703 -0.866606 0.113603 -0.870802 0.059693 -0.875395 0.069001 -0.880598 0.066498 -0.870497 0.100893 -0.828702 0.097505 -0.836805 0.105394 -0.835203 0.058304 -0.872496 0.059601 -0.861799 0.053406 -0.8663 0.066498 -0.870497 0.082002 -0.841703 0.090196 -0.839796 0.087296 -0.835996 0.361303 -0.1084 0.406195 -0.1084 0.406195 -0.040802 0.361303 -0.040802 0.6636 -0.259998 0.553994 -0.259998 0.6636 -0.283299 0.553994 -0.283299 0.605295 -0.223697 0.6636 -0.259998 0.668894 -0.223697 0.553994 -0.259998 0.605295 -0.3196 0.668894 -0.3196 0.6636 -0.283299 0.553994 -0.283299 0.700008 -0.288304 0.700008 -0.254994 0.6636 -0.259998 0.6636 -0.283299 0.980697 -0.797406 0.974105 -0.799802 0.974105 -0.807507 0.985306 -0.803494 0.985306 -0.803494 0.993301 -0.792599 0.986404 -0.789593 0.980697 -0.797406 0.988693 -0.777996 0.993301 -0.792599 0.996094 -0.777996 0.986404 -0.789593 0.988693 -0.777996 0.993301 -0.763302 0.986404 -0.766293 0.996094 -0.777996 0.986404 -0.766293 0.985306 -0.752499 0.980697 -0.758602 0.993301 -0.763302 0.974105 -0.748394 0.980697 -0.758602 0.985306 -0.752499 0.974105 -0.756207 0.967498 -0.758602 0.974105 -0.748394 0.962905 -0.752499 0.974105 -0.756207 0.962905 -0.752499 0.961807 -0.766293 0.967498 -0.758602 0.954894 -0.763302 0.959503 -0.777996 0.961807 -0.766293 0.954894 -0.763302 0.951995 -0.777996 0.954894 -0.792599 0.959503 -0.777996 0.951995 -0.777996 0.961807 -0.789593 0.962905 -0.803494 0.961807 -0.789593 0.954894 -0.792599 0.967498 -0.797406 0.967498 -0.797406 0.974105 -0.807507 0.974105 -0.799802 0.962905 -0.803494 0.974105 -0.756207 0.974105 -0.777996 0.980697 -0.758602 0.980499 -0.777996 0.980697 -0.758602 0.980499 -0.777996 0.986404 -0.766293 0.988693 -0.777996 0.967498 -0.758602 0.974105 -0.777996 0.974105 -0.756207 0.967697 -0.777996 0.967697 -0.777996 0.961807 -0.789593 0.967498 -0.797406 0.959503 -0.777996 0.967697 -0.777996 0.967498 -0.797406 0.974105 -0.777996 0.974105 -0.799802 0.980697 -0.797406 0.980499 -0.777996 0.974105 -0.777996 0.974105 -0.799802 0.988693 -0.777996 0.980499 -0.777996 0.986404 -0.789593 0.980697 -0.797406 0.469398 -0.535195 0.516899 -0.535195 0.516899 -0.524804 0.469398 -0.524804 0.469398 -0.550301 0.208804 -0.807507 0.178302 -0.842405 0.190097 -0.847501 0.198001 -0.798505 0.169299 -0.837995 0.198001 -0.798505 0.189593 -0.793301 0.178302 -0.842405 0.183307 -0.790997 0.163806 -0.835004 0.169299 -0.837995 0.189593 -0.793301 0.177401 -0.5635 0.131594 -0.553399 0.133501 -0.562493 0.175402 -0.572 0.183703 -0.546395 0.182193 -0.588296 0.190295 -0.586603 0.192203 -0.547005 0.198505 -0.585397 0.200702 -0.547494 0.192203 -0.547005 0.190295 -0.586603 0.2094 -0.547799 0.198505 -0.585397 0.206897 -0.586496 0.200702 -0.547494 0.031494 -0.797498 0.068497 -0.780697 0.065796 -0.771603 0.036804 -0.804593 0.220005 -0.787594 0.211307 -0.781598 0.2121 -0.797208 0.202899 -0.788693 0.196704 -0.783398 0.202899 -0.788693 0.204105 -0.775402 0.211307 -0.781598 0.191196 -0.779995 0.196704 -0.783398 0.204105 -0.775402 0.198306 -0.770993 0.115801 -0.560998 0.125994 -0.560998 0.120699 -0.553704 0.123705 -0.564904 0.179706 -0.593896 0.189105 -0.594003 0.188998 -0.590997 0.181292 -0.596201 0.188998 -0.590997 0.198703 -0.592203 0.198596 -0.590402 0.189105 -0.594003 0.198703 -0.592203 0.208194 -0.592401 0.198596 -0.590402 0.208194 -0.589899 0.0757 -0.7776 0.072602 -0.7664 0.071198 -0.776104 0.081696 -0.770306 0.213993 -0.724697 0.107805 -0.830701 0.213993 -0.724697 0.254795 -0.743603 0.218204 -0.717494 0.253407 -0.752895 0.254795 -0.743603 0.255894 -0.732692 0.116594 -0.701793 0.215106 -0.649393 0.218402 -0.641001 0.222004 -0.630503 0.115496 -0.826398 0.265904 -0.731395 0.213397 -0.657404 0.221195 -0.654398 0.291295 -0.726101 0.286107 -0.710597 0.282094 -0.725505 0.277897 -0.713298 0.271107 -0.722499 0.277897 -0.713298 0.270298 -0.715801 0.282094 -0.725505 0.271107 -0.722499 0.270298 -0.715801 0.261601 -0.719707 0.217899 -0.662699 0.219196 -0.667903 0.224903 -0.663706 0.219196 -0.667903 0.225299 -0.675807 0.224903 -0.663706 0.236698 -0.668193 0.142 -0.919707 0.1505 -0.934295 0.151202 -0.918303 0.141604 -0.933898 0.261601 -0.637705 0.261601 -0.637705 0.252903 -0.639597 0.128695 -0.776699 0.161196 -0.693095 0.198001 -0.798505 0.2121 -0.797208 0.202899 -0.788693 0.208804 -0.807507 0.189593 -0.793301 0.202899 -0.788693 0.196704 -0.783398 0.198001 -0.798505 0.191196 -0.779995 0.183307 -0.790997 0.189593 -0.793301 0.196704 -0.783398 0.125994 -0.560998 0.131594 -0.553399 0.120699 -0.553704 0.133501 -0.562493 0.179706 -0.593896 0.188998 -0.590997 0.182193 -0.588296 0.190295 -0.586603 0.198505 -0.585397 0.190295 -0.586603 0.198596 -0.590402 0.188998 -0.590997 0.206897 -0.586496 0.198596 -0.590402 0.208194 -0.589899 0.198505 -0.585397 0.072602 -0.7664 0.065796 -0.771603 0.071198 -0.776104 0.068497 -0.780697 0.213993 -0.724697 0.218204 -0.717494 0.212802 -0.716701 0.218204 -0.717494 0.212497 -0.707393 0.212802 -0.716701 0.220905 -0.708202 0.212497 -0.707393 0.223301 -0.700298 0.211704 -0.698894 0.220905 -0.708202 0.124895 -0.659495 0.116304 -0.647807 0.115999 -0.6598 0.125399 -0.646998 0.172198 -0.663905 0.164599 -0.652705 0.159503 -0.6598 0.1738 -0.655802 0.175006 -0.648096 0.164599 -0.652705 0.1738 -0.655802 0.169497 -0.6448 0.169497 -0.6448 0.175006 -0.648096 0.175601 -0.637705 0.280095 -0.732494 0.291295 -0.726101 0.282094 -0.725505 0.288808 -0.736599 0.282094 -0.725505 0.269505 -0.727398 0.280095 -0.732494 0.271107 -0.722499 0.271107 -0.722499 0.260807 -0.7234 0.269505 -0.727398 0.261601 -0.719707 0.125307 -0.705898 0.116594 -0.703395 0.116594 -0.706203 0.125505 -0.703197 0.217899 -0.662699 0.213397 -0.657404 0.212207 -0.658106 0.221393 -0.658305 0.224903 -0.663706 0.221393 -0.658305 0.217899 -0.662699 0.228794 -0.658793 0.236698 -0.668193 0.228794 -0.658793 0.224903 -0.663706 0.239796 -0.659602 0.149706 -0.9084 0.140703 -0.910094 0.151202 -0.918303 0.142 -0.919707 0.286107 -0.710597 0.269993 -0.656992 0.277897 -0.713298 0.262104 -0.657603 0.254093 -0.659297 0.254093 -0.659297 0.125307 -0.705898 0.217899 -0.662699 0.217899 -0.662699 0.176104 -0.693599 0.181399 -0.697505 0.219196 -0.667903 0.219196 -0.667903 0.141604 -0.933898 0.138293 -0.9841 0.1505 -0.934295 0.147601 -0.989197 0.271901 -0.739406 0.277394 -0.746807 0.280095 -0.732494 0.288808 -0.736599 0.280095 -0.732494 0.269505 -0.727398 0.271901 -0.739406 0.265904 -0.731395 0.265904 -0.731395 0.269505 -0.727398 0.260807 -0.7234 0.213397 -0.657404 0.221393 -0.658305 0.221195 -0.654398 0.228794 -0.658793 0.221195 -0.654398 0.221393 -0.658305 0.228199 -0.651392 0.239796 -0.659602 0.228199 -0.651392 0.228794 -0.658793 0.238407 -0.646906 0.1458 -0.894194 0.137499 -0.8972 0.140703 -0.910094 0.149706 -0.9084 0.213993 -0.724697 0.212802 -0.716701 0.208606 -0.717601 0.212802 -0.716701 0.116304 -0.633494 0.164599 -0.652705 0.211307 -0.781598 0.220005 -0.787594 0.218906 -0.770794 0.227893 -0.772595 0.204105 -0.775402 0.200793 -0.766506 0.123507 -0.5664 0.189105 -0.594003 0.181201 -0.596307 0.188907 -0.597498 0.181292 -0.596201 0.198199 -0.601007 0.208194 -0.592401 0.081696 -0.770306 0.0757 -0.7776 0.084702 -0.787396 0.091905 -0.781903 0.126299 -0.945403 0.055695 -0.943099 0.057999 -0.950607 0.126604 -0.9523 0.125307 -0.936996 0.056794 -0.935302 0.055695 -0.943099 0.126299 -0.945403 0.125307 -0.936996 0.060196 -0.927703 0.056794 -0.935302 0.123903 -0.9281 0.063599 -0.922393 0.060196 -0.927703 0.122896 -0.984497 0.062897 -0.977707 0.063904 -0.985595 0.122698 -0.977707 0.061799 -0.968505 0.062897 -0.977707 0.124895 -0.960296 0.059494 -0.960296 0.061799 -0.968505 0.126604 -0.9523 0.059494 -0.960296 0.124895 -0.960296 0.360204 -0.164202 0.404807 -0.164202 0.360998 -0.149798 0.406302 -0.149996 0.327306 -0.129107 0.3523 -0.149706 0.360204 -0.164202 0.360998 -0.149798 0.351995 -0.164202 0.351995 -0.164202 0.344396 -0.151797 0.338903 -0.162493 0.115602 -0.910201 0.113603 -0.882902 0.106294 -0.8851 0.113603 -0.882902 0.115602 -0.910201 0.122896 -0.908598 0.120394 -0.879606 0.061799 -0.884092 0.064103 -0.9131 0.071305 -0.910796 0.069001 -0.880598 0.078599 -0.908797 0.076295 -0.878706 0.069001 -0.880598 0.071305 -0.910796 0.085999 -0.909697 0.083695 -0.879499 0.078599 -0.908797 0.100893 -0.911406 0.106294 -0.8851 0.098695 -0.884092 0.086503 -0.826398 0.075104 -0.8056 0.069993 -0.810895 0.093507 -0.823301 0.069794 -0.851301 0.049698 -0.8318 0.044602 -0.837003 0.065796 -0.857694 0.112703 -0.866606 0.119005 -0.861494 0.061295 -0.882506 0.066498 -0.870497 0.076295 -0.878706 0.073594 -0.867201 0.069001 -0.880598 0.083604 -0.877302 0.081406 -0.867094 0.076295 -0.878706 0.073594 -0.867201 0.091401 -0.875593 0.089799 -0.868406 0.083604 -0.877302 0.081406 -0.867094 0.098802 -0.874205 0.097795 -0.8701 0.091401 -0.875593 0.089799 -0.868406 0.098802 -0.874205 0.105592 -0.8701 0.097795 -0.8701 0.106294 -0.872908 0.090196 -0.839796 0.094193 -0.832395 0.087296 -0.835996 0.097505 -0.836805 0.094193 -0.832395 0.073594 -0.867201 0.065796 -0.857694 0.066498 -0.870497 0.059601 -0.861799 0.065796 -0.857694 0.078294 -0.860899 0.071107 -0.852399 0.073594 -0.867201 0.081803 -0.8533 0.071107 -0.852399 0.078294 -0.860899 0.076798 -0.847105 0.085404 -0.846006 0.076798 -0.847105 0.081803 -0.8533 0.082002 -0.841703 0.085404 -0.846006 0.123903 -0.9281 0.1234 -0.922499 0.122698 -0.977707 0.123003 -0.968307 0.123003 -0.968307 0.057999 -0.950607 0.033798 -0.941695 0.034897 -0.930205 0.029892 -0.937606 0.041199 -0.936294 0.039597 -0.923705 0.041199 -0.936294 0.047303 -0.9308 0.034897 -0.930205 0.039597 -0.923705 0.047303 -0.9308 0.046494 -0.918502 0.052506 -0.924102 0.046494 -0.918502 0.056992 -0.916899 0.053101 -0.913207 0.052506 -0.924102 0.061799 -0.984894 0.062897 -0.977707 0.059403 -0.984405 0.057404 -0.976104 0.062897 -0.977707 0.061799 -0.968505 0.057404 -0.976104 0.056199 -0.969497 0.054505 -0.961593 0.056199 -0.969497 0.061799 -0.968505 0.059494 -0.960296 0.055497 -0.951095 0.054505 -0.961593 0.059494 -0.960296 0.053101 -0.9514 0.009094 -0.904005 0.016098 -0.899504 0.030304 -0.891005 0.037293 -0.886503 0.054505 -0.961593 0.053101 -0.9514 0.025497 -0.957198 0.054505 -0.961593 0.028305 -0.965301 0.045395 -0.938704 0.044296 -0.947799 0.050095 -0.949493 0.053101 -0.942199 0.056794 -0.935302 0.045395 -0.938704 0.053101 -0.942199 0.047303 -0.9308 0.052506 -0.924102 0.056794 -0.935302 0.060196 -0.927703 0.047303 -0.9308 0.060196 -0.927703 0.063096 -0.922103 0.059098 -0.9187 0.052506 -0.924102 0.061799 -0.984894 0.063904 -0.985595 0.062897 -0.977707 0.059494 -0.960296 0.057999 -0.950607 0.055497 -0.951095 0.108293 -0.910704 0.076295 -0.878706 0.083695 -0.879499 0.085999 -0.909697 0.091401 -0.881804 0.093507 -0.910903 0.091401 -0.881804 0.093507 -0.910903 0.098695 -0.884092 0.100893 -0.911406 0.108293 -0.910704</float_array>
          <technique_common>
            <accessor source="#GeometrySource2-array" count="7380" stride="2">
              <param name="S" type="float"/>
              <param name="T" type="float"/>
            </accessor>
          </technique_common>
        </source>
        <vertices id="Geometry-vertices">
          <input semantic="POSITION" source="#GeometrySource"/>
          <input semantic="NORMAL" source="#GeometrySource1"/>
          <input semantic="TEXCOORD" source="#GeometrySource2"/>
        </vertices>
        <triangles material="VisualMaterial0" count="3757">
          <input semantic="VERTEX" source="#Geometry-vertices" offset="0"/>
          <p>0 1 2 0 2 3 4 5 6 5 4 7 8 9 10 11 12 13 14 15 16 14 17 15 18 19 20 21 22 23 21 23 24 23 25 24 25 23 26 27 28 16 28 27 29 30 31 32 31 30 33 34 35 36 37 38 39 38 37 40 41 42 43 44 43 42 45 46 47 46 45 48 49 50 51 50 49 52 53 54 55 53 55 56 57 58 59 57 59 60 61 62 63 64 65 66 67 68 69 70 71 72 70 72 73 74 75 76 77 78 79 78 77 80 81 82 83 82 81 84 85 81 83 82 84 86 81 85 87 86 88 82 89 90 91 90 89 92 93 94 95 95 94 96 97 98 99 98 97 100 101 102 103 104 102 101 105 106 107 106 105 108 109 110 111 110 112 111 113 114 115 114 113 116 117 118 119 119 118 120 121 122 123 122 121 124 125 126 127 126 125 128 129 130 131 131 130 132 133 134 135 134 133 136 137 138 139 139 138 140 141 142 143 142 141 144 145 146 147 146 145 148 149 150 151 150 149 152 153 154 155 154 153 156 157 158 159 159 160 157 161 162 163 162 161 164 165 166 167 166 165 168 169 170 171 170 169 172 173 174 175 174 173 176 177 178 179 178 177 180 181 182 183 182 181 184 185 186 187 186 185 188 189 190 191 190 189 192 193 194 195 193 195 196 197 198 199 197 199 200 201 202 203 201 203 204 205 206 207 208 209 210 210 209 211 212 213 214 214 215 212 216 217 218 219 220 221 219 221 222 223 224 225 223 225 226 227 228 229 227 229 230 231 232 233 232 231 234 235 236 237 236 235 238 239 240 241 239 241 242 243 244 245 244 243 246 247 248 249 248 247 250 251 252 253 252 251 254 255 256 257 255 257 258 259 260 261 260 259 262 263 264 265 263 265 266 267 268 269 267 269 270 271 272 273 272 271 274 275 276 277 276 275 278 279 280 281 281 282 279 283 284 285 285 284 286 287 288 289 288 287 290 291 292 293 292 291 294 295 296 297 297 296 298 299 300 301 300 299 302 303 304 305 304 303 306 307 308 309 309 308 310 311 312 313 312 311 314 315 316 317 316 315 318 319 320 321 320 319 322 323 324 325 324 323 326 327 328 329 328 327 330 331 332 333 332 331 334 335 336 337 336 335 338 339 340 341 340 339 342 343 344 345 345 346 343 347 348 349 348 347 350 351 352 353 352 351 354 355 356 357 356 355 358 359 360 361 360 359 362 363 364 365 365 366 363 367 368 369 367 369 370 371 372 368 372 371 373 374 375 135 375 374 376 377 378 133 379 378 377 133 380 381 380 382 381 372 383 368 383 384 368 384 385 368 386 368 385 387 388 389 390 391 392 393 394 395 394 393 396 397 398 399 400 401 402 403 404 405 406 407 408 407 406 409 410 411 412 411 410 413 414 415 416 415 414 417 418 419 420 419 418 421 422 423 424 423 422 425 426 427 428 427 426 429 430 431 432 431 430 433 434 435 436 435 434 437 438 439 440 439 438 441 442 443 444 443 442 445 446 447 448 447 446 449 450 451 452 452 451 453 454 455 456 456 455 457 458 459 460 459 458 461 462 463 464 465 463 462 466 467 468 469 470 471 471 470 472 473 474 475 476 477 478 479 480 481 482 483 484 485 486 487 486 488 487 489 490 491 489 491 492 493 494 495 494 493 496 497 498 499 498 497 500 481 501 479 501 481 502 503 504 505 505 506 503 507 508 509 508 507 510 511 512 513 511 513 514 515 516 517 518 516 515 519 520 521 520 519 522 523 524 525 525 526 523 527 528 529 528 527 530 531 532 533 532 531 534 535 536 537 536 535 538 539 540 541 540 539 542 543 544 545 544 543 546 547 548 549 548 547 550 551 552 553 552 551 554 555 556 557 556 555 558 559 560 561 560 559 562 563 564 565 564 563 566 567 568 569 568 567 570 571 572 573 573 572 574 575 576 577 577 576 578 579 580 581 580 579 582 583 584 585 584 583 586 587 588 589 588 587 590 591 592 593 593 592 594 595 596 597 596 595 598 599 600 601 602 601 600 603 604 605 604 603 606 607 608 609 608 607 610 611 612 613 613 614 611 615 616 617 618 619 620 619 618 621 622 623 624 624 625 622 626 627 628 627 629 628 630 631 632 631 633 632 634 631 630 635 631 634 636 630 626 634 630 636 637 638 639 637 640 638 636 626 641 641 626 639 642 643 644 644 645 642 646 647 648 646 648 649 650 651 652 650 652 653 654 655 656 655 654 657 658 659 660 659 658 661 662 663 664 663 662 665 666 667 668 668 669 666 670 671 672 671 670 673 674 675 676 675 674 677 678 679 680 678 680 681 682 683 684 683 682 685 686 687 679 687 686 688 689 690 691 690 689 692 693 694 695 694 693 696 697 698 699 697 700 698 701 702 703 702 701 704 705 706 707 706 705 708 709 710 711 709 711 712 713 714 715 714 713 716 717 718 719 718 717 720 721 722 723 723 722 724 725 726 727 725 727 728 729 730 731 730 729 732 733 734 735 733 735 736 737 738 739 738 737 740 741 742 743 743 742 744 745 746 747 746 745 748 749 750 751 750 749 752 753 754 755 755 754 756 757 758 759 758 757 760 761 762 763 762 761 764 765 766 767 767 766 768 769 770 771 770 769 772 773 774 775 774 773 776 777 778 779 778 777 780 781 782 783 782 781 784 785 786 787 787 786 788 789 790 791 789 791 792 793 794 795 794 793 796 797 798 799 799 798 800 801 802 803 802 801 804 805 806 807 806 805 808 809 810 811 812 813 814 814 815 812 816 817 818 817 819 818 820 821 822 821 820 823 824 825 826 825 827 826 828 829 827 829 828 830 831 830 828 830 831 832 833 834 835 834 833 836 837 838 839 838 837 840 841 838 840 841 830 838 829 830 841 842 843 830 842 844 843 845 846 847 848 846 845 849 850 851 850 849 852 853 854 855 853 855 856 857 858 859 858 857 860 861 862 863 864 865 866 865 864 867 868 869 870 869 868 871 872 873 874 875 876 877 876 875 878 879 880 881 879 881 882 883 884 885 884 883 886 887 888 889 888 887 890 891 892 893 892 891 894 895 896 897 896 895 898 899 900 901 900 899 902 903 904 905 905 904 906 907 908 909 908 907 910 911 912 913 913 912 914 915 916 917 916 915 918 919 920 921 921 920 922 923 924 925 925 924 926 927 928 929 928 927 930 931 932 933 932 931 934 935 936 937 936 935 938 939 940 941 940 939 942 943 944 945 943 945 946 947 948 949 948 947 950 951 952 953 952 951 954 955 956 957 955 957 958 959 960 961 960 959 962 963 964 965 965 964 966 967 968 969 969 968 970 971 972 973 972 971 974 975 976 977 976 975 978 979 980 981 982 983 984 983 982 985 986 987 988 989 990 987 991 992 990 993 994 995 996 997 998 999 1000 1001 1002 1003 1004 1003 1002 1005 1006 1007 1008 1009 1010 1011 1009 1011 1012 1013 1014 1015 1014 1013 1016 1017 1018 1019 1018 1017 1020 1021 1022 1023 1023 1022 1024 1025 1026 1027 1027 1028 1025 1029 1030 1031 1030 1029 1032 1033 1034 1035 1035 1034 1036 1037 1038 1039 1038 1037 1040 1041 1042 1043 1042 1041 1044 1045 1046 1047 1046 1045 1048 1049 1050 1051 1049 1051 1052 1053 1054 1055 1054 1053 1056 1057 1058 1059 1058 1057 1060 1061 1062 1063 1061 1063 1064 1065 1066 1067 1066 1065 1068 1069 1070 1071 1070 1069 1072 1073 1074 1075 1075 1076 1073 1075 1077 1076 1077 1075 1078 1079 1080 1081 1081 1082 1079 1083 1084 1085 1085 1086 1083 1087 1088 1089 1088 1090 1089 1091 1092 1093 1093 1092 1094 1095 1096 1097 1096 1095 1098 1099 1100 1101 1100 1099 1102 1103 1104 1105 1104 1103 1106 1107 1108 1109 1109 1108 1110 1111 1112 1113 1111 1113 1114 1115 1116 1117 1116 1115 1118 1119 1120 1121 1122 1121 1120 1123 1124 1125 1124 1123 1126 1127 1128 1129 1128 1127 1130 1131 1132 1133 1132 1131 1134 1135 1136 1137 1136 1135 1138 1139 1140 1141 1141 1140 1142 1143 1144 1145 1144 1143 1146 1147 1148 1149 1150 1151 1152 1153 1154 1155 1153 1155 1156 1157 1158 1159 1157 1159 1160 1161 1162 1163 1164 1165 1166 1164 1166 1167 1168 1169 1170 1171 1172 1173 1171 1173 1174 1175 1176 1177 1175 1177 1178 1179 1180 1181 1179 1181 1182 1183 1184 1185 1185 1186 1183 1187 1188 1189 1187 1189 1190 1191 1192 1193 1194 1195 1196 1197 1198 1199 1198 1197 1200 1201 1202 1203 1202 1201 1204 1205 1206 1207 1206 1205 1208 1209 1210 1211 1210 1209 1212 1213 1214 1215 1214 1213 1216 1217 1218 1219 1218 1217 1220 1221 1222 1223 1222 1221 1224 1225 1226 1227 1227 1226 1228 1229 1230 1231 1230 1229 1232 1233 1234 1235 1235 1236 1233 1237 1238 1239 1238 1237 1240 1241 1242 1243 1242 1241 1244 1245 1246 1247 1246 1245 1248 1249 1250 1251 1250 1249 1252 1253 1254 1255 1255 1254 1256 1257 1258 1259 1258 1257 1260 1261 1262 1263 1264 1265 1266 1266 1265 1267 1268 1269 1270 1269 1268 1271 1272 1273 1274 1275 1276 1277 1276 1275 1278 1279 1280 1281 1282 1283 1284 1283 1282 1285 1286 1287 1288 1287 1286 1289 1290 1291 1292 1290 1293 1291 1294 1295 1296 1297 1298 1299 1300 1301 1302 1301 1300 1303 1304 1305 1306 1304 1307 1305 1308 1309 1310 1309 1308 1311 1312 1313 1314 1312 1314 1315 1316 1317 1318 1318 1317 1319 1320 1321 1322 1320 1322 1323 1324 1325 1326 1325 1324 1327 1328 1329 1330 1329 1328 1331 1332 1333 1334 1334 1335 1332 1336 1337 1338 1336 1338 1339 1340 1341 1342 1342 1343 1340 1344 1345 1346 1344 1346 1347 1348 1349 1350 1349 1348 1351 1352 1353 1354 1353 1352 1355 1356 1357 1358 1357 1356 1359 1360 1361 1362 1362 1361 1363 1364 1365 1366 1365 1367 1366 1368 1369 1370 1370 1369 1371 1372 1373 1374 1372 1374 1375 1376 1377 1378 1377 1376 1379 1380 1381 1382 1380 1382 1383 1384 1385 1386 1385 1384 1387 1388 1389 1390 1389 1388 1391 1392 1393 1394 1393 1392 1395 1396 1397 1398 1399 1398 1397 1400 1401 1402 1402 1401 1403 1404 1405 1406 1405 1404 1407 1408 1409 1410 1409 1408 1411 1412 1413 1414 1414 1413 1415 1416 1417 1418 1416 1419 1417 1420 1421 1422 1421 1420 1423 1424 1425 1426 1425 1424 1427 1428 1429 1430 1429 1428 1431 1432 1433 1434 1432 1434 1435 1436 1437 1438 1436 1438 1439 1440 1441 1442 1443 1444 1445 1443 1445 1446 1447 1448 1449 1449 1450 1447 1451 1452 1453 1451 1453 1454 1455 1456 1457 1458 1459 1460 1458 1460 1461 1462 1463 1464 1462 1464 1465 1466 1467 1468 1467 1466 1469 1470 1471 1472 1470 1472 1473 1474 1475 1476 1474 1476 1477 1478 1479 1480 1479 1478 1481 1482 1483 1484 1483 1482 1485 1486 1487 1488 1487 1486 1489 1490 1491 1492 1490 1492 1493 1494 1495 1496 1495 1494 1497 1498 1499 1500 1499 1498 1501 1502 1503 1504 1503 1502 1505 1506 1507 1508 1507 1506 1509 1510 1511 1512 1511 1510 1513 1514 1515 1516 1514 1516 1517 1518 1519 1520 1518 1520 1521 1522 1523 1524 1525 1526 1527 1528 1529 1530 1531 1532 1533 1531 1533 1534 1535 1536 1537 1535 1537 1538 1539 1540 1541 1539 1541 1542 1543 1544 1545 1544 1543 1546 1547 1548 1549 1548 1550 1549 1551 1552 1553 1552 1551 1554 1555 1556 1557 1556 1555 1558 1559 1560 1561 1560 1559 1562 1563 1564 1565 1564 1563 1566 1567 1568 1569 1568 1567 1570 1571 1572 1573 1572 1571 1574 1575 1576 1577 1576 1578 1577 1579 1580 1581 1580 1579 1582 1583 1584 1585 1584 1583 1586 1587 1588 1589 1588 1587 1590 1591 1592 1593 1592 1591 1594 1595 1596 1597 1598 1599 1600 1601 1602 1603 1604 1605 1606 1607 1608 1609 1610 1611 1612 1613 1614 1615 1616 1617 1618 1619 1620 1621 1619 1621 1622 1623 1624 1625 1625 1624 1626 1627 1628 1626 1628 1627 1629 1630 1631 1632 1633 1632 1631 1634 1635 1636 1635 1637 1636 1638 1639 1640 1641 1639 1638 1634 1642 1643 1643 1642 1644 1645 1646 1647 1647 1646 1648 28 1649 1650 1651 1650 1649 1652 1653 1654 1653 1652 1655 1656 1657 1658 8 1659 1660 1661 1662 1663 1662 1661 1664 1665 1666 1667 1666 1665 1668 1669 1670 1671 1669 1671 1672 1673 1674 1675 1674 1673 1676 1677 1678 1679 1678 1677 1680 1681 1682 1683 1682 1681 1684 1685 1686 1687 1686 1685 1688 1689 1690 1691 1690 1689 1692 1693 1694 1695 1694 1693 1696 1697 1698 1699 1699 1700 1697 1701 1702 1703 1701 1703 1704 1705 1706 1707 1706 1705 1708 1709 1710 1711 1712 1711 1710 1713 1714 1715 1716 1715 1714 1717 1718 1719 1719 1718 1720 1721 1722 1723 1724 1725 1726 1726 1725 1727 1728 1729 1730 1730 1729 1731 1732 1733 1734 1734 1733 1735 1736 1737 1738 1738 1737 1739 1740 1741 1742 1741 1740 1743 1744 1745 1746 1745 1744 1747 1748 1749 1750 1749 1748 1751 1752 1753 1754 1754 1753 1755 1756 1757 1758 1757 1759 1758 1760 1761 1762 1761 1760 1763 1764 1765 1766 1765 1764 1767 1768 1769 1770 1769 1768 1771 1772 1773 1774 1773 1775 1774 1776 1777 1778 1777 1776 1779 1780 1781 1782 1781 1780 1783 1784 1785 1786 1785 1784 1787 1788 1789 1790 1791 1792 1793 1794 1795 1796 1795 1794 1797 1798 1799 1800 1799 1798 1801 1802 1803 1804 1804 1805 1802 1806 1807 1808 1807 1806 1809 1810 1811 1812 1811 1810 1813 1814 1815 1816 1815 1814 1817 1818 1819 1820 1821 1822 1823 1822 1821 1824 1825 1826 1827 1827 1826 1828 1829 1830 1831 1830 1829 1832 1833 1834 1835 1834 1833 1836 1837 1838 1839 1837 1839 1840 1841 1842 1843 1842 1841 1844 1845 1846 1847 1846 1845 1848 1849 1850 1851 1850 1849 1852 1853 1854 1855 1854 1853 1856 1857 1858 1859 1859 1860 1857 1861 1862 1863 1862 1861 1864 1865 1866 1867 1866 1865 1868 1869 1870 1871 1870 1872 1871 1873 1874 1875 1874 1876 1875 1877 1878 1879 1878 1880 1879 1881 1882 1883 1882 1881 1884 1885 1886 1887 1886 1885 1888 1889 1890 1891 1890 1892 1891 1893 1894 1895 1894 1896 1895 1897 1898 1899 1898 1900 1899 1901 1902 1903 1902 1901 1904 1905 1906 1907 1906 1908 1907 1909 1910 1911 1912 1913 1914 1915 1916 1917 1916 1915 1918 1919 1920 1921 1920 1922 1921 1923 1924 1925 1926 1927 1928 1929 1930 1931 1930 1929 1932 1933 1934 1935 1934 1933 1936 1937 1938 1939 1939 1938 1940 1941 1942 1943 1942 1941 1944 1945 1946 1947 1948 1947 1946 1949 1950 1951 1950 1949 1952 1953 1954 1955 1954 1956 1955 1957 1958 1959 1958 1957 1960 1961 1962 1963 1963 1962 1964 1965 1966 1967 1966 1965 1968 1969 1970 1971 1970 1969 1972 1973 1974 1975 1975 1974 1976 1977 1978 1979 1978 1977 1980 1981 1982 1983 1982 1981 1984 1985 1986 1987 1986 1985 1988 1989 1990 1991 1990 1989 1992 1993 1994 1995 1994 1993 1996 1997 1998 1999 1998 1997 2000 2001 2002 2003 2003 2004 2001 2005 2006 2007 2006 2005 2008 2009 2010 2011 2009 2011 2012 2013 2014 2015 2014 2013 2016 2017 2018 2019 2018 2017 2020 2021 2022 2023 2022 2021 2024 2025 2026 2027 2026 2025 2028 2029 2030 2031 2030 2029 2032 2033 2034 2035 2033 2035 2036 2037 2038 2039 2037 2039 2040 2041 2042 2043 2041 2043 2044 2045 2046 2047 2045 2047 2048 2049 2050 2051 2052 2053 2054 2054 2053 2055 2056 2057 2058 2058 2059 2056 2060 2061 2062 2063 2064 2065 2063 2065 2066 2067 2068 2069 2067 2069 2070 2071 2072 2073 2071 2073 2074 2075 2076 2077 2076 2075 2078 2079 2080 2081 2079 2081 2082 2083 2084 2085 2083 2085 2086 2087 2088 2089 2088 2087 2090 2091 2092 2093 2092 2091 2094 2095 2096 2097 2096 2095 2098 2099 2100 2101 2099 2101 2102 2103 2104 2105 2104 2103 2106 2107 2108 2109 2107 2109 2110 2111 2112 2113 2111 2113 2114 2115 2116 2117 2115 2117 2118 2119 2120 2121 2120 2119 2122 2123 2124 2125 2125 2126 2123 2127 2128 2129 2129 2128 2130 2131 2132 2133 2133 2132 2134 2135 2136 2137 2136 2135 2138 2139 2140 2141 2141 2140 2142 2143 2144 2145 2144 2143 2146 2147 2148 2149 2148 2147 2150 2151 2152 2153 2153 2152 2154 2155 2156 2157 2157 2156 2158 2159 2160 2161 2160 2159 2162 2163 2164 2165 2164 2163 2166 2167 2168 2169 2168 2167 2170 2171 2172 2173 2173 2174 2171 2175 2176 2177 2177 2178 2175 2179 2180 2181 2180 2179 2182 2183 2184 2185 2184 2183 2186 2187 2188 2189 2189 2190 2187 2191 2192 2193 2192 2191 2194 2195 2196 2197 2196 2195 2198 2199 2200 2201 2200 2199 2202 2203 2204 2205 2205 2206 2203 2207 2208 2209 2209 2210 2207 2211 2212 2213 2211 2213 2214 2215 2216 2212 2216 2215 2217 2218 2219 2220 2221 2219 2218 2222 2223 2224 2224 2223 2225 2226 2227 2228 2227 2229 2228 2230 2231 2212 2231 2232 2212 2232 2233 2212 2234 2212 2233 2235 2236 2237 2236 2235 2238 2239 2240 2241 2239 2241 2242 2243 2244 2245 2244 2243 2246 2247 2248 2249 2250 2251 2252 2251 2250 2253 2254 2255 2256 2255 2254 2257 2258 2259 2260 2261 2262 2263 2262 2261 2264 2265 2266 2267 2265 2267 2268 2269 2270 2271 2270 2269 2272 2273 2274 2275 2274 2273 2276 2277 2278 2279 2279 2278 2280 2281 2282 2283 2282 2281 2284 2285 2286 2287 2286 2285 2288 2289 2290 2291 2291 2290 2292 2293 2294 2295 2294 2293 2296 2297 2298 2299 2299 2298 2300 2301 2302 2303 2302 2301 2304 2305 2306 2307 2307 2306 2308 2309 2310 2311 2311 2310 2312 2313 2314 2315 2314 2313 2316 2317 2318 2319 2318 2317 2320 2321 2322 2323 2322 2321 2324 2325 2326 2327 2327 2328 2325 2329 2330 2331 2330 2329 2332 2333 2334 2221 2333 2335 2334 2336 2337 2338 2337 2336 2339 2340 2341 2342 2340 2342 2343 2344 2345 2346 2345 2344 2347 2348 2349 2350 2350 2349 2351 2352 2353 2354 2353 2352 2355 2356 2357 2358 2357 2356 2359 2360 2361 2362 2361 2360 2363 2364 2365 2366 2365 2364 2367 2368 2369 2370 2370 2371 2368 2372 2373 2374 2372 2374 2375 2376 2377 2378 2376 2378 2379 2380 2381 2382 2380 2382 2383 2384 2385 2386 2385 2384 2387 2388 2389 2390 2389 2388 2391 2392 2393 2394 2394 2395 2392 2396 2397 2398 2396 2398 2399 2400 2401 2402 2401 2400 2403 2404 2405 2406 2405 2404 2407 2408 2409 2410 2409 2408 2411 2412 2413 2414 2413 2415 2414 2416 2417 2418 2417 2416 2419 2420 2421 2422 2421 2420 2423 2424 2425 2426 2425 2424 2427 2428 2429 2430 2429 2428 2431 2432 2433 2434 2433 2432 2435 2436 2437 2438 2437 2436 2439 2440 2441 2442 2441 2440 2443 2444 2445 2446 2447 2446 2445 2448 2449 2450 2451 2450 2449 2452 2453 2454 2453 2452 2455 2456 2457 2458 2457 2456 2459 2460 2461 2462 2461 2460 2463 2464 2465 2466 2465 2464 2467 2468 2469 2470 2471 2470 2469 2472 2473 2474 2474 2473 2475 2476 2477 2478 2478 2479 2476 2480 2481 2482 2481 2483 2482 2484 2485 2486 2485 2484 2487 2488 2489 2490 2489 2488 2491 2492 2493 2494 2492 2494 2495 2496 2497 2498 2498 2497 2499 2500 2501 2502 2501 2500 2503 2504 2505 2506 2504 2507 2505 2508 2509 2510 2509 2508 2511 2512 2513 2514 2513 2515 2514 2516 2517 2518 2517 2519 2518 2520 2521 2522 2521 2523 2522 2524 2525 2526 2525 2524 2527 2528 2529 2530 2529 2528 2531 2532 2533 2534 2533 2535 2534 2536 2537 2538 2537 2539 2538 2540 2541 2542 2541 2543 2542 2544 2545 2546 2545 2544 2547 2548 2549 2550 2549 2551 2550 2552 2553 2554 2555 2556 2557 2558 2559 2560 2559 2558 2561 2562 2563 2564 2563 2565 2564 2566 2567 2568 2569 2570 2571 2572 2573 2574 2575 2574 2573 2576 2577 2578 2577 2576 2579 2580 2581 2582 2583 2582 2581 2584 2585 2586 2586 2585 2587 2588 2589 2590 2590 2589 2591 2592 2593 2594 2593 2592 2595 2596 2597 2598 2597 2596 2599 2600 2601 2602 2601 2603 2602 2604 2605 2606 2605 2604 2607 2608 2609 2610 2609 2608 2611 2612 2613 2614 2613 2612 2615 2616 2617 2618 2617 2616 2619 2620 2621 2622 2621 2620 2623 2624 2625 2626 2627 2628 2629 2630 2631 2632 2631 2630 2633 2634 2635 2636 2636 2637 2634 2638 2639 2640 2638 2640 2641 2642 2643 2644 2643 2642 2645 2646 2647 2648 2647 2646 2649 2650 2651 2652 2651 2650 2653 2654 2655 2656 2655 2654 2657 2658 2659 2660 2659 2658 2661 2662 2663 2664 2663 2662 2665 2666 2667 2668 2668 2669 2666 2670 2671 2672 2671 2670 2673 2674 2675 2676 2675 2674 2677 2678 2679 2680 2680 2679 2681 2682 2683 2684 2684 2683 2685 2686 2687 2688 2687 2686 2689 2690 2691 2692 2690 2693 2691 2694 2695 2696 2696 2695 2697 2698 2699 2700 2700 2701 2698 2702 2703 2704 2703 2705 2704 2706 2707 2708 2707 2706 2709 2710 2711 2712 2712 2713 2710 2714 2715 2716 2715 2714 2717 2718 2719 2720 2719 2718 2721 2722 2723 2724 2722 2725 2723 2726 2727 2728 2728 2729 2726 2730 2731 2732 2732 2733 2730 2734 2735 2736 2735 2734 2737 2738 2739 2740 2739 2738 2741 2742 2743 2744 2742 2745 2743 2746 2747 2748 2747 2746 2749 2750 2751 2752 2751 2750 2753 2754 2755 2756 2756 2757 2754 2758 2759 2760 2759 2758 2761 2762 2763 2764 2763 2762 2765 2766 2767 2768 2766 2769 2767 2770 2771 2772 2772 2773 2770 2774 2775 2776 2776 2777 2774 2778 2779 2780 2779 2778 2781 2782 2783 2784 2783 2782 2785 2786 2787 2788 2786 2789 2787 2790 2791 2792 2791 2790 2793 2794 2795 2796 2794 2796 2797 2798 2799 2800 2798 2800 2801 2802 2803 2804 2802 2804 2805 2806 2807 2808 2806 2808 2809 2810 2811 2812 2811 2810 2813 2814 2815 2816 2815 2814 2817 2818 2819 2820 2819 2818 2821 2822 2823 2824 2824 2825 2822 2826 2827 2828 2827 2829 2828 2830 2831 2832 2831 2833 2832 2834 2835 2836 2835 2837 2836 2838 2839 2840 2841 2842 2843 2844 2845 2846 2846 2845 2847 2848 2849 2850 2849 2848 2851 2852 2853 2854 2853 2852 2855 2856 2857 2858 2857 2856 2859 2851 2860 2861 2860 2851 2862 2863 2864 2865 2865 2866 2863 2867 2868 2869 2868 2867 2870 2871 2872 2873 2873 2874 2871 2875 2876 2877 2878 2879 2880 2879 2878 2881 2882 2883 2884 2883 2882 2885 2886 2887 2888 2887 2886 2889 2890 2891 2892 2891 2890 2893 2894 2895 2896 2896 2897 2894 2898 2899 2900 2900 2901 2898 2902 2903 2904 2904 2905 2902 2906 2907 2908 2907 2906 2909 2910 2911 2912 2913 2914 2915 2916 2915 2914 2917 2918 2919 2919 2920 2917 2921 2922 2923 2922 2924 2923 2925 2926 2927 2925 2927 2928 2929 2930 2931 2930 2929 2932 2933 2934 2935 2934 2933 2936 2937 2938 2939 2940 2941 2942 2943 2944 2945 2946 2947 2948 2949 2950 2951 2952 2953 2954 2955 2956 2957 2958 2959 2960 2961 2962 2963 2963 2962 2964 2965 2966 2967 2965 2967 2968 2969 2970 2971 2972 2973 2974 2972 2974 2975 2976 2977 2978 2979 2980 2981 2982 2983 2984 2982 2984 2985 2986 2987 2988 2987 2989 2988 2990 2991 2992 2993 2994 2995 2996 2997 2998 2999 3000 3001 3002 3003 3004 3005 3006 3007 3005 3007 3008 3009 3010 3011 3009 3011 3012 3013 3014 3015 3013 3015 3016 3017 3018 3019 3018 3017 3020 3021 3022 3023 3022 3021 3024 3025 3026 3027 3026 3025 3028 3029 3030 3031 3030 3029 3032 3033 3034 3035 3034 3033 3036 3037 3038 3039 3038 3037 3040 3041 3042 3043 3042 3041 3044 3045 3046 3047 3046 3048 3047 3049 3050 3051 3052 3053 3054 3053 3052 3055 3056 3057 3058 3057 3056 3059 3060 3061 3062 3061 3060 3063 3064 3065 3066 3064 3066 3067 3068 3069 3070 3069 3068 3071 3072 3073 3074 3075 3076 3077 3076 3075 3078 3079 3080 3081 3080 3079 3082 3083 3084 3085 3086 3087 3088 3089 3090 3091 3090 3089 3092 3093 3094 3095 3094 3093 3096 3097 3098 3099 3098 3100 3099 3101 3102 3103 3101 3103 3104 3105 3106 3107 3106 3105 3108 3109 3110 3111 3110 3109 3112 3113 3114 3115 3114 3113 3116 3117 3118 3119 3117 3119 3120 3121 3122 3123 3123 3122 3124 3125 3126 3127 3127 3128 3125 3129 3130 3131 3130 3129 3132 3133 3134 3135 3136 3137 3138 3139 3140 3141 3142 3143 3144 3145 3146 3147 3148 3149 3150 3151 3152 3153 3151 3154 3152 3155 3156 3157 3158 3159 3160 3159 3161 3160 3162 3163 3164 3165 3166 3167 3168 3169 3170 3171 3172 3173 3174 3175 3176 3177 3178 3179 3180 3181 3182 3183 3184 3185 3184 3183 3186 3187 3188 3189 3188 3187 3190 3191 3192 3193 3192 3191 3194 3195 3196 3197 3196 3195 3198 3199 3200 3201 3200 3202 3201 3203 3204 3205 3206 3205 3204 3207 3208 3209 3208 3207 3210 3211 3212 3213 3212 3211 3214 3215 3216 3217 3218 3219 3220 3221 3222 3223 3224 3225 3226 3227 3228 3229 3227 3229 3230 3231 3232 3233 3231 3233 3234 3235 3236 3237 3238 3239 3240 3238 3240 3241 3241 3240 3242 3241 3242 3243 3244 3245 3246 3244 3246 3247 3248 3249 3250 3249 3248 3251 3249 3251 3252 3249 3252 3253 3254 3255 3256 3255 3254 3257 3258 3259 3260 3259 3261 3260 3262 3263 3264 3262 3264 3265 3266 3267 3268 3269 3268 3267 3270 3271 3272 3273 3271 3270 3270 3272 3274 3271 3273 3275 3276 3277 3278 3278 3277 3279 3280 3281 3282 3280 3282 3283 3284 3285 3286 3285 3284 3287 3288 3287 3284 3287 3288 3289 3288 3290 3289 3288 3291 3290 3292 3293 3294 3292 3294 3295 3296 3297 3298 3296 3298 3299 3300 3301 3302 3302 3301 3303 3304 3305 3306 3306 3305 3307 3305 3308 3307 3307 3308 3309 3310 3311 3312 3313 3312 3311 3314 3315 3316 3317 3316 3315 3318 3319 3320 3319 3318 3321 3322 3323 3324 3325 3326 3327 3325 3328 3326 3329 3309 3308 3308 3330 3329 3331 3332 3333 3332 3331 3334 3335 3336 3337 3338 3339 3340 3338 3340 3341 3342 3343 3344 3343 3342 3345 3346 3347 3348 3347 3346 3349 3346 3348 3350 3349 3351 3347 3346 3350 3352 3352 3350 3353 3347 3351 3354 3352 3353 3355 3355 3353 3356 3357 3358 3359 3358 3357 3360 3361 3362 3363 3362 3361 3364 3365 3366 3367 3365 3368 3366 3369 3370 3371 3370 3369 3372 3373 3374 3375 3374 3373 3376 3377 3378 3379 3378 3377 3380 3381 3382 3383 3381 3384 3382 3385 3386 3387 3388 3386 3385 3389 3390 3391 3390 3389 3392 3393 3394 3395 3394 3393 3396 3397 3398 3399 3398 3397 3400 3401 3402 3403 3402 3401 3404 3405 3406 3407 3407 3406 3408 3408 3406 3409 3409 3406 3410 3411 3412 3413 3411 3413 3414 3415 3416 3417 3416 3415 3418 3419 3420 3421 3420 3422 3421 3423 3424 3425 3424 3423 3426 3427 3428 3429 3428 3430 3429 3431 3432 3433 3432 3431 3434 3435 3434 3431 3434 3435 3436 3437 3438 3439 3437 3439 3440 3441 3442 3443 3442 3441 3444 3445 3446 3447 3446 3445 3448 3449 3448 3445 3448 3449 3450 3451 3452 3453 3452 3451 3454 3455 3456 3457 3458 3457 3456 3459 3460 3461 3460 3459 3462 3463 3464 3465 3464 3463 3466 3467 3468 3469 3468 3467 3470 3471 3472 3473 3473 3472 3474 3475 3476 3477 3475 3477 3478 3479 3477 3476 3477 3479 3480 3481 3482 3483 3481 3483 3484 3485 3486 3487 3488 3487 3486 3489 3490 3491 3490 3489 3492 3493 3494 3495 3494 3493 3496 3497 3498 3499 3497 3499 3500 3501 3444 3502 3444 3501 3503 3504 3505 3506 3507 3506 3505 3508 3509 3510 3509 3508 3511 3512 3511 3508 3511 3512 3513 3514 3515 3516 3517 3516 3515 3518 3519 3520 3519 3518 3521 3522 3523 3524 3522 3524 3525 3526 3527 3528 3527 3526 3529 3530 3531 3532 3530 3533 3531 3534 3535 3536 3535 3534 3537 3538 3539 3540 3538 3540 3541 3542 3543 3544 3543 3542 3545 3546 3547 3548 3546 3548 3549 3550 3551 3552 3551 3550 3553 3554 3555 3556 3557 3558 3559 3560 3559 3558 3561 3562 3563 3562 3561 3564 3565 3566 3567 3568 3569 3570 3570 3569 3571 3572 3573 3574 3573 3572 3575 3576 3577 3578 3577 3576 3579 3580 3581 3582 3581 3580 3583 3584 3585 3586 3585 3584 3587 3588 3589 3590 3589 3588 3591 3592 3593 3594 3593 3592 3595 3596 3597 3598 3598 3597 3599 3600 3601 3602 3601 3600 3603 3604 3605 3606 3605 3604 3607 3608 3609 3610 3609 3611 3610 3612 3613 3614 3615 3614 3613 3616 3617 3618 3617 3616 3619 3620 3621 3622 3620 3622 3623 3624 3625 3626 3625 3624 3627 3628 3629 3630 3629 3628 3631 3632 3633 3634 3633 3632 3635 3636 3637 3638 3637 3636 3639 3640 3641 3642 3642 3641 3643 3644 3645 3646 3645 3644 3647 3648 3649 3650 3649 3648 3651 3652 3653 3654 3654 3655 3652 3656 3657 3658 3657 3656 3659 3660 3661 3662 3661 3660 3663 3664 3665 3666 3664 3666 3667 3668 3669 3670 3669 3668 3671 3672 3673 3674 3672 3674 3675 3676 3677 3678 3676 3679 3677 3680 3681 3682 3682 3681 3683 3684 3685 3686 3686 3685 3687 3688 3689 3690 3689 3688 3691 3692 3693 3694 3693 3695 3694 3696 3697 3698 3697 3696 3699 3700 3701 3702 3701 3700 3703 3704 3705 3706 3704 3706 3707 3708 3709 3710 3708 3710 3711 3712 3713 3714 3713 3712 3715 3716 3717 3718 3717 3716 3719 3720 3721 3722 3721 3720 3723 3724 3725 3726 3725 3724 3727 3728 3729 3730 3729 3728 3731 3732 3733 3734 3733 3732 3735 3736 3737 3738 3737 3736 3739 3740 3741 3742 3741 3740 3743 3744 3745 3746 3745 3744 3747 3748 3749 3750 3750 3751 3748 3752 3753 3754 3753 3752 3755 3756 3757 3758 3757 3756 3759 3760 3761 3762 3761 3760 3763 3764 3765 3766 3766 3767 3764 3768 3769 3770 3768 3770 3771 3772 3773 3774 3773 3772 3775 3776 3777 3778 3777 3776 3779 3780 3781 3782 3783 3781 3780 3784 3785 3786 3785 3784 3787 3788 3789 3790 3790 3789 3791 3792 3793 3794 3794 3793 3795 3796 3797 3798 3797 3796 3799 3800 3801 3802 3803 3802 3801 3804 3805 3806 3805 3804 3807 3808 3809 3810 3809 3808 3811 3812 3813 3814 3813 3815 3814 3816 3817 3818 3817 3816 3819 3820 3821 3822 3821 3820 3823 3824 3825 3826 3824 3826 3827 3825 3828 3826 3829 3825 3824 3826 3830 3827 3831 3826 3828 3832 3825 3829 3830 3826 3833 3826 3834 3833 3834 3826 3831 3835 3836 3837 3837 3836 3838 3839 3840 3841 3840 3839 3842 3843 3844 3845 3844 3843 3846 3847 3848 3849 3849 3848 3850 3851 3852 3853 3853 3852 3854 3855 3856 3857 3856 3855 3858 3859 3860 3861 3860 3859 3862 3863 3864 3865 3864 3866 3865 3867 3868 3869 3870 3869 3868 3871 3872 3873 3873 3872 3874 3875 3876 3877 3877 3876 3878 3879 3880 3881 3881 3880 3882 3883 3884 3885 3885 3884 3886 3887 3888 3889 3888 3887 3890 3891 3892 3893 3892 3891 3894 3895 3896 3897 3897 3896 3898 3899 3900 3901 3901 3900 3902 3903 3904 3905 3905 3904 3906 3907 3908 3909 3910 3909 3908 3911 3912 3913 3914 3913 3912 3915 3916 3917 3916 3915 3918 3919 3920 3921 3920 3922 3921 3923 3924 3925 3924 3926 3925 3927 3928 3929 3928 3927 3930 3931 3932 3933 3932 3931 3934 3935 3936 3937 3936 3935 3938 3939 3940 3941 3940 3939 3942 3943 3944 3945 3945 3944 3946 3947 3948 3949 3949 3948 3950 3951 3952 3953 3952 3951 3954 3955 3956 3957 3956 3955 3958 3959 3960 3961 3962 3961 3960 3963 3964 3965 3964 3963 3966 3967 3968 3969 3969 3970 3967 3971 3972 3973 3971 3973 3974 3975 3976 3977 3978 3976 3975 3979 3980 3981 3980 3979 3982 3983 3984 3985 3984 3983 3986 3987 3985 3984 3985 3987 3988 3989 3990 3987 3990 3989 3991 3992 3993 3994 3993 3992 3995 3996 3997 3998 3997 3996 3999 4000 4001 4002 4001 4000 4003 4004 4001 4003 4003 3966 4004 4005 4006 4007 4006 4005 4008 4009 4010 4011 4011 4012 4009 4013 4014 4015 4014 4013 4016 4017 4018 4019 4018 4017 4020 4021 4022 4023 4022 4021 4024 4025 4026 4027 4026 4025 4028 4029 4030 4031 4030 4029 4032 4033 4034 4035 4034 4033 4036 4037 4038 4039 4040 4041 4042 4041 4043 4042 4044 4045 4046 4045 4044 4047 4048 4049 4050 4049 4048 4051 4052 4053 4054 4053 4055 4054 4056 4057 4058 4057 4056 4059 4060 4061 4062 4062 4063 4060 3832 4064 3825 4064 3828 3825 4065 4066 4067 4066 4065 4068 4069 4070 4071 4070 4069 4072 3833 4073 3838 3834 4073 3833 4074 4075 4076 4074 4076 4077 4078 4079 4080 4079 4078 4081 4082 4083 4084 4083 4082 4085 4086 4087 4088 4087 4086 4089 4090 4091 4092 4091 4090 4093 4094 4095 4096 4095 4094 4097 4098 4099 4100 4100 4099 4101 4102 4103 4104 4103 4102 4105 4106 4107 4108 4107 4106 4109 4110 4111 4112 4111 4113 4112 4114 4115 4116 4115 4117 4116 4118 4119 4120 4119 4118 4121 4122 4123 4124 4123 4122 4125 4126 4127 4128 4127 4126 4129 4130 4131 4132 4130 4132 4133 4134 4135 4136 4135 4134 4137 4138 4139 4140 4139 4138 4141 4142 4143 4144 4143 4142 4145 4146 4147 4148 4147 4146 4149 4150 4151 4152 4152 4151 4153 4154 4155 4156 4155 4154 4157 4158 4159 4160 4159 4158 4161 4162 4163 4164 4163 4162 4165 4166 4167 4168 4167 4169 4168 4170 4171 4172 4171 4170 4173 4174 4175 4176 4176 4175 4177 4178 4179 4180 4179 4178 4181 4182 4183 4184 4182 4184 4185 4186 4187 4188 4187 4186 4189 4190 4191 4192 4191 4190 4193 4194 4195 4196 4195 4194 4197 4198 4199 4200 4199 4198 4201 4202 4203 4204 4203 4202 4205 4206 4207 4208 4207 4206 4209 4210 4211 4212 4212 4211 4213 4214 4215 4216 4216 4215 4217 4218 4219 4220 4219 4218 4221 4222 4223 4224 4224 4223 4225 4226 4227 4228 4227 4226 4229 4230 4228 4227 4228 4230 4231 4232 4233 4234 4233 4232 4235 4236 4237 4238 4237 4236 4239 4240 4241 4242 4241 4240 4243 4244 4245 4246 4245 4244 4247 4248 4249 4250 4248 4250 4251 4252 4253 4254 4252 4254 4255 4253 4256 4257 4257 4256 4258 4259 4260 4261 4262 4260 4259 4259 4261 4263 4260 4262 4264 4265 4266 4267 4267 4266 4268 4269 4270 4271 4271 4272 4269 4273 4274 4275 4276 4275 4274 4274 4277 4276 4278 4276 4277 4279 4280 4281 4280 4279 4282 4283 4284 4285 4284 4283 4286 4287 4288 4289 4287 4289 4290 4291 4292 4293 4294 4293 4292 4295 4296 4297 4298 4297 4296 4296 4299 4298 4300 4298 4299 4301 4302 4303 4301 4303 4304 4305 4306 4307 4307 4306 4308 4309 4310 4311 4310 4309 4312 4313 4314 4315 4316 4317 4318 4316 4318 4319 4320 4321 4322 4322 4321 4323 4324 4325 4326 4325 4324 4327 4328 4329 4330 4331 4332 4333 4334 4332 4331 4335 4336 4337 4337 4336 4338 4339 4340 4341 4339 4341 4342 4343 4344 4345 4344 4343 4346 4347 4348 4349 4347 4349 4350 4351 4352 4353 4354 4353 4352 4340 4355 4356 4340 4356 4357 4358 4359 4357 4359 4358 4360 4359 4360 4361 4362 4363 4364 4363 4362 4365 4366 4367 4368 4369 4368 4367 4370 4371 4372 4373 4371 4370 4374 4375 4376 4377 4375 4374 4378 4379 4362 4379 4378 4380 4381 4382 4383 4384 4383 4382 4385 4386 4387 4387 4386 4388 4389 4390 4391 4390 4389 4392 4393 4394 4395 4394 4393 4396 4397 4398 4399 4397 4400 4398 4401 4402 4403 4402 4404 4403 4405 4406 4407 4406 4405 4408 4409 4410 4411 4410 4409 4412 4413 4414 4415 4413 4416 4414 4417 4418 4419 4417 4419 4420 4421 4422 4423 4422 4421 4424 4425 4426 4427 4425 4427 4428 4429 4430 4431 4431 4430 4432 4430 4433 4432 4432 4433 4434 4435 4436 4437 4435 4437 4438 4439 4440 4441 4440 4439 4442 4443 4444 4445 4444 4443 4446 4444 4447 4445 4447 4444 4448 4449 4450 4451 4451 4452 4449 4453 4451 4450 4454 4449 4452 4455 4456 4457 4455 4457 4458 4459 4460 4461 4460 4459 4462 4463 4464 4465 4464 4463 4466 4467 4468 4469 4470 4468 4467 4471 4472 4473 4473 4474 4471 4474 4475 4471 4471 4475 4476 4477 4478 4479 4478 4477 4480 4481 4482 4483 4483 4482 4484 4485 4486 4487 4487 4486 4488 4489 4490 4491 4490 4489 4492 4493 4494 4495 4494 4493 4496 4407 4406 4497 4498 4497 4406 4499 4500 4501 4500 4499 4502 4503 4504 4505 4506 4505 4504 4504 4507 4506 4508 4506 4507 4509 4510 4511 4511 4510 4512 4513 4514 4515 4513 4515 4516 4517 4518 4519 4518 4517 4520 4521 4522 4408 4522 4521 4523 4524 4525 4526 4525 4524 4527 4528 4529 4530 4529 4528 4531 4532 4533 4534 4533 4532 4535 4536 4537 4538 4537 4539 4538 4540 4541 4542 4540 4542 4543 4544 4545 4546 4545 4547 4546 4548 4549 4550 4551 4552 4553 4553 4552 4554 4555 4556 4557 4556 4555 4558 4559 4560 4561 4562 4563 4564 4564 4563 4565 4566 4567 4568 4568 4569 4566 4570 4571 4572 4571 4570 4573 4574 4575 4576 4575 4574 4577 4578 4579 4580 4580 4579 4581 4582 4583 4584 4583 4582 4585 4586 4587 4588 4587 4589 4588 4590 4591 4592 4591 4590 4593 4594 4595 4596 4595 4594 4597 4598 4599 4600 4598 4600 4601 4602 4603 4604 4603 4605 4604 4606 4607 4608 4607 4606 4609 4610 4611 4612 4611 4610 4613 4614 4615 4616 4615 4614 4617 4618 4619 4620 4619 4618 4621 4622 4623 4624 4623 4622 4625 4626 4627 4628 4627 4626 4629 4630 4631 4632 4632 4633 4630 4634 4635 4636 4635 4634 4637 4638 4639 4640 4639 4638 4641 4642 4643 4644 4642 4644 4645 4646 4647 4648 4647 4646 4649 4650 4651 4652 4651 4650 4653 4654 4655 4656 4654 4657 4655 4658 4659 4660 4659 4658 4661 4662 4663 4664 4662 4664 4665 4666 4667 4668 4668 4667 4669 4670 4671 4672 4671 4670 4673 4674 4675 4676 4676 4677 4674 4678 4679 4680 4679 4678 4681 4682 4683 4684 4682 4684 4685 4686 4687 4688 4687 4686 4689 4690 4691 4692 4691 4690 4693 4694 4695 4696 4695 4694 4697 4698 4699 4700 4699 4698 4701 4702 4703 4704 4703 4702 4705 4706 4707 4708 4708 4707 4709 4710 4711 4712 4711 4710 4713 4714 4715 4716 4715 4714 4717 4718 4719 4720 4719 4721 4720 4722 4723 4724 4723 4722 4725 4726 4727 4728 4728 4729 4726 4730 4731 4732 4731 4730 4733 4734 4735 4736 4735 4734 4737 4738 4739 4740 4739 4738 4741 4742 4743 4744 4744 4745 4742 4746 4747 4748 4747 4746 4749 4750 4751 4752 4751 4750 4753 4754 4755 4756 4755 4754 4757 4758 4759 4760 4760 4761 4758 4762 4763 4764 4763 4762 4765 4766 4767 4768 4767 4766 4769 4770 4771 4772 4772 4771 4773 4774 4775 4776 4775 4774 4777 4778 4779 4780 4781 4780 4779 4782 4783 4784 4783 4782 4785 4786 4787 4788 4787 4786 4789 4790 4791 4792 4791 4793 4792 4794 4795 4796 4795 4794 4797 4798 4799 4800 4799 4798 4801 4802 4803 4804 4803 4802 4805 4806 4807 4808 4809 4807 4806 4810 4811 4812 4811 4810 4813 4814 4815 4816 4816 4815 4817 4818 4819 4820 4818 4820 4821 4820 4822 4821 4822 4820 4823 4824 4825 4826 4827 4828 4829 4830 4826 4825 4829 4828 4831 4832 4833 4834 4833 4832 4835 4836 4837 4838 4838 4837 4839 4840 4841 4842 4841 4840 4843 4844 4845 4846 4847 4846 4845 4848 4849 4850 4849 4851 4850 4852 4853 4854 4853 4852 4855 4856 4857 4858 4857 4856 4859 4860 4861 4862 4862 4863 4860 4864 4865 4866 4865 4864 4867 4868 4869 4870 4870 4869 4871 4872 4873 4874 4873 4872 4875 4876 4877 4878 4877 4876 4879 4880 4881 4882 4881 4880 4883 4884 4885 4886 4886 4885 4887 4888 4889 4890 4890 4889 4891 4892 4893 4894 4895 4894 4893 4896 4897 4898 4899 4898 4897 4900 4901 4902 4903 4902 4901 4904 4905 4906 4907 4906 4905 4908 4909 4910 4910 4909 4911 4912 4913 4914 4914 4913 4915 4916 4917 4918 4917 4916 4919 4920 4921 4922 4921 4920 4923 4924 4925 4926 4925 4924 4927 4928 4929 4930 4929 4928 4931 4932 4933 4934 4934 4933 4935 4936 4937 4938 4937 4936 4939 4940 4941 4942 4943 4942 4941 4944 4945 4946 4947 4946 4945 4948 4949 4950 4949 4948 4951 4952 4953 4954 4953 4952 4955 4956 4957 4958 4957 4959 4958 4960 4961 4962 4961 4960 4963 4964 4965 4966 4965 4964 4967 4968 4969 4970 4970 4971 4968 4972 4973 4974 4973 4972 4975 4976 4977 4978 4977 4976 4979 4980 4981 4982 4981 4980 4983 4984 4985 4986 4985 4984 4987 4988 4989 4990 4989 4988 4991 4992 4993 4994 4993 4992 4995 4996 4997 4998 4997 4996 4999 5000 5001 4999 5001 5000 5002 5003 5004 5005 5004 5003 5006 4964 5007 5008 5008 4967 4964 5009 5010 5011 5010 5009 5012 5013 5014 5015 5014 5013 5016 5017 5018 5019 5018 5017 5020 5021 5022 5023 5022 5021 5024 5025 5026 5027 5026 5025 5028 5029 5030 5031 5030 5029 5032 5033 5034 5035 5035 5034 5036 5037 5038 5039 5039 5038 5040 5041 5042 5043 5044 5045 5046 5045 5044 5047 5048 5049 5050 5049 5048 5051 5052 5053 5054 5053 5052 5055 5056 5057 5058 5057 5056 5059 5060 5061 5062 5061 5060 5063 5064 5065 5066 5066 5065 5067 5068 5069 5070 5069 5071 5070 5072 5073 5074 5073 5072 5075 5076 5077 5078 5078 5077 5079 5077 5080 5081 5081 5080 5082 5083 5084 5085 5084 5083 5086 5087 5088 5089 5088 5087 5090 5091 5092 5093 5093 5092 5094 5095 5096 5097 5096 5095 5098 5099 5100 5101 5100 5099 5102 5103 5104 5105 5104 5106 5105 5107 5108 5109 5108 5110 5109 5111 5112 5113 5112 5111 5114 5115 5116 5117 5115 5117 5118 5119 5120 5121 5119 5121 5122 5123 5124 5125 5124 5123 5126 5127 5128 5129 5128 5127 5130 5131 5132 5133 5132 5131 5134 5135 5136 5137 5136 5135 5138 5139 5140 5141 5140 5139 5142 5143 5144 5145 5145 5144 5146 5147 5148 5149 5149 5148 5150 5151 5152 5153 5152 5151 5154 5155 5156 5157 5156 5158 5157 5159 5160 5161 5160 5162 5161 5163 5164 5165 5164 5163 5166 5167 5168 5169 5167 5169 5170 5171 5172 5173 5171 5173 5174 5175 5176 5177 5176 5175 5178 5179 5180 5181 5180 5179 5182 5183 5184 5185 5184 5183 5186 5187 5188 5189 5187 5189 5190 5191 5192 5193 5193 5192 5194 5195 5196 5197 5196 5195 5198 5199 5200 5201 5200 5199 5202 5203 5204 5205 5206 5205 5204 5207 5208 5209 5208 5207 5210 5211 5212 5213 5212 5211 5214 5215 5216 5217 5216 5215 5218 5219 5220 5221 5220 5219 5222 5223 5224 5225 5225 5224 5226 5227 5228 5229 5228 5227 5230 5231 5232 5233 5232 5234 5233 5235 5236 5237 5236 5238 5237 5239 5240 5241 5240 5242 5241 5243 5244 5245 5243 5245 5246 5247 5248 5244 5247 5244 5249 5250 5251 5252 5251 5250 5253 5254 5255 5256 5255 5254 5257 5258 5259 5260 5260 5259 5261 5262 5263 5264 5262 5264 5265 5266 5267 5268 5266 5268 5269 5268 5270 5269 5270 5268 5271 5272 5273 5274 5272 5274 5275 5276 5277 5278 5276 5278 5279 5280 5281 5282 5281 5280 5283 5284 5285 5286 5287 5284 5286 5288 5284 5287 5286 5285 5289 5287 5290 5288 5290 5287 5291 5292 5293 5294 5293 5292 5295 5296 5297 5298 5297 5296 5299 5300 5301 5302 5300 5302 5303 5304 5305 5306 5305 5304 5307 5308 5307 5304 5307 5308 5309 5308 5310 5309 5308 5311 5310 5312 5313 5314 5314 5313 5315 5316 5317 5318 5318 5317 5319 5320 5321 5322 5323 5324 5325 5323 5326 5324 5327 5328 5329 5328 5327 5330 5331 5332 5333 5332 5331 5334 5335 5336 5337 5338 5339 5340 5338 5340 5341 5342 5343 5344 5344 5343 5345 5346 5347 5348 5347 5346 5349 5350 5351 5352 5351 5350 5353 5247 5354 5248 5354 5247 5355 5356 5357 5358 5358 5357 5359 5360 5361 5362 5361 5360 5363 5364 5365 5366 5365 5364 5367 5368 5369 5370 5368 5370 5371 5372 5373 5374 5374 5373 5375 5376 5377 5378 5377 5376 5379 5380 5381 5382 5383 5382 5381 5384 5385 5386 5384 5386 5387 5388 5389 5390 5390 5389 5391 5392 5393 5394 5395 5396 5397 5398 5397 5396 5399 5400 5401 5400 5399 5402 5403 5404 5405 5405 5404 5406 5407 5408 5409 5409 5410 5407 5411 5412 5413 5412 5411 5414 5415 5416 5417 5416 5415 5418 5419 5420 5421 5420 5419 5422 5423 5424 5425 5424 5426 5425 5427 5428 5429 5430 5429 5428 5431 5432 5433 5432 5431 5434 5435 5436 5437 5438 5436 5435 5439 5440 5441 5441 5440 5442 5443 5444 5445 5445 5444 5446 5447 5448 5449 5449 5448 5450 5451 5452 5453 5452 5451 5454 5455 5456 5457 5457 5456 5458 5459 5460 5461 5460 5459 5462 5463 5464 5465 5465 5464 5466 5467 5468 5469 5468 5467 5470 5471 5472 5473 5472 5471 5474 5475 5476 5477 5476 5475 5478 5479 5449 5450 5449 5479 5480 5481 5482 5483 5482 5481 5484 5485 5486 5487 5486 5485 5488 5489 5490 5491 5489 5491 5492 5493 5494 5495 5495 5494 5496 5497 5498 5499 5498 5497 5500 5501 5502 5503 5502 5501 5504 5505 5506 5507 5506 5505 5508 5509 5448 5447 5448 5509 5510 5270 5271 5511 5270 5511 5512 5513 5514 5515 5515 5514 5516 5517 5518 5519 5520 5517 5519 5519 5518 5521 5522 5517 5520 5523 5524 5525 5524 5523 5526 5527 5528 5529 5528 5527 5530 5531 5532 5533 5533 5534 5531 5535 5536 5266 5535 5537 5536 5538 5539 5540 5540 5539 5541 5542 5543 5544 5543 5542 5545 5546 5547 5548 5548 5549 5546 5550 5551 5552 5551 5550 5553 5554 5555 5556 5554 5556 5557 5558 5559 5560 5558 5560 5561 5562 5563 5564 5565 5566 5567 5566 5565 5568 5569 5570 5571 5570 5569 5572 5573 5574 5575 5576 5577 5578 5577 5579 5578 5580 5581 5582 5581 5580 5583 5584 5585 5586 5585 5584 5587 5588 5589 5590 5589 5588 5591 5592 5593 5594 5593 5592 5595 5596 5597 5598 5596 5598 5599 5600 5601 5602 5601 5603 5602 5604 5605 5606 5605 5604 5607 5608 5609 5610 5609 5608 5611 5612 5613 5614 5613 5612 5615 5616 5617 5618 5617 5616 5619 5620 5621 5622 5622 5621 5623 5624 5625 5626 5626 5625 5627 5628 5629 5630 5629 5628 5631 5632 5633 5634 5633 5635 5634 5636 5637 5638 5637 5636 5639 5640 5641 5642 5640 5642 5643 5644 5645 5646 5645 5644 5647 5648 5649 5650 5649 5648 5651 5652 5653 5654 5652 5655 5653 5656 5657 5658 5657 5656 5659 5660 5661 5662 5661 5660 5663 5664 5665 5666 5666 5665 5667 5668 5669 5670 5669 5668 5671 5672 5673 5674 5673 5672 5675 5676 5677 5678 5678 5679 5676 5680 5681 5682 5681 5680 5683 5684 5685 5686 5684 5686 5687 5688 5689 5690 5689 5688 5691 5692 5693 5694 5693 5692 5695 5696 5697 5698 5697 5696 5699 5700 5701 5702 5701 5700 5703 5704 5705 5706 5706 5705 5707 5708 5709 5710 5709 5708 5711 5712 5713 5714 5713 5712 5715 5716 5717 5718 5717 5719 5718 5720 5721 5722 5721 5720 5723 5724 5725 5726 5725 5724 5727 5728 5729 5730 5728 5730 5731 5732 5733 5734 5733 5732 5735 5736 5737 5738 5737 5736 5739 5740 5741 5742 5742 5743 5740 5744 5745 5746 5745 5744 5747 5748 5749 5750 5749 5748 5751 5752 5753 5754 5753 5752 5755 5756 5757 5758 5758 5759 5756 5760 5761 5762 5761 5760 5763 5764 5765 5766 5765 5764 5767 5768 5769 5770 5769 5768 5771 5772 5773 5774 5774 5775 5772 5776 5777 5778 5777 5776 5779 5780 5781 5782 5781 5780 5783 5784 5785 5786 5785 5784 5787 5788 5789 5790 5789 5791 5790 5792 5793 5794 5795 5794 5793 5796 5797 5798 5797 5796 5799 5800 5801 5802 5801 5800 5803 5804 5805 5806 5807 5805 5804 5808 5809 5810 5809 5808 5811 5812 5813 5814 5814 5813 5815 5816 5817 5818 5817 5816 5819 5820 5821 5822 5821 5820 5823 5824 5825 5826 5827 5826 5825 5828 5829 5830 5829 5828 5831 5832 5833 5834 5832 5834 5835 5833 5836 5834 5834 5837 5835 5838 5834 5836 5837 5834 5839 5834 5840 5839 5838 5840 5834 5841 5842 5843 5844 5845 5846 5843 5842 5847 5848 5844 5846 5849 5850 5851 5850 5852 5851 5853 5854 5855 5855 5856 5853 5857 5858 5859 5858 5857 5860 5861 5862 5863 5862 5861 5864 5865 5866 5867 5866 5865 5868 5869 5870 5871 5870 5869 5872 5873 5874 5875 5875 5874 5876 5877 5878 5879 5878 5877 5880 5881 5882 5883 5882 5881 5884 5885 5886 5887 5887 5886 5888 5889 5890 5891 5892 5891 5890 5893 5894 5895 5896 5895 5894 5897 5898 5899 5899 5898 5900 5901 5902 5903 5903 5902 5904 5905 5906 5907 5907 5906 5908 5909 5910 5911 5910 5909 5912 5913 5914 5915 5914 5913 5916 5917 5918 5919 5918 5917 5920 5921 5922 5923 5922 5921 5924 5925 5926 5927 5927 5926 5928 5929 5930 5931 5930 5929 5932 5933 5934 5935 5936 5935 5934 5937 5938 5939 5940 5939 5938 5941 5942 5943 5942 5941 5944 5945 5946 5947 5946 5948 5947 5949 5950 5951 5950 5952 5951 5953 5954 5955 5954 5953 5956 5957 5958 5959 5958 5957 5960 5961 5962 5963 5962 5961 5964 5965 5966 5967 5966 5965 5968 5969 5970 5971 5970 5969 5972 5973 5974 5975 5974 5973 5976 5977 5978 5979 5979 5980 5977 5981 5982 5980 5982 5981 5983 5984 5985 5986 5985 5984 5987 5988 5989 5990 5989 5988 5991 5992 5993 5991 5993 5992 5994 5995 5996 5997 5996 5995 5998 5999 5997 5996 5997 5999 6000 6001 6000 5999 6000 6001 6002 6001 6003 6002 6003 6001 6004 6004 6005 6003 6005 6004 6006 6007 6008 6009 6009 6010 6007 6011 6012 6013 6013 6012 6014 6015 6016 6017 6015 6017 6018 6019 6020 6021 6020 6019 6022 6023 6024 6025 6023 6025 6026 6027 6028 6029 6029 6030 6027 6031 6032 6033 6032 6031 6034 6035 6036 6037 6036 6035 6038 6039 6040 6041 6042 6041 6040 6043 6044 6045 6046 6047 6048 6047 6046 6049 6050 6051 6052 6051 6050 6053 6054 6055 6056 6056 6055 6057 6058 6059 6060 6061 6059 6058 6062 6063 6064 6063 6065 6064 6066 6067 5832 6068 6067 6066 6069 6070 6071 6070 6069 6072 6073 6074 6075 6074 6073 6076 6077 6078 6079 6078 6077 6080 6081 6082 6083 6083 6082 6084 6085 6086 6087 6086 6085 6088 6089 6090 6091 6090 6092 6091 6093 6094 6095 6094 6096 6095 6097 6098 6099 6098 6097 6100 6101 6102 6103 6101 6103 6104 6105 6106 6107 6106 6105 6108 6109 6110 6111 6110 6109 6112 6113 6114 6115 6114 6113 6116 6117 6118 6119 6118 6117 6120 6121 6122 6123 6122 6121 6124 6125 6126 6127 6127 6126 6128 6129 6130 6131 6130 6129 6132 6133 6134 6135 6135 6134 6136 6137 6138 6139 6138 6137 6140 6141 6142 6143 6142 6141 6144 6145 6146 6147 6146 6148 6147 6149 6150 6151 6150 6149 6152 6153 6154 6155 6153 6155 6156 6157 6158 6159 6157 6159 6160 6161 6162 6163 6162 6161 6164 6165 6166 6167 6166 6165 6168 6169 6170 6171 6170 6169 6172 6173 6174 6175 6174 6173 6176 6177 6178 6179 6179 6178 6180 6181 6182 6183 6181 6183 6184 6185 6186 6187 6186 6185 6188 6189 6190 6191 6189 6191 6192 6193 6194 6195 6193 6196 6194 6197 6198 6199 6199 6198 6200 6201 6202 6203 6203 6202 6204 6205 6206 6207 6206 6205 6208 6209 6210 6211 6212 6211 6210 6213 6214 6215 6214 6213 6216 6217 6218 6219 6220 6219 6218 6221 6222 6223 6222 6221 6224 6225 6226 6227 6228 6227 6226 6229 6230 6231 6230 6229 6232 6233 6234 6235 6234 6233 6236 6237 6238 6239 6238 6240 6239 6241 6242 6243 6241 6243 6244 6245 6246 6247 6245 6247 6248 6249 6250 6251 6250 6249 6252 6253 6254 6255 6253 6255 6256 6257 6258 6259 6257 6259 6260 6261 6262 6263 6261 6263 6264 6265 6266 6267 6265 6267 6268 6269 6270 6271 6270 6269 6272 6273 6274 6275 6273 6275 6276 6277 6278 6279 6279 6278 6280 6281 6282 6283 6283 6282 6284 6285 6286 6287 6285 6287 6288 6289 6290 6291 6289 6291 6292 6293 6294 6295 6293 6295 6296 6297 6298 6299 6298 6297 6300 6301 6302 6303 6302 6301 6304 6305 6306 6307 6307 6308 6305 6309 6310 6311 6309 6311 6312 6313 6314 6315 6314 6313 6316 6317 6318 6319 6317 6319 6320 6321 6322 6323 6321 6323 6324 6325 6326 6327 6326 6325 6328 6329 6330 6331 6330 6329 6332 6333 6334 6335 6334 6333 6336 6337 6338 6339 6338 6337 6340 6341 6342 6343 6341 6343 6344 6345 6346 6347 6346 6348 6347 6349 6350 6351 6350 6349 6352 6353 6354 6355 6355 6356 6353 6357 6358 6359 6359 6358 6360 6361 6362 6363 6362 6361 6364 6365 6366 6367 6366 6365 6368 6369 6370 6371 6371 6370 6372 6373 6374 6375 6373 6375 6376 6377 6378 6379 6377 6380 6378 6381 6382 6383 6384 6383 6382 6385 6386 6387 6386 6385 6388 6389 6390 6391 6392 6393 6394 6395 6396 6397 6395 6397 6398 6399 6400 6401 6399 6401 6402 6403 6404 6405 6403 6405 6406 6407 6408 6409 6407 6409 6410 6411 6412 6413 6412 6411 6414 6415 6416 6417 6415 6417 6418 6403 6419 6404 6419 6403 6420 6421 6422 6423 6421 6423 6424 6425 6426 6413 6426 6425 6427 6428 6429 6430 6430 6429 6431 6432 6433 6434 6432 6435 6433 6432 6434 6436 6435 6432 6437 6435 6437 6438 6435 6438 6439 6440 6441 6442 6440 6442 6443 6444 6445 6446 6446 6447 6444 6448 6449 6450 6449 6448 6451 6452 6453 6454 6454 6455 6452 6456 6457 6458 6457 6456 6459 6460 6461 6462 6461 6460 6463 6464 6465 6466 6464 6466 6467 6468 6469 6470 6469 6468 6471 6472 6473 6474 6473 6472 6475 6472 6474 6476 6473 6475 6477 6475 6478 6477 6478 6475 6479 6480 4 6 6480 6481 4 1660 9 8 6482 12 11 19 18 6483 6484 6485 6486 6486 6485 6487 6488 6489 6490 6488 6490 6491 36 6492 34 6493 6494 6495 6494 6493 6496 62 61 6497 68 67 6498 6499 74 6500 75 74 6499 6499 6500 6501 388 387 6502 6503 6504 6505 6503 6505 6506 391 390 6507 398 397 6508 6509 6510 6511 6511 6512 6509 401 400 6513 404 403 6514 467 466 6515 474 473 6516 6517 478 477 483 482 6518 6519 6520 6521 6519 6521 6522 616 615 6523 6524 6525 6526 6527 6526 6525 6528 6529 6530 6530 6529 6531 6532 6533 6534 6533 6532 6535 6536 6537 6538 6537 6536 6539 6540 6541 6542 6541 6543 6542 6544 6545 6546 6545 6544 6547 6548 6549 6550 6550 6551 6548 6552 6553 6554 6553 6552 6555 980 979 6556 987 986 989 990 989 991 992 991 6557 6558 6559 6560 6560 6561 6558 994 993 6562 6563 6564 6565 6564 6563 6566 997 996 6567 6568 6569 6570 6569 6568 6571 1000 999 6572 1007 1006 6573 6574 6575 6576 6575 6574 6577 6578 1148 1147 1151 1150 6579 6580 6581 6582 6580 6582 6583 1162 1161 6584 1170 1169 6585 6586 6587 6588 6587 6586 6589 6590 6591 6592 6590 6592 6593 6594 6595 6596 6594 6596 6597 6598 6599 6600 6598 6600 6601 6602 6603 6604 6602 6604 6605 1192 1191 1160 6606 6607 6608 6606 6608 6609 1195 1194 6610 1281 6611 1279 1296 6612 1294 6613 6614 6615 6615 6616 6613 1298 1297 6617 1441 1440 6618 1456 1455 6619 6620 6621 6622 6621 6623 6622 6624 6625 6626 6625 6627 6626 6628 6629 6630 6629 6631 6630 6632 6633 6634 6634 6633 6635 6636 6637 6638 6637 6636 6639 6640 6641 6642 6640 6642 6643 6644 6645 6646 6644 6646 6647 6648 6649 6650 6648 6650 6651 6652 6653 6654 6654 6653 6655 6656 6657 6658 6657 6656 6659 6660 6661 6662 6661 6660 6663 6664 6665 6666 6665 6664 6667 6668 6669 6670 6669 6668 6671 6672 6673 6674 6674 6675 6672 6676 6677 6678 6678 6677 6679 6680 6681 6682 6681 6680 6683 6684 6685 6686 6685 6684 6687 6688 6689 6690 6689 6688 6691 6692 6693 6694 6693 6692 6695 6696 6697 6698 6698 6699 6696 6700 6701 6702 6700 6702 6703 1523 1522 6704 1526 1525 6705 1529 1528 6706 1596 1595 6707 1599 1598 6708 1602 1601 6709 6710 1606 1605 6711 1609 1608 1611 1610 6712 1614 1613 6713 1617 1616 6714 6715 6716 6717 6715 6717 6718 6719 6720 6721 6721 6722 6719 6723 1660 6724 6723 6724 6725 6726 6727 16 6728 6729 6730 6728 6730 6731 16 1657 1656 6732 1723 1722 6733 6734 6735 6733 6735 6736 6737 6738 6739 6738 6737 6740 6741 6742 6743 6742 6741 6744 6745 6746 6747 6746 6745 6748 6749 6750 6751 6750 6749 6752 6753 6754 6755 6754 6753 6756 6757 6758 6759 6758 6757 6760 6761 6762 6763 6764 6763 6762 6765 6766 6767 6766 6765 6768 6769 6770 6771 6771 6772 6769 6773 6774 6775 6774 6776 6775 6777 6778 6779 6778 6777 6780 6781 6782 6783 6782 6781 6784 6785 6786 6787 6785 6787 6788 6789 6790 6791 6791 6790 6792 6793 6794 6795 6794 6793 6796 6797 6798 6799 6797 6800 6798 6801 6802 6803 6802 6801 6804 6805 6806 6807 6808 6809 6810 6811 6812 6813 6814 6815 6816 6817 6818 6819 6818 6817 6820 6821 6822 6823 6824 6825 6826 6824 6826 6827 6828 6829 6830 6830 6829 6831 6832 6833 6834 6833 6832 6835 6836 6837 6838 6838 6839 6836 6840 6841 6842 6840 6842 6843 6844 6845 6846 6846 6847 6844 6848 6849 6850 6848 6850 6851 6852 6853 6854 6853 6852 6855 6856 6857 6858 6857 6856 6859 6860 6861 6862 6861 6860 6863 6864 6865 6866 6865 6864 6867 6868 6869 6870 6869 6868 6871 6872 6873 6874 6873 6872 6875 6876 6877 6878 6878 6879 6876 6880 6881 6882 6881 6880 6883 6884 6885 6886 6885 6884 6887 6888 6889 6890 6889 6888 6891 6892 6893 6894 6894 6893 6895 6896 6897 6898 6898 6897 6899 6900 6901 6902 6901 6900 6903 6904 6905 6906 6904 6907 6905 6908 6909 6910 6910 6909 6911 6912 6913 6914 6914 6915 6912 6916 6917 6918 6917 6919 6918 6920 6921 6922 6920 6922 6923 2876 2875 6924 6925 6926 6927 6926 6925 6928 6929 6930 6931 6930 6929 6932 6933 6934 6935 6933 6935 6936 6937 6938 6939 6939 6940 6937 6941 6942 6943 6941 6943 6944 6945 6946 6947 6945 6947 6948 6949 6950 6951 6950 6949 6952 6953 6954 6955 6954 6953 6956 6957 6958 6959 6959 6958 6960 6961 6962 6963 6962 6964 6963 6965 6966 6967 6965 6967 6968 6969 6970 6971 6970 6969 6972 6973 6974 6975 6974 6973 6976 6977 6978 6979 6978 6977 6980 6981 6982 6983 6984 6983 6982 6985 6986 6987 6986 6985 6988 6989 2912 2911 2938 2937 6990 6991 6992 6993 6991 6994 6992 2942 6995 2940 2945 6996 2943 2948 6997 2946 2950 2949 6998 2953 2952 6999 2956 2955 7000 2959 2958 7001 2970 2969 7002 7003 2978 2977 7004 2981 2980 7005 7006 7007 7007 7006 7008 7009 7010 7011 7010 7009 7012 7013 7014 7015 7016 7017 7018 7019 7020 7021 7021 7020 7022 7023 7024 7025 7024 7023 7026 2992 7027 2990 2994 2993 7028 2997 2996 7029 3000 2999 7030 3003 3002 7031 7032 7033 7034 7033 7032 7035 7036 7037 7038 7037 7036 7039 7040 7041 7042 7042 7043 7040 7044 7045 7046 7045 7044 7047 7048 7049 7050 7051 7050 7049 7052 7053 7054 7053 7055 7054 7056 7057 7058 7057 7056 7059 7060 7061 7062 7063 7062 7061 7064 7065 7066 7067 7068 7069 7068 7067 7070 7071 7072 7073 7072 7071 7074 7075 7076 7077 7076 7075 7078 7079 7080 7081 7080 7079 7082 7083 7084 7085 7084 7083 7086 7087 7088 7089 7090 7091 7092 7091 7090 7093 7094 7095 7096 7095 7094 7097 7098 7099 7100 7099 7098 7101 7102 7103 7104 7103 7102 7105 7106 7107 7108 7106 7109 7107 7110 7111 7112 7110 7113 7111 7114 7115 7116 7114 7117 7115 7118 7119 7120 7119 7121 7120 7122 7123 7124 7124 7123 7125 3134 3133 7126 3138 7127 3136 3140 3139 7128 3143 3142 7129 7130 7131 7132 7130 7132 7133 7134 3147 3146 7135 7136 7137 7137 7136 7138 7139 7140 7141 7140 7142 7141 7143 7144 7145 7145 7144 7146 7147 7148 7149 7150 7151 7152 7153 7154 7155 7154 7153 7156 7157 7158 7159 7158 7157 7160 7161 7162 7163 7161 7163 7164 7165 7166 7167 3149 3148 7168 3156 3155 7169 7170 3163 3162 7171 7172 7173 7172 7174 7173 3170 3169 7175 3172 3171 7176 3175 3174 7177 7178 7179 7180 7178 7181 7179 3178 3177 7182 3181 3180 7183 7184 7185 7186 7184 7186 7187 7188 7189 7190 7188 7190 7191 7192 7193 7194 7192 7194 7195 7196 7197 7198 7199 7200 7201 7202 7203 7204 7205 7206 7207 7208 7209 7210 7211 7212 7213 7214 7215 7216 7216 7215 7217 6390 6389 7218 7219 7220 7221 7220 7219 7222 7223 7224 7225 7226 7227 7228 7229 7230 7231 7231 7232 7229 7233 7234 7235 7235 7236 7233 7237 7238 7239 7237 7239 7240 7241 7242 7243 7244 7245 7246 7247 7248 7249 7248 7247 7250 7251 7252 7253 7251 7253 7254 6806 6805 7255 6809 6808 7256 6812 6811 7257 7258 7259 7260 7259 7258 7261 7262 7263 7264 7263 7265 7264 7266 7267 7268 7267 7269 7268 7270 7271 7272 7271 7273 7272 7274 7275 7276 7275 7274 7277 7278 7279 7280 7279 7278 7281 6815 6814 7282 7283 7284 7285 7284 7286 7285 7287 7288 7289 7288 7287 7290 7291 7292 7293 7292 7291 7294 7295 7296 7297 7296 7295 7298 6822 6821 7299 7197 7196 7300 7200 7199 7301 7203 7202 7302 7206 7205 7303 7210 7304 7208 7212 7211 7305 7306 7307 7308 7307 7306 7309 7310 7311 7312 7311 7310 7313 7314 7315 7316 7315 7317 7316 7318 7319 7320 7319 7318 7321 7322 7323 7324 7324 7323 7325 7326 7327 7328 7328 7327 7329 7330 7331 7332 7332 7333 7330 7334 7335 7336 7335 7334 7337 3216 3215 7338 3219 3218 7339 3223 7340 3221 3226 7341 3224 7342 3237 3236 7343 7344 7345 7345 7344 7346 7347 7348 7349 7347 7349 7350 7351 7352 7353 7352 7351 7354 7355 7356 7357 7356 7355 7358 7359 7360 7361 7359 7361 7362 7363 7364 7365 7366 7367 7368 7228 7369 7226 7370 7243 7242 7371 7372 7373 7373 7372 7374 7375 7376 7377 7377 7376 7378 7245 7244 7379</p>
        </triangles>
      </mesh>
    </geometry>
  </library_geometries>
  <library_controllers>
    <controller id="Controller">
      <skin source="#Geometry">
        <bind_shape_matrix>1 0 0 0 0 1 0 0 0 0 1 0 0 0 0 1</bind_shape_matrix>
        <source id="Controller-joints">
          <Name_array id="Controller-joints-array" count="34">Bone_000 Bone_001 Bone_002 Bone_003 Bone_004 Bone_005 Bone_006 Bone_007 Bone_008 Bone_009 Bone_010 Bone_011 Bone_012 Bone_013 Bone_014 Bone_015 Bone_016 Bone_017 Bone_018 Bone_019 Bone_020 Bone_021 Bone_022 Bone_023 Bone_024 Bone_025 Bone_026 Bone_027 Bone_028 Bone_029 Bone_030 Bone_031 Bone_032 drenkendship_DrenkendShip_Armature</Name_array>
          <technique_common>
            <accessor source="#Controller-joints-array" count="34" stride="1">
              <param name="JOINT" type="Name"/>
            </accessor>
          </technique_common>
        </source>
        <source id="Controller-bind_poses">
          <float_array id="Controller-bind_poses-array" count="544">0.01 0 0 0 0 0 -0.01 0 0 0.01 0 0 0 0 0 1 0.01 0 0 0 0 0.008799 -0.004751 0 0 0.004751 0.008799 0 0 0 0 1 -0.001866 0 0.009824 0.526274 0.009824 0.000044 0.001866 0.095522 -0.000044 0.009999 -0.000008 -0.992448 0 0 0 1 0.01 0 0 0.000001 0 0 -0.01 1.00946 0 0.01 0 -1.28268 0 0 0 1 -0.009715 0 0.002369 0.493073 0.002341 -0.001542 0.009598 -1.01433 0.000365 0.00988 0.001498 -1.01892 0 0 0 1 -0.01 0 0 1.04926 0 0 0.01 -2.2209 0 0.01 0 -0.655673 0 0 0 1 -0.00866 0.005 0 0.580851 0 0 0.01 -2.42316 0.005 0.00866 0 -1.09246 0 0 0 1 -0.009999 0 0.00011 -0.011172 0.000106 0.002737 0.009617 -1.55833 -0.00003 0.009618 -0.002737 -1.78789 0 0 0 1 -0.01 0 0 0.013407 0 0 0.01 -2.2209 0 0.01 0 -2.49098 0 0 0 1 -0.01 0 0 0.013407 0 0 0.01 -2.36523 0 0.01 0 -2.49098 0 0 0 1 0.00963 0 0.002693 0.45403 -0.002659 -0.001585 0.009508 -1.02554 0.000426 -0.009873 -0.001526 1.02582 0 0 0 1 -0.01 0 0 -1.09256 0 0 0.01 -2.2209 0 0.01 0 -0.648363 0 0 0 1 -0.00866 -0.005 0 -0.622004 0 0 0.01 -2.40474 -0.005 0.00866 0 -1.10778 0 0 0 1 0.00305 0 0.009523 0.510153 0.007791 -0.00575 -0.002495 -0.963801 0.005476 0.008181 -0.001754 -0.905548 0 0 0 1 -0.004458 0 0.00895 0.479487 0.00829 -0.003768 0.00413 -0.811146 0.003373 0.009262 0.00168 -0.828844 0 0 0 1 0.000748 0 0.009971 0.534183 0.009767 -0.002015 -0.000733 -1.03302 0.002009 0.009794 -0.00015 -0.979734 0 0 0 1 -0.004196 0 0.009076 0.48623 0.008998 -0.001313 0.00416 -0.942522 0.001192 0.009913 0.000551 -0.953869 0 0 0 1 0.009922 0 0.001238 0.237862 0.001193 -0.00268 -0.009559 -1.60817 0.000332 0.009634 -0.002659 -1.32833 0 0 0 1 0.00866 -0.005 0 -0.665382 0 0 -0.01 -4.23 0.005 0.00866 0 -0.992974 0 0 0 1 0.00866 -0.005 0 -0.665381 0 0 -0.01 -4.34313 0.005 0.00866 0 -0.992975 0 0 0 1 0.009759 0 -0.002181 -0.418803 -0.002084 -0.002943 -0.009326 -3.97273 -0.000641 0.009557 -0.002872 -1.3626 0 0 0 1 0.009704 0 0.002412 0.463253 0.002306 -0.002928 -0.009279 -3.97735 0.000706 0.009561 -0.002841 -1.3571 0 0 0 1 -0.01 0 0 -0.000003 0 0.009777 0.002096 0.801869 0 0.002096 -0.009777 -4.0456 0 0 0 1 -0.01 0 0 0.000000 0 0.009777 0.002096 0.429281 0 0.002096 -0.009777 -4.0456 0 0 0 1 0.005618 0 0.008272 0.443151 0.007968 0.002687 -0.005411 -1.90073 -0.002223 0.009632 0.001509 -0.874636 0 0 0 1 -0.000916 0 0.009957 0.533428 0.009433 0.003202 0.000868 -1.61921 -0.003189 0.009473 -0.000293 -0.955485 0 0 0 1 -0.006288 0 0.007775 0.416498 0.007517 0.002552 0.00608 -1.61902 -0.001984 0.009668 -0.001605 -1.04514 0 0 0 1 -0.001773 0 -0.009841 -0.50654 -0.007973 0.005861 0.001437 -1.3599 0.005768 0.008101 -0.001039 -0.744389 0 0 0 1 0.009995 0 -0.000297 0.733065 -0.000147 -0.00869 -0.004944 0.391834 -0.000258 0.004946 -0.008686 -1.04243 0 0 0 1 0.007178 0 -0.006961 0.269728 -0.003152 0.008916 -0.00325 -2.76766 0.006207 0.004528 0.0064 0.07174 0 0 0 1 -0.007178 0 -0.006961 -0.799488 -0.003152 0.008916 0.00325 -2.5203 0.006207 0.004528 -0.0064 -0.415328 0 0 0 1 -0.008304 0 -0.005571 -0.830401 -0.003554 -0.0077 0.005298 0.063814 -0.004289 0.00638 0.006394 -0.969574 0 0 0 1 0.01 0 0 0 0 0 -0.01 0 0 0.01 0 0 0 0 0 1 0.01 0 0 0 0 0 -0.01 0 0 0.01 0 0 0 0 0 1</float_array>
          <technique_common>
            <accessor source="#Controller-bind_poses-array" count="34" stride="16">
              <param name="TRANSFORM" type="float4x4"/>
            </accessor>
          </technique_common>
        </source>
        <source id="Controller-weights">
          <float_array id="Controller-weights-array" count="2187">1 0.802364 0.197636 0.805328 0.194672 0.800921 0.199079 0.802364 0.197636 0.805763 0.194237 0.801661 0.198339 0.801712 0.198288 0.806228 0.193772 0.801661 0.198339 0.806433 0.193567 0.806228 0.193772 0.805403 0.194597 0.814714 0.185286 0.802814 0.197186 0.802814 0.197186 0.805625 0.194375 0.806348 0.193652 0.814714 0.185286 0.805403 0.194597 0.80518 0.19482 0.806769 0.193231 0.806769 0.193231 0.806843 0.193157 0.804674 0.195326 0.802297 0.197703 0.806348 0.193652 0.806812 0.193188 0.80518 0.19482 0.806812 0.193188 0.806031 0.193969 0.808601 0.191399 0.808601 0.191399 0.81078 0.18922 0.813278 0.186722 0.813278 0.186722 0.806744 0.193256 0.805583 0.194417 0.806744 0.193256 0.806031 0.193969 0.805403 0.194597 0.805403 0.194597 0.805583 0.194417 0.805583 0.194417 0.816811 0.183189 0.795998 0.204002 0.795137 0.204863 0.801646 0.198354 0.802297 0.197703 0.795137 0.204863 0.815075 0.184925 0.806843 0.193157 0.809272 0.190728 0.805949 0.194051 0.804674 0.195326 0.806216 0.193784 0.807048 0.192952 0.80462 0.19538 0.804577 0.195423 0.805516 0.194484 0.80537 0.19463 0.804645 0.195355 0.805453 0.194547 0.805745 0.194255 0.805453 0.194547 0.805932 0.194068 0.805745 0.194255 0.805516 0.194484 0.80537 0.19463 0.805317 0.194683 0.805299 0.194701 0.80462 0.19538 0.807563 0.192437 0.810656 0.189344 0.809509 0.190491 0.807563 0.192437 0.810656 0.189344 0.811783 0.188217 0.815201 0.184799 0.812771 0.187229 0.812771 0.187229 0.693694 0.306306 0.521507 0.289546 0.188948 0.483483 0.516517 0.649 0.351 0.649 0.351 0.567134 0.240749 0.192117 0.579457 0.228712 0.191831 0.581462 0.227247 0.191291 0.581462 0.227247 0.191291 0.714 0.286 0.714 0.286 0.693694 0.306306 0.803381 0.196619 0.804138 0.195862 0.804138 0.195862 0.805706 0.194294 0.805706 0.194294 0.805132 0.194868 0.805132 0.194868 0.80366 0.19634 0.803188 0.196812 0.802919 0.197081 0.802919 0.197081 0.803019 0.196981 0.803019 0.196981 0.803381 0.196619 0.805189 0.194811 0.805763 0.194237 0.805328 0.194672 0.800333 0.199667 0.810742 0.189258 0.810686 0.189315 0.810686 0.189315 0.81075 0.18925 0.81075 0.18925 0.806837 0.193163 0.804531 0.195469 0.804531 0.195469 0.813099 0.186901 0.813099 0.186901 0.623 0.377 0.626 0.374 0.373 0.627 0.425 0.575 0.36 0.64 0.373 0.627 0.359 0.641 0.36 0.64 0.37 0.63 0.359 0.641 0.42 0.58 0.37 0.63 0.623 0.377 0.42 0.58 0.623 0.377 0.823 0.177 0.82 0.18 0.82 0.18 0.799 0.201 0.714 0.286 0.714 0.286 0.701 0.299 0.782 0.218 0.811 0.189 0.811 0.189 0.823 0.177 0.823 0.177 0.823 0.177 0.803572 0.196428 0.803515 0.196485 0.803515 0.196485 0.803091 0.196909 0.803091 0.196909 0.802567 0.197433 0.802567 0.197433 0.80265 0.19735 0.80265 0.19735 0.803401 0.196599 0.803401 0.196599 0.803836 0.196164 0.803836 0.196164 0.803508 0.196492 0.803508 0.196492 0.803572 0.196428 0.327 0.673 0.29 0.71 0.403 0.597 0.327 0.673 0.403 0.597 0.393 0.607 0.277 0.723 0.689 0.311 0.689 0.311 0.686 0.314 0.686 0.314 0.685 0.315 0.685 0.315 0.685 0.315 0.682 0.318 0.682 0.318 0.623 0.377 0.756 0.244 0.753 0.247 0.754 0.246 0.753 0.247 0.753 0.247 0.754 0.246 0.753 0.247 0.754 0.246 0.2 0.586 0.214 0.2 0.599 0.201 0.2 0.599 0.201 0.2 0.603 0.197 0.2 0.603 0.197 0.2 0.599 0.201 0.2 0.599 0.201 0.2 0.585 0.215 0.2 0.585 0.215 0.2 0.558 0.242 0.2 0.558 0.242 0.2 0.55 0.25 0.2 0.55 0.25 0.808042 0.191958 0.808042 0.191958 0.808042 0.191958 0.808042 0.191958 0.809272 0.190728 0.805949 0.194051 0.801712 0.198288 0.805189 0.194811 0.806433 0.193567 0.805189 0.194811 0.801661 0.198339 0.803759 0.196241 0.806433 0.193567 0.806228 0.193772 0.803759 0.196241 0.825069 0.174931 0.802814 0.197186 0.814714 0.185286 0.805625 0.194375 0.80518 0.19482 0.825069 0.174931 0.808036 0.191964 0.80545 0.19455 0.802297 0.197703 0.804674 0.195326 0.806843 0.193157 0.806031 0.193969 0.806812 0.193188 0.806348 0.193652 0.80518 0.19482 0.806031 0.193969 0.806949 0.193051 0.81078 0.18922 0.814633 0.185367 0.805583 0.194417 0.806744 0.193256 0.806949 0.193051 0.807625 0.192375 0.808601 0.191399 0.80985 0.19015 0.808601 0.191399 0.80985 0.19015 0.81078 0.18922 0.812805 0.187195 0.81078 0.18922 0.815695 0.184305 0.813278 0.186722 0.812805 0.187195 0.813278 0.186722 0.816258 0.183742 0.814633 0.185367 0.815695 0.184305 0.799524 0.200476 0.806697 0.193303 0.796673 0.203327 0.816811 0.183189 0.796673 0.203327 0.795998 0.204002 0.789104 0.210896 0.816811 0.183189 0.799257 0.200743 0.789104 0.210896 0.795998 0.204002 0.801646 0.198354 0.799524 0.200476 0.801646 0.198354 0.806697 0.193303 0.799257 0.200743 0.815075 0.184925 0.802297 0.197703 0.80545 0.19455 0.806697 0.193303 0.801646 0.198354 0.815075 0.184925 0.795998 0.204002 0.816811 0.183189 0.795137 0.204863 0.809272 0.190728 0.804674 0.195326 0.805949 0.194051 0.806843 0.193157 0.808093 0.191907 0.809851 0.190149 0.806216 0.193784 0.808093 0.191907 0.80661 0.19339 0.805229 0.194771 0.80462 0.19538 0.805299 0.194701 0.805464 0.194536 0.804577 0.195423 0.806589 0.193411 0.806576 0.193424 0.804645 0.195355 0.805721 0.194279 0.805453 0.194547 0.806589 0.193411 0.806837 0.193163 0.805453 0.194547 0.806576 0.193424 0.805932 0.194068 0.804645 0.195355 0.804577 0.195423 0.80462 0.19538 0.804577 0.195423 0.805464 0.194536 0.805721 0.194279 0.804645 0.195355 0.805229 0.194771 0.810656 0.189344 0.807563 0.192437 0.809509 0.190491 0.811783 0.188217 0.815201 0.184799 0.804716 0.195284 0.804375 0.195625 0.804576 0.195424 0.805931 0.194069 0.805931 0.194069 0.803192 0.196808 0.804576 0.195424 0.804607 0.195393 0.803192 0.196808 0.799171 0.200829 0.804607 0.195393 0.802796 0.197204 0.800046 0.199954 0.802796 0.197204 0.79825 0.20175 0.799171 0.200829 0.800271 0.199729 0.79825 0.20175 0.798834 0.201166 0.800046 0.199954 0.801875 0.198124 0.800271 0.199729 0.798834 0.201166 0.800926 0.199074 0.803631 0.196369 0.801875 0.198124 0.800926 0.199074 0.803214 0.196786 0.803631 0.196369 0.803214 0.196786 0.804375 0.195625 0.804716 0.195284 0.803001 0.196999 0.803131 0.196869 0.804586 0.195414 0.804853 0.195147 0.801884 0.198116 0.803131 0.196869 0.800279 0.199721 0.804853 0.195147 0.802214 0.197786 0.800279 0.199721 0.800608 0.199392 0.801884 0.198116 0.800621 0.199379 0.802214 0.197786 0.800608 0.199392 0.802074 0.197926 0.80081 0.19919 0.802074 0.197926 0.800621 0.199379 0.802072 0.197928 0.801881 0.198119 0.802072 0.197928 0.80081 0.19919 0.800711 0.199289 0.800711 0.199289 0.80052 0.19948 0.801881 0.198119 0.801753 0.198247 0.80052 0.19948 0.802485 0.197515 0.801753 0.198247 0.801202 0.198798 0.801202 0.198798 0.803814 0.196186 0.802485 0.197515 0.802196 0.197804 0.803814 0.196186 0.804184 0.195816 0.806181 0.193819 0.802196 0.197804 0.806181 0.193819 0.80406 0.19594 0.804159 0.195841 0.804184 0.195816 0.804586 0.195414 0.804159 0.195841 0.80406 0.19594 0.803001 0.196999 0.803153 0.196847 0.802876 0.197124 0.803133 0.196867 0.803479 0.19652 0.275275 0.001001 0.723724 0.80366 0.19634 0.803188 0.196812 0.805328 0.194672 0.802364 0.197636 0.801661 0.198339 0.803759 0.196241 0.800333 0.199667 0.806228 0.193772 0.801712 0.198288 0.800921 0.199079 0.806228 0.193772 0.805328 0.194672 0.803759 0.196241 0.802364 0.197636 0.800921 0.199079 0.800333 0.199667 0.810742 0.189258 0.805229 0.194771 0.805317 0.194683 0.806576 0.193424 0.806837 0.193163 0.806589 0.193411 0.805745 0.194255 0.806576 0.193424 0.805721 0.194279 0.806589 0.193411 0.805516 0.194484 0.805721 0.194279 0.805464 0.194536 0.805745 0.194255 0.805516 0.194484 0.805299 0.194701 0.80537 0.19463 0.805464 0.194536 0.80537 0.19463 0.805229 0.194771 0.805317 0.194683 0.805299 0.194701 0.804586 0.195414 0.808677 0.191323 0.808698 0.191302 0.804853 0.195147 0.804667 0.195333 0.808677 0.191323 0.801884 0.198116 0.804853 0.195147 0.804667 0.195333 0.802214 0.197786 0.803969 0.196031 0.801884 0.198116 0.802214 0.197786 0.802074 0.197926 0.803767 0.196233 0.803969 0.196031 0.802072 0.197928 0.803556 0.196444 0.802074 0.197926 0.803767 0.196233 0.803556 0.196444 0.801881 0.198119 0.803301 0.196699 0.802072 0.197928 0.801881 0.198119 0.803156 0.196844 0.803301 0.196699 0.801753 0.198247 0.803156 0.196844 0.801753 0.198247 0.802485 0.197515 0.803617 0.196383 0.802485 0.197515 0.803814 0.196186 0.803617 0.196383 0.804834 0.195166 0.803814 0.196186 0.805786 0.194214 0.804834 0.195166 0.806181 0.193819 0.806181 0.193819 0.805012 0.194988 0.805786 0.194214 0.804159 0.195841 0.805012 0.194988 0.804586 0.195414 0.808698 0.191302 0.804159 0.195841 0.809178 0.190822 0.027562 0.783084 0.189354 0.007294 0.803208 0.189498 0.805857 0.194143 0.002427 0.806619 0.190954 0.809178 0.190822 0.806508 0.193492 0.001607 0.802373 0.196019 0.00886 0.796667 0.194472 0.483483 0.516517 0.002427 0.806619 0.190954 0.806508 0.193492 0.806508 0.193492 0.649 0.351 0.483483 0.516517 0.00886 0.796667 0.194472 0.714 0.286 0.027562 0.783084 0.189354 0.693694 0.306306 0.799524 0.200476 0.796673 0.203327 0.789104 0.210896 0.799257 0.200743 0.79777 0.20223 0.800065 0.199935 0.79777 0.20223 0.798443 0.201557 0.794455 0.205545 0.79777 0.20223 0.807784 0.192216 0.800065 0.199935 0.794375 0.205626 0.807784 0.192216 0.79777 0.20223 0.798443 0.201557 0.807784 0.192216 0.807784 0.192216 0.79777 0.20223 0.79777 0.20223 0.80856 0.19144 0.808339 0.191661 0.808698 0.191302 0.808677 0.191323 0.808677 0.191323 0.804667 0.195333 0.804992 0.195008 0.80856 0.19144 0.80374 0.19626 0.804667 0.195333 0.803969 0.196031 0.804992 0.195008 0.80374 0.19626 0.803767 0.196233 0.803382 0.196618 0.803969 0.196031 0.803382 0.196618 0.803556 0.196444 0.803176 0.196824 0.803767 0.196233 0.803301 0.196699 0.803176 0.196824 0.803556 0.196444 0.803007 0.196993 0.802876 0.197124 0.803301 0.196699 0.803156 0.196844 0.803007 0.196993 0.803156 0.196844 0.803133 0.196867 0.802876 0.197124 0.803617 0.196383 0.803479 0.19652 0.803133 0.196867 0.803617 0.196383 0.804834 0.195166 0.805786 0.194214 0.803479 0.19652 0.804834 0.195166 0.804072 0.195928 0.805012 0.194988 0.804072 0.195928 0.805786 0.194214 0.805374 0.194626 0.805374 0.194626 0.808698 0.191302 0.808339 0.191661 0.805012 0.194988 0.803007 0.196993 0.803315 0.196685 0.803176 0.196824 0.803295 0.196705 0.803176 0.196824 0.803295 0.196705 0.803382 0.196618 0.80374 0.19626 0.802876 0.197124 0.803315 0.196685 0.803007 0.196993 0.803153 0.196847 0.803153 0.196847 0.804072 0.195928 0.805374 0.194626 0.803479 0.19652 0.803153 0.196847 0.805374 0.194626 0.803315 0.196685 0.808339 0.191661 0.80856 0.19144 0.803295 0.196705 0.803315 0.196685 0.808339 0.191661 0.80374 0.19626 0.803295 0.196705 0.804992 0.195008 0.80856 0.19144 0.813099 0.186901 0.255 0.745 0.804034 0.195966 0.801616 0.198384 0.25 0.75 0.804572 0.195428 0.25 0.75 0.248 0.752 0.804034 0.195966 0.247 0.753 0.804798 0.195202 0.804572 0.195428 0.248 0.752 0.804798 0.195202 0.247 0.753 0.248 0.752 0.795881 0.204119 0.795881 0.204119 0.248 0.752 0.249 0.751 0.794899 0.205101 0.252 0.748 0.796142 0.203858 0.794899 0.205101 0.249 0.751 0.798813 0.201187 0.252 0.748 0.254 0.746 0.796142 0.203858 0.801616 0.198384 0.254 0.746 0.255 0.745 0.798813 0.201187 0.758 0.242 0.756 0.244 0.509 0.491 0.504 0.496 0.502 0.498 0.504 0.496 0.754 0.246 0.756 0.244 0.501 0.499 0.502 0.498 0.754 0.246 0.753 0.247 0.753 0.247 0.5 0.5 0.501 0.499 0.753 0.247 0.5 0.5 0.753 0.247 0.502 0.498 0.753 0.247 0.502 0.498 0.754 0.246 0.504 0.496 0.753 0.247 0.754 0.246 0.755 0.245 0.504 0.496 0.506 0.494 0.755 0.245 0.509 0.491 0.506 0.494 0.758 0.242 0.626 0.374 0.623 0.377 0.626 0.374 0.425 0.575 0.626 0.374 0.799 0.201 0.701 0.299 0.782 0.218 0.525 0.475 0.278 0.722 0.525 0.475 0.29 0.71 0.504 0.496 0.29 0.71 0.327 0.673 0.525 0.475 0.504 0.496 0.327 0.673 0.403 0.597 0.386 0.614 0.301 0.699 0.491 0.509 0.301 0.699 0.277 0.723 0.491 0.509 0.514 0.486 0.514 0.486 0.278 0.722 0.525 0.475 0.277 0.723 0.25 0.75 0.509 0.491 0.504 0.496 0.255 0.745 0.248 0.752 0.504 0.496 0.502 0.498 0.25 0.75 0.501 0.499 0.247 0.753 0.248 0.752 0.502 0.498 0.5 0.5 0.247 0.753 0.501 0.499 0.248 0.752 0.5 0.5 0.502 0.498 0.248 0.752 0.249 0.751 0.252 0.748 0.249 0.751 0.504 0.496 0.502 0.498 0.254 0.746 0.504 0.496 0.506 0.494 0.252 0.748 0.509 0.491 0.255 0.745 0.506 0.494 0.254 0.746 0.626 0.374 0.425 0.575 0.687 0.313 0.425 0.575 0.689 0.311 0.687 0.313 0.373 0.627 0.689 0.311 0.36 0.64 0.686 0.314 0.373 0.627 0.359 0.641 0.686 0.314 0.36 0.64 0.685 0.315 0.359 0.641 0.685 0.315 0.685 0.315 0.37 0.63 0.42 0.58 0.685 0.315 0.37 0.63 0.682 0.318 0.682 0.318 0.42 0.58 0.623 0.377 0.67 0.33 0.525 0.475 0.525 0.475 0.668 0.332 0.525 0.475 0.672 0.328 0.67 0.33 0.504 0.496 0.504 0.496 0.714 0.286 0.672 0.328 0.403 0.597 0.393 0.607 0.714 0.286 0.403 0.597 0.701 0.299 0.386 0.614 0.701 0.299 0.393 0.607 0.628 0.372 0.491 0.509 0.628 0.372 0.386 0.614 0.647 0.353 0.514 0.486 0.647 0.353 0.491 0.509 0.663 0.337 0.668 0.332 0.663 0.337 0.525 0.475 0.514 0.486 0.278 0.722 0.29 0.71 0.393 0.607 0.386 0.614 0.386 0.614 0.301 0.699 0.301 0.699 0.277 0.723 0.278 0.722 0.82 0.18 0.823 0.177 0.67 0.33 0.668 0.332 0.67 0.33 0.672 0.328 0.82 0.18 0.799 0.201 0.799 0.201 0.672 0.328 0.714 0.286 0.701 0.299 0.628 0.372 0.782 0.218 0.647 0.353 0.782 0.218 0.628 0.372 0.811 0.189 0.663 0.337 0.811 0.189 0.647 0.353 0.823 0.177 0.823 0.177 0.823 0.177 0.663 0.337 0.668 0.332 0.626 0.374 0.687 0.313 0.687 0.313 0.685 0.315 0.756 0.244 0.758 0.242 0.754 0.246 0.753 0.247 0.753 0.247 0.755 0.245 0.758 0.242 0.755 0.245 0.795994 0.204006 0.2 0.205 0.595 0.2 0.218 0.582 0.793958 0.206042 0.798253 0.201747 0.2 0.204 0.596 0.2 0.205 0.595 0.795994 0.204006 0.798253 0.201747 0.2 0.208 0.592 0.2 0.204 0.596 0.79955 0.20045 0.2 0.223 0.577 0.2 0.208 0.592 0.799006 0.200994 0.2 0.292 0.508 0.2 0.223 0.577 0.797284 0.202716 0.2 0.284 0.516 0.2 0.292 0.508 0.792989 0.207011 0.2 0.288 0.512 0.2 0.284 0.516 0.793958 0.206042 0.2 0.288 0.512 0.792989 0.207011 0.808036 0.191964 0.806697 0.193303 0.816811 0.183189 0.80545 0.19455 0.808036 0.191964 0.806697 0.193303 0.806769 0.193231 0.806769 0.193231 0.80545 0.19455 0.806843 0.193157 0.804576 0.195424 0.809178 0.190822 0.007294 0.803208 0.189498 0.809178 0.190822 0.804576 0.195424 0.804607 0.195393 0.805857 0.194143 0.805857 0.194143 0.804607 0.195393 0.802796 0.197204 0.001607 0.802373 0.196019 0.800046 0.199954 0.011248 0.792243 0.196508 0.001607 0.802373 0.196019 0.802796 0.197204 0.800271 0.199729 0.016883 0.787067 0.19605 0.800046 0.199954 0.803631 0.196369 0.007294 0.803208 0.189498 0.017772 0.790087 0.19214 0.521507 0.289546 0.188948 0.275275 0.001001 0.723724 0.483483 0.516517 0.579457 0.228712 0.191831 0.567134 0.240749 0.192117 0.002427 0.806619 0.190954 0.806508 0.193492 0.805857 0.194143 0.00886 0.796667 0.194472 0.011248 0.792243 0.196508 0.033015 0.772228 0.194757 0.001607 0.802373 0.196019 0.016883 0.787067 0.19605 0.044307 0.761278 0.194415 0.011248 0.792243 0.196508 0.033015 0.772228 0.194757 0.018524 0.786886 0.194589 0.046774 0.759689 0.193536 0.016883 0.787067 0.19605 0.044307 0.761278 0.194415 0.017772 0.790087 0.19214 0.044457 0.763865 0.191678 0.018524 0.786886 0.194589 0.046774 0.759689 0.193536 0.017772 0.790087 0.19214 0.027562 0.783084 0.189354 0.044457 0.763865 0.191678 0.007294 0.803208 0.189498 0.027562 0.783084 0.189354 0.521507 0.289546 0.188948 0.693694 0.306306 0.002427 0.806619 0.190954 0.521507 0.289546 0.188948 0.033015 0.772228 0.194757 0.567134 0.240749 0.192117 0.00886 0.796667 0.194472 0.649 0.351 0.567134 0.240749 0.192117 0.044307 0.761278 0.194415 0.579457 0.228712 0.191831 0.033015 0.772228 0.194757 0.046774 0.759689 0.193536 0.579457 0.228712 0.191831 0.044307 0.761278 0.194415 0.581462 0.227247 0.191291 0.044457 0.763865 0.191678 0.581462 0.227247 0.191291 0.046774 0.759689 0.193536 0.714 0.286 0.044457 0.763865 0.191678 0.79955 0.20045 0.799006 0.200994 0.797284 0.202716 0.793988 0.206012 0.793988 0.206012 0.2 0.218 0.582 0.2 0.374 0.426 0.2 0.599 0.201 0.2 0.586 0.214 0.2 0.399 0.401 0.2 0.603 0.197 0.2 0.399 0.401 0.2 0.405 0.395 0.2 0.599 0.201 0.2 0.603 0.197 0.2 0.405 0.395 0.2 0.599 0.201 0.2 0.401 0.399 0.2 0.599 0.201 0.2 0.377 0.423 0.2 0.585 0.215 0.2 0.401 0.399 0.2 0.377 0.423 0.2 0.292 0.508 0.2 0.585 0.215 0.2 0.558 0.242 0.2 0.292 0.508 0.2 0.284 0.516 0.2 0.558 0.242 0.2 0.55 0.25 0.2 0.556 0.244 0.2 0.55 0.25 0.2 0.284 0.516 0.2 0.288 0.512 0.2 0.374 0.426 0.2 0.556 0.244 0.2 0.288 0.512 0.2 0.586 0.214 0.2 0.556 0.244 0.2 0.586 0.214 0.2 0.556 0.244 0.2 0.399 0.401 0.2 0.374 0.426 0.2 0.218 0.582 0.2 0.205 0.595 0.2 0.204 0.596 0.2 0.399 0.401 0.2 0.205 0.595 0.2 0.405 0.395 0.2 0.401 0.399 0.2 0.204 0.596 0.2 0.208 0.592 0.2 0.405 0.395 0.2 0.208 0.592 0.2 0.223 0.577 0.2 0.377 0.423 0.2 0.401 0.399 0.2 0.377 0.423 0.2 0.223 0.577 0.2 0.292 0.508 0.2 0.288 0.512 0.2 0.218 0.582 0.2 0.374 0.426 0.804716 0.195284 0.011248 0.792243 0.196508 0.016883 0.787067 0.19605 0.800271 0.199729 0.018524 0.786886 0.194589 0.801875 0.198124 0.018524 0.786886 0.194589 0.801875 0.198124 0.017772 0.790087 0.19214 0.803631 0.196369 0.804716 0.195284</float_array>
          <technique_common>
            <accessor source="#Controller-weights-array" count="2187" stride="1">
              <param name="WEIGHT" type="float"/>
            </accessor>
          </technique_common>
        </source>
        <joints>
          <input semantic="JOINT" source="#Controller-joints"/>
          <input semantic="INV_BIND_MATRIX" source="#Controller-bind_poses"/>
        </joints>
        <vertex_weights count="7380">
          <input semantic="JOINT" source="#Controller-joints" offset="0"/>
          <input semantic="WEIGHT" source="#Controller-weights" offset="1"/>
          <vcount>1 1 2 2 1 1 2 1 1 1 1 1 1 1 1 2 2 2 1 2 2 1 1 1 1 1 1 1 1 1 1 1 1 2 1 2 2 1 1 1 1 1 1 1 1 1 1 1 1 1 1 1 1 1 2 2 2 1 1 2 2 1 2 1 1 1 1 1 2 2 1 1 1 2 1 2 1 1 1 1 1 1 1 1 1 1 1 1 1 1 1 1 1 1 1 1 1 1 1 1 1 1 1 1 1 1 1 1 1 1 1 1 1 1 1 1 1 1 1 1 1 1 1 1 1 1 1 1 1 1 1 1 1 1 1 1 1 1 1 1 1 1 1 1 1 1 1 1 1 1 1 1 1 1 1 1 1 1 1 1 1 1 1 1 1 1 1 1 1 1 1 1 1 1 1 1 1 1 1 1 1 1 1 1 1 1 1 1 1 1 1 1 1 1 1 1 1 1 1 1 1 1 1 1 1 1 1 1 1 1 1 1 1 1 1 1 1 1 1 1 1 1 1 1 1 1 1 1 1 1 1 1 1 1 1 1 1 1 1 1 1 1 1 1 1 1 1 1 1 1 1 1 1 1 1 1 1 1 1 1 1 1 1 1 1 1 1 1 1 1 1 1 1 1 1 1 1 1 1 1 1 1 1 1 1 1 1 1 1 1 1 1 1 1 1 1 1 1 1 1 1 1 1 1 1 1 1 1 1 1 1 1 1 1 1 1 1 1 1 1 1 1 1 1 1 1 1 1 1 1 1 1 1 1 1 1 1 1 1 1 1 1 1 1 1 1 1 1 1 1 1 1 1 1 1 1 1 1 1 1 1 1 1 1 1 1 1 1 1 1 1 1 1 1 1 1 1 1 1 1 1 1 1 1 1 1 1 1 2 2 1 2 2 1 1 1 1 1 2 2 1 2 1 1 2 2 1 1 1 1 1 1 1 1 1 1 1 1 1 1 1 1 1 1 1 1 1 1 1 1 1 1 1 1 1 1 1 1 1 1 1 1 1 1 1 1 1 1 1 1 1 1 1 1 1 1 1 1 1 1 1 1 1 1 1 1 1 2 1 1 2 1 2 1 2 1 1 2 1 1 1 1 1 2 1 1 1 1 1 1 2 2 1 1 1 1 2 1 1 1 1 1 1 1 1 1 1 1 1 1 1 1 1 1 1 1 1 1 1 1 1 1 1 1 1 1 1 1 1 1 1 1 1 1 1 1 1 1 1 1 1 1 1 1 1 1 1 1 1 1 1 1 1 1 1 1 1 1 1 1 1 1 1 1 1 1 1 1 1 1 1 1 1 1 1 1 1 1 1 1 1 1 1 1 1 1 1 1 1 1 1 1 1 1 1 1 1 1 1 1 1 1 1 1 1 1 2 1 1 1 1 1 1 1 2 1 2 1 1 1 1 2 1 1 1 1 1 1 1 1 1 1 1 1 1 1 1 1 1 1 1 1 1 1 1 1 1 1 1 1 1 1 1 1 1 1 1 1 1 1 1 1 1 1 1 1 1 1 1 1 1 1 1 1 1 1 1 1 1 1 1 1 1 1 1 1 1 1 1 1 1 1 1 1 1 1 1 1 1 1 1 1 1 1 1 1 1 1 1 1 1 1 1 1 1 1 1 1 1 1 1 1 1 1 1 1 1 1 1 1 1 1 1 1 1 1 1 1 1 1 1 1 1 1 1 1 1 1 1 1 1 1 1 1 1 1 1 1 1 1 1 1 1 1 1 1 1 1 1 1 1 1 1 1 1 1 1 1 1 1 1 1 1 1 1 1 1 1 1 1 1 1 1 1 1 1 1 1 1 1 1 1 1 1 1 1 1 1 1 1 1 1 1 1 1 1 1 1 1 1 1 1 1 1 1 1 1 1 1 1 1 1 1 1 1 1 1 1 1 1 1 1 1 1 1 1 1 1 1 1 1 1 1 1 1 1 1 1 1 1 1 1 1 1 1 1 1 1 1 1 1 1 1 1 1 1 1 1 1 1 1 1 1 1 1 1 1 1 1 1 1 1 1 1 1 1 1 1 1 1 1 1 1 1 1 1 1 1 1 1 1 1 1 1 1 1 1 1 1 1 1 1 1 1 1 1 1 1 1 1 1 1 1 1 1 1 1 1 1 1 1 1 1 1 1 1 1 1 1 1 1 1 1 1 1 1 1 1 1 1 1 1 1 1 1 1 1 1 1 1 1 1 1 1 1 1 1 1 1 1 2 1 1 1 1 1 1 2 2 1 2 1 2 1 2 2 1 2 2 1 2 2 1 1 1 1 1 2 2 1 1 1 1 1 1 1 1 1 1 1 1 1 1 1 1 1 1 1 1 1 1 1 1 1 1 1 1 1 1 1 1 1 1 1 1 1 1 1 1 1 1 1 1 1 1 1 1 1 1 1 1 1 1 1 1 1 1 1 1 1 1 1 1 1 1 1 1 1 1 1 1 1 1 1 1 1 1 1 1 1 1 1 1 1 1 1 1 1 1 1 1 1 1 1 1 1 1 1 1 1 1 1 1 1 1 1 1 1 1 1 1 1 1 1 1 1 1 1 1 1 1 1 1 1 1 1 1 1 1 1 1 1 1 1 1 1 1 1 1 1 1 2 2 1 1 1 1 1 2 2 1 1 2 2 1 1 1 1 1 1 2 1 2 2 1 1 1 1 1 1 1 1 1 1 1 1 1 1 2 2 1 1 2 2 1 2 2 1 1 1 1 1 1 1 1 1 1 1 1 1 1 1 1 1 1 1 1 1 1 1 1 1 1 1 1 1 1 1 1 1 1 1 1 1 1 1 1 1 1 1 1 1 1 1 1 1 1 1 1 1 1 1 1 1 1 1 1 1 1 1 1 1 1 1 1 1 1 1 1 1 1 1 1 1 1 1 1 1 1 1 2 2 1 1 1 1 1 1 1 1 1 1 1 1 1 2 2 1 2 2 1 1 1 1 1 1 1 1 1 1 1 1 1 1 1 1 1 1 1 1 1 1 1 1 1 1 1 1 1 1 1 1 1 1 1 1 1 1 1 1 1 1 1 1 1 1 1 1 1 1 1 1 1 1 1 1 1 1 1 1 1 1 1 1 1 1 1 1 1 1 1 1 1 1 1 1 1 1 1 1 1 1 1 1 1 1 1 1 1 1 1 1 1 1 1 1 1 1 1 1 1 1 1 1 1 1 1 1 1 1 1 1 1 1 1 1 1 1 1 1 1 1 1 1 1 1 1 1 1 1 1 1 1 1 1 1 1 1 1 1 1 2 1 1 1 1 1 1 1 1 1 1 1 2 1 1 2 1 1 1 1 1 1 1 1 1 1 1 1 1 1 1 1 1 1 1 1 1 1 1 1 1 1 1 1 1 1 1 1 1 1 1 1 1 1 1 1 1 1 1 1 1 1 1 1 1 1 1 1 1 1 1 1 1 1 1 1 1 1 1 1 1 1 2 3 1 2 2 1 2 3 1 3 3 1 1 3 2 1 1 2 2 1 1 1 1 1 1 1 1 1 1 1 1 1 1 1 1 1 1 1 1 1 1 1 1 1 1 1 1 1 1 1 1 1 1 1 1 1 1 1 1 1 1 1 1 1 1 1 1 1 1 1 1 1 1 2 2 1 2 2 1 2 2 1 2 1 1 2 1 1 2 2 1 2 2 1 2 2 1 1 1 1 1 1 1 1 1 1 1 1 1 1 1 1 1 1 1 1 1 1 1 1 1 1 1 1 1 1 2 2 1 1 1 1 1 1 1 1 2 2 1 1 1 1 1 1 1 1 1 1 1 1 1 1 1 1 1 1 1 1 1 1 1 1 1 1 1 1 1 1 1 1 1 1 1 1 1 1 1 1 1 1 1 1 1 1 1 1 1 1 1 1 1 2 1 1 1 1 1 2 1 2 1 1 1 1 1 1 1 1 1 1 1 1 1 1 1 1 1 1 1 1 1 1 1 1 1 1 1 1 2 1 2 1 1 1 1 1 1 1 1 1 1 1 1 1 1 1 1 1 1 1 1 1 1 1 1 1 2 1 1 1 1 1 1 1 1 1 1 1 1 1 1 1 1 1 1 1 1 1 1 1 1 1 1 1 1 1 1 1 1 1 1 1 1 1 1 1 1 1 1 1 1 1 1 1 1 1 1 1 1 1 1 1 1 1 1 1 1 1 1 1 1 1 1 1 1 1 1 1 1 1 1 1 1 1 1 1 1 1 1 1 1 1 1 1 1 1 1 1 1 1 1 1 1 1 1 1 1 1 1 1 1 1 1 1 1 1 1 1 1 1 1 1 1 1 1 1 1 1 1 1 1 1 1 1 1 1 1 1 1 1 1 1 1 1 1 1 1 1 1 1 1 1 1 1 1 1 1 1 1 1 1 1 1 1 1 1 1 1 1 1 1 1 1 1 1 1 1 1 1 1 1 1 1 1 1 1 1 1 1 1 1 1 1 1 1 1 1 1 1 1 1 1 1 1 1 1 1 1 1 1 1 1 1 1 1 1 1 1 1 1 1 1 1 1 1 1 1 1 1 1 1 1 1 1 1 1 1 1 1 1 1 1 1 1 1 1 1 1 1 1 1 1 1 1 1 1 1 1 1 1 1 1 1 1 1 1 1 1 1 1 1 1 1 1 1 1 1 1 1 1 1 1 1 1 1 1 1 1 1 1 1 1 1 1 1 1 1 1 1 1 1 1 1 1 1 1 1 1 1 1 1 1 1 1 1 1 1 1 1 1 1 1 1 1 1 1 1 1 1 1 1 1 1 1 1 1 1 1 1 1 1 1 1 1 1 1 1 1 1 1 1 1 1 1 1 1 1 1 1 1 1 1 1 1 1 1 1 1 1 1 1 1 1 1 1 1 1 1 1 1 1 1 1 1 1 1 1 1 1 1 1 1 1 1 1 1 1 1 1 1 1 1 1 1 1 1 1 1 1 1 1 1 1 1 1 1 1 1 1 1 1 1 1 1 1 1 1 1 1 1 1 1 1 1 1 1 1 1 1 1 1 1 1 1 1 1 1 1 1 1 1 1 1 1 1 1 1 1 1 1 1 1 1 1 1 1 1 1 1 1 1 1 1 1 1 1 1 1 1 1 1 1 1 1 1 1 1 1 1 1 1 1 1 1 1 1 1 1 1 1 1 1 1 1 1 1 1 1 1 1 1 1 1 1 1 1 1 1 1 1 1 1 1 1 1 1 1 1 1 1 1 1 1 1 1 1 1 1 1 1 1 1 1 1 1 1 1 1 1 1 1 1 1 1 1 1 1 1 1 1 1 1 1 1 1 1 1 1 1 1 1 1 1 1 1 1 1 1 1 1 1 1 1 1 1 2 1 1 1 2 1 1 1 1 1 1 1 1 1 1 1 1 1 1 1 1 1 1 1 1 1 1 1 1 1 1 1 1 1 1 1 1 1 1 1 1 1 1 1 1 1 1 1 1 1 1 1 1 1 1 1 1 1 1 1 1 1 1 1 1 1 1 1 1 1 1 1 1 1 1 1 1 1 1 1 1 1 1 1 1 1 1 1 1 1 1 1 1 1 1 1 1 1 1 1 1 1 1 1 1 1 1 1 1 1 1 1 1 1 1 1 1 1 1 1 1 1 1 1 1 1 1 1 1 1 1 1 1 1 1 1 1 1 1 1 1 1 1 1 1 1 1 1 1 1 1 1 1 1 1 1 1 1 1 1 1 1 1 1 1 1 1 1 1 1 1 1 1 1 1 1 1 1 1 1 1 1 1 1 1 1 1 1 1 1 1 1 1 1 1 1 1 1 1 1 1 1 1 1 1 1 1 1 1 1 1 1 1 1 1 1 1 1 1 1 1 1 1 1 1 1 1 1 1 1 1 1 1 1 1 1 1 1 1 1 1 1 1 1 1 1 1 1 1 1 1 1 1 1 1 1 1 1 1 1 1 1 1 1 1 1 1 1 1 1 1 1 1 1 1 1 1 1 1 1 1 1 1 1 1 1 1 1 1 1 1 1 1 1 1 1 1 1 1 1 1 1 1 1 1 1 1 1 1 1 1 1 1 1 1 1 1 1 1 1 1 1 1 1 1 1 1 1 1 1 1 1 1 1 1 1 1 1 1 1 1 1 1 1 1 1 1 1 1 1 1 1 1 1 1 1 1 1 1 1 1 1 1 1 1 1 1 1 1 1 1 1 1 1 1 1 1 1 1 1 1 1 1 1 1 1 1 1 1 1 1 1 1 1 1 1 1 1 1 1 1 1 1 1 1 1 1 1 1 1 1 1 1 1 1 1 1 1 1 1 1 1 1 1 1 1 1 1 1 1 1 1 1 1 1 1 1 1 1 1 1 1 1 1 1 1 1 1 1 1 1 1 1 1 1 1 1 1 1 1 1 1 1 1 1 1 1 1 1 1 1 1 1 1 1 1 1 1 1 1 1 1 1 1 1 1 1 1 1 1 1 1 1 1 1 1 1 1 1 1 1 1 1 1 1 1 2 1 1 1 1 1 1 1 1 1 1 1 2 1 1 1 1 1 1 1 1 1 1 1 1 1 1 1 1 1 1 1 1 1 1 1 1 1 1 1 1 1 1 1 1 1 1 1 1 1 1 1 1 1 1 1 1 1 1 1 1 1 1 1 1 1 1 1 1 1 1 1 2 1 2 1 1 2 2 1 2 2 1 2 2 1 2 2 1 2 2 1 2 2 1 2 1 1 2 1 2 1 1 2 2 1 2 1 1 1 2 2 1 1 2 1 1 2 1 2 2 1 1 1 2 2 1 2 2 1 2 2 1 2 2 1 2 2 1 2 2 1 2 2 1 1 2 2 1 1 2 2 1 1 1 1 1 1 1 1 1 1 1 1 1 1 1 1 1 1 1 1 1 1 1 1 1 1 1 1 1 1 1 1 1 1 1 1 1 1 1 1 1 1 1 1 1 1 1 1 1 1 1 1 1 1 1 1 1 1 1 1 1 1 1 1 1 1 1 1 1 1 1 1 1 1 1 1 1 1 1 1 1 1 1 1 1 1 1 1 1 1 1 1 1 1 1 1 1 1 1 1 1 1 1 1 1 1 1 1 1 1 1 1 1 1 1 1 1 1 2 2 1 2 2 1 2 1 1 2 1 1 2 1 1 2 1 1 2 2 1 1 2 2 1 1 2 2 1 2 1 1 2 2 1 1 2 1 2 2 1 2 2 1 2 2 1 2 1 1 1 1 1 1 1 1 1 1 1 1 1 1 1 1 1 1 1 1 1 1 1 1 1 1 1 1 1 1 1 1 1 1 3 3 1 3 3 1 3 3 1 3 3 1 3 3 1 1 3 3 1 1 3 1 1 1 1 1 1 1 1 1 1 1 1 1 1 1 1 1 1 1 1 1 1 1 1 1 1 1 1 1 1 1 1 1 1 1 1 1 1 1 1 1 1 1 1 1 1 1 1 1 1 1 1 1 1 1 1 1 1 1 1 1 1 1 1 1 1 1 1 1 1 1 1 1 1 1 1 1 1 1 1 1 1 1 1 1 1 1 1 1 1 1 1 1 1 1 1 1 1 1 1 1 1 1 1 1 1 1 1 1 1 1 1 1 1 1 1 1 1 1 1 1 1 1 1 1 1 1 1 1 1 1 1 1 1 1 1 1 1 1 1 1 1 1 1 1 1 1 1 1 1 1 1 1 1 1 1 1 1 1 1 1 1 1 1 1 1 1 1 1 1 1 1 1 1 1 1 1 1 1 1 1 1 1 1 1 1 1 1 1 1 1 1 1 1 1 1 1 1 1 1 1 1 1 1 1 1 1 1 1 1 1 1 1 1 1 1 1 1 1 1 1 1 1 1 1 1 1 1 1 1 1 1 1 1 1 1 1 1 1 1 1 1 1 1 1 1 1 1 1 1 1 1 1 1 1 1 1 1 1 1 1 1 1 1 1 1 1 1 1 1 1 1 1 1 1 1 1 1 1 1 1 1 1 1 1 1 1 1 1 1 1 1 1 1 1 1 1 1 1 1 1 1 1 1 1 1 1 1 1 1 1 1 1 1 1 1 1 1 1 1 1 1 1 1 1 1 1 1 1 1 1 1 1 1 1 1 1 1 1 1 1 1 1 1 1 1 1 1 1 1 1 1 1 1 1 1 1 1 1 1 1 1 1 1 1 1 1 1 1 1 1 1 1 1 1 1 1 1 1 1 1 1 1 1 1 1 1 1 1 1 1 1 1 1 1 1 1 1 1 1 1 1 1 1 1 1 1 1 1 1 1 1 1 1 1 1 1 1 1 1 1 1 1 1 1 1 1 1 1 1 1 1 1 1 1 1 1 1 1 1 1 1 1 1 1 1 1 1 1 1 1 1 1 1 1 1 1 1 1 1 1 1 1 1 1 1 1 1 1 1 1 1 1 1 1 1 1 1 1 1 1 1 1 1 1 1 1 1 1 1 1 1 1 1 1 1 1 1 1 1 1 1 1 1 1 1 1 1 1 1 1 1 1 1 1 1 1 1 1 1 1 1 1 1 1 1 1 1 1 1 1 1 1 1 1 1 1 1 1 1 1 1 1 1 1 1 1 1 1 1 1 1 1 1 1 1 1 1 1 1 1 1 1 1 1 1 1 1 1 1 1 1 1 1 1 1 1 1 1 1 1 1 1 1 1 1 1 1 1 1 1 1 1 1 1 1 1 1 1 1 1 1 1 1 1 1 1 1 1 1 1 1 1 1 1 1 1 1 1 1 1 1 1 1 1 1 1 1 1 1 1 1 1 1 1 1 1 1 1 1 1 1 1 1 1 1 1 1 1 1 1 1 1 1 1 1 1 1 1 1 1 1 1 1 1 1 1 1 1 1 1 1 1 1 1 1 1 1 1 1 1 1 1 1 1 1 1 1 1 1 1 1 1 1 1 1 1 1 1 1 1 1 1 1 1 1 1 1 1 1 1 1 1 1 1 1 1 1 1 1 1 1 1 1 1 1 1 1 1 1 1 1 1 1 1 1 1 1 1 1 1 1 1 1 1 1 1 1 1 1 1 1 1 1 1 1 1 1 1 1 1 1 1 1 1 1 1 1 1 1 1 1 1 1 1 1 1 1 1 1 1 1 1 1 1 1 1 1 1 1 1 1 1 1 1 1 1 1 1 1 1 1 1 1 1 1 1 1 1 1 1 1 1 1 1 1 1 1 1 1 1 1 1 1 1 1 1 1 1 1 1 1 1 1 1 1 1 1 1 1 1 1 1 1 1 1 1 1 1 1 1 1 1 1 1 1 1 1 1 1 1 1 1 1 1 1 1 1 1 1 1 1 1 1 1 1 1 1 1 1 1 1 1 1 1 1 1 1 1 1 1 1 1 1 1 1 1 1 1 1 1 1 1 1 1 1 1 1 1 1 1 1 1 1 1 1 1 1 1 1 1 1 1 1 1 1 1 1 1 1 1 1 1 1 1 1 1 1 1 1 1 1 1 1 1 1 1 1 1 1 1 1 1 1 1 1 1 1 1 1 1 1 1 1 1 1 1 1 1 1 1 1 1 1 1 1 1 1 1 1 1 1 1 1 1 1 1 1 1 1 1 1 1 1 1 1 1 1 1 1 1 1 1 1 1 1 1 1 1 1 1 1 1 1 1 1 1 1 1 1 1 1 1 1 1 1 1 1 1 1 1 1 1 1 1 1 1 1 1 1 1 1 1 1 1 1 1 1 1 1 1 1 1 1 1 1 1 1 1 1 1 1 1 1 1 1 1 1 1 1 1 1 1 1 1 1 1 1 1 1 1 1 1 1 1 1 1 1 1 1 1 1 1 1 1 1 1 1 1 1 1 1 1 1 1 1 1 1 1 1 1 1 1 1 1 1 1 1 1 1 1 1 1 1 1 1 1 1 1 1 1 1 1 1 1 1 1 1 1 1 1 1 1 1 1 1 1 1 1 1 1 1 1 1 1 1 1 1 1 1 1 1 1 1 1 1 1 1 1 1 1 1 1 1 1 1 1 1 1 1 1 1 1 1 1 1 1 1 1 1 1 1 1 1 1 1 1 1 1 1 1 1 1 1 1 1 1 1 1 1 1 1 1 1 1 1 1 1 1 1 1 1 1 1 1 1 1 1 1 1 1 1 1 1 1 1 1 1 1 1 1 1 1 1 1 1 1 1 1 1 1 1 1 1 1 1 1 1 1 1 1 1 1 1 1 1 1 1 1 1 1 1 1 1 1 1 1 1 1 1 1 1 1 1 1 1 1 1 1 1 1 1 1 1 1 1 1 1 1 1 1 1 1 1 1 1 1 1 1 1 1 1 1 1 1 1 1 1 1 1 1 1 1 1 1 1 1 1 1 1 1 1 1 1 1 1 1 1 1 1 1 1 1 1 1 1 1 1 1 1 1 1 1 1 1 1 1 1 1 1 1 1 1 1 1 1 1 1 1 1 1 1 1 1 1 1 1 1 1 1 1 1 1 1 1 1 1 1 1 1 1 1 1 1 1 1 1 1 1 1 1 1 1 1 1 1 1 1 1 1 1 1 1 1 1 1 1 1 1 1 1 1 1 1 1 1 1 1 1 1 1 1 1 1 1 1 1 1 1 1 1 1 1 1 1 1 1 1 1 1 1 1 1 1 1 1 1 1 1 1 1 1 1 1 1 1 1 1 1 1 1 1 1 1 1 1 1 1 1 1 1 1 1 1 1 1 1 1 1 1 1 1 1 1 1 1 1 1 1 1 1 1 1 1 1 1 1 1 1 1 1 1 1 1 1 1 1 1 1 1 1 1 1 1 1 1 1 1 1 1 1 1 1 1 1 1 1 1 1 1 1 1 1 1 1 1 1 1 1 1 1 1 1 1 1 1 1 1 1 1 1 1 1 1 1 1 1 1 1 1 1 1 1 1 1 1 1 1 1 1 1 1 1 1 1 1 1 1 1 1 1 1 1 1 1 1 1 1 1 1 1 1 1 1 1 1 1 1 1 1 1 1 1 1 1 1 1 1 1 1 1 1 1 1 1 1 1 1 1 1 1 1 1 1 1 1 1 1 1 1 1 1 1 1 1 1 1 1 1 1 1 1 1 1 1 1 1 1 1 1 1 1 1 1 1 1 1 1 1 1 1 1 1 1 1 1 1 1 1 1 1 1 1 1 1 1 1 1 1 1 1 1 1 1 1 1 1 1 1 1 1 1 1 1 1 1 1 1 1 1 1 1 1 1 1 1 1 1 1 1 1 1 1 1 1 1 1 1 1 1 1 1 1 1 1 1 1 1 1 1 1 1 1 1 1 1 1 1 1 1 1 1 1 1 1 1 1 1 1 1 1 1 1 1 1 1 1 1 1 1 1 1 1 1 1 1 1 1 1 1 1 1 1 1 1 1 1 1 1 1 1 1 1 1 1 1 1 1 1 1 1 1 1 1 1 1 1 1 1 1 1 1 1 1 1 1 1 1 1 1 1 1 1 1 1 1 1 1 1 1 1 1 1 1 1 1 1 1 1 1 1 1 1 1 1 1 1 1 1 1 1 1 1 1 1 1 1 1 1 1 1 1 1 1 1 1 1 1 1 1 1 1 1 1 1 1 1 1 1 1 1 1 1 1 1 1 1 1 1 1 1 1 1 1 1 1 1 1 1 1 1 1 1 1 1 1 1 1 1 1 1 1 1 1 1 1 1 1 1 1 1 1 1 1 1 1 1 1 1 1 1 1 1 1 1 1 1 1 1 1 1 1 1 1 1 1 1 1 1 1 1 1 1 1 1 1 1 1 1 1 1 1 1 1 1 1 1 1 1 1 1 1 1 1 1 1 1 1 1 1 1 1 1 1 1 1 1 1 1 1 1 1 1 1 1 1 1 1 1 1 1 1 1 1 1 1 1 1 1 1 1 1 1 1 1 1 2 1 1 1 1 1 1 1 1 1 1 1 1 1 1 1 1 1 1 1 1 1 1 1 1 1 1 1 1 1 1 1 1 1 1 1 1 1 1 1 1 1 1 1 1 1 1 1 1 1 1 1 1 1 1 1 1 1 1 1 1 1 1 1 1 1 1 1 1 1 1 1 1 1 1 1 1 1 1 1 1 1 1 1 1 1 1 1 1 1 1 1 1 1 1 1 1 1 1 1 1 1 1 1 1 1 1 1 1 1 1 1 1 1 1 1 1 1 1 1 1 1 1 1 1 1 1 1 1 1 1 1 1 1 1 1 1 1 1 1 1 1 1 1 1 1 1 1 1 1 1 1 1 1 1 1 1 1 1 1 1 1 1 1 1 1 1 1 1 1 1 1 1 1 1 1 1 1 1 1 1 1 1 1 1 1 1 1 1 1 1 1 1 1 1 1 1 1 1 1 1 1 1 1 1 1 1 1 1 1 1 1 1 1 1 1 1 1 1 1 1 1 1 1 1 1 1 1 1 1 1 1 1 1 1 1 1 1 1 1 1 1 1 1 1 1 1 1 1 1 1 1 1 1 1 1 1 1 1 1 1 1 1 1 1 1 1 1 1 1 1 1 1 1 1 1 1 1 1 1 1 1 1 1 1 1 1 1 1 1 1 1 1 1 1 1 1 1 1 1 1 1 1 1 1 1 1 1 1 1 1 1 1 1 1 1 1 1 1 1 1 1 1 1 1 1 1 1 1 1 1 1 1 1 1 1 1 1 1 1 1 1 1 1 1 1 1 1 1 1 1 1 1 1 1 1 1 1 1 1 1 1 1 1 1 1 1 1 1 1 1 1 1 1 1 1 1 1 1 1 1 1 1 1 1 1 1 1 1 1 1 1 1 1 1 1 1 1 1 1 1 1 1 1 1 1 1 1 1 1 1 1 1 1 1 1 1 1 1 1 1 1 1 1 1 1 1 1 1 1 1 1 1 1 1 1 1 1 1 1 1 1 1 1 1 1 1 1 1 1 1 1 1 1 1 1 1 1 1 1 1 1 1 1 1 1 1 1 1 1 1 1 1 1 1 1 1 1 1 1 1 1 1 1 1 1 1 1 1 1 1 1 1 1 1 1 1 1 1 1 1 1 1 1 1 1 1 1 1 1 1 1 1 1 1 1 1 1 1 1 1 1 1 1 1 1 1 1 1 1 1 1 1 1 1 1 1 1 1 1 1 1 1 1 1 1 1 1 1 1 1 1 1 1 1 1 1 1 1 1 1 1 1 1 1 1 1 1 1 1 1 1 1 1 1 1 1 1 1 1 1 1 1 1 1 1 1 1 1 1 1 1 1 1 1 1 1 1 1 1 1 1 1 1 1 1 1 1 1 1 1 1 1 1 1 1 1 1 1 1 1 1 1 1 1 1 1 1 1 1 1 1 1 1 1 1 1 1 1 1 1 1 1 1 1 1 1 1 1 1 1 1 1 1 1 1 1 1 1 1 1 1 1 1 1 1 1 1 1 1 1 1 1 1 1 1 1 1 1 1 1 1 1 1 1 1 1 1 1 1 1 1 1 1 1 1 1 1 1 1 1 1 1 1 1 1 1 1 1 1 1 1 1 1 1 1 1 1 1 1 1 1 1 1 1 1 1 2 1 1 1 1 1 1 1 1 1 1 1 1 1 1 1 1 1 1 1 1 1 1 1 1 1 1 1 1 1 1 1 1 1 1 1 1 1 1 1 1 1 1 1 1 1 1 1 1 1 1 1 1 1 1 1 1 1 1 1 1 1 1 1 1 1 1 1 1 1 1 1 1 1 1 1 1 1 1 1 1 1 1 1 1 1 1 1 1 1 1 1 1 1 1 1 1 1 1 1 1 1 1 1 1 1 1 1 1 1 1 1 1 1 1 1 1 1 1 1 1 1 1 1 1 1 1 1 1 1 1 1 1 1 1 1 1 1 1 1 1 1 1 1 1 1 1 1 1 1 1 1 1 1 1 1 1 1 1 1 1 1 1 1 1 1 1 1 1 1 1 1 1 1 1 1 1 1 1 1 1 1 1 1 1 1 1 1 1 1 1 1 1 1 1 1 1 1 1 1 1 1 1 1 1 1 1 1 1 1 1 2 1 1 1 1 1 1 1 1 1 1 1 1 1 1 1 1 1 1 1 1 1 1 1 1 1 1 1 1 1 1 1 1 1 1 1 1 1 1 1 1 2 1 1 1 1 1 1 1 1 1 1 1 1 1 1 1 1 1 1 1 1 1 1 1 1 1 1 1 1 1 1 1 1 1 1 1 1 1 1 1 1 1 1 1 1 1 1 1 1 1 1 1 1 1 1 1 1 1 1 1 1 1 1 1 1 1 1 1 1 1 1 1 1 1 1 1 1 1 1 1 1 1 1 1 1 1 1 1 1 1 1 1 1 1 1 1 1 1 1 1 1 1 1 1 1 1 1 1 1 1 1 1 1 1 1 1 1 1 1 1 1 1 1 1 1 1 1 1 1 1 1 1 1 1 1 1 1 1 1 1 1 1 1 1 1 1 1 1 1 1 1 1 1 1 1 1 1 1 2 2 1 1 1 1 1 1 1 1 1 1 1 1 1 1 1 1 1 1 1 1 1 1 1 1 1 1 1 1 1 1 1 1 1 1 1 1 1 1 1 1 1 1 1 1 1 1 1 1 1 1 1 1 1 1 1 1 1 1 1 1 1 1 1 1 1 1 1 1 1 1 1 1 1 1 1 1 1 1 1 1 1 1 1 1 1 1 1 1 2 2 2 2 2 1 2 1 2 1 1 2 2 2 2 2 2 2 2 2 1 1 1 2 2 2 2 1 1 2 2 2 2 2 1 2 2 2 1 2 1 1 2 1 2 2 2 2 2 2 2 2 2 2 2 2 2 2 2 2 2 2 2 2 2 2 2 2 2 2 2 2 2 2 2 2 2 1 2 2 2 2 1 2 2 2 2 1 2 2 2 2 1 2 2 2 2 2 2 1 2 2 2 2 1 2 2 2 2 2 2 1 1 2 2 2 1 2 2 1 1 2 2 1 1 1 2 2 2 2 2 1 1 2 2 2 2 1 1 2 2 2 2 2 2 2 2 2 2 2 2 2 2 2 2 2 2 2 2 2 2 2 2 2 2 2 2 2 2 2 2 2 2 2 2 2 2 2 2 2 2 2 2 2 2 2 2 2 2 2 2 2 2 2 2 2 2 2 2 2 2 2 2 2 2 2 2 2 2 2 2 2 2 2 2 2 2 2 2 2 2 2 2 2 1 3 1 1 1 1 2 2 1 1 1 2 2 2 2 2 2 2 2 2 2 2 2 1 2 1 1 2 2 2 1 1 2 2 2 1 2 2 2 2 2 2 2 2 2 2 2 2 2 2 2 2 2 2 2 2 2 2 2 2 2 2 2 2 2 2 2 2 2 2 2 2 2 2 2 2 2 2 2 2 2 2 2 2 2 2 2 2 2 2 2 2 2 2 2 2 2 2 2 2 2 2 3 3 2 3 2 2 3 3 2 3 2 2 2 2 3 2 3 2 2 2 2 2 2 2 2 2 2 2 2 2 2 2 2 2 2 2 2 2 2 2 2 2 2 2 2 2 2 2 2 2 2 2 2 2 2 2 2 2 2 2 2 2 2 2 2 2 2 2 2 2 2 2 2 2 2 2 2 2 2 2 2 2 2 2 2 2 2 2 2 2 2 2 2 2 2 2 2 2 2 2 2 2 2 2 2 2 2 2 2 2 2 2 2 2 2 1 1 1 1 2 2 2 2 2 2 2 2 2 2 2 2 2 2 2 2 2 2 2 2 2 2 2 2 2 2 2 2 2 2 2 2 2 2 2 2 2 2 2 2 2 2 2 2 2 2 2 2 2 2 2 2 2 2 2 2 2 2 2 2 2 2 2 2 2 2 2 1 2 1 1 1 1 1 1 1 2 2 2 2 2 2 2 2 2 2 2 2 2 2 2 2 2 2 2 2 2 2 2 2 2 2 1 1 1 1 1 2 2 2 2 2 2 2 2 2 2 2 2 2 2 2 2 2 2 2 2 2 2 2 2 2 2 2 2 2 2 2 2 2 2 2 2 2 2 2 2 2 2 2 2 2 2 2 2 2 2 2 2 2 2 2 2 2 2 2 2 2 2 2 2 2 2 2 2 2 2 2 2 2 2 2 2 2 2 2 2 2 2 2 2 2 2 2 2 2 2 2 1 2 1 1 1 2 2 2 1 1 2 2 2 1 2 1 2 2 2 2 2 2 2 2 2 2 2 2 2 2 2 2 2 2 2 2 2 2 2 2 2 2 2 2 1 2 1 2 2 2 1 1 2 1 1 2 1 1 2 1 2 2 2 1 1 2 3 3 2 2 3 3 2 2 3 3 2 3 3 2 3 3 2 3 3 2 3 3 2 3 2 2 1 2 2 1 2 2 2 2 2 2 2 2 2 3 2 2 2 2 2 2 2 3 2 3 3 2 2 3 2 2 3 3 3 3 1 2 3 1 1 3 3 2 2 3 3 3 3 3 3 3 3 3 3 3 3 3 3 3 3 3 3 3 3 3 3 2 3 3 3 3 3 2 3 3 3 3 3 3 3 3 3 3 3 2 3 2 2 2 2 2 3 3 3 3 3 3 3 3 3 3 3 3 3 3 3 3 3 3 3 3 3 3 3 3 3 3 3 3 3 3 3 3 3 1 1 1 1 3 3 1 3 1 3 3 3 3 3 3 3 3 3 3 3 3 3 3 3 3 3 3 3 3 3 3 2 3 3 2 3 2 3 2 3 2 2 </vcount>
          <v>2 0 2 0 2 1 1 2 2 3 1 4 2 0 2 0 2 5 1 6 2 0 2 0 2 0 2 0 17 0 17 0 17 0 2 0 2 7 1 8 2 9 1 10 2 11 1 12 2 0 2 13 1 14 2 15 1 16 2 0 2 0 2 0 2 0 2 0 2 0 2 0 2 0 2 0 17 0 2 0 17 0 2 17 1 18 17 0 17 19 1 20 2 21 1 22 27 0 27 0 27 0 27 0 27 0 27 0 27 0 27 0 27 0 27 0 27 0 27 0 27 0 27 0 27 0 27 0 2 0 2 23 1 24 2 25 1 26 2 27 1 28 27 0 2 0 2 29 1 30 27 31 1 32 27 0 27 33 1 34 27 0 27 0 27 0 27 0 27 0 2 35 1 36 2 37 1 38 27 0 27 0 27 0 27 39 1 40 28 0 28 41 1 42 28 0 28 0 28 0 28 0 28 0 28 0 28 0 28 0 28 0 28 0 28 0 28 0 28 0 25 0 25 0 25 0 25 0 25 0 25 0 25 0 25 0 25 0 25 0 25 0 25 0 25 0 25 0 25 0 25 0 25 0 25 0 25 0 25 0 25 0 25 0 25 0 25 0 25 0 25 0 25 0 25 0 25 0 25 0 25 0 25 0 25 0 25 0 25 0 25 0 25 0 25 0 25 0 25 0 25 0 25 0 25 0 25 0 25 0 25 0 25 0 25 0 25 0 25 0 25 0 25 0 25 0 25 0 25 0 25 0 25 0 25 0 25 0 25 0 25 0 25 0 25 0 25 0 25 0 25 0 25 0 25 0 25 0 25 0 25 0 25 0 25 0 25 0 25 0 25 0 25 0 25 0 25 0 25 0 25 0 25 0 25 0 25 0 25 0 25 0 25 0 25 0 25 0 25 0 25 0 25 0 25 0 25 0 25 0 25 0 25 0 25 0 25 0 25 0 25 0 25 0 25 0 25 0 25 0 25 0 25 0 25 0 25 0 25 0 25 0 25 0 25 0 25 0 25 0 25 0 25 0 25 0 25 0 25 0 25 0 25 0 25 0 25 0 25 0 25 0 25 0 25 0 25 0 25 0 25 0 25 0 25 0 25 0 25 0 25 0 25 0 25 0 25 0 25 0 25 0 25 0 25 0 25 0 25 0 25 0 25 0 25 0 25 0 25 0 25 0 25 0 25 0 25 0 25 0 25 0 25 0 25 0 25 0 25 0 25 0 25 0 25 0 25 0 25 0 25 0 25 0 25 0 25 0 25 0 25 0 25 0 25 0 25 0 25 0 25 0 25 0 25 0 25 0 25 0 25 0 25 0 25 0 25 0 25 0 25 0 25 0 25 0 25 0 25 0 25 0 25 0 25 0 25 0 25 0 25 0 25 0 25 0 25 0 25 0 25 0 25 0 25 0 25 0 25 0 25 0 25 0 25 0 25 0 25 0 25 0 25 0 25 0 25 0 25 0 25 0 25 0 25 0 25 0 25 0 25 0 25 0 25 0 25 0 25 0 25 0 25 0 25 0 25 0 25 0 25 0 25 0 25 0 25 0 25 0 25 0 25 0 25 0 25 0 25 0 25 0 25 0 25 0 25 0 25 0 25 0 25 0 25 0 25 0 25 0 25 0 25 0 25 0 25 0 25 0 25 0 25 0 25 0 25 0 25 0 25 0 25 0 25 0 25 0 25 0 25 0 25 0 25 0 25 0 25 0 25 0 25 0 25 0 25 0 25 0 25 0 25 0 25 0 25 0 25 0 25 0 25 0 25 0 25 0 25 0 25 0 25 0 25 0 25 0 25 0 25 0 25 0 25 0 25 0 25 0 25 0 25 0 25 0 28 0 28 43 1 44 28 45 1 46 28 0 28 47 1 48 28 49 1 50 28 0 28 0 28 0 28 0 27 0 27 51 1 52 27 53 1 54 27 0 27 55 1 56 27 0 27 0 27 57 1 58 27 59 1 60 29 0 29 0 29 0 29 0 29 0 29 0 29 0 29 0 29 0 29 0 29 0 29 0 29 0 29 0 29 0 29 0 29 0 29 0 29 0 29 0 29 0 29 0 29 0 29 0 29 0 29 0 29 0 29 0 29 0 29 0 29 0 29 0 29 0 29 0 29 0 29 0 29 0 29 0 29 0 29 0 29 0 29 0 29 0 29 0 29 0 29 0 29 0 29 0 29 0 29 0 29 0 29 0 29 0 29 0 29 0 29 0 29 0 29 0 29 0 29 0 27 0 27 61 1 62 27 0 27 0 27 63 1 64 27 0 27 65 1 66 27 0 27 67 1 68 27 0 27 0 27 69 1 70 27 0 27 0 27 0 27 0 27 0 2 71 1 72 2 0 27 0 27 0 27 0 27 0 27 0 2 73 1 74 2 75 1 76 27 0 27 0 27 0 27 0 27 77 1 78 27 0 2 0 2 0 27 0 27 0 27 0 27 0 27 0 27 0 27 0 27 0 27 0 27 0 27 0 27 0 27 0 27 0 27 0 27 0 27 0 27 0 27 0 27 0 27 0 27 0 27 0 27 0 27 0 27 0 27 0 30 0 30 0 30 0 30 0 30 0 30 0 30 0 30 0 30 0 30 0 30 0 30 0 30 0 30 0 30 0 30 0 30 0 30 0 30 0 30 0 30 0 30 0 30 0 30 0 30 0 30 0 30 0 30 0 30 0 30 0 30 0 30 0 30 0 30 0 30 0 30 0 30 0 30 0 30 0 30 0 30 0 30 0 30 0 30 0 30 0 30 0 30 0 30 0 30 0 30 0 30 0 30 0 30 0 30 0 30 0 30 0 30 0 30 0 30 0 30 0 27 0 27 0 27 0 27 0 27 0 27 0 27 0 27 0 27 0 27 0 27 0 27 0 27 0 27 0 27 0 27 0 27 0 2 0 27 0 2 79 1 80 27 0 27 0 27 0 2 0 27 0 27 0 27 0 2 81 1 82 27 0 2 83 1 84 27 0 27 0 27 0 27 0 2 85 1 86 27 0 27 0 27 0 2 0 24 0 24 0 24 0 24 0 24 0 24 0 24 0 24 0 24 0 24 0 24 0 24 0 24 0 24 0 24 0 24 0 24 0 24 0 24 0 24 0 24 0 24 0 24 0 24 0 24 0 24 0 24 0 24 0 24 0 24 0 24 0 24 0 24 0 24 0 24 0 24 0 24 0 24 0 24 0 24 0 24 0 24 0 24 0 24 0 24 0 24 0 24 0 24 0 24 0 24 0 24 0 24 0 24 0 24 0 24 0 24 0 24 0 24 0 24 0 24 0 24 0 24 0 24 0 24 0 24 0 24 0 24 0 24 0 24 0 24 0 24 0 24 0 24 0 24 0 24 0 24 0 24 0 24 0 24 0 24 0 24 0 24 0 24 0 24 0 24 0 24 0 24 0 24 0 24 0 24 0 24 0 24 0 24 0 24 0 24 0 24 0 24 0 24 0 24 0 24 0 24 0 24 0 24 0 24 0 24 0 24 0 24 0 24 0 24 0 24 0 24 0 24 0 24 0 24 0 24 0 24 0 24 0 24 0 24 0 24 0 24 0 24 0 24 0 24 0 24 0 24 0 24 0 24 0 24 0 24 0 24 0 24 0 24 0 24 0 24 0 24 0 24 0 24 0 24 0 24 0 24 0 24 0 24 0 24 0 24 0 24 0 24 0 24 0 24 0 24 0 24 0 24 0 24 0 24 0 24 0 24 0 24 0 24 0 24 0 24 0 24 0 24 0 24 0 24 0 24 0 24 0 24 0 24 0 24 0 24 0 24 0 24 0 24 0 24 0 24 0 24 0 24 0 24 0 24 0 24 0 24 0 24 0 24 0 24 0 24 0 24 0 24 0 24 0 24 0 24 0 24 0 24 0 24 0 24 0 24 0 24 0 24 0 24 0 24 0 24 0 24 0 24 0 24 0 24 0 24 0 24 0 24 0 24 0 24 0 24 0 24 0 24 0 24 0 24 0 24 0 24 0 24 0 24 0 24 0 24 0 24 0 24 0 24 0 25 0 25 0 25 0 25 0 25 0 25 0 25 0 25 0 25 0 25 0 25 0 25 0 25 0 25 0 25 0 25 0 25 0 25 0 25 0 25 0 25 0 25 0 25 0 25 0 25 0 25 0 25 0 25 0 25 0 25 0 25 0 25 0 25 0 25 0 25 0 25 0 25 0 25 0 25 0 25 0 25 0 25 0 25 0 25 0 25 0 25 0 25 0 25 0 25 0 25 0 25 0 25 0 25 0 25 0 25 0 25 0 25 0 25 0 25 0 25 0 25 0 25 0 25 0 25 0 25 0 25 0 25 0 25 0 25 0 25 0 25 0 25 0 25 0 25 0 25 0 25 0 25 0 25 0 25 0 25 0 25 0 25 0 25 0 25 0 25 0 25 0 25 0 25 0 25 0 25 0 25 0 25 0 25 0 25 0 25 0 25 0 25 0 25 0 25 0 25 0 25 0 25 0 25 0 25 0 25 0 25 0 25 0 25 0 25 0 25 0 25 0 25 0 25 0 25 0 27 0 27 0 27 0 27 0 27 0 27 0 27 0 27 0 27 0 27 0 27 0 27 0 27 0 27 0 27 0 27 0 28 0 28 87 1 88 28 0 25 0 25 0 25 0 25 0 28 0 28 89 1 90 28 91 1 92 28 0 28 93 1 94 28 0 28 95 1 96 28 0 28 97 1 98 28 99 1 100 28 0 28 101 1 102 28 103 1 104 28 0 28 105 1 106 28 107 1 108 28 0 28 0 28 0 28 0 28 0 28 109 1 110 28 111 1 112 27 0 27 0 27 0 27 0 27 0 27 0 27 0 27 0 27 0 27 0 27 0 27 0 27 0 27 0 27 0 27 0 27 0 27 0 27 0 27 0 21 0 21 0 21 0 21 0 21 0 21 0 21 0 21 0 21 0 21 0 21 0 21 0 21 0 21 0 21 0 21 0 21 0 21 0 21 0 21 0 20 0 20 0 20 0 20 0 20 0 20 0 20 0 20 0 20 0 20 0 20 0 20 0 20 0 20 0 20 0 20 0 20 0 20 0 20 0 20 0 17 0 17 0 17 0 17 0 17 0 17 0 17 0 17 0 17 0 17 0 17 0 17 0 17 0 17 0 17 0 17 0 17 0 17 0 17 0 17 0 17 0 17 0 17 0 17 0 17 0 17 0 17 0 17 0 17 0 17 0 17 0 17 0 17 0 17 0 17 0 17 0 17 0 17 0 17 0 17 0 17 0 17 0 17 0 17 0 17 0 17 0 17 0 17 0 17 0 17 0 17 0 17 0 17 0 17 0 17 0 17 0 17 0 17 0 17 0 17 0 17 0 17 0 17 0 17 0 17 0 17 0 17 0 17 0 17 0 17 0 17 0 17 0 17 0 17 0 17 0 17 0 17 0 17 0 17 0 17 0 17 0 17 0 17 113 1 114 17 115 1 116 17 0 17 0 17 0 17 0 17 0 17 117 1 118 17 119 1 120 17 0 17 0 17 121 1 122 17 123 1 124 17 0 17 0 17 0 17 0 17 0 17 0 17 125 1 126 17 0 17 127 1 128 17 129 1 130 17 0 17 0 17 0 17 0 17 0 17 0 17 0 17 0 17 0 17 0 17 0 17 0 17 0 17 0 17 131 1 132 17 133 1 134 17 0 17 0 17 135 1 136 17 137 1 138 17 0 17 139 1 140 17 141 1 142 2 0 2 0 2 0 2 0 2 0 2 0 2 0 2 0 2 0 2 0 2 0 2 0 2 0 2 0 2 0 2 0 2 0 2 0 2 0 2 0 2 0 2 0 2 0 2 0 2 0 2 0 2 0 2 0 2 0 2 0 2 0 2 0 2 0 2 0 2 0 2 0 2 0 2 0 2 0 2 0 2 0 2 0 2 0 2 0 2 0 2 0 2 0 2 0 2 0 2 0 2 0 2 0 2 0 2 0 2 0 2 0 2 0 2 0 2 0 2 0 2 0 2 0 2 0 2 0 2 0 2 0 2 0 2 0 2 0 2 0 2 0 2 0 2 0 2 0 2 0 2 0 2 0 2 0 27 0 27 0 27 0 27 0 27 0 27 143 1 144 27 145 1 146 27 0 27 0 27 0 27 0 27 0 27 0 27 0 27 0 27 0 27 0 27 0 27 0 27 0 27 147 1 148 27 149 1 150 27 0 27 151 1 152 27 153 1 154 27 0 27 0 27 0 27 0 27 0 27 0 27 0 27 0 17 0 17 0 17 0 17 0 19 0 19 0 19 0 19 0 19 0 19 0 19 0 19 0 19 0 19 0 19 0 19 0 19 0 19 0 19 0 19 0 19 0 19 0 19 0 19 0 19 0 19 0 19 0 19 0 19 0 19 0 19 0 19 0 19 0 19 0 19 0 19 0 19 0 19 0 19 0 19 0 19 0 19 0 19 0 19 0 18 0 18 0 18 0 18 0 18 0 18 0 18 0 18 0 18 0 18 0 18 0 18 0 18 0 18 0 18 0 18 0 18 0 18 0 18 0 18 0 18 0 18 0 18 0 18 0 17 0 17 0 17 0 17 0 17 0 17 0 17 0 17 0 17 0 17 0 17 0 17 0 17 0 17 0 17 0 17 0 17 0 17 0 17 0 17 0 17 0 17 0 17 0 17 0 17 0 17 0 17 0 17 0 17 0 17 0 17 0 17 0 17 0 17 0 17 0 17 0 17 0 17 0 17 0 17 0 17 0 17 0 17 0 17 0 17 0 17 0 17 0 17 0 17 0 17 0 17 0 17 0 17 0 17 0 17 0 17 0 21 0 21 0 21 0 21 0 20 0 20 0 20 0 20 0 27 0 27 155 1 156 27 0 27 0 27 0 27 0 27 0 27 0 27 0 27 0 27 0 27 0 27 0 27 157 1 158 27 0 27 0 27 159 1 160 27 0 27 0 27 0 27 0 27 0 27 0 27 0 27 0 27 0 27 0 27 0 27 0 27 0 27 0 27 0 27 0 27 0 27 0 27 0 27 0 27 0 27 0 27 0 27 0 27 0 29 0 29 0 29 0 29 0 30 0 30 0 30 0 30 0 30 0 30 0 30 0 30 0 30 0 30 0 30 0 30 0 29 0 29 0 29 0 29 0 29 0 29 0 29 0 29 0 29 0 29 0 29 0 29 0 29 0 29 0 29 0 29 0 30 0 30 0 30 0 30 0 30 0 30 0 30 0 30 0 24 0 24 161 2 162 24 163 2 164 1 165 24 0 24 166 2 167 24 168 2 169 24 0 24 170 2 171 24 172 2 173 1 174 24 0 24 175 2 176 1 177 24 178 2 179 1 180 24 0 24 0 24 181 2 182 1 183 24 184 2 185 24 0 24 0 24 186 2 187 24 188 2 189 24 0 24 0 24 0 24 0 24 0 24 0 24 0 24 0 24 0 24 0 24 0 24 0 24 0 24 0 24 0 24 0 24 0 24 0 24 0 24 0 24 0 25 0 25 0 25 0 25 0 25 0 25 0 25 0 25 0 25 0 25 0 25 0 25 0 25 0 25 0 25 0 25 0 25 0 25 0 25 0 25 0 25 0 25 0 25 0 25 0 25 0 25 0 25 0 25 0 25 0 25 0 25 0 25 0 25 0 2 190 1 191 2 192 1 193 25 0 2 194 1 195 2 196 1 197 25 0 2 198 1 199 2 200 1 201 25 0 2 202 1 203 25 0 25 0 2 204 1 205 25 0 25 0 2 206 1 207 2 208 1 209 25 0 2 210 1 211 2 212 1 213 25 0 2 214 1 215 2 216 1 217 3 0 3 0 3 0 3 0 3 0 3 0 3 0 3 0 3 0 3 0 3 0 3 0 3 0 3 0 3 0 3 0 3 0 3 0 3 0 3 0 3 0 3 0 3 0 3 0 3 0 3 0 3 0 3 0 3 0 3 0 2 218 1 219 2 220 1 221 2 0 2 0 2 0 2 0 2 0 2 0 2 0 2 0 2 222 1 223 2 224 1 225 3 0 3 0 3 0 3 0 3 0 3 0 3 0 3 0 3 0 3 0 3 0 3 0 3 0 3 0 3 0 3 0 3 0 3 0 3 0 3 0 3 0 3 0 3 0 3 0 3 0 3 0 3 0 3 0 3 0 3 0 3 0 3 0 3 0 3 0 3 0 3 0 3 0 3 0 3 0 3 0 3 0 3 0 3 0 3 0 3 0 3 0 3 0 3 0 3 0 2 0 3 0 2 0 3 0 2 226 1 227 3 0 2 0 3 0 2 0 3 0 2 228 1 229 3 0 2 230 1 231 3 0 2 0 3 0 2 0 3 0 2 0 3 0 2 0 3 0 2 0 3 0 2 0 3 0 2 0 3 0 2 0 3 0 2 0 3 0 3 0 2 0 2 0 3 0 3 0 2 0 2 0 3 0 3 0 2 232 1 233 3 0 2 234 1 235 3 0 2 0 17 0 17 0 17 0 17 0 17 0 17 0 17 0 17 0 17 0 17 0 17 0 17 0 17 0 17 0 17 0 17 0 17 0 17 0 17 0 17 0 17 0 17 0 17 0 17 236 1 237 24 0 24 0 24 0 24 0 24 0 24 0 24 0 24 0 24 0 24 0 24 0 24 0 24 0 24 0 24 0 24 0 24 0 24 0 24 0 24 0 24 0 24 0 24 0 24 0 24 0 24 0 24 0 24 0 24 0 24 0 24 0 24 0 24 0 24 0 24 0 24 0 24 0 24 0 24 0 24 0 24 0 24 0 24 0 24 0 24 0 24 0 24 0 24 0 24 0 24 0 24 0 24 0 24 0 24 0 24 0 24 0 24 0 24 0 24 0 24 0 24 0 24 0 24 0 24 0 24 0 24 0 24 0 24 0 24 0 24 0 24 0 24 0 24 0 24 0 24 0 24 0 24 0 24 0 24 0 24 0 24 0 24 0 24 0 24 0 24 0 24 0 24 0 24 0 24 0 25 0 25 0 25 0 25 0 25 0 25 0 25 0 25 0 25 0 25 0 25 0 25 0 25 0 25 0 25 0 25 0 25 0 25 0 25 0 25 0 25 0 25 0 25 0 25 0 25 0 25 0 25 0 25 0 25 0 25 0 25 0 25 0 25 0 25 0 25 0 25 0 25 0 25 0 25 0 25 0 25 0 25 0 25 0 25 0 25 0 25 0 25 0 25 0 25 0 25 0 25 0 25 0 25 0 25 0 25 0 25 0 25 0 25 0 25 0 25 0 26 0 26 0 26 0 26 0 26 0 26 0 26 0 26 0 26 0 26 0 26 0 26 0 26 0 26 0 26 0 26 0 26 0 26 0 26 0 26 0 26 0 26 0 26 0 26 0 26 0 26 0 26 0 26 0 26 0 26 0 26 0 26 0 26 0 26 0 26 0 26 0 26 0 26 0 26 0 26 0 26 0 26 0 26 0 26 0 26 0 26 0 26 0 26 0 26 0 26 0 26 0 26 0 26 0 26 0 26 0 26 0 26 0 26 0 26 0 26 0 26 0 26 0 26 0 26 0 26 0 26 0 26 0 26 0 26 0 26 0 26 0 26 0 26 0 26 0 26 0 26 0 26 0 26 0 26 0 26 0 26 0 26 0 26 0 26 0 26 0 26 0 26 0 26 0 26 0 26 0 26 0 26 0 26 0 26 0 26 0 26 0 26 0 26 0 26 0 26 0 26 0 26 0 26 0 26 0 26 0 26 0 26 0 26 0 26 0 26 0 26 0 26 0 26 0 26 0 26 0 26 0 26 0 26 0 26 0 26 0 26 0 26 0 26 0 26 0 26 0 26 0 26 0 26 0 26 0 26 0 26 0 26 0 26 0 26 0 26 0 26 0 26 0 26 0 26 0 26 0 26 0 26 0 26 0 26 0 26 0 26 0 26 0 26 0 26 0 26 0 26 0 26 0 26 0 26 0 26 0 26 0 26 0 26 0 26 0 26 0 26 0 26 0 26 0 26 0 26 0 26 0 26 0 26 0 26 0 26 0 26 0 26 0 26 0 26 0 26 0 26 0 26 0 26 0 26 0 26 0 26 0 26 0 26 0 26 0 26 0 26 0 26 0 26 0 26 0 26 0 26 0 26 0 26 0 26 0 26 0 26 0 26 0 26 0 26 0 26 0 26 0 26 0 26 0 26 0 26 0 26 0 26 0 26 0 26 0 26 0 26 0 26 0 26 0 26 0 26 0 26 0 26 0 26 0 26 0 26 0 26 0 26 0 26 0 26 0 26 0 26 0 26 0 26 0 26 0 26 0 26 0 26 0 26 0 26 0 26 0 26 0 26 0 26 0 26 0 26 0 26 0 26 0 26 0 26 0 26 0 26 0 26 0 26 0 26 0 26 0 26 0 26 0 26 0 26 0 26 0 26 0 26 0 26 0 26 0 26 0 26 0 26 0 26 0 26 0 26 0 26 0 26 0 26 0 26 0 26 0 26 0 26 0 26 0 26 0 26 0 26 0 26 0 26 0 26 0 26 0 26 0 26 0 26 0 26 0 26 0 26 0 26 0 26 0 26 0 26 0 26 0 26 0 26 0 26 0 26 0 26 0 26 0 26 0 26 0 26 0 26 0 26 0 26 0 26 0 26 0 26 0 26 0 26 0 26 0 26 0 26 0 26 0 26 0 26 0 26 0 26 0 26 0 26 0 26 0 26 0 26 0 26 0 26 0 26 0 26 0 26 0 26 0 26 0 26 0 26 0 26 0 26 0 26 0 26 0 26 0 26 0 26 0 26 0 26 0 26 0 26 0 26 0 26 0 26 0 26 0 26 0 26 0 26 0 26 0 26 0 26 0 26 0 26 0 26 0 26 0 26 0 26 0 26 0 26 0 26 0 26 0 26 0 26 0 26 0 26 0 26 0 26 0 26 0 26 0 26 0 26 0 26 0 26 0 26 0 26 0 26 0 26 0 26 0 26 0 26 0 26 0 26 0 26 0 26 0 26 0 26 0 26 0 26 0 26 0 26 0 26 0 26 0 26 0 26 0 26 0 26 0 26 0 26 0 26 0 26 0 26 0 26 0 26 0 26 0 26 0 26 0 26 0 26 0 26 0 26 0 26 0 26 0 26 0 26 0 26 0 26 0 26 0 26 0 26 0 2 0 2 0 2 0 2 0 2 0 2 0 2 0 2 0 2 0 2 0 2 238 1 239 2 0 2 0 2 0 2 240 1 241 2 0 2 0 2 0 2 0 2 0 2 0 2 0 2 0 2 0 2 0 2 0 2 0 2 0 2 0 2 0 2 0 2 0 2 0 2 0 2 0 2 0 2 0 2 0 2 0 2 0 2 0 2 0 2 0 2 0 2 0 2 0 2 0 2 0 2 0 2 0 2 0 2 0 26 0 26 0 26 0 26 0 26 0 26 0 26 0 26 0 26 0 26 0 26 0 26 0 26 0 26 0 26 0 26 0 26 0 26 0 26 0 26 0 26 0 26 0 26 0 26 0 26 0 26 0 26 0 26 0 26 0 26 0 26 0 26 0 2 0 26 0 26 0 2 0 2 0 26 0 26 0 2 0 2 0 26 0 26 0 2 0 26 0 2 0 26 0 2 0 26 0 2 0 26 0 2 0 2 0 26 0 26 0 2 0 2 0 26 0 26 0 2 0 2 0 26 0 26 0 2 0 2 0 2 0 2 0 2 0 2 0 2 0 2 0 2 0 2 0 2 0 2 0 2 0 2 0 2 0 2 0 2 0 2 0 2 0 2 0 2 0 2 0 2 0 2 0 2 0 2 0 2 0 2 0 2 0 2 0 2 0 2 0 2 0 2 0 2 0 2 0 2 0 2 0 2 0 2 0 2 0 2 0 2 0 2 0 2 0 2 0 2 0 2 0 2 0 26 0 26 0 26 0 26 0 26 0 26 0 26 0 26 0 26 0 26 0 26 0 26 0 26 0 26 0 26 0 26 0 26 0 26 0 26 0 26 0 26 0 26 0 26 0 26 0 26 0 26 0 26 0 26 0 26 0 26 0 26 0 26 0 26 0 26 0 26 0 26 0 26 0 26 0 26 0 26 0 26 0 26 0 26 0 26 0 26 0 26 0 26 0 26 0 26 0 26 0 26 0 26 0 26 0 26 0 26 0 26 0 26 0 26 0 26 0 26 0 2 0 2 0 2 0 2 0 2 0 2 0 2 0 2 0 2 0 2 0 2 0 2 0 2 0 2 0 2 0 2 0 2 0 2 0 2 0 2 0 2 0 2 0 2 0 2 0 17 0 17 0 17 0 17 0 17 0 17 0 17 0 17 0 17 0 17 0 17 0 17 0 17 0 17 0 17 0 17 0 17 0 17 0 17 0 17 0 17 0 17 0 17 0 17 0 17 0 17 0 17 0 17 0 17 0 17 0 17 0 17 0 17 0 17 0 2 0 2 0 2 0 2 0 2 0 2 0 2 0 2 0 2 0 2 0 2 0 2 0 2 0 2 0 2 0 2 0 2 0 2 0 2 0 2 0 2 0 2 0 2 0 2 0 2 0 2 0 2 0 2 0 2 0 2 0 2 0 2 0 2 0 2 0 2 0 2 0 2 0 2 0 2 0 2 0 2 0 2 0 2 0 2 0 2 0 2 0 2 0 2 0 2 0 2 0 2 0 2 0 2 0 2 0 2 0 2 0 2 0 2 0 2 0 2 0 2 0 2 0 2 0 2 0 2 0 2 0 2 0 2 0 2 0 2 0 2 0 2 0 2 0 2 0 2 0 2 0 27 0 27 0 27 0 27 0 27 0 27 0 27 0 27 0 27 0 27 0 27 0 27 0 27 0 27 0 27 0 27 0 27 0 27 0 27 0 27 0 27 0 27 0 27 0 27 0 27 0 27 0 27 0 27 0 27 0 27 0 27 0 27 0 27 0 27 0 27 0 27 0 27 0 27 0 27 0 27 0 27 0 27 0 27 0 27 0 27 0 27 0 27 0 27 0 27 0 27 0 27 0 27 0 27 0 27 0 27 0 27 0 27 0 27 0 27 0 27 0 27 0 27 0 27 0 27 0 27 0 27 0 27 0 27 0 27 0 27 0 27 0 27 0 27 0 27 0 27 0 27 0 27 0 27 0 27 0 27 0 27 0 27 0 27 0 27 0 27 0 27 0 27 0 27 0 17 0 17 0 17 0 17 0 17 0 17 0 17 0 17 0 17 0 17 0 17 0 17 0 17 0 17 0 17 0 17 0 17 0 17 0 17 0 17 0 17 0 17 0 17 0 17 0 17 0 17 0 17 0 17 0 24 0 24 0 24 0 24 0 24 0 24 0 24 0 24 0 24 0 24 0 24 0 24 0 24 0 24 0 24 0 24 0 24 0 24 0 24 0 24 0 24 0 24 0 24 0 24 0 24 0 24 0 24 0 24 0 24 0 24 0 24 0 24 0 24 0 24 0 24 0 24 0 24 0 24 0 24 0 24 0 24 0 27 0 27 242 1 243 27 0 27 0 27 0 27 0 27 0 27 0 27 0 27 0 27 0 27 0 27 0 27 244 1 245 27 0 16 0 15 0 15 0 16 0 16 0 15 0 15 0 16 0 15 0 16 0 16 0 15 0 15 0 16 0 16 0 15 0 16 0 15 0 15 0 16 0 16 0 15 0 15 0 16 0 16 0 15 0 15 0 16 0 16 0 15 0 16 0 15 0 15 0 15 0 15 0 15 0 15 0 15 0 15 0 15 0 15 0 15 0 15 0 15 0 15 0 15 0 15 0 15 0 15 0 15 0 15 0 15 0 15 0 15 0 15 0 15 0 15 0 15 0 15 246 14 247 15 0 15 248 14 249 15 0 14 0 15 250 14 251 15 252 14 253 14 0 15 254 14 255 15 256 14 257 14 0 15 258 14 259 15 260 14 261 14 0 15 262 14 263 15 264 14 265 14 0 15 266 14 267 15 268 14 269 14 0 15 270 14 271 15 272 14 273 14 0 15 274 14 275 14 0 14 0 14 276 13 277 14 0 14 278 13 279 14 0 14 0 14 280 13 281 14 282 13 283 14 0 14 284 13 285 14 0 14 0 14 0 14 286 13 287 14 288 13 289 14 0 14 0 14 290 13 291 14 0 14 0 14 292 13 293 14 0 14 294 13 295 14 296 13 297 14 0 14 0 14 0 14 298 13 299 14 300 13 301 13 0 2 302 1 303 2 304 1 305 13 0 2 306 1 307 2 308 1 309 13 0 2 310 1 311 2 312 1 313 13 0 2 314 1 315 2 316 1 317 13 0 2 318 1 319 2 320 1 321 13 0 2 322 1 323 2 324 1 325 13 0 13 0 2 326 1 327 2 328 1 329 13 0 13 0 2 330 1 331 2 332 1 333 13 0 16 0 16 0 16 0 16 0 16 0 16 0 16 0 16 0 16 0 16 0 16 0 16 0 16 0 16 0 16 0 16 0 16 0 16 0 16 0 16 0 16 0 16 0 16 0 16 0 16 0 16 0 16 0 16 0 16 0 16 0 16 0 16 0 15 0 15 0 15 0 15 0 15 0 15 0 15 0 15 0 15 0 15 0 15 0 15 0 15 0 15 0 15 0 15 0 15 0 15 0 15 0 15 0 15 0 15 0 15 0 15 0 15 0 15 0 14 0 14 0 14 0 14 0 14 0 14 0 14 0 14 0 14 0 14 0 14 0 14 0 14 0 14 0 14 0 14 0 14 0 14 0 14 0 14 0 14 0 14 0 14 0 14 0 14 0 14 0 13 0 13 0 13 0 13 0 13 0 13 0 13 0 13 0 13 0 13 0 13 0 13 0 13 0 13 0 13 0 13 0 13 0 13 0 13 0 13 0 13 0 13 0 13 0 13 0 13 0 13 0 13 0 13 0 13 0 13 0 13 0 13 0 13 0 14 334 13 335 14 336 13 337 13 0 14 338 13 339 14 340 13 341 13 0 14 342 13 343 13 0 13 0 14 344 13 345 13 0 13 0 14 346 13 347 13 0 15 0 15 348 14 349 15 0 15 0 15 350 14 351 15 352 14 353 15 0 15 0 15 354 14 355 15 356 14 357 15 0 15 0 15 358 14 359 15 360 14 361 15 0 15 362 14 363 15 0 15 0 15 364 14 365 15 366 14 367 16 0 16 0 16 368 2 369 16 0 16 370 2 371 16 372 2 373 16 0 16 374 2 375 16 376 2 377 16 0 16 378 2 379 16 380 2 381 16 0 16 382 2 383 16 0 13 0 13 0 13 0 13 0 13 0 13 0 13 0 13 0 13 0 13 0 13 0 13 0 13 0 13 0 13 0 13 0 13 0 13 0 13 0 13 0 13 0 13 0 13 0 13 0 13 0 13 0 13 0 13 0 13 0 13 0 13 0 13 0 28 0 31 384 28 385 2 386 31 387 28 388 2 389 28 0 31 390 28 391 2 392 31 393 28 394 2 395 28 0 31 396 28 397 2 398 31 399 28 400 2 401 28 0 31 402 28 403 2 404 31 405 28 406 2 407 28 0 31 408 28 409 2 410 31 411 28 412 2 413 28 0 28 0 31 414 28 415 2 416 31 417 28 418 2 419 28 0 28 0 31 420 28 421 2 422 28 0 7 0 7 0 7 0 7 0 7 0 7 0 7 0 7 0 7 0 7 0 7 0 7 0 7 0 7 0 7 0 7 0 7 0 7 0 7 0 7 0 8 0 8 0 8 0 8 0 8 0 8 0 8 0 8 0 8 0 8 0 8 0 8 0 8 0 8 0 8 0 8 0 8 0 8 0 8 0 8 0 8 0 8 0 8 0 8 0 8 0 8 0 8 0 8 0 8 0 8 0 8 0 8 0 8 0 8 0 8 0 8 0 8 0 8 0 8 0 8 0 8 0 8 0 8 0 8 0 8 0 8 0 8 0 8 0 8 0 8 0 8 0 8 0 8 0 8 0 8 0 8 0 8 0 8 0 8 0 8 0 8 0 8 0 8 0 8 0 8 0 8 0 8 0 8 0 8 0 8 0 8 0 8 0 8 0 8 0 8 0 8 0 8 0 8 0 8 0 8 0 7 0 7 0 7 0 7 0 7 0 7 0 7 0 7 0 7 0 7 0 7 0 7 0 7 0 7 0 7 0 7 0 7 0 7 0 7 0 7 0 7 0 7 0 7 0 7 0 7 0 7 0 7 0 7 0 7 0 7 0 7 0 7 0 7 0 7 0 7 0 7 0 7 0 7 0 7 0 7 0 7 0 7 0 7 0 7 0 7 0 7 0 7 0 7 0 7 0 7 0 7 0 7 0 7 0 7 0 7 0 7 0 7 0 7 0 7 0 7 0 7 0 7 0 7 0 7 0 7 0 7 0 7 0 7 0 7 0 7 0 7 0 7 0 7 0 8 0 8 0 8 0 8 0 8 0 8 0 8 0 8 0 8 0 8 0 8 0 8 0 8 0 8 0 8 0 8 0 8 0 8 0 8 0 8 0 8 0 8 0 8 0 8 0 8 0 8 0 8 0 8 0 8 0 8 0 8 0 8 0 8 0 8 0 8 0 8 0 8 0 8 0 8 0 8 0 8 0 8 0 8 0 8 0 8 0 8 0 8 0 8 0 8 0 8 0 8 0 8 0 8 0 8 0 8 0 8 0 8 0 8 0 8 0 8 0 8 0 8 0 8 0 8 0 8 0 8 0 8 0 8 0 8 0 8 0 8 0 8 0 8 0 8 0 8 0 8 0 8 0 8 0 8 0 8 0 8 0 8 0 8 0 8 0 8 0 8 0 8 0 8 0 8 0 8 0 8 0 8 0 8 0 8 0 8 0 8 0 8 0 8 0 8 0 8 0 8 0 8 0 8 0 8 0 8 0 8 0 8 0 8 0 8 0 8 0 8 0 8 0 8 0 8 0 8 0 8 0 8 0 8 0 8 0 8 0 8 0 8 0 8 0 8 0 8 0 8 0 8 0 8 0 8 0 8 0 8 0 8 0 8 0 8 0 8 0 8 0 8 0 8 0 8 0 8 0 8 0 8 0 8 0 8 0 8 0 8 0 8 0 8 0 8 0 8 0 8 0 8 0 8 0 8 0 8 0 8 0 8 0 8 0 8 0 8 0 8 0 8 0 8 0 8 0 8 0 8 0 8 0 8 0 8 0 8 0 8 0 8 0 8 0 8 0 8 0 8 0 8 0 8 0 8 0 8 0 8 0 8 0 8 0 8 0 8 0 8 0 8 0 8 0 8 0 8 0 8 0 8 0 8 0 8 0 8 0 8 0 8 0 8 0 8 0 8 0 8 0 8 0 8 0 8 0 8 0 8 0 8 0 8 0 8 0 8 0 8 0 8 0 8 0 8 0 8 0 8 0 8 0 8 0 8 0 8 0 8 0 8 0 8 0 8 0 8 0 8 0 8 0 8 0 8 0 8 0 8 0 8 0 8 0 8 0 8 0 8 0 8 0 8 0 8 0 8 0 8 0 8 0 8 0 8 0 8 0 8 0 8 0 8 0 8 0 8 0 8 0 8 0 8 0 8 0 8 0 8 0 8 0 8 0 8 0 8 0 8 0 8 0 8 0 8 0 8 0 8 0 8 0 8 0 8 0 8 0 8 0 8 0 8 0 8 0 8 0 8 0 8 0 8 0 8 0 8 0 8 0 8 0 8 0 8 0 8 0 8 0 8 0 8 0 8 0 8 0 8 0 8 0 8 0 8 0 8 0 8 0 8 0 8 0 8 0 8 0 8 0 8 0 8 0 8 0 8 0 8 0 8 0 8 0 8 0 8 0 8 0 8 0 8 0 8 0 8 0 8 0 8 0 8 0 8 0 8 0 8 0 8 0 8 0 8 0 8 0 8 0 8 0 8 0 8 0 8 0 8 0 8 0 8 0 8 0 8 0 8 0 8 0 8 0 8 0 8 0 8 0 8 0 8 0 8 0 8 0 8 0 8 0 8 0 8 0 8 0 8 0 8 0 8 0 8 0 8 0 8 0 8 0 8 0 8 0 8 0 8 0 8 0 8 0 8 0 8 0 8 0 8 0 8 0 8 0 8 0 8 0 8 0 8 0 8 0 8 0 8 0 8 0 8 0 8 0 8 0 8 0 8 0 8 0 8 0 8 0 8 0 8 0 8 0 8 0 8 0 8 0 8 0 8 0 8 0 8 0 8 0 8 0 8 0 8 0 8 0 8 0 8 0 8 0 8 0 8 0 8 0 8 0 8 0 8 0 8 0 8 0 8 0 8 0 8 0 8 0 8 0 8 0 8 0 8 0 8 0 8 0 8 0 8 0 8 0 8 0 8 0 8 0 8 0 8 0 8 0 8 0 8 0 8 0 8 0 8 0 8 0 8 0 8 0 8 0 8 0 8 0 8 0 8 0 8 0 8 0 8 0 8 0 8 0 8 0 8 0 8 0 8 0 8 0 8 0 8 0 8 0 8 0 8 0 8 0 8 0 8 0 8 0 8 0 8 0 8 0 8 0 8 0 8 0 8 0 8 0 8 0 8 0 8 0 8 0 8 0 8 0 8 0 8 0 8 0 8 0 8 0 8 0 8 0 8 0 8 0 8 0 8 0 8 0 8 0 8 0 8 0 8 0 8 0 8 0 8 0 8 0 8 0 8 0 8 0 8 0 8 0 8 0 8 0 8 0 8 0 8 0 8 0 8 0 8 0 8 0 8 0 8 0 8 0 8 0 8 0 8 0 8 0 8 0 8 0 8 0 8 0 8 0 8 0 8 0 8 0 8 0 8 0 8 0 8 0 8 0 8 0 8 0 8 0 8 0 8 0 8 0 8 0 8 0 8 0 8 0 8 0 8 0 8 0 8 0 8 0 8 0 8 0 8 0 8 0 8 0 8 0 8 0 7 0 7 0 7 0 7 0 7 0 7 0 7 0 7 0 7 0 7 0 7 0 7 0 7 0 7 0 7 0 7 0 7 0 7 0 7 0 7 0 7 0 7 0 7 0 7 0 7 0 7 0 7 0 7 0 7 0 7 0 7 0 7 0 7 0 7 0 7 0 7 0 7 0 7 0 7 0 7 0 7 0 7 0 7 0 7 0 7 0 7 0 7 0 7 0 7 0 7 0 7 0 7 0 7 0 7 0 7 0 7 0 7 0 7 0 7 0 7 0 7 0 7 0 7 0 7 0 7 0 7 0 7 0 7 0 7 0 7 0 7 0 7 0 7 0 7 0 7 0 7 0 7 0 7 0 7 0 7 0 7 0 7 0 7 0 7 0 7 0 7 0 7 0 7 0 7 0 8 0 8 0 8 0 8 0 8 0 8 0 8 0 8 0 8 0 8 0 8 0 8 0 8 0 8 0 8 0 8 0 8 0 8 0 8 0 8 0 8 0 8 0 8 0 8 0 8 0 8 0 8 0 8 0 8 0 8 0 8 0 8 0 8 0 8 0 8 0 8 0 8 0 8 0 8 0 8 0 8 0 8 0 8 0 8 0 8 0 8 0 8 0 8 0 8 0 8 0 8 0 8 0 8 0 8 0 8 0 8 0 8 0 8 0 8 0 8 0 8 0 8 0 8 0 8 0 8 0 8 0 8 0 8 0 8 0 8 0 8 0 8 0 8 0 8 0 8 0 8 0 8 0 8 0 8 0 8 0 8 0 8 0 8 0 8 0 8 0 8 0 8 0 8 0 8 0 8 0 8 0 8 0 8 0 8 0 8 0 8 0 8 0 8 0 8 0 8 0 8 0 8 0 8 0 8 0 8 0 8 0 8 0 8 0 8 0 8 0 8 0 8 0 8 0 8 0 8 0 8 0 8 0 8 0 7 0 7 0 7 0 7 0 7 0 7 0 7 0 7 0 7 0 7 0 7 0 7 0 8 0 8 0 8 0 8 0 7 0 7 0 7 0 7 0 7 0 7 0 7 0 7 0 7 0 7 0 7 0 7 0 7 0 7 0 7 0 7 0 7 0 7 0 7 0 7 0 7 0 7 0 7 0 7 0 7 0 7 0 7 0 7 0 7 0 7 0 7 0 7 0 7 0 7 0 7 0 7 0 7 0 7 0 7 0 7 0 10 0 10 0 10 0 10 0 10 0 10 0 10 0 10 0 10 0 10 0 10 0 10 0 10 0 10 0 10 0 10 0 10 0 10 0 10 0 10 0 10 0 10 0 11 0 11 0 11 0 11 0 11 0 11 0 11 0 11 0 11 0 11 0 11 0 11 0 11 0 11 0 11 0 11 0 11 0 11 0 11 0 11 0 11 0 11 0 11 0 11 0 11 0 11 0 11 0 11 0 11 0 11 0 11 0 11 0 11 0 11 0 11 0 11 0 11 0 11 0 11 0 11 0 11 0 11 0 11 0 11 0 11 0 11 0 11 0 11 0 11 0 11 0 11 0 11 0 11 0 11 0 11 0 11 0 11 0 11 0 11 0 11 0 11 0 11 0 11 0 11 0 11 0 11 0 11 0 11 0 11 0 11 0 11 0 11 0 11 0 11 0 11 0 11 0 11 0 11 0 11 0 11 0 11 0 11 0 11 0 10 0 10 0 10 0 10 0 10 0 10 0 10 0 10 0 10 0 10 0 10 0 10 0 10 0 10 0 10 0 10 0 10 0 10 0 10 0 10 0 10 0 10 0 10 0 10 0 10 0 10 0 10 0 10 0 10 0 10 0 10 0 10 0 10 0 10 0 10 0 10 0 10 0 10 0 10 0 10 0 10 0 10 0 10 0 10 0 10 0 10 0 10 0 10 0 10 0 10 0 10 0 10 0 10 0 10 0 10 0 10 0 10 0 10 0 10 0 10 0 10 0 10 0 10 0 10 0 10 0 10 0 10 0 10 0 10 0 10 0 10 0 10 0 10 0 10 0 11 0 11 0 11 0 11 0 11 0 11 0 11 0 11 0 11 0 11 0 11 0 11 0 11 0 11 0 11 0 11 0 11 0 11 0 11 0 11 0 11 0 11 0 11 0 11 0 11 0 11 0 11 0 11 0 11 0 11 0 11 0 11 0 11 0 11 0 11 0 11 0 11 0 11 0 11 0 11 0 11 0 11 0 11 0 11 0 11 0 11 0 11 0 11 0 11 0 11 0 11 0 11 0 11 0 11 0 11 0 11 0 11 0 11 0 11 0 11 0 11 0 11 0 11 0 11 0 11 0 11 0 11 0 11 0 11 0 11 0 11 0 11 0 11 0 11 0 11 0 11 0 11 0 11 0 11 0 11 0 11 0 11 0 11 0 11 0 11 0 11 0 11 0 11 0 11 0 11 0 11 0 11 0 11 0 11 0 11 0 11 0 11 0 11 0 11 0 11 0 11 0 11 0 11 0 11 0 11 0 11 0 11 0 11 0 11 0 11 0 11 0 11 0 11 0 11 0 11 0 11 0 11 0 11 0 11 0 11 0 11 0 11 0 11 0 11 0 11 0 11 0 11 0 11 0 11 0 11 0 11 0 11 0 11 0 11 0 11 0 11 0 11 0 11 0 11 0 11 0 11 0 11 0 11 0 11 0 11 0 11 0 11 0 11 0 11 0 11 0 11 0 11 0 11 0 11 0 11 0 11 0 11 0 11 0 11 0 11 0 11 0 11 0 11 0 11 0 11 0 11 0 11 0 11 0 11 0 11 0 11 0 11 0 11 0 11 0 11 0 11 0 11 0 11 0 11 0 11 0 11 0 11 0 11 0 11 0 11 0 11 0 11 0 11 0 11 0 11 0 11 0 11 0 11 0 11 0 11 0 11 0 11 0 11 0 11 0 11 0 11 0 11 0 11 0 11 0 11 0 11 0 11 0 11 0 11 0 11 0 11 0 11 0 11 0 11 0 11 0 11 0 11 0 11 0 11 0 11 0 11 0 11 0 11 0 11 0 11 0 11 0 11 0 11 0 11 0 11 0 11 0 11 0 11 0 11 0 11 0 11 0 11 0 11 0 11 0 11 0 11 0 11 0 11 0 11 0 11 0 11 0 11 0 11 0 11 0 11 0 11 0 11 0 11 0 11 0 11 0 11 0 11 0 11 0 11 0 11 0 11 0 11 0 11 0 11 0 11 0 11 0 11 0 11 0 11 0 11 0 11 0 11 0 11 0 11 0 11 0 11 0 11 0 11 0 11 0 11 0 11 0 11 0 11 0 11 0 11 0 11 0 11 0 11 0 11 0 11 0 11 0 11 0 11 0 11 0 11 0 11 0 11 0 11 0 11 0 11 0 11 0 11 0 11 0 11 0 11 0 11 0 11 0 11 0 11 0 11 0 11 0 11 0 11 0 11 0 11 0 11 0 11 0 11 0 11 0 11 0 11 0 11 0 11 0 11 0 11 0 11 0 11 0 11 0 11 0 11 0 11 0 11 0 11 0 11 0 11 0 11 0 11 0 11 0 11 0 11 0 11 0 11 0 11 0 11 0 11 0 11 0 11 0 11 0 11 0 11 0 11 0 11 0 11 0 11 0 11 0 11 0 11 0 11 0 11 0 11 0 11 0 11 0 11 0 11 0 11 0 11 0 11 0 11 0 11 0 11 0 11 0 11 0 11 0 11 0 11 0 11 0 11 0 11 0 11 0 11 0 11 0 11 0 11 0 11 0 11 0 11 0 11 0 11 0 11 0 11 0 11 0 11 0 11 0 11 0 11 0 11 0 11 0 11 0 11 0 11 0 11 0 11 0 11 0 11 0 11 0 11 0 11 0 11 0 11 0 11 0 11 0 11 0 11 0 11 0 11 0 11 0 11 0 11 0 11 0 11 0 11 0 11 0 11 0 11 0 11 0 11 0 11 0 11 0 11 0 11 0 11 0 11 0 11 0 11 0 11 0 11 0 11 0 11 0 11 0 11 0 11 0 11 0 11 0 11 0 11 0 11 0 11 0 11 0 11 0 11 0 11 0 11 0 11 0 11 0 11 0 11 0 11 0 11 0 11 0 11 0 11 0 11 0 11 0 11 0 11 0 11 0 11 0 11 0 11 0 11 0 11 0 11 0 11 0 11 0 11 0 11 0 11 0 11 0 11 0 11 0 11 0 11 0 11 0 11 0 11 0 11 0 11 0 11 0 11 0 11 0 11 0 11 0 11 0 11 0 11 0 11 0 11 0 11 0 11 0 11 0 11 0 11 0 11 0 11 0 11 0 11 0 11 0 11 0 11 0 11 0 11 0 11 0 11 0 11 0 11 0 11 0 11 0 11 0 11 0 11 0 11 0 11 0 11 0 11 0 11 0 11 0 11 0 11 0 11 0 11 0 11 0 11 0 11 0 11 0 11 0 11 0 11 0 11 0 11 0 11 0 11 0 11 0 11 0 11 0 11 0 11 0 11 0 11 0 11 0 11 0 11 0 11 0 11 0 11 0 11 0 11 0 11 0 11 0 11 0 10 0 10 0 10 0 10 0 10 0 10 0 10 0 10 0 10 0 10 0 10 0 10 0 10 0 10 0 10 0 10 0 10 0 10 0 10 0 10 0 10 0 10 0 10 0 10 0 10 0 10 0 10 0 10 0 10 0 10 0 10 0 10 0 10 0 10 0 10 0 10 0 10 0 10 0 10 0 10 0 10 0 10 0 10 0 10 0 10 0 10 0 10 0 10 0 10 0 10 0 10 0 10 0 10 0 10 0 10 0 10 0 10 0 10 0 10 0 10 0 10 0 10 0 10 0 10 0 10 0 10 0 10 0 10 0 10 0 10 0 10 0 10 0 10 0 10 0 10 0 10 0 10 0 10 0 10 0 10 0 10 0 10 0 10 0 10 0 10 0 10 0 10 0 10 0 10 0 10 0 10 0 10 0 11 0 11 0 11 0 11 0 11 0 11 0 11 0 11 0 11 0 11 0 11 0 11 0 11 0 11 0 11 0 11 0 11 0 11 0 11 0 11 0 11 0 11 0 11 0 11 0 11 0 11 0 11 0 11 0 11 0 11 0 11 0 11 0 11 0 11 0 11 0 11 0 11 0 11 0 11 0 11 0 11 0 11 0 11 0 11 0 11 0 11 0 11 0 11 0 11 0 11 0 11 0 11 0 11 0 11 0 11 0 11 0 11 0 11 0 11 0 11 0 11 0 11 0 11 0 11 0 11 0 11 0 11 0 11 0 11 0 11 0 11 0 11 0 11 0 11 0 11 0 11 0 11 0 11 0 11 0 11 0 11 0 11 0 11 0 11 0 11 0 11 0 11 0 11 0 11 0 11 0 11 0 11 0 11 0 11 0 11 0 11 0 11 0 11 0 11 0 11 0 11 0 11 0 11 0 11 0 11 0 11 0 11 0 11 0 11 0 11 0 11 0 11 0 11 0 11 0 11 0 11 0 11 0 11 0 11 0 11 0 11 0 11 0 11 0 10 0 10 0 10 0 10 0 10 0 10 0 10 0 10 0 10 0 10 0 10 0 10 0 10 0 10 0 10 0 10 0 10 0 10 0 10 0 10 0 10 0 10 0 10 0 10 0 10 0 10 0 10 0 10 0 10 0 10 0 10 0 10 0 10 0 10 0 10 0 10 0 10 0 10 0 10 0 10 0 10 0 10 0 10 0 10 0 10 0 10 0 10 0 10 0 10 0 10 0 10 0 10 0 10 0 10 0 10 0 10 0 4 0 4 0 4 0 4 0 4 0 4 0 4 0 4 0 4 0 4 0 4 0 4 0 4 0 4 0 4 0 4 0 4 0 4 0 4 423 1 424 4 0 4 0 4 0 4 0 5 0 5 0 5 0 5 0 5 0 5 0 5 0 5 0 5 0 5 0 5 0 5 0 5 0 5 0 5 0 5 0 5 0 5 0 5 0 5 0 5 0 5 0 5 0 5 0 5 0 5 0 5 0 5 0 5 0 5 0 5 0 5 0 5 0 5 0 5 0 5 0 5 0 5 0 5 0 5 0 5 0 5 0 5 0 5 0 5 0 5 0 5 0 5 0 5 0 5 0 5 0 5 0 5 0 5 0 5 0 5 0 5 0 5 0 5 0 5 0 5 0 5 0 5 0 5 0 5 0 5 0 5 0 5 0 5 0 5 0 5 0 5 0 5 0 5 0 5 0 5 0 5 0 5 0 5 0 5 0 4 0 4 0 4 0 4 0 4 0 4 0 4 0 4 0 4 0 4 0 4 0 4 0 4 0 4 0 4 0 4 0 4 0 4 0 4 0 4 0 4 0 4 0 4 0 4 0 4 0 4 0 4 0 4 0 4 0 4 0 4 0 4 0 4 0 4 0 4 0 4 0 4 0 4 0 4 0 4 0 4 0 4 0 4 0 4 0 4 0 4 0 4 0 4 0 4 0 4 0 4 0 4 0 4 0 4 0 4 0 4 0 4 0 4 0 4 0 4 0 4 0 4 0 4 0 4 0 4 0 4 0 4 0 4 0 4 0 4 0 4 0 4 0 4 0 4 0 4 0 4 0 4 0 5 0 5 0 5 0 5 0 5 0 5 0 5 0 5 0 5 0 5 0 5 0 5 0 5 0 5 0 5 0 5 0 5 0 5 0 5 0 5 0 5 0 5 0 5 0 5 0 5 0 5 0 5 0 5 0 5 0 5 0 5 0 5 0 5 0 5 0 5 0 5 0 5 0 5 0 5 0 5 0 5 0 5 0 5 0 5 0 5 0 5 0 5 0 5 0 5 0 5 0 5 0 5 0 5 0 5 0 5 0 5 0 5 0 5 0 5 0 5 0 5 0 5 0 5 0 5 0 5 0 5 0 5 0 5 0 5 0 5 0 5 0 5 0 5 0 5 0 5 0 5 0 5 0 5 0 5 0 5 0 5 0 5 0 5 0 5 0 5 0 5 0 5 0 5 0 5 0 5 0 5 0 5 0 5 0 5 0 5 0 5 0 5 0 5 0 5 0 5 0 5 0 5 0 5 0 5 0 5 0 5 0 5 0 5 0 5 0 5 0 5 0 5 0 5 0 5 0 5 0 5 0 5 0 5 0 5 0 5 0 5 0 5 0 5 0 5 0 5 0 5 0 5 0 5 0 5 0 5 0 5 0 5 0 5 0 5 0 5 0 5 0 5 0 5 0 5 0 5 0 5 0 5 0 5 0 5 0 5 0 5 0 5 0 5 0 5 0 5 0 5 0 5 0 5 0 5 0 5 0 5 0 5 0 5 0 5 0 5 0 5 0 5 0 5 0 5 0 5 0 5 0 5 0 5 0 5 0 5 0 5 0 5 0 5 0 5 0 5 0 5 0 5 0 5 0 5 0 5 0 5 0 5 0 5 0 5 0 5 0 5 0 5 0 5 0 5 0 5 0 5 0 5 0 5 0 5 0 5 0 5 0 5 0 5 0 5 0 5 0 5 0 5 0 5 0 5 0 5 0 5 0 5 0 5 0 5 0 5 0 5 0 5 0 5 0 5 0 5 0 5 0 5 0 5 0 5 0 5 0 5 0 5 0 5 0 5 0 5 0 5 0 5 0 5 0 5 0 5 0 5 0 5 0 5 0 5 0 5 0 5 0 5 0 5 0 5 0 5 0 5 0 5 0 5 0 5 0 5 0 5 0 5 0 5 0 5 0 5 0 5 0 5 0 5 0 5 0 5 0 5 0 5 0 5 0 5 0 5 0 5 0 5 0 5 0 5 0 5 0 5 0 5 0 5 0 5 0 5 0 5 0 5 0 5 0 5 0 5 0 5 0 5 0 5 0 5 0 5 0 5 0 5 0 5 0 5 0 5 0 5 0 5 0 5 0 5 0 5 0 5 0 5 0 5 0 5 0 5 0 5 0 5 0 5 0 5 0 5 0 5 0 5 0 5 0 5 0 5 0 5 0 5 0 5 0 5 0 5 0 5 0 5 0 5 0 5 0 5 0 5 0 5 0 5 0 5 0 5 0 5 0 5 0 5 0 5 0 5 0 5 0 5 0 5 0 5 0 5 0 5 0 5 0 5 0 5 0 5 0 5 0 5 0 5 0 5 0 5 0 5 0 5 0 5 0 5 0 5 0 5 0 5 0 5 0 5 0 5 0 5 0 5 0 5 0 5 0 5 0 5 0 5 0 5 0 5 0 5 0 5 0 5 0 5 0 5 0 5 0 5 0 5 0 5 0 5 0 5 0 5 0 5 0 5 0 5 0 5 0 5 0 5 0 5 0 5 0 5 0 5 0 5 0 5 0 5 0 5 0 5 0 5 0 5 0 5 0 5 0 5 0 5 0 5 0 5 0 5 0 5 0 5 0 5 0 5 0 5 0 5 0 5 0 5 0 5 0 5 0 5 0 5 0 5 0 5 0 5 0 5 0 5 0 5 0 5 0 5 0 5 0 5 0 5 0 5 0 5 0 5 0 5 0 5 0 5 0 5 0 5 0 5 0 5 0 5 0 5 0 5 0 5 0 5 0 5 0 5 0 5 0 5 0 5 0 5 0 5 0 5 0 5 0 5 0 5 0 5 0 5 0 5 0 5 0 5 0 5 0 5 0 5 0 5 0 5 0 5 0 5 0 5 0 5 0 5 0 5 0 5 0 5 0 5 0 5 0 5 0 5 0 5 0 5 0 5 0 5 0 5 0 5 0 5 0 5 0 5 0 5 0 5 0 5 0 5 0 5 0 5 0 5 0 5 0 5 0 5 0 5 0 5 0 5 0 5 0 5 0 5 0 5 0 5 0 5 0 5 0 5 0 5 0 5 0 5 0 5 0 5 0 5 0 5 0 5 0 5 0 5 0 5 0 5 0 5 0 5 0 5 0 5 0 5 0 5 0 5 0 5 0 5 0 5 0 5 0 5 0 5 0 5 0 5 0 5 0 5 0 5 0 5 0 5 0 5 0 5 0 5 0 5 0 5 0 5 0 5 0 5 0 5 0 5 0 5 0 5 0 5 0 5 0 5 0 5 0 5 0 5 0 5 0 5 0 5 0 5 0 5 0 5 0 5 0 5 0 5 0 5 0 5 0 5 0 4 0 4 0 4 0 4 0 4 0 4 0 4 0 4 425 1 426 4 0 4 0 4 0 4 0 4 0 4 0 4 0 4 0 4 0 4 0 4 0 4 0 4 0 4 0 4 0 4 0 4 0 4 0 4 0 4 0 4 0 4 0 4 0 4 0 4 0 4 0 4 0 4 0 4 0 4 0 4 0 4 0 4 0 4 0 4 0 4 0 4 0 4 0 4 0 4 0 4 0 4 0 4 0 4 0 4 0 4 0 4 0 4 0 4 0 4 0 4 0 4 0 4 0 4 0 4 0 4 0 4 0 4 0 4 0 4 0 4 0 4 0 4 0 4 0 4 0 4 0 4 0 4 0 4 0 4 0 4 0 4 0 4 0 4 0 4 0 4 0 4 0 5 0 5 0 5 0 5 0 5 0 5 0 5 0 5 0 5 0 5 0 5 0 5 0 5 0 5 0 5 0 5 0 5 0 5 0 5 0 5 0 5 0 5 0 5 0 5 0 5 0 5 0 5 0 5 0 5 0 5 0 5 0 5 0 5 0 5 0 5 0 5 0 5 0 5 0 5 0 5 0 5 0 5 0 5 0 5 0 5 0 5 0 5 0 5 0 5 0 5 0 5 0 5 0 5 0 5 0 5 0 5 0 5 0 5 0 5 0 5 0 5 0 5 0 5 0 5 0 5 0 5 0 5 0 5 0 5 0 5 0 5 0 5 0 5 0 5 0 5 0 5 0 5 0 5 0 5 0 5 0 5 0 5 0 5 0 5 0 5 0 5 0 5 0 5 0 5 0 5 0 5 0 5 0 5 0 5 0 5 0 5 0 5 0 5 0 5 0 5 0 5 0 5 0 5 0 5 0 5 0 5 0 5 0 5 0 5 0 5 0 5 0 5 0 5 0 5 0 5 0 5 0 5 0 5 0 5 0 5 0 5 0 5 0 5 0 4 0 4 0 4 0 4 0 4 0 4 0 4 0 4 0 4 0 4 0 4 427 1 428 4 0 4 0 4 0 4 0 4 0 4 0 4 0 4 0 4 0 4 0 4 0 4 0 4 0 4 0 4 0 4 0 4 0 4 0 4 0 4 0 4 0 4 0 4 0 4 0 4 0 4 0 4 0 4 0 4 0 4 0 4 0 4 0 4 0 4 0 4 0 4 0 4 0 4 0 4 0 4 0 4 429 1 430 4 0 4 0 4 0 4 0 17 0 17 0 17 0 17 0 17 0 17 0 17 0 17 0 17 0 17 0 17 0 17 0 17 0 17 0 17 0 17 0 17 0 17 0 17 0 17 0 17 0 17 0 17 0 17 0 17 0 17 0 17 0 17 0 17 0 17 0 17 0 17 0 17 0 17 0 17 0 17 0 17 0 17 0 17 0 17 0 17 0 17 0 17 0 17 0 17 0 17 0 17 0 17 0 17 0 17 0 17 0 17 0 17 0 17 0 17 0 17 0 17 0 17 0 17 0 17 0 17 0 17 0 17 0 17 0 17 0 17 0 17 0 17 0 17 0 17 0 17 0 17 0 17 0 17 0 17 0 17 0 17 0 17 0 17 0 17 0 17 0 17 0 17 0 17 0 17 0 17 0 17 0 17 0 17 0 17 0 17 0 17 0 17 0 17 0 17 0 17 0 17 0 17 0 17 0 17 0 17 0 17 0 17 0 17 0 17 0 17 0 17 0 17 0 17 0 17 0 17 0 17 0 17 0 17 0 17 0 17 0 17 0 17 0 17 0 17 0 17 0 17 0 17 0 17 0 17 0 17 0 17 0 17 0 17 0 17 0 17 0 17 0 17 0 17 0 17 0 17 0 17 0 17 0 17 0 17 0 17 0 17 0 17 0 17 0 17 0 17 0 17 0 17 0 17 0 17 0 17 0 17 0 28 0 28 431 1 432 28 433 1 434 28 0 28 0 28 0 22 0 22 0 22 0 22 0 22 0 22 0 22 0 22 0 22 0 22 0 22 0 22 0 22 0 22 0 22 0 22 0 22 0 22 0 22 0 22 0 22 0 22 0 22 0 22 0 22 0 22 0 22 0 22 0 22 0 22 0 22 0 22 0 22 0 22 0 22 0 22 0 22 0 23 0 23 0 23 0 23 0 23 0 23 0 23 0 23 0 23 0 23 0 23 0 23 0 23 0 23 0 23 0 23 0 23 0 23 0 23 0 23 0 23 0 23 0 23 0 23 0 23 0 23 0 23 0 23 0 23 0 23 0 23 0 23 0 23 0 23 0 23 0 23 0 23 0 23 0 23 0 23 0 23 0 23 0 23 0 23 0 23 0 23 0 23 0 23 0 2 435 1 436 2 437 1 438 17 439 1 440 2 441 1 442 2 443 1 444 17 0 2 445 1 446 17 0 17 447 1 448 17 0 2 0 2 449 1 450 2 451 1 452 27 453 1 454 2 455 1 456 2 457 1 458 27 459 1 460 27 461 1 462 27 463 1 464 28 465 1 466 28 0 28 0 28 0 28 467 1 468 28 469 1 470 28 471 1 472 28 473 1 474 28 0 27 0 27 475 1 476 27 477 1 478 27 479 1 480 27 481 1 482 27 483 1 484 27 0 27 485 1 486 27 487 1 488 27 489 1 490 27 0 2 491 1 492 2 0 2 0 2 493 1 494 2 0 27 495 1 496 27 497 1 498 27 499 1 500 27 501 1 502 27 503 1 504 27 505 1 506 27 507 1 508 27 509 1 510 27 511 1 512 27 513 1 514 27 515 1 516 27 517 1 518 27 519 1 520 27 521 1 522 27 523 1 524 27 525 1 526 28 527 1 528 28 529 1 530 28 531 1 532 28 533 1 534 28 535 1 536 28 537 1 538 28 539 1 540 28 541 1 542 28 543 1 544 28 545 1 546 28 547 1 548 28 549 1 550 28 551 1 552 28 553 1 554 28 555 1 556 28 557 1 558 28 559 1 560 28 0 28 561 1 562 28 563 1 564 28 565 1 566 28 567 1 568 28 0 28 569 1 570 28 571 1 572 28 573 1 574 28 575 1 576 28 0 28 577 1 578 28 579 1 580 28 581 1 582 28 583 1 584 28 0 28 585 1 586 28 587 1 588 28 589 1 590 28 591 1 592 28 593 1 594 17 595 1 596 17 0 17 597 1 598 17 599 1 600 17 601 1 602 17 603 1 604 17 0 17 605 1 606 17 607 1 608 17 609 1 610 17 611 1 612 17 613 1 614 17 615 1 616 17 0 17 0 17 617 1 618 17 619 1 620 17 621 1 622 17 0 17 623 1 624 17 625 1 626 17 0 17 0 17 627 1 628 17 629 1 630 17 0 17 0 17 0 17 631 1 632 17 633 1 634 17 635 1 636 17 637 1 638 17 639 1 640 27 0 27 0 27 641 1 642 27 643 1 644 27 645 1 646 27 647 1 648 27 0 27 0 27 649 1 650 2 651 1 652 2 653 1 654 2 655 1 656 2 657 1 658 2 659 1 660 2 661 1 662 2 663 1 664 2 665 1 666 2 667 1 668 2 669 1 670 2 671 1 672 2 673 1 674 2 675 1 676 2 677 1 678 2 679 1 680 2 681 1 682 2 683 1 684 2 685 1 686 2 687 1 688 2 689 1 690 2 691 1 692 2 693 1 694 2 695 1 696 2 697 1 698 2 699 1 700 2 701 1 702 2 703 1 704 2 705 1 706 2 707 1 708 2 709 1 710 2 711 1 712 2 713 1 714 2 715 1 716 2 717 1 718 2 719 1 720 2 721 1 722 2 723 1 724 2 725 1 726 2 727 1 728 2 729 1 730 2 731 1 732 2 733 1 734 2 735 1 736 2 737 1 738 2 739 1 740 2 741 1 742 2 743 1 744 2 745 1 746 2 747 1 748 2 749 1 750 2 751 1 752 2 753 1 754 2 755 1 756 2 757 1 758 2 759 1 760 2 761 1 762 2 763 1 764 2 765 1 766 2 767 1 768 2 769 1 770 2 771 1 772 2 773 1 774 2 775 1 776 2 777 1 778 2 779 1 780 2 781 1 782 2 783 1 784 2 785 1 786 2 787 1 788 2 789 1 790 2 791 1 792 2 793 1 794 2 795 1 796 2 797 1 798 2 799 1 800 2 801 1 802 2 803 1 804 2 805 1 806 2 807 1 808 2 809 1 810 2 811 1 812 2 813 1 814 2 815 1 816 2 817 1 818 24 0 24 819 15 820 2 821 24 0 25 0 25 0 25 0 2 822 1 823 2 824 1 825 25 0 25 0 25 0 2 826 1 827 2 828 1 829 2 830 1 831 2 832 1 833 2 834 1 835 2 836 1 837 2 838 1 839 2 840 1 841 2 842 1 843 2 844 1 845 2 846 1 847 2 848 1 849 2 0 2 850 1 851 2 0 2 0 2 852 1 853 2 854 1 855 17 856 1 857 17 0 17 0 17 858 1 859 17 860 1 861 17 862 1 863 17 0 17 864 1 865 17 866 1 867 17 868 1 869 17 870 1 871 17 872 1 873 17 874 1 875 17 876 1 877 17 878 1 879 17 880 1 881 17 882 1 883 17 884 1 885 17 886 1 887 17 888 1 889 17 890 1 891 17 892 1 893 17 894 1 895 17 896 1 897 2 898 1 899 2 900 1 901 2 902 1 903 2 904 1 905 2 906 1 907 2 908 1 909 2 910 1 911 2 912 1 913 2 914 1 915 2 916 1 917 2 918 1 919 2 920 1 921 2 922 1 923 2 924 1 925 2 926 1 927 2 928 1 929 2 930 1 931 2 932 1 933 2 934 1 935 2 936 1 937 2 938 1 939 2 940 1 941 2 942 1 943 2 944 1 945 2 946 1 947 2 948 1 949 2 950 1 951 2 952 1 953 2 954 1 955 2 956 1 957 2 958 1 959 2 960 1 961 2 962 1 963 2 964 1 965 2 966 1 967 2 968 1 969 2 970 1 971 2 972 1 973 2 974 1 975 2 976 1 977 2 978 1 979 2 980 1 981 2 982 1 983 2 984 1 985 2 986 1 987 2 988 1 989 2 990 1 991 2 992 1 993 2 994 1 995 24 996 2 997 1 998 24 999 2 1000 1 1001 2 1002 1 1003 24 1004 2 1005 1 1006 2 1007 1 1008 2 1009 1 1010 24 1011 2 1012 1 1013 24 1014 2 1015 1 1016 24 1017 2 1018 24 1019 2 1020 1 1021 2 1022 1 1023 2 1024 1 1025 24 1026 2 1027 24 1028 2 1029 24 1030 2 1031 1 1032 24 1033 2 1034 24 1035 2 1036 1 1037 24 1038 2 1039 28 1040 1 1041 28 1042 1 1043 28 1044 1 1045 28 1046 1 1047 2 1048 1 1049 2 1050 1 1051 2 1052 1 1053 2 1054 1 1055 2 1056 1 1057 2 1058 1 1059 2 1060 1 1061 2 1062 1 1063 2 1064 1 1065 2 1066 1 1067 2 1068 1 1069 2 1070 1 1071 2 1072 1 1073 2 1074 1 1075 2 1076 1 1077 2 1078 1 1079 2 1080 1 1081 2 1082 1 1083 2 1084 1 1085 2 1086 1 1087 2 1088 1 1089 2 1090 1 1091 2 1092 1 1093 2 1094 1 1095 2 1096 1 1097 2 1098 1 1099 2 1100 1 1101 2 1102 1 1103 2 1104 1 1105 2 1106 1 1107 2 1108 1 1109 2 1110 1 1111 2 1112 1 1113 2 1114 1 1115 2 1116 1 1117 2 1118 1 1119 2 1120 1 1121 2 1122 1 1123 2 1124 1 1125 2 1126 1 1127 2 1128 1 1129 2 1130 1 1131 2 1132 1 1133 2 1134 1 1135 2 1136 1 1137 2 1138 1 1139 2 1140 1 1141 2 1142 1 1143 2 1144 1 1145 2 1146 1 1147 2 1148 1 1149 2 1150 1 1151 2 1152 1 1153 2 1154 1 1155 2 1156 1 1157 2 1158 1 1159 2 1160 1 1161 2 1162 1 1163 2 1164 1 1165 2 1166 1 1167 2 1168 1 1169 2 1170 1 1171 2 1172 1 1173 2 1174 1 1175 2 1176 1 1177 2 1178 1 1179 2 1180 1 1181 2 1182 1 1183 2 1184 1 1185 2 1186 1 1187 2 1188 1 1189 2 1190 1 1191 2 1192 1 1193 2 1194 1 1195 2 1196 1 1197 2 1198 1 1199 2 1200 1 1201 2 1202 1 1203 2 1204 1 1205 2 1206 1 1207 2 1208 1 1209 2 1210 1 1211 2 1212 1 1213 2 1214 1 1215 2 1216 1 1217 2 1218 1 1219 2 1220 1 1221 2 1222 1 1223 2 1224 1 1225 2 1226 1 1227 2 1228 1 1229 2 1230 1 1231 27 1232 1 1233 27 0 27 0 27 0 27 0 16 1234 2 1235 2 1236 1 1237 2 1238 1 1239 16 1240 2 1241 2 1242 1 1243 16 1244 2 1245 16 1246 2 1247 2 1248 1 1249 16 1250 2 1251 2 1252 1 1253 2 1254 1 1255 16 1256 2 1257 2 1258 1 1259 16 1260 2 1261 16 1262 2 1263 2 1264 1 1265 2 1266 1 1267 16 1268 2 1269 16 1270 2 1271 2 1272 1 1273 16 1274 2 1275 2 1276 1 1277 2 1278 1 1279 16 1280 2 1281 2 1282 1 1283 16 1284 2 1285 16 1286 2 1287 2 1288 1 1289 2 1290 1 1291 16 1292 2 1293 16 1294 2 1295 2 1296 1 1297 16 1298 2 1299 16 1300 2 1301 16 1302 2 1303 16 1304 2 1305 16 1306 2 1307 16 1308 2 1309 16 1310 2 1311 16 1312 2 1313 16 1314 2 1315 16 1316 2 1317 16 1318 2 1319 16 1320 2 1321 16 1322 2 1323 16 1324 2 1325 16 1326 2 1327 16 1328 2 1329 16 1330 2 1331 16 1332 2 1333 16 1334 2 1335 16 1336 2 1337 16 1338 2 1339 16 1340 2 1341 16 1342 2 1343 16 1344 2 1345 16 1346 2 1347 16 1348 2 1349 16 1350 2 1351 16 1352 2 1353 16 1354 2 1355 16 1356 2 1357 16 1358 2 1359 16 1360 2 1361 15 1362 14 1363 15 1364 14 1365 15 1366 14 1367 14 0 15 1368 14 1369 14 0 14 0 14 0 14 0 14 0 14 0 14 0 15 1370 14 1371 14 1372 13 1373 14 1374 13 1375 14 1376 13 1377 14 1378 13 1379 14 1380 13 1381 14 1382 13 1383 14 1384 13 1385 14 1386 13 1387 14 1388 13 1389 14 1390 13 1391 14 1392 13 1393 14 1394 13 1395 14 1396 13 1397 14 1398 13 1399 14 1400 13 1401 14 1402 13 1403 14 1404 13 1405 14 1406 13 1407 14 1408 13 1409 14 1410 13 1411 14 1412 13 1413 14 1414 13 1415 14 1416 13 1417 14 1418 13 1419 14 1420 13 1421 13 0 13 0 13 0 13 0 13 0 16 1422 2 1423 16 1424 2 1425 16 1426 2 1427 16 1428 2 1429 16 1430 2 1431 16 1432 2 1433 16 1434 2 1435 16 1436 2 1437 16 1438 2 1439 16 1440 2 1441 16 1442 2 1443 16 1444 2 1445 16 1446 2 1447 16 1448 2 1449 16 1450 2 1451 16 1452 2 1453 16 1454 2 1455 16 1456 2 1457 16 1458 2 1459 16 1460 2 1461 16 1462 2 1463 16 1464 2 1465 16 1466 2 1467 16 1468 2 1469 16 1470 2 1471 16 1472 2 1473 16 1474 2 1475 16 1476 2 1477 16 1478 2 1479 16 1480 2 1481 16 1482 2 1483 16 1484 2 1485 15 1486 14 1487 15 1488 14 1489 15 1490 14 1491 15 1492 14 1493 15 1494 14 1495 15 1496 14 1497 15 1498 14 1499 15 1500 14 1501 15 1502 14 1503 15 1504 14 1505 15 1506 14 1507 15 1508 14 1509 15 1510 14 1511 15 1512 14 1513 15 1514 14 1515 15 1516 14 1517 15 1518 14 1519 15 1520 14 1521 15 1522 14 1523 15 1524 14 1525 15 1526 14 1527 15 1528 14 1529 15 1530 14 1531 15 1532 14 1533 15 1534 14 1535 15 1536 14 1537 14 1538 13 1539 14 1540 13 1541 14 1542 13 1543 14 1544 13 1545 14 1546 13 1547 14 1548 13 1549 14 1550 13 1551 14 1552 13 1553 14 1554 13 1555 14 1556 13 1557 14 1558 13 1559 14 1560 13 1561 14 1562 13 1563 14 1564 13 1565 14 1566 13 1567 14 1568 13 1569 14 1570 13 1571 14 1572 13 1573 14 1574 13 1575 14 1576 13 1577 14 1578 13 1579 14 1580 13 1581 14 1582 13 1583 14 1584 13 1585 14 1586 13 1587 14 1588 13 1589 14 1590 13 1591 14 1592 13 1593 14 1594 13 1595 14 1596 13 1597 14 1598 13 1599 14 1600 13 1601 14 1602 13 1603 13 0 14 1604 13 1605 13 0 13 0 13 0 14 1606 13 1607 14 1608 13 1609 14 1610 13 1611 13 0 13 0 14 1612 13 1613 14 1614 13 1615 14 1616 13 1617 13 0 14 1618 13 1619 13 0 14 1620 13 1621 14 1622 13 1623 14 1624 13 1625 14 1626 13 1627 14 1628 13 1629 14 1630 13 1631 14 1632 13 1633 14 1634 13 1635 14 1636 13 1637 14 1638 13 1639 14 1640 13 1641 14 1642 13 1643 14 1644 13 1645 14 1646 13 1647 14 1648 13 1649 14 1650 13 1651 14 1652 13 1653 14 1654 13 1655 14 1656 13 1657 14 1658 13 1659 14 1660 13 1661 14 1662 13 1663 14 1664 13 1665 14 1666 13 1667 14 1668 13 1669 14 1670 13 1671 15 1672 14 1673 15 1674 14 1675 15 0 15 1676 14 1677 15 0 15 1678 14 1679 16 1680 2 1681 16 1682 2 1683 16 0 16 0 16 1684 2 1685 16 0 16 0 16 1686 2 1687 16 0 16 0 16 1688 2 1689 16 0 16 1690 2 1691 16 1692 2 1693 16 1694 2 1695 16 0 16 0 2 1696 1 1697 31 1698 28 1699 2 1700 31 1701 28 1702 2 1703 2 1704 1 1705 2 1706 1 1707 31 1708 28 1709 2 1710 31 1711 28 1712 2 1713 2 1714 1 1715 2 1716 1 1717 31 1718 28 1719 2 1720 31 1721 28 1722 2 1723 2 1724 1 1725 31 1726 28 1727 2 1728 31 1729 28 1730 2 1731 2 1732 1 1733 31 1734 28 1735 2 1736 31 1737 28 1738 2 1739 2 1740 1 1741 31 1742 28 1743 2 1744 31 1745 28 1746 2 1747 2 1748 1 1749 31 1750 28 1751 2 1752 31 1753 28 1754 2 1755 2 1756 1 1757 31 1758 28 1759 2 1760 2 1761 1 1762 28 1763 1 1764 28 0 28 1765 1 1766 28 1767 1 1768 28 0 28 1769 1 1770 28 1771 1 1772 28 1773 1 1774 28 1775 1 1776 28 1777 1 1778 28 1779 1 1780 28 1781 1 1782 2 1783 1 1784 2 1785 1 1786 24 1787 2 1788 1 1789 2 1790 1 1791 2 1792 1 1793 2 1794 1 1795 2 1796 1 1797 2 1798 1 1799 2 1800 1 1801 2 1802 1 1803 24 1804 2 1805 1 1806 2 1807 1 1808 24 1809 2 1810 1 1811 24 1812 2 1813 1 1814 2 1815 1 1816 2 1817 1 1818 24 1819 2 1820 1 1821 2 1822 1 1823 2 1824 1 1825 24 1826 2 1827 1 1828 24 1829 2 1830 1 1831 24 1832 2 1833 1 1834 24 1835 15 1836 2 1837 24 0 24 1838 2 1839 24 1840 2 1841 1 1842 24 0 24 0 24 1843 2 1844 1 1845 24 1846 2 1847 1 1848 2 1849 1 1850 2 1851 1 1852 24 1853 2 1854 1 1855 24 1856 2 1857 1 1858 24 1859 2 1860 1 1861 24 1862 2 1863 1 1864 24 1865 2 1866 1 1867 24 1868 2 1869 1 1870 24 1871 2 1872 1 1873 24 1874 2 1875 1 1876 24 1877 2 1878 1 1879 24 1880 2 1881 1 1882 24 1883 2 1884 1 1885 24 1886 2 1887 1 1888 24 1889 2 1890 1 1891 24 1892 2 1893 1 1894 24 1895 2 1896 1 1897 24 1898 2 1899 1 1900 24 1901 2 1902 1 1903 24 1904 2 1905 1 1906 24 1907 2 1908 1 1909 24 1910 2 1911 1 1912 24 1913 2 1914 1 1915 24 1916 2 1917 1 1918 24 1919 2 1920 24 1921 2 1922 1 1923 24 1924 2 1925 1 1926 24 1927 2 1928 1 1929 24 1930 2 1931 1 1932 24 1933 2 1934 1 1935 24 1936 2 1937 24 1938 2 1939 1 1940 24 1941 2 1942 1 1943 24 1944 2 1945 1 1946 24 1947 2 1948 1 1949 24 1950 2 1951 1 1952 24 1953 2 1954 1 1955 24 1956 2 1957 1 1958 24 1959 2 1960 1 1961 24 1962 2 1963 1 1964 24 1965 2 1966 1 1967 24 1968 2 1969 1 1970 24 1971 2 1972 24 1973 2 1974 1 1975 2 1976 1 1977 2 1978 1 1979 2 1980 1 1981 2 1982 1 1983 2 1984 1 1985 31 1986 28 1987 2 1988 31 1989 28 1990 2 1991 31 1992 28 1993 2 1994 31 1995 28 1996 2 1997 31 1998 28 1999 2 2000 31 2001 28 2002 2 2003 31 2004 28 2005 2 2006 31 2007 28 2008 2 2009 31 2010 28 2011 2 2012 31 2013 28 2014 2 2015 31 2016 28 2017 2 2018 31 2019 28 2020 2 2021 31 2022 28 2023 2 2024 31 2025 28 2026 2 2027 31 2028 28 2029 2 2030 31 2031 28 2032 2 2033 31 2034 28 2035 2 2036 31 2037 28 2038 2 2039 31 2040 28 2041 2 2042 31 2043 28 2044 2 2045 31 2046 28 2047 2 2048 31 2049 28 2050 2 2051 31 2052 28 2053 2 2054 31 2055 28 2056 2 2057 31 2058 28 2059 2 2060 31 2061 28 2062 2 2063 31 2064 28 2065 2 2066 31 2067 28 2068 2 2069 31 2070 28 2071 2 2072 31 2073 28 2074 2 2075 31 2076 28 2077 2 2078 31 2079 28 2080 2 2081 31 2082 28 2083 2 2084 28 0 28 0 28 0 28 0 31 2085 28 2086 2 2087 31 2088 28 2089 2 2090 28 0 31 2091 28 2092 2 2093 28 0 31 2094 28 2095 2 2096 31 2097 28 2098 2 2099 31 2100 28 2101 2 2102 31 2103 28 2104 2 2105 31 2106 28 2107 2 2108 31 2109 28 2110 2 2111 31 2112 28 2113 2 2114 31 2115 28 2116 2 2117 31 2118 28 2119 2 2120 31 2121 28 2122 2 2123 31 2124 28 2125 2 2126 31 2127 28 2128 2 2129 31 2130 28 2131 2 2132 31 2133 28 2134 2 2135 31 2136 28 2137 2 2138 31 2139 28 2140 2 2141 31 2142 28 2143 2 2144 31 2145 28 2146 2 2147 31 2148 28 2149 2 2150 31 2151 28 2152 2 2153 31 2154 28 2155 2 2156 31 2157 28 2158 2 2159 2 2160 1 2161 24 2162 2 2163 1 2164 24 2165 2 2166 1 2167 2 2168 1 2169 24 2170 2 2171 1 2172 2 2173 1 2174 24 2175 2 2176 1 2177 2 2178 1 2179 24 2180 2 2181 1 2182 2 2183 1 2184 2 2185 1 2186</v>
        </vertex_weights>
      </skin>
      <extra>
        <technique profile="FCOLLADA">
          <user_properties>SkinController</user_properties>
        </technique>
      </extra>
    </controller>
  </library_controllers>
  <library_visual_scenes>
    <visual_scene id="VisualSceneNode" name="rdmscene">
      <node id="VisualSceneNode1" name="drenkendship_DrenkendShip_Armature" sid="drenkendship_DrenkendShip_Armature" type="JOINT">
        <matrix>100 0 0 0 0 -0.000016 100 0 0 -100 -0.000016 0 0 0 0 1</matrix>
        <node id="VisualSceneNode2" name="Bone_000" sid="Bone_000" type="JOINT">
          <matrix>1 0 0 0 0 1 0 0 0 0 1 0 0 0 0 1</matrix>
          <node id="VisualSceneNode3" name="Bone_001" sid="Bone_001" type="JOINT">
            <matrix>1 0 0 0 0 0.475149 -0.879905 0 0 0.879905 0.475149 0 0 0 0 1</matrix>
            <node id="VisualSceneNode4" name="Bone_002" sid="Bone_002" type="JOINT">
              <matrix>-0.186625 0.982421 -0.004405 0 -0.466801 -0.084727 0.880294 1.1274 0.864447 0.166341 0.474408 0 0 0 0 1</matrix>
              <node id="VisualSceneNode5" name="Bone_003" sid="Bone_003" type="JOINT">
                <matrix>-0.186626 -0.982431 0.000000 1.518 0.982421 -0.186624 0.004484 0.289662 -0.004405 0.000837 0.99999 0.28937 0 0 0 1</matrix>
                <node id="VisualSceneNode6" name="Bone_004" sid="Bone_004" type="JOINT">
                  <matrix>-0.971515 0.234139 0.036548 0.753762 -0.236974 -0.959894 -0.149822 -0.000001 0.000003 -0.154216 0.988037 -0.432374 0 0 0 1</matrix>
                  <node id="VisualSceneNode7" name="Bone_005" sid="Bone_005" type="JOINT">
                    <matrix>0.971516 0.236975 0.000002 0 -0.23414 0.959894 -0.154216 1.26206 -0.036547 0.149822 0.988037 0 0 0 0 1</matrix>
                    <node id="VisualSceneNode8" name="Bone_006" sid="Bone_006" type="JOINT">
                      <matrix>0.866025 -0.000000 -0.5 0 -0.000000 1 0.000000 0.202255 0.5 -0.000000 0.866025 0 0 0 0 1</matrix>
                    </node>
                  </node>
                </node>
                <node id="VisualSceneNode9" name="Bone_007" sid="Bone_007" type="JOINT">
                  <matrix>-0.999939 0.010643 -0.003028 0 -0.011065 -0.961745 0.273721 0.000000 0.000000 0.273738 0.961804 0.863493 0 0 0 1</matrix>
                  <node id="VisualSceneNode10" name="Bone_008" sid="Bone_008" type="JOINT">
                    <matrix>0.999939 0.011067 0.000000 0 -0.010644 0.961746 0.273737 1.25963 0.003029 -0.27372 0.961805 0.000000 0 0 0 1</matrix>
                    <node id="VisualSceneNode11" name="Bone_009" sid="Bone_009" type="JOINT">
                      <matrix>1 0 0 0 0 1 0 0.144322 0 0 1 -0.000000 0 0 0 1</matrix>
                    </node>
                  </node>
                </node>
                <node id="VisualSceneNode12" name="Bone_010" sid="Bone_010" type="JOINT">
                  <matrix>0.963047 -0.265927 0.042691 -0.753762 -0.269332 -0.950873 0.152647 -0.000003 0.000000 -0.158504 -0.987358 -0.432374 0 0 0 1</matrix>
                  <node id="VisualSceneNode13" name="Bone_011" sid="Bone_011" type="JOINT">
                    <matrix>-0.963048 0.269331 0.000000 0 0.265926 0.950873 -0.158505 1.27403 -0.04269 -0.152647 -0.987358 0 0 0 0 1</matrix>
                    <node id="VisualSceneNode14" name="Bone_012" sid="Bone_012" type="JOINT">
                      <matrix>0.866025 0.000000 0.5 0 0.000000 1 0 0.183841 -0.5 0 0.866025 0 0 0 0 1</matrix>
                    </node>
                  </node>
                </node>
              </node>
              <node id="VisualSceneNode15" name="Bone_013" sid="Bone_013" type="JOINT">
                <matrix>0.878678 -0.390582 -0.274539 -0.547038 0.477411 0.716275 0.508949 1.00319 -0.002141 -0.578269 0.815843 -0.809907 0 0 0 1</matrix>
              </node>
              <node id="VisualSceneNode16" name="Bone_014" sid="Bone_014" type="JOINT">
                <matrix>0.962578 0.251023 0.102136 0.353001 -0.271003 0.889902 0.366923 1.25143 0.001215 -0.380871 0.924627 -0.535601 0 0 0 1</matrix>
              </node>
              <node id="VisualSceneNode17" name="Bone_015" sid="Bone_015" type="JOINT">
                <matrix>0.965709 -0.2543 -0.052325 -0.303554 0.259625 0.944979 0.19902 1.12801 -0.001164 -0.20578 0.978597 -0.245636 0 0 0 1</matrix>
              </node>
              <node id="VisualSceneNode18" name="Bone_016" sid="Bone_016" type="JOINT">
                <matrix>0.970052 0.240792 0.031916 0.312002 -0.242896 0.961042 0.131908 1.24525 0.001089 -0.13571 0.990748 -0.175843 0 0 0 1</matrix>
              </node>
              <node id="VisualSceneNode19" name="Bone_017" sid="Bone_017" type="JOINT">
                <matrix>-0.063488 -0.961458 -0.267523 -1.36018 0.997973 -0.062366 -0.012698 -0.259022 -0.004475 -0.267787 0.963468 -0.142228 0 0 0 1</matrix>
                <node id="VisualSceneNode20" name="Bone_018" sid="Bone_018" type="JOINT">
                  <matrix>0.859355 -0.123875 0.496149 0.778335 0.237384 0.955981 -0.17248 2.42231 -0.452943 0.265999 0.850933 0.340421 0 0 0 1</matrix>
                  <node id="VisualSceneNode21" name="Bone_019" sid="Bone_019" type="JOINT">
                    <matrix>1 0 0 0 0 1 0 0.113134 -0.000000 0 1 0 0 0 0 1</matrix>
                  </node>
                </node>
                <node id="VisualSceneNode22" name="Bone_020" sid="Bone_020" type="JOINT">
                  <matrix>0.941391 -0.322376 -0.099284 -0.783878 0.324973 0.945662 0.010752 2.29944 0.090422 -0.042387 0.995001 -0.103067 0 0 0 1</matrix>
                </node>
                <node id="VisualSceneNode23" name="Bone_021" sid="Bone_021" type="JOINT">
                  <matrix>0.992873 0.113956 0.034899 0.278517 -0.114819 0.993101 0.023786 2.42721 -0.031947 -0.027623 0.999108 -0.067514 0 0 0 1</matrix>
                </node>
                <node id="VisualSceneNode24" name="Bone_022" sid="Bone_022" type="JOINT">
                  <matrix>-0.992298 0.025964 -0.121122 -0.272973 -0.11934 -0.462483 0.87856 2.31698 -0.033205 0.886248 0.462019 -0.16984 0 0 0 1</matrix>
                  <node id="VisualSceneNode25" name="Bone_023" sid="Bone_023" type="JOINT">
                    <matrix>1 0 0.000000 0 0 1 0 0.372588 -0.000000 0 1 -0.000000 0 0 0 1</matrix>
                  </node>
                </node>
              </node>
              <node id="VisualSceneNode26" name="Bone_024" sid="Bone_024" type="JOINT">
                <matrix>0.707875 -0.680353 0.189822 -0.914565 0.70633 0.683033 -0.185914 0.918167 -0.003167 0.265681 0.964056 0.357141 0 0 0 1</matrix>
              </node>
              <node id="VisualSceneNode27" name="Bone_025" sid="Bone_025" type="JOINT">
                <matrix>0.995405 -0.090706 0.030667 -0.122273 0.095749 0.944395 -0.314564 1.27305 -0.000429 0.316055 0.94874 0.426046 0 0 0 1</matrix>
              </node>
              <node id="VisualSceneNode28" name="Bone_026" sid="Bone_026" type="JOINT">
                <matrix>0.881209 0.457069 -0.120659 0.77315 -0.472722 0.853157 -0.220583 1.44315 0.002119 0.251418 0.967876 0.425284 0 0 0 1</matrix>
              </node>
              <node id="VisualSceneNode29" name="Bone_027" sid="Bone_027" type="JOINT">
                <matrix>-0.933752 0.28998 -0.209808 0.291456 -0.357918 -0.753868 0.550978 -0.700818 0.001605 0.589571 0.807715 0.411375 0 0 0 1</matrix>
                <node id="VisualSceneNode30" name="Bone_028" sid="Bone_028" type="JOINT">
                  <matrix>-0.14804 0.489228 0.8595 0.306254 -0.801251 -0.56877 0.185737 -0.356048 0.579725 -0.661179 0.476194 -0.413895 0 0 0 1</matrix>
                </node>
                <node id="VisualSceneNode31" name="Bone_029" sid="Bone_029" type="JOINT">
                  <matrix>0.557797 0.37582 -0.740015 0.436237 -0.672429 0.727277 -0.137502 0.844195 0.486519 0.574306 0.658386 0.666632 0 0 0 1</matrix>
                </node>
                <node id="VisualSceneNode32" name="Bone_030" sid="Bone_030" type="JOINT">
                  <matrix>0.812461 -0.263994 0.519822 -0.306434 0.472346 0.820702 -0.321461 0.952639 -0.341755 0.506711 0.791485 0.58817 0 0 0 1</matrix>
                </node>
                <node id="VisualSceneNode33" name="Bone_031" sid="Bone_031" type="JOINT">
                  <matrix>0.695577 -0.4584 -0.553211 -0.436058 0.582073 -0.091803 0.807937 -0.087329 -0.421145 -0.883992 0.202966 -0.840907 0 0 0 1</matrix>
                </node>
              </node>
            </node>
          </node>
          <node id="VisualSceneNode34" name="Bone_032" sid="Bone_032" type="JOINT">
            <matrix>1 0 0 0 0 1 0 0 0 0 1 0 0 0 0 1</matrix>
          </node>
        </node>
      </node>
      <node id="VisualSceneNode35" name="drenkendship_DrenkendShip" type="NODE">
        <matrix>1 0 0 0 0 1 0 0 0 0 1 0 0 0 0 1</matrix>
        <instance_controller url="#Controller">
          <skeleton>#VisualSceneNode1</skeleton>
          <bind_material>
            <technique_common>
              <instance_material symbol="VisualMaterial0" target="#VisualMaterial"/>
            </technique_common>
          </bind_material>
        </instance_controller>
      </node>
    </visual_scene>
  </library_visual_scenes>
  <scene>
    <instance_visual_scene url="#VisualSceneNode"/>
  </scene>
</COLLADA>
